timestamp_utc,station,actual_load_kwh,predicted_renewable_available_kwh,renewable_to_load_kwh,battery_charge_kwh,battery_discharge_kwh,diesel_to_load_kwh,curtailed_renewable_kwh,battery_soc_kwh,baseline_diesel_energy_kwh,baseline_fuel_liters,optimized_fuel_liters,fuel_saved_liters,fuel_saving_percent,renewable_utilization_percent
2010-10-21 08:00:00,Casey,223.5814,76.5347,76.5347,0.0000,147.0467,0.0000,0.0000,595.2140,223.5814,62.6028,0.0000,62.6028,100.00,100.00
2010-10-21 09:00:00,Casey,228.1043,96.8834,96.8834,0.0000,131.2209,0.0000,0.0000,457.0867,228.1043,63.8692,0.0000,63.8692,100.00,100.00
2010-10-21 10:00:00,Casey,245.4820,110.5382,110.5382,0.0000,134.9438,0.0000,0.0000,315.0406,245.4820,68.7350,0.0000,68.7350,100.00,100.00
2010-10-21 11:00:00,Casey,211.1377,117.4323,117.4323,0.0000,93.7054,0.0000,0.0000,216.4034,211.1377,59.1186,0.0000,59.1186,100.00,100.00
2010-10-21 12:00:00,Casey,226.4796,153.6059,153.6059,0.0000,63.0832,9.7905,0.0000,150.0000,226.4796,63.4143,2.7413,60.6729,95.68,100.00
2010-10-21 13:00:00,Casey,221.0500,115.1068,115.1068,0.0000,0.0000,105.9432,0.0000,150.0000,221.0500,61.8940,29.6641,32.2299,52.07,100.00
2010-10-21 14:00:00,Casey,192.9050,134.2794,134.2794,0.0000,0.0000,58.6256,0.0000,150.0000,192.9050,54.0134,16.4152,37.5982,69.61,100.00
2010-10-21 15:00:00,Casey,190.0442,89.7782,89.7782,0.0000,0.0000,100.2660,0.0000,150.0000,190.0442,53.2124,28.0745,25.1379,47.24,100.00
2010-10-21 16:00:00,Casey,180.0691,64.2579,64.2579,0.0000,0.0000,115.8112,0.0000,150.0000,180.0691,50.4193,32.4271,17.9922,35.69,100.00
2010-10-21 17:00:00,Casey,236.1461,56.5694,56.5694,0.0000,0.0000,179.5767,0.0000,150.0000,236.1461,66.1209,50.2815,15.8394,23.96,100.00
2010-10-21 18:00:00,Casey,212.0869,24.4714,24.4714,0.0000,0.0000,187.6155,0.0000,150.0000,212.0869,59.3843,52.5323,6.8520,11.54,100.00
2010-10-21 19:00:00,Casey,197.1033,26.8391,26.8391,0.0000,0.0000,170.2642,0.0000,150.0000,197.1033,55.1889,47.6740,7.5149,13.62,100.00
2010-10-21 20:00:00,Casey,213.1995,21.0303,21.0303,0.0000,0.0000,192.1692,0.0000,150.0000,213.1995,59.6959,53.8074,5.8885,9.86,100.00
2010-10-21 21:00:00,Casey,230.7034,22.3313,22.3313,0.0000,0.0000,208.3721,0.0000,150.0000,230.7034,64.5970,58.3442,6.2528,9.68,100.00
2010-10-21 22:00:00,Casey,202.8593,37.2014,37.2014,0.0000,0.0000,165.6579,0.0000,150.0000,202.8593,56.8006,46.3842,10.4164,18.34,100.00
2010-10-21 23:00:00,Casey,171.5195,37.0888,37.0888,0.0000,0.0000,134.4307,0.0000,150.0000,171.5195,48.0255,37.6406,10.3849,21.62,100.00
2010-10-22 00:00:00,Casey,180.6160,19.4157,19.4157,0.0000,0.0000,161.2003,0.0000,150.0000,180.6160,50.5725,45.1361,5.4364,10.75,100.00
2010-10-22 01:00:00,Casey,196.2504,23.0301,23.0301,0.0000,0.0000,173.2203,0.0000,150.0000,196.2504,54.9501,48.5017,6.4484,11.74,100.00
2010-10-22 02:00:00,Casey,202.4412,56.2517,56.2517,0.0000,0.0000,146.1895,0.0000,150.0000,202.4412,56.6835,40.9331,15.7505,27.79,100.00
2010-10-22 03:00:00,Casey,193.6595,42.6322,42.6322,0.0000,0.0000,151.0273,0.0000,150.0000,193.6595,54.2247,42.2876,11.9370,22.01,100.00
2010-10-22 04:00:00,Casey,218.7163,31.1610,31.1610,0.0000,0.0000,187.5553,0.0000,150.0000,218.7163,61.2406,52.5155,8.7251,14.25,100.00
2010-10-22 05:00:00,Casey,230.2865,28.2944,28.2944,0.0000,0.0000,201.9921,0.0000,150.0000,230.2865,64.4802,56.5578,7.9224,12.29,100.00
2010-10-22 06:00:00,Casey,199.0730,124.5416,124.5416,0.0000,0.0000,74.5314,0.0000,150.0000,199.0730,55.7404,20.8688,34.8716,62.56,100.00
2010-10-22 07:00:00,Casey,202.5006,50.7868,50.7868,0.0000,0.0000,151.7138,0.0000,150.0000,202.5006,56.7002,42.4799,14.2203,25.08,100.00
2010-10-22 08:00:00,Casey,198.8517,95.4629,95.4629,0.0000,0.0000,103.3888,0.0000,150.0000,198.8517,55.6785,28.9489,26.7296,48.01,100.00
2010-10-22 09:00:00,Casey,206.5541,131.2564,131.2564,0.0000,0.0000,75.2977,0.0000,150.0000,206.5541,57.8351,21.0834,36.7518,63.55,100.00
2010-10-22 10:00:00,Casey,216.7089,128.7120,128.7120,0.0000,0.0000,87.9969,0.0000,150.0000,216.7089,60.6785,24.6391,36.0394,59.39,100.00
2010-10-22 11:00:00,Casey,197.9387,113.7532,113.7532,0.0000,0.0000,84.1855,0.0000,150.0000,197.9387,55.4228,23.5719,31.8509,57.47,100.00
2010-10-22 12:00:00,Casey,206.0513,120.8285,120.8285,0.0000,0.0000,85.2228,0.0000,150.0000,206.0513,57.6944,23.8624,33.8320,58.64,100.00
2010-10-22 13:00:00,Casey,208.7196,105.2362,105.2362,0.0000,0.0000,103.4834,0.0000,150.0000,208.7196,58.4415,28.9754,29.4661,50.42,100.00
2010-10-22 14:00:00,Casey,191.4846,104.3530,104.3530,0.0000,0.0000,87.1316,0.0000,150.0000,191.4846,53.6157,24.3968,29.2188,54.50,100.00
2010-10-22 15:00:00,Casey,184.5378,84.7979,84.7979,0.0000,0.0000,99.7399,0.0000,150.0000,184.5378,51.6706,27.9272,23.7434,45.95,100.00
2010-10-22 16:00:00,Casey,196.5782,71.3576,71.3576,0.0000,0.0000,125.2206,0.0000,150.0000,196.5782,55.0419,35.0618,19.9801,36.30,100.00
2010-10-22 17:00:00,Casey,239.8955,53.4831,53.4831,0.0000,0.0000,186.4124,0.0000,150.0000,239.8955,67.1707,52.1955,14.9753,22.29,100.00
2010-10-22 18:00:00,Casey,263.0944,18.6564,18.6564,0.0000,0.0000,244.4380,0.0000,150.0000,263.0944,73.6664,68.4426,5.2238,7.09,100.00
2010-10-22 19:00:00,Casey,268.6838,44.2223,44.2223,0.0000,0.0000,224.4615,0.0000,150.0000,268.6838,75.2315,62.8492,12.3822,16.46,100.00
2010-10-22 20:00:00,Casey,236.3923,31.5368,31.5368,0.0000,0.0000,204.8555,0.0000,150.0000,236.3923,66.1898,57.3595,8.8303,13.34,100.00
2010-10-22 21:00:00,Casey,226.9720,13.6408,13.6408,0.0000,0.0000,213.3312,0.0000,150.0000,226.9720,63.5522,59.7327,3.8194,6.01,100.00
2010-10-22 22:00:00,Casey,197.7562,31.5944,31.5944,0.0000,0.0000,166.1618,0.0000,150.0000,197.7562,55.3717,46.5253,8.8464,15.98,100.00
2010-10-22 23:00:00,Casey,181.2503,28.5086,28.5086,0.0000,0.0000,152.7417,0.0000,150.0000,181.2503,50.7501,42.7677,7.9824,15.73,100.00
2010-10-23 00:00:00,Casey,210.0713,50.5989,50.5989,0.0000,0.0000,159.4724,0.0000,150.0000,210.0713,58.8200,44.6523,14.1677,24.09,100.00
2010-10-23 01:00:00,Casey,193.5753,41.2467,41.2467,0.0000,0.0000,152.3286,0.0000,150.0000,193.5753,54.2011,42.6520,11.5491,21.31,100.00
2010-10-23 02:00:00,Casey,194.8863,69.9714,69.9714,0.0000,0.0000,124.9149,0.0000,150.0000,194.8863,54.5682,34.9762,19.5920,35.90,100.00
2010-10-23 03:00:00,Casey,255.7004,58.1362,58.1362,0.0000,0.0000,197.5642,0.0000,150.0000,255.7004,71.5961,55.3180,16.2781,22.74,100.00
2010-10-23 04:00:00,Casey,211.5747,19.4293,19.4293,0.0000,0.0000,192.1454,0.0000,150.0000,211.5747,59.2409,53.8007,5.4402,9.18,100.00
2010-10-23 05:00:00,Casey,188.8536,151.3650,151.3650,0.0000,0.0000,37.4886,0.0000,150.0000,188.8536,52.8790,10.4968,42.3822,80.15,100.00
2010-10-23 06:00:00,Casey,202.1061,21.7327,21.7327,0.0000,0.0000,180.3734,0.0000,150.0000,202.1061,56.5897,50.5046,6.0852,10.75,100.00
2010-10-23 07:00:00,Casey,209.0464,68.5805,68.5805,0.0000,0.0000,140.4659,0.0000,150.0000,209.0464,58.5330,39.3305,19.2025,32.81,100.00
2010-10-23 08:00:00,Casey,207.1052,101.5019,101.5019,0.0000,0.0000,105.6033,0.0000,150.0000,207.1052,57.9895,29.5689,28.4205,49.01,100.00
2010-10-23 09:00:00,Casey,185.0345,102.0609,102.0609,0.0000,0.0000,82.9736,0.0000,150.0000,185.0345,51.8097,23.2326,28.5771,55.16,100.00
2010-10-23 10:00:00,Casey,217.2571,112.3351,112.3351,0.0000,0.0000,104.9220,0.0000,150.0000,217.2571,60.8320,29.3782,31.4538,51.71,100.00
2010-10-23 11:00:00,Casey,220.6995,124.3852,124.3852,0.0000,0.0000,96.3143,0.0000,150.0000,220.6995,61.7959,26.9680,34.8279,56.36,100.00
2010-10-23 12:00:00,Casey,204.5944,114.0419,114.0419,0.0000,0.0000,90.5525,0.0000,150.0000,204.5944,57.2864,25.3547,31.9317,55.74,100.00
2010-10-23 13:00:00,Casey,198.2881,114.7677,114.7677,0.0000,0.0000,83.5204,0.0000,150.0000,198.2881,55.5207,23.3857,32.1350,57.88,100.00
2010-10-23 14:00:00,Casey,188.6349,97.7171,97.7171,0.0000,0.0000,90.9178,0.0000,150.0000,188.6349,52.8178,25.4570,27.3608,51.80,100.00
2010-10-23 15:00:00,Casey,190.9133,88.7823,88.7823,0.0000,0.0000,102.1310,0.0000,150.0000,190.9133,53.4557,28.5967,24.8590,46.50,100.00
2010-10-23 16:00:00,Casey,212.6639,69.8217,69.8217,0.0000,0.0000,142.8422,0.0000,150.0000,212.6639,59.5459,39.9958,19.5501,32.83,100.00
2010-10-23 17:00:00,Casey,234.5552,62.3730,62.3730,0.0000,0.0000,172.1822,0.0000,150.0000,234.5552,65.6755,48.2110,17.4644,26.59,100.00
2010-10-23 18:00:00,Casey,218.2445,60.9667,60.9667,0.0000,0.0000,157.2778,0.0000,150.0000,218.2445,61.1085,44.0378,17.0707,27.94,100.00
2010-10-23 19:00:00,Casey,218.2150,4.9767,4.9767,0.0000,0.0000,213.2383,0.0000,150.0000,218.2150,61.1002,59.7067,1.3935,2.28,100.00
2010-10-23 20:00:00,Casey,224.9902,22.4889,22.4889,0.0000,0.0000,202.5013,0.0000,150.0000,224.9902,62.9973,56.7004,6.2969,10.00,100.00
2010-10-23 21:00:00,Casey,214.2937,30.1108,30.1108,0.0000,0.0000,184.1829,0.0000,150.0000,214.2937,60.0022,51.5712,8.4310,14.05,100.00
2010-10-23 22:00:00,Casey,203.5685,20.8886,20.8886,0.0000,0.0000,182.6799,0.0000,150.0000,203.5685,56.9992,51.1504,5.8488,10.26,100.00
2010-10-23 23:00:00,Casey,198.4046,43.7194,43.7194,0.0000,0.0000,154.6852,0.0000,150.0000,198.4046,55.5533,43.3119,12.2414,22.04,100.00
2010-10-24 00:00:00,Casey,200.9819,35.7019,35.7019,0.0000,0.0000,165.2800,0.0000,150.0000,200.9819,56.2749,46.2784,9.9965,17.76,100.00
2010-10-24 01:00:00,Casey,181.4117,31.8258,31.8258,0.0000,0.0000,149.5859,0.0000,150.0000,181.4117,50.7953,41.8841,8.9112,17.54,100.00
2010-10-24 02:00:00,Casey,211.8220,77.2483,77.2483,0.0000,0.0000,134.5737,0.0000,150.0000,211.8220,59.3102,37.6806,21.6295,36.47,100.00
2010-10-24 03:00:00,Casey,190.2417,30.9204,30.9204,0.0000,0.0000,159.3213,0.0000,150.0000,190.2417,53.2677,44.6100,8.6577,16.25,100.00
2010-10-24 04:00:00,Casey,197.1181,31.6023,31.6023,0.0000,0.0000,165.5158,0.0000,150.0000,197.1181,55.1931,46.3444,8.8486,16.03,100.00
2010-10-24 05:00:00,Casey,240.4788,47.5821,47.5821,0.0000,0.0000,192.8967,0.0000,150.0000,240.4788,67.3341,54.0111,13.3230,19.79,100.00
2010-10-24 06:00:00,Casey,225.0278,51.4191,51.4191,0.0000,0.0000,173.6087,0.0000,150.0000,225.0278,63.0078,48.6104,14.3973,22.85,100.00
2010-10-24 07:00:00,Casey,199.9946,75.4065,75.4065,0.0000,0.0000,124.5881,0.0000,150.0000,199.9946,55.9985,34.8847,21.1138,37.70,100.00
2010-10-24 08:00:00,Casey,199.8839,83.6136,83.6136,0.0000,0.0000,116.2703,0.0000,150.0000,199.8839,55.9675,32.5557,23.4118,41.83,100.00
2010-10-24 09:00:00,Casey,207.7881,101.3889,101.3889,0.0000,0.0000,106.3992,0.0000,150.0000,207.7881,58.1807,29.7918,28.3889,48.79,100.00
2010-10-24 10:00:00,Casey,214.3825,118.7079,118.7079,0.0000,0.0000,95.6746,0.0000,150.0000,214.3825,60.0271,26.7889,33.2382,55.37,100.00
2010-10-24 11:00:00,Casey,195.8159,124.6928,124.6928,0.0000,0.0000,71.1231,0.0000,150.0000,195.8159,54.8285,19.9145,34.9140,63.68,100.00
2010-10-24 12:00:00,Casey,246.7681,127.0016,127.0016,0.0000,0.0000,119.7665,0.0000,150.0000,246.7681,69.0951,33.5346,35.5604,51.47,100.00
2010-10-24 13:00:00,Casey,215.0623,103.8801,103.8801,0.0000,0.0000,111.1822,0.0000,150.0000,215.0623,60.2174,31.1310,29.0864,48.30,100.00
2010-10-24 14:00:00,Casey,187.0286,102.0955,102.0955,0.0000,0.0000,84.9331,0.0000,150.0000,187.0286,52.3680,23.7813,28.5867,54.59,100.00
2010-10-24 15:00:00,Casey,205.0110,93.5392,93.5392,0.0000,0.0000,111.4718,0.0000,150.0000,205.0110,57.4031,31.2121,26.1910,45.63,100.00
2010-10-24 16:00:00,Casey,196.1378,68.9127,68.9127,0.0000,0.0000,127.2251,0.0000,150.0000,196.1378,54.9186,35.6230,19.2956,35.13,100.00
2010-10-24 17:00:00,Casey,241.6034,54.8730,54.8730,0.0000,0.0000,186.7304,0.0000,150.0000,241.6034,67.6490,52.2845,15.3644,22.71,100.00
2010-10-24 18:00:00,Casey,240.8161,25.4265,25.4265,0.0000,0.0000,215.3896,0.0000,150.0000,240.8161,67.4285,60.3091,7.1194,10.56,100.00
2010-10-24 19:00:00,Casey,214.7033,9.1283,9.1283,0.0000,0.0000,205.5750,0.0000,150.0000,214.7033,60.1169,57.5610,2.5559,4.25,100.00
2010-10-24 20:00:00,Casey,212.7733,14.2325,14.2325,0.0000,0.0000,198.5408,0.0000,150.0000,212.7733,59.5765,55.5914,3.9851,6.69,100.00
2010-10-24 21:00:00,Casey,240.6233,49.0380,49.0380,0.0000,0.0000,191.5853,0.0000,150.0000,240.6233,67.3745,53.6439,13.7306,20.38,100.00
2010-10-24 22:00:00,Casey,191.5419,24.8806,24.8806,0.0000,0.0000,166.6613,0.0000,150.0000,191.5419,53.6317,46.6652,6.9666,12.99,100.00
2010-10-24 23:00:00,Casey,195.1751,23.3566,23.3566,0.0000,0.0000,171.8185,0.0000,150.0000,195.1751,54.6490,48.1092,6.5398,11.97,100.00
2010-10-25 00:00:00,Casey,219.4679,56.2915,56.2915,0.0000,0.0000,163.1764,0.0000,150.0000,219.4679,61.4510,45.6894,15.7616,25.65,100.00
2010-10-25 01:00:00,Casey,216.0748,77.7719,77.7719,0.0000,0.0000,138.3029,0.0000,150.0000,216.0748,60.5009,38.7248,21.7761,35.99,100.00
2010-10-25 02:00:00,Casey,177.8944,101.7471,101.7471,0.0000,0.0000,76.1473,0.0000,150.0000,177.8944,49.8104,21.3212,28.4892,57.20,100.00
2010-10-25 03:00:00,Casey,189.4295,33.0274,33.0274,0.0000,0.0000,156.4021,0.0000,150.0000,189.4295,53.0403,43.7926,9.2477,17.44,100.00
2010-10-25 04:00:00,Casey,231.3250,29.6024,29.6024,0.0000,0.0000,201.7226,0.0000,150.0000,231.3250,64.7710,56.4823,8.2887,12.80,100.00
2010-10-25 05:00:00,Casey,210.3948,135.5075,135.5075,0.0000,0.0000,74.8873,0.0000,150.0000,210.3948,58.9105,20.9684,37.9421,64.41,100.00
2010-10-25 06:00:00,Casey,225.3590,50.7100,50.7100,0.0000,0.0000,174.6490,0.0000,150.0000,225.3590,63.1005,48.9017,14.1988,22.50,100.00
2010-10-25 07:00:00,Casey,203.4218,110.1886,110.1886,0.0000,0.0000,93.2332,0.0000,150.0000,203.4218,56.9581,26.1053,30.8528,54.17,100.00
2010-10-25 08:00:00,Casey,191.4899,105.1372,105.1372,0.0000,0.0000,86.3527,0.0000,150.0000,191.4899,53.6172,24.1788,29.4384,54.90,100.00
2010-10-25 09:00:00,Casey,201.1486,109.2376,109.2376,0.0000,0.0000,91.9110,0.0000,150.0000,201.1486,56.3216,25.7351,30.5865,54.31,100.00
2010-10-25 10:00:00,Casey,228.4897,113.5929,113.5929,0.0000,0.0000,114.8968,0.0000,150.0000,228.4897,63.9771,32.1711,31.8060,49.71,100.00
2010-10-25 11:00:00,Casey,219.9231,129.5595,129.5595,0.0000,0.0000,90.3636,0.0000,150.0000,219.9231,61.5785,25.3018,36.2767,58.91,100.00
2010-10-25 12:00:00,Casey,233.0612,107.5054,107.5054,0.0000,0.0000,125.5558,0.0000,150.0000,233.0612,65.2571,35.1556,30.1015,46.13,100.00
2010-10-25 13:00:00,Casey,223.2213,114.7470,114.7470,0.0000,0.0000,108.4743,0.0000,150.0000,223.2213,62.5020,30.3728,32.1292,51.41,100.00
2010-10-25 14:00:00,Casey,186.6160,102.9163,102.9163,0.0000,0.0000,83.6997,0.0000,150.0000,186.6160,52.2525,23.4359,28.8166,55.15,100.00
2010-10-25 15:00:00,Casey,197.8819,93.1320,93.1320,0.0000,0.0000,104.7499,0.0000,150.0000,197.8819,55.4069,29.3300,26.0770,47.06,100.00
2010-10-25 16:00:00,Casey,229.2974,95.2252,95.2252,0.0000,0.0000,134.0722,0.0000,150.0000,229.2974,64.2033,37.5402,26.6631,41.53,100.00
2010-10-25 17:00:00,Casey,240.5829,52.5683,52.5683,0.0000,0.0000,188.0146,0.0000,150.0000,240.5829,67.3632,52.6441,14.7191,21.85,100.00
2010-10-25 18:00:00,Casey,240.9098,13.7822,13.7822,0.0000,0.0000,227.1276,0.0000,150.0000,240.9098,67.4547,63.5957,3.8590,5.72,100.00
2010-10-25 19:00:00,Casey,211.0028,24.4059,24.4059,0.0000,0.0000,186.5969,0.0000,150.0000,211.0028,59.0808,52.2471,6.8337,11.57,100.00
2010-10-25 20:00:00,Casey,215.9696,49.0148,49.0148,0.0000,0.0000,166.9548,0.0000,150.0000,215.9696,60.4715,46.7473,13.7241,22.70,100.00
2010-10-25 21:00:00,Casey,213.2017,25.5944,25.5944,0.0000,0.0000,187.6073,0.0000,150.0000,213.2017,59.6965,52.5300,7.1664,12.00,100.00
2010-10-25 22:00:00,Casey,217.7423,32.7336,32.7336,0.0000,0.0000,185.0087,0.0000,150.0000,217.7423,60.9678,51.8024,9.1654,15.03,100.00
2010-10-25 23:00:00,Casey,192.4377,32.7960,32.7960,0.0000,0.0000,159.6417,0.0000,150.0000,192.4377,53.8826,44.6997,9.1829,17.04,100.00
2010-10-26 00:00:00,Casey,181.6895,21.8396,21.8396,0.0000,0.0000,159.8499,0.0000,150.0000,181.6895,50.8731,44.7580,6.1151,12.02,100.00
2010-10-26 01:00:00,Casey,184.0845,33.7772,33.7772,0.0000,0.0000,150.3073,0.0000,150.0000,184.0845,51.5437,42.0860,9.4576,18.35,100.00
2010-10-26 02:00:00,Casey,209.7432,57.4268,57.4268,0.0000,0.0000,152.3164,0.0000,150.0000,209.7432,58.7281,42.6486,16.0795,27.38,100.00
2010-10-26 03:00:00,Casey,202.0829,132.7556,132.7556,0.0000,0.0000,69.3273,0.0000,150.0000,202.0829,56.5832,19.4116,37.1716,65.69,100.00
2010-10-26 04:00:00,Casey,218.0265,13.4798,13.4798,0.0000,0.0000,204.5467,0.0000,150.0000,218.0265,61.0474,57.2731,3.7743,6.18,100.00
2010-10-26 05:00:00,Casey,239.1365,56.4641,56.4641,0.0000,0.0000,182.6724,0.0000,150.0000,239.1365,66.9582,51.1483,15.8099,23.61,100.00
2010-10-26 06:00:00,Casey,200.2983,112.6196,112.6196,0.0000,0.0000,87.6787,0.0000,150.0000,200.2983,56.0835,24.5500,31.5335,56.23,100.00
2010-10-26 07:00:00,Casey,210.8079,63.7277,63.7277,0.0000,0.0000,147.0802,0.0000,150.0000,210.8079,59.0262,41.1825,17.8438,30.23,100.00
2010-10-26 08:00:00,Casey,187.1625,92.1051,92.1051,0.0000,0.0000,95.0574,0.0000,150.0000,187.1625,52.4055,26.6161,25.7894,49.21,100.00
2010-10-26 09:00:00,Casey,215.4128,96.3933,96.3933,0.0000,0.0000,119.0195,0.0000,150.0000,215.4128,60.3156,33.3255,26.9901,44.75,100.00
2010-10-26 10:00:00,Casey,199.1163,108.5674,108.5674,0.0000,0.0000,90.5489,0.0000,150.0000,199.1163,55.7526,25.3537,30.3989,54.52,100.00
2010-10-26 11:00:00,Casey,221.5449,125.8744,125.8744,0.0000,0.0000,95.6705,0.0000,150.0000,221.5449,62.0326,26.7877,35.2448,56.82,100.00
2010-10-26 12:00:00,Casey,218.1962,112.2601,112.2601,0.0000,0.0000,105.9361,0.0000,150.0000,218.1962,61.0949,29.6621,31.4328,51.45,100.00
2010-10-26 13:00:00,Casey,187.1783,133.6320,133.6320,0.0000,0.0000,53.5463,0.0000,150.0000,187.1783,52.4099,14.9930,37.4170,71.39,100.00
2010-10-26 14:00:00,Casey,215.7120,99.2308,99.2308,0.0000,0.0000,116.4812,0.0000,150.0000,215.7120,60.3994,32.6147,27.7846,46.00,100.00
2010-10-26 15:00:00,Casey,204.1173,89.6750,89.6750,0.0000,0.0000,114.4423,0.0000,150.0000,204.1173,57.1528,32.0438,25.1090,43.93,100.00
2010-10-26 16:00:00,Casey,204.4667,58.2197,58.2197,0.0000,0.0000,146.2470,0.0000,150.0000,204.4667,57.2507,40.9492,16.3015,28.47,100.00
2010-10-26 17:00:00,Casey,236.6520,36.8624,36.8624,0.0000,0.0000,199.7896,0.0000,150.0000,236.6520,66.2626,55.9411,10.3215,15.58,100.00
2010-10-26 18:00:00,Casey,228.3301,25.8059,25.8059,0.0000,0.0000,202.5242,0.0000,150.0000,228.3301,63.9324,56.7068,7.2257,11.30,100.00
2010-10-26 19:00:00,Casey,219.5061,10.9687,10.9687,0.0000,0.0000,208.5374,0.0000,150.0000,219.5061,61.4617,58.3905,3.0712,5.00,100.00
2010-10-26 20:00:00,Casey,208.9452,13.1096,13.1096,0.0000,0.0000,195.8356,0.0000,150.0000,208.9452,58.5047,54.8340,3.6707,6.27,100.00
2010-10-26 21:00:00,Casey,173.8758,59.2929,59.2929,0.0000,0.0000,114.5829,0.0000,150.0000,173.8758,48.6852,32.0832,16.6020,34.10,100.00
2010-10-26 22:00:00,Casey,197.1717,9.8169,9.8169,0.0000,0.0000,187.3548,0.0000,150.0000,197.1717,55.2081,52.4593,2.7487,4.98,100.00
2010-10-26 23:00:00,Casey,193.7820,27.4952,27.4952,0.0000,0.0000,166.2868,0.0000,150.0000,193.7820,54.2590,46.5603,7.6987,14.19,100.00
2010-10-27 00:00:00,Casey,192.4609,41.4333,41.4333,0.0000,0.0000,151.0276,0.0000,150.0000,192.4609,53.8891,42.2877,11.6013,21.53,100.00
2010-10-27 01:00:00,Casey,177.5094,40.9868,40.9868,0.0000,0.0000,136.5226,0.0000,150.0000,177.5094,49.7026,38.2263,11.4763,23.09,100.00
2010-10-27 02:00:00,Casey,202.0784,23.5869,23.5869,0.0000,0.0000,178.4915,0.0000,150.0000,202.0784,56.5820,49.9776,6.6043,11.67,100.00
2010-10-27 03:00:00,Casey,193.1017,47.8046,47.8046,0.0000,0.0000,145.2971,0.0000,150.0000,193.1017,54.0685,40.6832,13.3853,24.76,100.00
2010-10-27 04:00:00,Casey,218.8653,39.0702,39.0702,0.0000,0.0000,179.7951,0.0000,150.0000,218.8653,61.2823,50.3426,10.9397,17.85,100.00
2010-10-27 05:00:00,Casey,210.3693,107.3916,107.3916,0.0000,0.0000,102.9777,0.0000,150.0000,210.3693,58.9034,28.8338,30.0696,51.05,100.00
2010-10-27 06:00:00,Casey,209.6667,29.4562,29.4562,0.0000,0.0000,180.2105,0.0000,150.0000,209.6667,58.7067,50.4589,8.2477,14.05,100.00
2010-10-27 07:00:00,Casey,203.1057,71.2695,71.2695,0.0000,0.0000,131.8362,0.0000,150.0000,203.1057,56.8696,36.9141,19.9555,35.09,100.00
2010-10-27 08:00:00,Casey,211.9886,127.8053,127.8053,0.0000,0.0000,84.1833,0.0000,150.0000,211.9886,59.3568,23.5713,35.7855,60.29,100.00
2010-10-27 09:00:00,Casey,202.9735,132.1187,132.1187,0.0000,0.0000,70.8548,0.0000,150.0000,202.9735,56.8326,19.8393,36.9932,65.09,100.00
2010-10-27 10:00:00,Casey,186.7443,106.3326,106.3326,0.0000,0.0000,80.4117,0.0000,150.0000,186.7443,52.2884,22.5153,29.7731,56.94,100.00
2010-10-27 11:00:00,Casey,247.5460,122.8208,122.8208,0.0000,0.0000,124.7252,0.0000,150.0000,247.5460,69.3129,34.9231,34.3898,49.62,100.00
2010-10-27 12:00:00,Casey,209.4468,112.3986,112.3986,0.0000,0.0000,97.0482,0.0000,150.0000,209.4468,58.6451,27.1735,31.4716,53.66,100.00
2010-10-27 13:00:00,Casey,219.8176,129.5359,129.5359,0.0000,0.0000,90.2817,0.0000,150.0000,219.8176,61.5489,25.2789,36.2701,58.93,100.00
2010-10-27 14:00:00,Casey,194.8483,127.8591,127.8591,0.0000,0.0000,66.9892,0.0000,150.0000,194.8483,54.5575,18.7570,35.8005,65.62,100.00
2010-10-27 15:00:00,Casey,216.1099,76.9902,76.9902,0.0000,0.0000,139.1197,0.0000,150.0000,216.1099,60.5108,38.9535,21.5573,35.63,100.00
2010-10-27 16:00:00,Casey,221.4755,73.4275,73.4275,0.0000,0.0000,148.0480,0.0000,150.0000,221.4755,62.0131,41.4534,20.5597,33.15,100.00
2010-10-27 17:00:00,Casey,244.9308,59.0708,59.0708,0.0000,0.0000,185.8600,0.0000,150.0000,244.9308,68.5806,52.0408,16.5398,24.12,100.00
2010-10-27 18:00:00,Casey,220.5261,27.9158,27.9158,0.0000,0.0000,192.6103,0.0000,150.0000,220.5261,61.7473,53.9309,7.8164,12.66,100.00
2010-10-27 19:00:00,Casey,201.4643,16.1178,16.1178,0.0000,0.0000,185.3465,0.0000,150.0000,201.4643,56.4100,51.8970,4.5130,8.00,100.00
2010-10-27 20:00:00,Casey,234.0235,16.9213,16.9213,0.0000,0.0000,217.1022,0.0000,150.0000,234.0235,65.5266,60.7886,4.7380,7.23,100.00
2010-10-27 21:00:00,Casey,190.4021,34.8616,34.8616,0.0000,0.0000,155.5405,0.0000,150.0000,190.4021,53.3126,43.5513,9.7612,18.31,100.00
2010-10-27 22:00:00,Casey,207.9824,62.7733,62.7733,0.0000,0.0000,145.2091,0.0000,150.0000,207.9824,58.2351,40.6585,17.5765,30.18,100.00
2010-10-27 23:00:00,Casey,205.6672,41.4915,41.4915,0.0000,0.0000,164.1757,0.0000,150.0000,205.6672,57.5868,45.9692,11.6176,20.17,100.00
2010-10-28 00:00:00,Casey,202.0570,15.8762,15.8762,0.0000,0.0000,186.1808,0.0000,150.0000,202.0570,56.5760,52.1306,4.4453,7.86,100.00
2010-10-28 01:00:00,Casey,207.7322,40.8203,40.8203,0.0000,0.0000,166.9119,0.0000,150.0000,207.7322,58.1650,46.7353,11.4297,19.65,100.00
2010-10-28 02:00:00,Casey,198.5266,55.2533,55.2533,0.0000,0.0000,143.2733,0.0000,150.0000,198.5266,55.5874,40.1165,15.4709,27.83,100.00
2010-10-28 03:00:00,Casey,205.8116,51.2529,51.2529,0.0000,0.0000,154.5587,0.0000,150.0000,205.8116,57.6272,43.2764,14.3508,24.90,100.00
2010-10-28 04:00:00,Casey,180.9110,62.8499,62.8499,0.0000,0.0000,118.0611,0.0000,150.0000,180.9110,50.6551,33.0571,17.5980,34.74,100.00
2010-10-28 05:00:00,Casey,209.3171,41.7970,41.7970,0.0000,0.0000,167.5201,0.0000,150.0000,209.3171,58.6088,46.9056,11.7032,19.97,100.00
2010-10-28 06:00:00,Casey,185.1240,57.0272,57.0272,0.0000,0.0000,128.0968,0.0000,150.0000,185.1240,51.8347,35.8671,15.9676,30.80,100.00
2010-10-28 07:00:00,Casey,195.5485,84.6145,84.6145,0.0000,0.0000,110.9340,0.0000,150.0000,195.5485,54.7536,31.0615,23.6921,43.27,100.00
2010-10-28 08:00:00,Casey,212.0945,137.1076,137.1076,0.0000,0.0000,74.9869,0.0000,150.0000,212.0945,59.3865,20.9963,38.3901,64.64,100.00
2010-10-28 09:00:00,Casey,225.4882,89.8560,89.8560,0.0000,0.0000,135.6322,0.0000,150.0000,225.4882,63.1367,37.9770,25.1597,39.85,100.00
2010-10-28 10:00:00,Casey,214.4688,110.2306,110.2306,0.0000,0.0000,104.2382,0.0000,150.0000,214.4688,60.0513,29.1867,30.8646,51.40,100.00
2010-10-28 11:00:00,Casey,228.2438,111.2302,111.2302,0.0000,0.0000,117.0136,0.0000,150.0000,228.2438,63.9083,32.7638,31.1445,48.73,100.00
2010-10-28 12:00:00,Casey,230.4463,119.2460,119.2460,0.0000,0.0000,111.2003,0.0000,150.0000,230.4463,64.5250,31.1361,33.3889,51.75,100.00
2010-10-28 13:00:00,Casey,220.0054,100.7772,100.7772,0.0000,0.0000,119.2282,0.0000,150.0000,220.0054,61.6015,33.3839,28.2176,45.81,100.00
2010-10-28 14:00:00,Casey,187.5985,110.8294,110.8294,0.0000,0.0000,76.7691,0.0000,150.0000,187.5985,52.5276,21.4953,31.0322,59.08,100.00
2010-10-28 15:00:00,Casey,199.9981,86.7406,86.7406,0.0000,0.0000,113.2575,0.0000,150.0000,199.9981,55.9995,31.7121,24.2874,43.37,100.00
2010-10-28 16:00:00,Casey,219.2973,66.6585,66.6585,0.0000,0.0000,152.6388,0.0000,150.0000,219.2973,61.4032,42.7389,18.6644,30.40,100.00
2010-10-28 17:00:00,Casey,216.2578,35.5700,35.5700,0.0000,0.0000,180.6878,0.0000,150.0000,216.2578,60.5522,50.5926,9.9596,16.45,100.00
2010-10-28 18:00:00,Casey,200.1933,11.7740,11.7740,0.0000,0.0000,188.4193,0.0000,150.0000,200.1933,56.0541,52.7574,3.2967,5.88,100.00
2010-10-28 19:00:00,Casey,231.5433,14.1115,14.1115,0.0000,0.0000,217.4318,0.0000,150.0000,231.5433,64.8321,60.8809,3.9512,6.09,100.00
2010-10-28 20:00:00,Casey,179.1442,27.5586,27.5586,0.0000,0.0000,151.5856,0.0000,150.0000,179.1442,50.1604,42.4440,7.7164,15.38,100.00
2010-10-28 21:00:00,Casey,200.6066,12.8254,12.8254,0.0000,0.0000,187.7812,0.0000,150.0000,200.6066,56.1698,52.5787,3.5911,6.39,100.00
2010-10-28 22:00:00,Casey,211.7125,38.1238,38.1238,0.0000,0.0000,173.5887,0.0000,150.0000,211.7125,59.2795,48.6048,10.6747,18.01,100.00
2010-10-28 23:00:00,Casey,208.2507,43.8989,43.8989,0.0000,0.0000,164.3518,0.0000,150.0000,208.2507,58.3102,46.0185,12.2917,21.08,100.00
2010-10-29 00:00:00,Casey,193.8312,40.8437,40.8437,0.0000,0.0000,152.9875,0.0000,150.0000,193.8312,54.2727,42.8365,11.4362,21.07,100.00
2010-10-29 01:00:00,Casey,168.4525,51.7002,51.7002,0.0000,0.0000,116.7523,0.0000,150.0000,168.4525,47.1667,32.6906,14.4761,30.69,100.00
2010-10-29 02:00:00,Casey,174.1517,33.4552,33.4552,0.0000,0.0000,140.6965,0.0000,150.0000,174.1517,48.7625,39.3950,9.3675,19.21,100.00
2010-10-29 03:00:00,Casey,194.4740,34.5249,34.5249,0.0000,0.0000,159.9491,0.0000,150.0000,194.4740,54.4527,44.7857,9.6670,17.75,100.00
2010-10-29 04:00:00,Casey,198.2744,88.3374,88.3374,0.0000,0.0000,109.9370,0.0000,150.0000,198.2744,55.5168,30.7824,24.7345,44.55,100.00
2010-10-29 05:00:00,Casey,215.1399,48.8049,48.8049,0.0000,0.0000,166.3350,0.0000,150.0000,215.1399,60.2392,46.5738,13.6654,22.69,100.00
2010-10-29 06:00:00,Casey,209.3510,35.6823,35.6823,0.0000,0.0000,173.6687,0.0000,150.0000,209.3510,58.6183,48.6272,9.9910,17.04,100.00
2010-10-29 07:00:00,Casey,249.8905,76.2511,76.2511,0.0000,0.0000,173.6394,0.0000,150.0000,249.8905,69.9693,48.6190,21.3503,30.51,100.00
2010-10-29 08:00:00,Casey,196.3185,138.7517,138.7517,0.0000,0.0000,57.5668,0.0000,150.0000,196.3185,54.9692,16.1187,38.8505,70.68,100.00
2010-10-29 09:00:00,Casey,195.2990,125.5605,125.5605,0.0000,0.0000,69.7385,0.0000,150.0000,195.2990,54.6837,19.5268,35.1569,64.29,100.00
2010-10-29 10:00:00,Casey,202.2443,107.8497,107.8497,0.0000,0.0000,94.3946,0.0000,150.0000,202.2443,56.6284,26.4305,30.1979,53.33,100.00
2010-10-29 11:00:00,Casey,231.5630,127.6647,127.6647,0.0000,0.0000,103.8983,0.0000,150.0000,231.5630,64.8376,29.0915,35.7461,55.13,100.00
2010-10-29 12:00:00,Casey,230.7020,131.9120,131.9120,0.0000,0.0000,98.7900,0.0000,150.0000,230.7020,64.5966,27.6612,36.9354,57.18,100.00
2010-10-29 13:00:00,Casey,211.0226,125.8364,125.8364,0.0000,0.0000,85.1862,0.0000,150.0000,211.0226,59.0863,23.8521,35.2342,59.63,100.00
2010-10-29 14:00:00,Casey,229.3140,107.4599,107.4599,0.0000,0.0000,121.8541,0.0000,150.0000,229.3140,64.2079,34.1191,30.0888,46.86,100.00
2010-10-29 15:00:00,Casey,217.6672,99.0143,99.0143,0.0000,0.0000,118.6529,0.0000,150.0000,217.6672,60.9468,33.2228,27.7240,45.49,100.00
2010-10-29 16:00:00,Casey,217.4451,78.0963,78.0963,0.0000,0.0000,139.3488,0.0000,150.0000,217.4451,60.8846,39.0177,21.8670,35.92,100.00
2010-10-29 17:00:00,Casey,227.5941,48.3006,48.3006,0.0000,0.0000,179.2935,0.0000,150.0000,227.5941,63.7263,50.2022,13.5242,21.22,100.00
2010-10-29 18:00:00,Casey,231.9697,48.2591,48.2591,0.0000,0.0000,183.7106,0.0000,150.0000,231.9697,64.9515,51.4390,13.5125,20.80,100.00
2010-10-29 19:00:00,Casey,229.9170,42.3369,42.3369,0.0000,0.0000,187.5801,0.0000,150.0000,229.9170,64.3768,52.5224,11.8543,18.41,100.00
2010-10-29 20:00:00,Casey,195.2890,20.8368,20.8368,0.0000,0.0000,174.4522,0.0000,150.0000,195.2890,54.6809,48.8466,5.8343,10.67,100.00
2010-10-29 21:00:00,Casey,224.3881,25.6969,25.6969,0.0000,0.0000,198.6912,0.0000,150.0000,224.3881,62.8287,55.6335,7.1951,11.45,100.00
2010-10-29 22:00:00,Casey,203.2405,17.3124,17.3124,0.0000,0.0000,185.9281,0.0000,150.0000,203.2405,56.9073,52.0599,4.8475,8.52,100.00
2010-10-29 23:00:00,Casey,195.0907,28.0619,28.0619,0.0000,0.0000,167.0288,0.0000,150.0000,195.0907,54.6254,46.7681,7.8573,14.38,100.00
2010-10-30 00:00:00,Casey,212.1389,35.7799,35.7799,0.0000,0.0000,176.3590,0.0000,150.0000,212.1389,59.3989,49.3805,10.0184,16.87,100.00
2010-10-30 01:00:00,Casey,188.1235,16.2044,16.2044,0.0000,0.0000,171.9191,0.0000,150.0000,188.1235,52.6746,48.1373,4.5372,8.61,100.00
2010-10-30 02:00:00,Casey,189.1327,60.2267,60.2267,0.0000,0.0000,128.9060,0.0000,150.0000,189.1327,52.9572,36.0937,16.8635,31.84,100.00
2010-10-30 03:00:00,Casey,224.4187,80.8669,80.8669,0.0000,0.0000,143.5518,0.0000,150.0000,224.4187,62.8372,40.1945,22.6427,36.03,100.00
2010-10-30 04:00:00,Casey,224.0010,22.6563,22.6563,0.0000,0.0000,201.3447,0.0000,150.0000,224.0010,62.7203,56.3765,6.3438,10.11,100.00
2010-10-30 05:00:00,Casey,199.8922,140.5717,140.5717,0.0000,0.0000,59.3205,0.0000,150.0000,199.8922,55.9698,16.6097,39.3601,70.32,100.00
2010-10-30 06:00:00,Casey,175.2373,45.2352,45.2352,0.0000,0.0000,130.0021,0.0000,150.0000,175.2373,49.0664,36.4006,12.6659,25.81,100.00
2010-10-30 07:00:00,Casey,219.2817,97.2075,97.2075,0.0000,0.0000,122.0742,0.0000,150.0000,219.2817,61.3989,34.1808,27.2181,44.33,100.00
2010-10-30 08:00:00,Casey,196.0506,130.7767,130.7767,0.0000,0.0000,65.2739,0.0000,150.0000,196.0506,54.8942,18.2767,36.6175,66.71,100.00
2010-10-30 09:00:00,Casey,183.5630,116.3176,116.3176,0.0000,0.0000,67.2454,0.0000,150.0000,183.5630,51.3976,18.8287,32.5689,63.37,100.00
2010-10-30 10:00:00,Casey,221.2767,115.9051,115.9051,0.0000,0.0000,105.3716,0.0000,150.0000,221.2767,61.9575,29.5040,32.4534,52.38,100.00
2010-10-30 11:00:00,Casey,219.3083,121.7735,121.7735,0.0000,0.0000,97.5348,0.0000,150.0000,219.3083,61.4063,27.3097,34.0966,55.53,100.00
2010-10-30 12:00:00,Casey,221.0466,115.3597,115.3597,0.0000,0.0000,105.6869,0.0000,150.0000,221.0466,61.8930,29.5923,32.3007,52.19,100.00
2010-10-30 13:00:00,Casey,208.1662,113.4207,113.4207,0.0000,0.0000,94.7455,0.0000,150.0000,208.1662,58.2865,26.5287,31.7578,54.49,100.00
2010-10-30 14:00:00,Casey,191.2752,108.3981,108.3981,0.0000,0.0000,82.8771,0.0000,150.0000,191.2752,53.5571,23.2056,30.3515,56.67,100.00
2010-10-30 15:00:00,Casey,202.4982,87.5445,87.5445,0.0000,0.0000,114.9537,0.0000,150.0000,202.4982,56.6995,32.1870,24.5125,43.23,100.00
2010-10-30 16:00:00,Casey,200.4496,71.5133,71.5133,0.0000,0.0000,128.9363,0.0000,150.0000,200.4496,56.1259,36.1022,20.0237,35.68,100.00
2010-10-30 17:00:00,Casey,236.8578,36.8540,36.8540,0.0000,0.0000,200.0038,0.0000,150.0000,236.8578,66.3202,56.0011,10.3191,15.56,100.00
2010-10-30 18:00:00,Casey,234.9094,13.2494,13.2494,0.0000,0.0000,221.6600,0.0000,150.0000,234.9094,65.7746,62.0648,3.7098,5.64,100.00
2010-10-30 19:00:00,Casey,214.9390,22.4079,22.4079,0.0000,0.0000,192.5311,0.0000,150.0000,214.9390,60.1829,53.9087,6.2742,10.43,100.00
2010-10-30 20:00:00,Casey,220.9658,22.9457,22.9457,0.0000,0.0000,198.0201,0.0000,150.0000,220.9658,61.8704,55.4456,6.4248,10.38,100.00
2010-10-30 21:00:00,Casey,215.0521,28.4747,28.4747,0.0000,0.0000,186.5774,0.0000,150.0000,215.0521,60.2146,52.2417,7.9729,13.24,100.00
2010-10-30 22:00:00,Casey,224.1097,37.5917,37.5917,0.0000,0.0000,186.5180,0.0000,150.0000,224.1097,62.7507,52.2250,10.5257,16.77,100.00
2010-10-30 23:00:00,Casey,209.6280,28.5086,28.5086,0.0000,0.0000,181.1194,0.0000,150.0000,209.6280,58.6958,50.7134,7.9824,13.60,100.00
2010-10-31 00:00:00,Casey,211.2516,21.9178,21.9178,0.0000,0.0000,189.3338,0.0000,150.0000,211.2516,59.1504,53.0135,6.1370,10.38,100.00
2010-10-31 01:00:00,Casey,172.4093,51.4002,51.4002,0.0000,0.0000,121.0091,0.0000,150.0000,172.4093,48.2746,33.8825,14.3921,29.81,100.00
2010-10-31 02:00:00,Casey,198.1830,51.0771,51.0771,0.0000,0.0000,147.1059,0.0000,150.0000,198.1830,55.4912,41.1897,14.3016,25.77,100.00
2010-10-31 03:00:00,Casey,202.1069,102.8734,102.8734,0.0000,0.0000,99.2335,0.0000,150.0000,202.1069,56.5899,27.7854,28.8046,50.90,100.00
2010-10-31 04:00:00,Casey,197.6175,96.6276,96.6276,0.0000,0.0000,100.9899,0.0000,150.0000,197.6175,55.3329,28.2772,27.0557,48.90,100.00
2010-10-31 05:00:00,Casey,198.9625,137.4359,137.4359,0.0000,0.0000,61.5266,0.0000,150.0000,198.9625,55.7095,17.2274,38.4821,69.08,100.00
2010-10-31 06:00:00,Casey,207.9170,28.9250,28.9250,0.0000,0.0000,178.9920,0.0000,150.0000,207.9170,58.2168,50.1178,8.0990,13.91,100.00
2010-10-31 07:00:00,Casey,194.4242,63.3676,63.3676,0.0000,0.0000,131.0566,0.0000,150.0000,194.4242,54.4388,36.6958,17.7429,32.59,100.00
2010-10-31 08:00:00,Casey,229.9354,116.1219,116.1219,0.0000,0.0000,113.8135,0.0000,150.0000,229.9354,64.3819,31.8678,32.5141,50.50,100.00
2010-10-31 09:00:00,Casey,208.5393,105.5273,105.5273,0.0000,0.0000,103.0120,0.0000,150.0000,208.5393,58.3910,28.8434,29.5476,50.60,100.00
2010-10-31 10:00:00,Casey,194.6133,165.6206,165.6206,0.0000,0.0000,28.9927,0.0000,150.0000,194.6133,54.4917,8.1180,46.3738,85.10,100.00
2010-10-31 11:00:00,Casey,202.0896,129.9834,129.9834,0.0000,0.0000,72.1062,0.0000,150.0000,202.0896,56.5851,20.1897,36.3954,64.32,100.00
2010-10-31 12:00:00,Casey,219.6595,121.3729,121.3729,0.0000,0.0000,98.2866,0.0000,150.0000,219.6595,61.5047,27.5202,33.9844,55.26,100.00
2010-10-31 13:00:00,Casey,193.1009,134.8089,134.8089,0.0000,0.0000,58.2920,0.0000,150.0000,193.1009,54.0683,16.3218,37.7465,69.81,100.00
2010-10-31 14:00:00,Casey,230.3556,115.2072,115.2072,0.0000,0.0000,115.1484,0.0000,150.0000,230.3556,64.4996,32.2416,32.2580,50.01,100.00
2010-10-31 15:00:00,Casey,227.7688,89.5393,89.5393,0.0000,0.0000,138.2295,0.0000,150.0000,227.7688,63.7753,38.7043,25.0710,39.31,100.00
2010-10-31 16:00:00,Casey,237.2759,76.1990,76.1990,0.0000,0.0000,161.0769,0.0000,150.0000,237.2759,66.4373,45.1015,21.3357,32.11,100.00
2010-10-31 17:00:00,Casey,203.5098,49.3987,49.3987,0.0000,0.0000,154.1111,0.0000,150.0000,203.5098,56.9827,43.1511,13.8316,24.27,100.00
2010-10-31 18:00:00,Casey,200.4198,37.0061,37.0061,0.0000,0.0000,163.4137,0.0000,150.0000,200.4198,56.1175,45.7558,10.3617,18.46,100.00
2010-10-31 19:00:00,Casey,247.8784,20.1220,20.1220,0.0000,0.0000,227.7564,0.0000,150.0000,247.8784,69.4060,63.7718,5.6342,8.12,100.00
2010-10-31 20:00:00,Casey,231.4320,26.4569,26.4569,0.0000,0.0000,204.9751,0.0000,150.0000,231.4320,64.8010,57.3930,7.4079,11.43,100.00
2010-10-31 21:00:00,Casey,213.2662,31.3819,31.3819,0.0000,0.0000,181.8843,0.0000,150.0000,213.2662,59.7145,50.9276,8.7869,14.71,100.00
2010-10-31 22:00:00,Casey,203.2035,34.4386,34.4386,0.0000,0.0000,168.7649,0.0000,150.0000,203.2035,56.8970,47.2542,9.6428,16.95,100.00
2010-10-31 23:00:00,Casey,192.9189,28.7183,28.7183,0.0000,0.0000,164.2006,0.0000,150.0000,192.9189,54.0173,45.9762,8.0411,14.89,100.00
2010-11-01 00:00:00,Casey,190.9711,40.1293,40.1293,0.0000,0.0000,150.8418,0.0000,150.0000,190.9711,53.4719,42.2357,11.2362,21.01,100.00
2010-11-01 01:00:00,Casey,192.4702,54.5107,54.5107,0.0000,0.0000,137.9595,0.0000,150.0000,192.4702,53.8917,38.6287,15.2630,28.32,100.00
2010-11-01 02:00:00,Casey,181.3060,60.1675,60.1675,0.0000,0.0000,121.1385,0.0000,150.0000,181.3060,50.7657,33.9188,16.8469,33.19,100.00
2010-11-01 03:00:00,Casey,192.1497,44.6783,44.6783,0.0000,0.0000,147.4714,0.0000,150.0000,192.1497,53.8019,41.2920,12.5099,23.25,100.00
2010-11-01 04:00:00,Casey,217.3878,23.7378,23.7378,0.0000,0.0000,193.6500,0.0000,150.0000,217.3878,60.8686,54.2220,6.6466,10.92,100.00
2010-11-01 05:00:00,Casey,215.6633,42.4844,42.4844,0.0000,0.0000,173.1789,0.0000,150.0000,215.6633,60.3857,48.4901,11.8956,19.70,100.00
2010-11-01 06:00:00,Casey,205.9276,33.3841,33.3841,0.0000,0.0000,172.5435,0.0000,150.0000,205.9276,57.6597,48.3122,9.3475,16.21,100.00
2010-11-01 07:00:00,Casey,184.4157,46.5923,46.5923,0.0000,0.0000,137.8234,0.0000,150.0000,184.4157,51.6364,38.5906,13.0458,25.26,100.00
2010-11-01 08:00:00,Casey,225.0272,36.7807,36.7807,0.0000,0.0000,188.2465,0.0000,150.0000,225.0272,63.0076,52.7090,10.2986,16.35,100.00
2010-11-01 09:00:00,Casey,191.3581,36.7658,36.7658,0.0000,0.0000,154.5923,0.0000,150.0000,191.3581,53.5803,43.2858,10.2944,19.21,100.00
2010-11-01 10:00:00,Casey,210.4550,56.8210,56.8210,0.0000,0.0000,153.6340,0.0000,150.0000,210.4550,58.9274,43.0175,15.9099,27.00,100.00
2010-11-01 11:00:00,Casey,232.1174,74.8386,74.8386,0.0000,0.0000,157.2788,0.0000,150.0000,232.1174,64.9929,44.0381,20.9548,32.24,100.00
2010-11-01 12:00:00,Casey,190.6717,76.6584,76.6584,0.0000,0.0000,114.0133,0.0000,150.0000,190.6717,53.3881,31.9237,21.4644,40.20,100.00
2010-11-01 13:00:00,Casey,189.2831,59.1170,59.1170,0.0000,0.0000,130.1661,0.0000,150.0000,189.2831,52.9993,36.4465,16.5528,31.23,100.00
2010-11-01 14:00:00,Casey,214.2672,53.3622,53.3622,0.0000,0.0000,160.9050,0.0000,150.0000,214.2672,59.9948,45.0534,14.9414,24.90,100.00
2010-11-01 15:00:00,Casey,209.8477,37.2238,37.2238,0.0000,0.0000,172.6239,0.0000,150.0000,209.8477,58.7574,48.3347,10.4227,17.74,100.00
2010-11-01 16:00:00,Casey,205.5833,11.2459,11.2459,0.0000,0.0000,194.3374,0.0000,150.0000,205.5833,57.5633,54.4145,3.1489,5.47,100.00
2010-11-01 17:00:00,Casey,213.2192,24.0328,24.0328,0.0000,0.0000,189.1864,0.0000,150.0000,213.2192,59.7014,52.9722,6.7292,11.27,100.00
2010-11-01 18:00:00,Casey,224.5810,18.8983,18.8983,0.0000,0.0000,205.6827,0.0000,150.0000,224.5810,62.8827,57.5912,5.2915,8.41,100.00
2010-11-01 19:00:00,Casey,222.3712,1.7264,1.7264,0.0000,0.0000,220.6448,0.0000,150.0000,222.3712,62.2639,61.7805,0.4834,0.78,100.00
2010-11-01 20:00:00,Casey,195.6545,25.7303,25.7303,0.0000,0.0000,169.9242,0.0000,150.0000,195.6545,54.7833,47.5788,7.2045,13.15,100.00
2010-11-01 21:00:00,Casey,199.0795,7.5574,7.5574,0.0000,0.0000,191.5221,0.0000,150.0000,199.0795,55.7423,53.6262,2.1161,3.80,100.00
2010-11-01 22:00:00,Casey,199.8704,49.6559,49.6559,0.0000,0.0000,150.2145,0.0000,150.0000,199.8704,55.9637,42.0601,13.9037,24.84,100.00
2010-11-01 23:00:00,Casey,204.2976,67.5042,67.5042,0.0000,0.0000,136.7934,0.0000,150.0000,204.2976,57.2033,38.3022,18.9012,33.04,100.00
2010-11-02 00:00:00,Casey,187.6472,35.9183,35.9183,0.0000,0.0000,151.7289,0.0000,150.0000,187.6472,52.5412,42.4841,10.0571,19.14,100.00
2010-11-02 01:00:00,Casey,183.2567,24.8246,24.8246,0.0000,0.0000,158.4321,0.0000,150.0000,183.2567,51.3119,44.3610,6.9509,13.55,100.00
2010-11-02 02:00:00,Casey,201.5407,60.5721,60.5721,0.0000,0.0000,140.9686,0.0000,150.0000,201.5407,56.4314,39.4712,16.9602,30.05,100.00
2010-11-02 03:00:00,Casey,198.1586,41.0226,41.0226,0.0000,0.0000,157.1360,0.0000,150.0000,198.1586,55.4844,43.9981,11.4863,20.70,100.00
2010-11-02 04:00:00,Casey,206.9686,42.3424,42.3424,0.0000,0.0000,164.6262,0.0000,150.0000,206.9686,57.9512,46.0953,11.8559,20.46,100.00
2010-11-02 05:00:00,Casey,202.0788,37.6146,37.6146,0.0000,0.0000,164.4642,0.0000,150.0000,202.0788,56.5821,46.0500,10.5321,18.61,100.00
2010-11-02 06:00:00,Casey,196.6520,14.7183,14.7183,0.0000,0.0000,181.9337,0.0000,150.0000,196.6520,55.0626,50.9414,4.1211,7.48,100.00
2010-11-02 07:00:00,Casey,177.6414,48.7797,48.7797,0.0000,0.0000,128.8617,0.0000,150.0000,177.6414,49.7396,36.0813,13.6583,27.46,100.00
2010-11-02 08:00:00,Casey,214.8896,10.9678,10.9678,0.0000,0.0000,203.9218,0.0000,150.0000,214.8896,60.1691,57.0981,3.0710,5.10,100.00
2010-11-02 09:00:00,Casey,224.0258,41.0791,41.0791,0.0000,0.0000,182.9467,0.0000,150.0000,224.0258,62.7272,51.2251,11.5021,18.34,100.00
2010-11-02 10:00:00,Casey,197.5152,103.9831,103.9831,0.0000,0.0000,93.5321,0.0000,150.0000,197.5152,55.3043,26.1890,29.1153,52.65,100.00
2010-11-02 11:00:00,Casey,202.1091,64.3326,64.3326,0.0000,0.0000,137.7765,0.0000,150.0000,202.1091,56.5905,38.5774,18.0131,31.83,100.00
2010-11-02 12:00:00,Casey,217.1423,66.7022,66.7022,0.0000,0.0000,150.4401,0.0000,150.0000,217.1423,60.7998,42.1232,18.6766,30.72,100.00
2010-11-02 13:00:00,Casey,232.8043,72.5406,72.5406,0.0000,0.0000,160.2637,0.0000,150.0000,232.8043,65.1852,44.8738,20.3114,31.16,100.00
2010-11-02 14:00:00,Casey,226.7363,60.7626,60.7626,0.0000,0.0000,165.9737,0.0000,150.0000,226.7363,63.4862,46.4726,17.0135,26.80,100.00
2010-11-02 15:00:00,Casey,204.8503,45.9573,45.9573,0.0000,0.0000,158.8930,0.0000,150.0000,204.8503,57.3581,44.4900,12.8680,22.43,100.00
2010-11-02 16:00:00,Casey,220.0031,22.6185,22.6185,0.0000,0.0000,197.3846,0.0000,150.0000,220.0031,61.6009,55.2677,6.3332,10.28,100.00
2010-11-02 17:00:00,Casey,224.6997,12.6589,12.6589,0.0000,0.0000,212.0408,0.0000,150.0000,224.6997,62.9159,59.3714,3.5445,5.63,100.00
2010-11-02 18:00:00,Casey,210.4037,16.1112,16.1112,0.0000,0.0000,194.2925,0.0000,150.0000,210.4037,58.9130,54.4019,4.5111,7.66,100.00
2010-11-02 19:00:00,Casey,215.1328,0.0000,0.0000,0.0000,0.0000,215.1328,0.0000,150.0000,215.1328,60.2372,60.2372,0.0000,0.00,100.00
2010-11-02 20:00:00,Casey,214.7300,16.4172,16.4172,0.0000,0.0000,198.3128,0.0000,150.0000,214.7300,60.1244,55.5276,4.5968,7.65,100.00
2010-11-02 21:00:00,Casey,221.7446,12.0732,12.0732,0.0000,0.0000,209.6714,0.0000,150.0000,221.7446,62.0885,58.7080,3.3805,5.44,100.00
2010-11-02 22:00:00,Casey,209.6132,40.0947,40.0947,0.0000,0.0000,169.5185,0.0000,150.0000,209.6132,58.6917,47.4652,11.2265,19.13,100.00
2010-11-02 23:00:00,Casey,173.8958,27.2191,27.2191,0.0000,0.0000,146.6767,0.0000,150.0000,173.8958,48.6908,41.0695,7.6213,15.65,100.00
2010-11-03 00:00:00,Casey,214.4288,57.3910,57.3910,0.0000,0.0000,157.0378,0.0000,150.0000,214.4288,60.0401,43.9706,16.0695,26.76,100.00
2010-11-03 01:00:00,Casey,191.9418,28.9614,28.9614,0.0000,0.0000,162.9804,0.0000,150.0000,191.9418,53.7437,45.6345,8.1092,15.09,100.00
2010-11-03 02:00:00,Casey,207.0750,117.3626,117.3626,0.0000,0.0000,89.7124,0.0000,150.0000,207.0750,57.9810,25.1195,32.8615,56.68,100.00
2010-11-03 03:00:00,Casey,206.8667,30.6751,30.6751,0.0000,0.0000,176.1916,0.0000,150.0000,206.8667,57.9227,49.3336,8.5890,14.83,100.00
2010-11-03 04:00:00,Casey,212.0735,30.0759,30.0759,0.0000,0.0000,181.9976,0.0000,150.0000,212.0735,59.3806,50.9593,8.4213,14.18,100.00
2010-11-03 05:00:00,Casey,191.2197,49.5300,49.5300,0.0000,0.0000,141.6897,0.0000,150.0000,191.2197,53.5415,39.6731,13.8684,25.90,100.00
2010-11-03 06:00:00,Casey,199.4291,27.3066,27.3066,0.0000,0.0000,172.1225,0.0000,150.0000,199.4291,55.8401,48.1943,7.6458,13.69,100.00
2010-11-03 07:00:00,Casey,194.7895,26.5559,26.5559,0.0000,0.0000,168.2336,0.0000,150.0000,194.7895,54.5411,47.1054,7.4357,13.63,100.00
2010-11-03 08:00:00,Casey,209.8452,43.1617,43.1617,0.0000,0.0000,166.6835,0.0000,150.0000,209.8452,58.7567,46.6714,12.0853,20.57,100.00
2010-11-03 09:00:00,Casey,181.4736,70.6349,70.6349,0.0000,0.0000,110.8387,0.0000,150.0000,181.4736,50.8126,31.0348,19.7778,38.92,100.00
2010-11-03 10:00:00,Casey,189.1163,52.0440,52.0440,0.0000,0.0000,137.0723,0.0000,150.0000,189.1163,52.9526,38.3802,14.5723,27.52,100.00
2010-11-03 11:00:00,Casey,231.7458,73.0331,73.0331,0.0000,0.0000,158.7127,0.0000,150.0000,231.7458,64.8888,44.4396,20.4493,31.51,100.00
2010-11-03 12:00:00,Casey,238.9950,74.4074,74.4074,0.0000,0.0000,164.5876,0.0000,150.0000,238.9950,66.9186,46.0845,20.8341,31.13,100.00
2010-11-03 13:00:00,Casey,193.8771,61.3127,61.3127,0.0000,0.0000,132.5644,0.0000,150.0000,193.8771,54.2856,37.1180,17.1676,31.62,100.00
2010-11-03 14:00:00,Casey,208.9334,58.0076,58.0076,0.0000,0.0000,150.9258,0.0000,150.0000,208.9334,58.5014,42.2592,16.2421,27.76,100.00
2010-11-03 15:00:00,Casey,195.7758,29.3025,29.3025,0.0000,0.0000,166.4733,0.0000,150.0000,195.7758,54.8172,46.6125,8.2047,14.97,100.00
2010-11-03 16:00:00,Casey,199.6487,9.2182,9.2182,0.0000,0.0000,190.4305,0.0000,150.0000,199.6487,55.9016,53.3205,2.5811,4.62,100.00
2010-11-03 17:00:00,Casey,230.1528,18.7503,18.7503,0.0000,0.0000,211.4025,0.0000,150.0000,230.1528,64.4428,59.1927,5.2501,8.15,100.00
2010-11-03 18:00:00,Casey,219.5413,5.6939,5.6939,0.0000,0.0000,213.8474,0.0000,150.0000,219.5413,61.4716,59.8773,1.5943,2.59,100.00
2010-11-03 19:00:00,Casey,227.7642,2.8996,2.8996,0.0000,0.0000,224.8646,0.0000,150.0000,227.7642,63.7740,62.9621,0.8119,1.27,100.00
2010-11-03 20:00:00,Casey,204.1973,13.1368,13.1368,0.0000,0.0000,191.0605,0.0000,150.0000,204.1973,57.1752,53.4969,3.6783,6.43,100.00
2010-11-03 21:00:00,Casey,239.5586,6.7440,6.7440,0.0000,0.0000,232.8146,0.0000,150.0000,239.5586,67.0764,65.1881,1.8883,2.82,100.00
2010-11-03 22:00:00,Casey,210.6336,23.1270,23.1270,0.0000,0.0000,187.5066,0.0000,150.0000,210.6336,58.9774,52.5018,6.4756,10.98,100.00
2010-11-03 23:00:00,Casey,197.3765,40.0851,40.0851,0.0000,0.0000,157.2914,0.0000,150.0000,197.3765,55.2654,44.0416,11.2238,20.31,100.00
2010-11-04 00:00:00,Casey,203.3996,35.8726,35.8726,0.0000,0.0000,167.5270,0.0000,150.0000,203.3996,56.9519,46.9076,10.0443,17.64,100.00
2010-11-04 01:00:00,Casey,186.6400,22.4281,22.4281,0.0000,0.0000,164.2119,0.0000,150.0000,186.6400,52.2592,45.9793,6.2799,12.02,100.00
2010-11-04 02:00:00,Casey,193.5830,83.4498,83.4498,0.0000,0.0000,110.1332,0.0000,150.0000,193.5830,54.2032,30.8373,23.3659,43.11,100.00
2010-11-04 03:00:00,Casey,210.5664,39.7918,39.7918,0.0000,0.0000,170.7746,0.0000,150.0000,210.5664,58.9586,47.8169,11.1417,18.90,100.00
2010-11-04 04:00:00,Casey,189.2996,84.3088,84.3088,0.0000,0.0000,104.9908,0.0000,150.0000,189.2996,53.0039,29.3974,23.6065,44.54,100.00
2010-11-04 05:00:00,Casey,177.0465,34.8458,34.8458,0.0000,0.0000,142.2007,0.0000,150.0000,177.0465,49.5730,39.8162,9.7568,19.68,100.00
2010-11-04 06:00:00,Casey,204.4090,33.3841,33.3841,0.0000,0.0000,171.0249,0.0000,150.0000,204.4090,57.2345,47.8870,9.3475,16.33,100.00
2010-11-04 07:00:00,Casey,204.2596,24.0254,24.0254,0.0000,0.0000,180.2342,0.0000,150.0000,204.2596,57.1927,50.4656,6.7271,11.76,100.00
2010-11-04 08:00:00,Casey,206.6626,15.7425,15.7425,0.0000,0.0000,190.9201,0.0000,150.0000,206.6626,57.8655,53.4576,4.4079,7.62,100.00
2010-11-04 09:00:00,Casey,207.4076,42.5007,42.5007,0.0000,0.0000,164.9069,0.0000,150.0000,207.4076,58.0741,46.1739,11.9002,20.49,100.00
2010-11-04 10:00:00,Casey,211.3044,58.9503,58.9503,0.0000,0.0000,152.3541,0.0000,150.0000,211.3044,59.1652,42.6591,16.5061,27.90,100.00
2010-11-04 11:00:00,Casey,201.6522,67.2396,67.2396,0.0000,0.0000,134.4126,0.0000,150.0000,201.6522,56.4626,37.6355,18.8271,33.34,100.00
2010-11-04 12:00:00,Casey,235.2017,62.3397,62.3397,0.0000,0.0000,172.8620,0.0000,150.0000,235.2017,65.8565,48.4014,17.4551,26.50,100.00
2010-11-04 13:00:00,Casey,223.0129,69.8123,69.8123,0.0000,0.0000,153.2006,0.0000,150.0000,223.0129,62.4436,42.8962,19.5474,31.30,100.00
2010-11-04 14:00:00,Casey,206.4311,55.1470,55.1470,0.0000,0.0000,151.2841,0.0000,150.0000,206.4311,57.8007,42.3595,15.4412,26.71,100.00
2010-11-04 15:00:00,Casey,208.7752,39.8859,39.8859,0.0000,0.0000,168.8893,0.0000,150.0000,208.7752,58.4571,47.2890,11.1681,19.10,100.00
2010-11-04 16:00:00,Casey,206.8312,15.0721,15.0721,0.0000,0.0000,191.7591,0.0000,150.0000,206.8312,57.9127,53.6925,4.2202,7.29,100.00
2010-11-04 17:00:00,Casey,274.9328,0.0913,0.0913,0.0000,0.0000,274.8415,0.0000,150.0000,274.9328,76.9812,76.9556,0.0256,0.03,100.00
2010-11-04 18:00:00,Casey,243.7420,28.8075,28.8075,0.0000,0.0000,214.9345,0.0000,150.0000,243.7420,68.2478,60.1817,8.0661,11.82,100.00
2010-11-04 19:00:00,Casey,239.1347,24.4367,24.4367,0.0000,0.0000,214.6980,0.0000,150.0000,239.1347,66.9577,60.1154,6.8423,10.22,100.00
2010-11-04 20:00:00,Casey,198.1794,0.0000,0.0000,0.0000,0.0000,198.1794,0.0000,150.0000,198.1794,55.4902,55.4902,0.0000,0.00,100.00
2010-11-04 21:00:00,Casey,219.2982,1.0945,1.0945,0.0000,0.0000,218.2037,0.0000,150.0000,219.2982,61.4035,61.0970,0.3065,0.50,100.00
2010-11-04 22:00:00,Casey,223.3289,12.5731,12.5731,0.0000,0.0000,210.7558,0.0000,150.0000,223.3289,62.5321,59.0116,3.5205,5.63,100.00
2010-11-04 23:00:00,Casey,198.3437,0.6548,0.6548,0.0000,0.0000,197.6889,0.0000,150.0000,198.3437,55.5362,55.3529,0.1833,0.33,100.00
2010-11-05 00:00:00,Casey,197.7472,37.8272,37.8272,0.0000,0.0000,159.9200,0.0000,150.0000,197.7472,55.3692,44.7776,10.5916,19.13,100.00
2010-11-05 01:00:00,Casey,191.3335,41.6171,41.6171,0.0000,0.0000,149.7164,0.0000,150.0000,191.3335,53.5734,41.9206,11.6528,21.75,100.00
2010-11-05 02:00:00,Casey,193.8757,22.1986,22.1986,0.0000,0.0000,171.6771,0.0000,150.0000,193.8757,54.2852,48.0696,6.2156,11.45,100.00
2010-11-05 03:00:00,Casey,206.1586,25.8983,25.8983,0.0000,0.0000,180.2603,0.0000,150.0000,206.1586,57.7244,50.4729,7.2515,12.56,100.00
2010-11-05 04:00:00,Casey,197.8517,117.1693,117.1693,0.0000,0.0000,80.6824,0.0000,150.0000,197.8517,55.3985,22.5911,32.8074,59.22,100.00
2010-11-05 05:00:00,Casey,196.9572,17.4372,17.4372,0.0000,0.0000,179.5200,0.0000,150.0000,196.9572,55.1480,50.2656,4.8824,8.85,100.00
2010-11-05 06:00:00,Casey,185.2593,23.7273,23.7273,0.0000,0.0000,161.5320,0.0000,150.0000,185.2593,51.8726,45.2290,6.6436,12.81,100.00
2010-11-05 07:00:00,Casey,200.2923,31.1454,31.1454,0.0000,0.0000,169.1469,0.0000,150.0000,200.2923,56.0818,47.3611,8.7207,15.55,100.00
2010-11-05 08:00:00,Casey,206.8030,24.5294,24.5294,0.0000,0.0000,182.2736,0.0000,150.0000,206.8030,57.9048,51.0366,6.8682,11.86,100.00
2010-11-05 09:00:00,Casey,200.8390,46.9238,46.9238,0.0000,0.0000,153.9152,0.0000,150.0000,200.8390,56.2349,43.0963,13.1387,23.36,100.00
2010-11-05 10:00:00,Casey,223.2909,61.9855,61.9855,0.0000,0.0000,161.3054,0.0000,150.0000,223.2909,62.5215,45.1655,17.3559,27.76,100.00
2010-11-05 11:00:00,Casey,209.0532,69.7005,69.7005,0.0000,0.0000,139.3527,0.0000,150.0000,209.0532,58.5349,39.0188,19.5161,33.34,100.00
2010-11-05 12:00:00,Casey,241.1820,65.1705,65.1705,0.0000,0.0000,176.0115,0.0000,150.0000,241.1820,67.5310,49.2832,18.2477,27.02,100.00
2010-11-05 13:00:00,Casey,239.6805,64.2802,64.2802,0.0000,0.0000,175.4003,0.0000,150.0000,239.6805,67.1105,49.1121,17.9985,26.82,100.00
2010-11-05 14:00:00,Casey,231.2989,64.3657,64.3657,0.0000,0.0000,166.9332,0.0000,150.0000,231.2989,64.7637,46.7413,18.0224,27.83,100.00
2010-11-05 15:00:00,Casey,202.9327,50.9308,50.9308,0.0000,0.0000,152.0019,0.0000,150.0000,202.9327,56.8212,42.5605,14.2606,25.10,100.00
2010-11-05 16:00:00,Casey,207.8678,7.8501,7.8501,0.0000,0.0000,200.0177,0.0000,150.0000,207.8678,58.2030,56.0050,2.1980,3.78,100.00
2010-11-05 17:00:00,Casey,223.7491,16.7702,16.7702,0.0000,0.0000,206.9789,0.0000,150.0000,223.7491,62.6497,57.9541,4.6957,7.50,100.00
2010-11-05 18:00:00,Casey,235.5026,13.5919,13.5919,0.0000,0.0000,221.9107,0.0000,150.0000,235.5026,65.9407,62.1350,3.8057,5.77,100.00
2010-11-05 19:00:00,Casey,220.7767,16.1356,16.1356,0.0000,0.0000,204.6411,0.0000,150.0000,220.7767,61.8175,57.2995,4.5180,7.31,100.00
2010-11-05 20:00:00,Casey,223.0132,9.3594,9.3594,0.0000,0.0000,213.6538,0.0000,150.0000,223.0132,62.4437,59.8231,2.6206,4.20,100.00
2010-11-05 21:00:00,Casey,172.1130,14.9395,14.9395,0.0000,0.0000,157.1735,0.0000,150.0000,172.1130,48.1916,44.0086,4.1831,8.68,100.00
2010-11-05 22:00:00,Casey,224.5068,0.0000,0.0000,0.0000,0.0000,224.5068,0.0000,150.0000,224.5068,62.8619,62.8619,0.0000,0.00,100.00
2010-11-05 23:00:00,Casey,189.1115,17.4287,17.4287,0.0000,0.0000,171.6828,0.0000,150.0000,189.1115,52.9512,48.0712,4.8800,9.22,100.00
2010-11-06 00:00:00,Casey,220.2916,40.4143,40.4143,0.0000,0.0000,179.8773,0.0000,150.0000,220.2916,61.6816,50.3656,11.3160,18.35,100.00
2010-11-06 01:00:00,Casey,172.1656,49.7244,49.7244,0.0000,0.0000,122.4412,0.0000,150.0000,172.1656,48.2064,34.2835,13.9228,28.88,100.00
2010-11-06 02:00:00,Casey,180.9718,45.1273,45.1273,0.0000,0.0000,135.8445,0.0000,150.0000,180.9718,50.6721,38.0365,12.6356,24.94,100.00
2010-11-06 03:00:00,Casey,225.0223,9.9912,9.9912,0.0000,0.0000,215.0311,0.0000,150.0000,225.0223,63.0062,60.2087,2.7975,4.44,100.00
2010-11-06 04:00:00,Casey,206.8694,40.1392,40.1392,0.0000,0.0000,166.7302,0.0000,150.0000,206.8694,57.9234,46.6845,11.2390,19.40,100.00
2010-11-06 05:00:00,Casey,201.4032,7.0391,7.0391,0.0000,0.0000,194.3641,0.0000,150.0000,201.4032,56.3929,54.4219,1.9709,3.50,100.00
2010-11-06 06:00:00,Casey,226.3622,19.0234,19.0234,0.0000,0.0000,207.3388,0.0000,150.0000,226.3622,63.3814,58.0549,5.3266,8.40,100.00
2010-11-06 07:00:00,Casey,195.6345,27.7646,27.7646,0.0000,0.0000,167.8699,0.0000,150.0000,195.6345,54.7777,47.0036,7.7741,14.19,100.00
2010-11-06 08:00:00,Casey,186.7143,44.0695,44.0695,0.0000,0.0000,142.6448,0.0000,150.0000,186.7143,52.2800,39.9405,12.3395,23.60,100.00
2010-11-06 09:00:00,Casey,217.5931,27.5349,27.5349,0.0000,0.0000,190.0582,0.0000,150.0000,217.5931,60.9261,53.2163,7.7098,12.65,100.00
2010-11-06 10:00:00,Casey,249.0917,52.2062,52.2062,0.0000,0.0000,196.8855,0.0000,150.0000,249.0917,69.7457,55.1279,14.6177,20.96,100.00
2010-11-06 11:00:00,Casey,203.8355,66.7897,66.7897,0.0000,0.0000,137.0458,0.0000,150.0000,203.8355,57.0739,38.3728,18.7011,32.77,100.00
2010-11-06 12:00:00,Casey,290.2982,63.0052,63.0052,0.0000,0.0000,227.2930,0.0000,150.0000,290.2982,81.2835,63.6420,17.6415,21.70,100.00
2010-11-06 13:00:00,Casey,207.9839,64.2844,64.2844,0.0000,0.0000,143.6995,0.0000,150.0000,207.9839,58.2355,40.2359,17.9996,30.91,100.00
2010-11-06 14:00:00,Casey,180.4075,56.6807,56.6807,0.0000,0.0000,123.7268,0.0000,150.0000,180.4075,50.5141,34.6435,15.8706,31.42,100.00
2010-11-06 15:00:00,Casey,223.3026,32.2576,32.2576,0.0000,0.0000,191.0450,0.0000,150.0000,223.3026,62.5247,53.4926,9.0321,14.45,100.00
2010-11-06 16:00:00,Casey,246.1476,21.6004,21.6004,0.0000,0.0000,224.5472,0.0000,150.0000,246.1476,68.9213,62.8732,6.0481,8.78,100.00
2010-11-06 17:00:00,Casey,209.5084,16.9290,16.9290,0.0000,0.0000,192.5794,0.0000,150.0000,209.5084,58.6624,53.9222,4.7401,8.08,100.00
2010-11-06 18:00:00,Casey,291.0622,10.3582,10.3582,0.0000,0.0000,280.7040,0.0000,150.0000,291.0622,81.4974,78.5971,2.9003,3.56,100.00
2010-11-06 19:00:00,Casey,228.7628,18.1892,18.1892,0.0000,0.0000,210.5736,0.0000,150.0000,228.7628,64.0536,58.9606,5.0930,7.95,100.00
2010-11-06 20:00:00,Casey,191.7114,0.0000,0.0000,0.0000,0.0000,191.7114,0.0000,150.0000,191.7114,53.6792,53.6792,0.0000,0.00,100.00
2010-11-06 21:00:00,Casey,208.1043,6.1539,6.1539,0.0000,0.0000,201.9504,0.0000,150.0000,208.1043,58.2692,56.5461,1.7231,2.96,100.00
2010-11-06 22:00:00,Casey,185.7964,34.5819,34.5819,0.0000,0.0000,151.2145,0.0000,150.0000,185.7964,52.0230,42.3401,9.6829,18.61,100.00
2010-11-06 23:00:00,Casey,196.1481,15.0435,15.0435,0.0000,0.0000,181.1046,0.0000,150.0000,196.1481,54.9215,50.7093,4.2122,7.67,100.00
2010-11-07 00:00:00,Casey,207.7337,15.9096,15.9096,0.0000,0.0000,191.8241,0.0000,150.0000,207.7337,58.1654,53.7107,4.4547,7.66,100.00
2010-11-07 01:00:00,Casey,199.7000,46.5246,46.5246,0.0000,0.0000,153.1754,0.0000,150.0000,199.7000,55.9160,42.8891,13.0269,23.30,100.00
2010-11-07 02:00:00,Casey,197.7169,20.0943,20.0943,0.0000,0.0000,177.6226,0.0000,150.0000,197.7169,55.3607,49.7343,5.6264,10.16,100.00
2010-11-07 03:00:00,Casey,190.9489,64.4945,64.4945,0.0000,0.0000,126.4544,0.0000,150.0000,190.9489,53.4657,35.4072,18.0585,33.78,100.00
2010-11-07 04:00:00,Casey,214.1552,13.4228,13.4228,0.0000,0.0000,200.7324,0.0000,150.0000,214.1552,59.9635,56.2051,3.7584,6.27,100.00
2010-11-07 05:00:00,Casey,205.7980,47.3262,47.3262,0.0000,0.0000,158.4718,0.0000,150.0000,205.7980,57.6234,44.3721,13.2513,23.00,100.00
2010-11-07 06:00:00,Casey,212.9457,14.3702,14.3702,0.0000,0.0000,198.5755,0.0000,150.0000,212.9457,59.6248,55.6011,4.0237,6.75,100.00
2010-11-07 07:00:00,Casey,204.2520,24.0254,24.0254,0.0000,0.0000,180.2266,0.0000,150.0000,204.2520,57.1906,50.4634,6.7271,11.76,100.00
2010-11-07 08:00:00,Casey,188.8678,25.4106,25.4106,0.0000,0.0000,163.4572,0.0000,150.0000,188.8678,52.8830,45.7680,7.1150,13.45,100.00
2010-11-07 09:00:00,Casey,201.3576,40.5623,40.5623,0.0000,0.0000,160.7953,0.0000,150.0000,201.3576,56.3801,45.0227,11.3574,20.14,100.00
2010-11-07 10:00:00,Casey,202.0085,67.4472,67.4472,0.0000,0.0000,134.5613,0.0000,150.0000,202.0085,56.5624,37.6772,18.8852,33.39,100.00
2010-11-07 11:00:00,Casey,210.8605,74.7027,74.7027,0.0000,0.0000,136.1578,0.0000,150.0000,210.8605,59.0409,38.1242,20.9168,35.43,100.00
2010-11-07 12:00:00,Casey,198.5396,68.1091,68.1091,0.0000,0.0000,130.4305,0.0000,150.0000,198.5396,55.5911,36.5205,19.0705,34.31,100.00
2010-11-07 13:00:00,Casey,186.2091,63.2838,63.2838,0.0000,0.0000,122.9253,0.0000,150.0000,186.2091,52.1385,34.4191,17.7195,33.99,100.00
2010-11-07 14:00:00,Casey,198.1447,53.3476,53.3476,0.0000,0.0000,144.7971,0.0000,150.0000,198.1447,55.4805,40.5432,14.9373,26.92,100.00
2010-11-07 15:00:00,Casey,198.2640,33.5487,33.5487,0.0000,0.0000,164.7153,0.0000,150.0000,198.2640,55.5139,46.1203,9.3936,16.92,100.00
2010-11-07 16:00:00,Casey,251.5402,8.0093,8.0093,0.0000,0.0000,243.5309,0.0000,150.0000,251.5402,70.4313,68.1887,2.2426,3.18,100.00
2010-11-07 17:00:00,Casey,212.6234,4.7834,4.7834,0.0000,0.0000,207.8400,0.0000,150.0000,212.6234,59.5346,58.1952,1.3394,2.25,100.00
2010-11-07 18:00:00,Casey,225.3991,7.8392,7.8392,0.0000,0.0000,217.5599,0.0000,150.0000,225.3991,63.1117,60.9168,2.1950,3.48,100.00
2010-11-07 19:00:00,Casey,235.8210,24.1514,24.1514,0.0000,0.0000,211.6696,0.0000,150.0000,235.8210,66.0299,59.2675,6.7624,10.24,100.00
2010-11-07 20:00:00,Casey,174.7406,15.6488,15.6488,0.0000,0.0000,159.0918,0.0000,150.0000,174.7406,48.9274,44.5457,4.3817,8.96,100.00
2010-11-07 21:00:00,Casey,219.2958,25.4294,25.4294,0.0000,0.0000,193.8664,0.0000,150.0000,219.2958,61.4028,54.2826,7.1202,11.60,100.00
2010-11-07 22:00:00,Casey,209.8126,19.1077,19.1077,0.0000,0.0000,190.7049,0.0000,150.0000,209.8126,58.7475,53.3974,5.3502,9.11,100.00
2010-11-07 23:00:00,Casey,202.7252,25.1118,25.1118,0.0000,0.0000,177.6134,0.0000,150.0000,202.7252,56.7631,49.7318,7.0313,12.39,100.00
2010-11-08 00:00:00,Casey,214.8865,56.6021,56.6021,0.0000,0.0000,158.2844,0.0000,150.0000,214.8865,60.1682,44.3196,15.8486,26.34,100.00
2010-11-08 01:00:00,Casey,186.1854,36.0449,36.0449,0.0000,0.0000,150.1405,0.0000,150.0000,186.1854,52.1319,42.0393,10.0926,19.36,100.00
2010-11-08 02:00:00,Casey,202.6997,39.0678,39.0678,0.0000,0.0000,163.6319,0.0000,150.0000,202.6997,56.7559,45.8169,10.9390,19.27,100.00
2010-11-08 03:00:00,Casey,179.0698,31.7232,31.7232,0.0000,0.0000,147.3466,0.0000,150.0000,179.0698,50.1395,41.2570,8.8825,17.72,100.00
2010-11-08 04:00:00,Casey,214.6769,83.4961,83.4961,0.0000,0.0000,131.1808,0.0000,150.0000,214.6769,60.1095,36.7306,23.3789,38.89,100.00
2010-11-08 05:00:00,Casey,193.9233,22.5195,22.5195,0.0000,0.0000,171.4038,0.0000,150.0000,193.9233,54.2985,47.9931,6.3055,11.61,100.00
2010-11-08 06:00:00,Casey,221.6342,25.5114,25.5114,0.0000,0.0000,196.1228,0.0000,150.0000,221.6342,62.0576,54.9144,7.1432,11.51,100.00
2010-11-08 07:00:00,Casey,223.8987,24.9007,24.9007,0.0000,0.0000,198.9980,0.0000,150.0000,223.8987,62.6916,55.7194,6.9722,11.12,100.00
2010-11-08 08:00:00,Casey,197.7767,12.7727,12.7727,0.0000,0.0000,185.0040,0.0000,150.0000,197.7767,55.3775,51.8011,3.5764,6.46,100.00
2010-11-08 09:00:00,Casey,219.1240,41.7793,41.7793,0.0000,0.0000,177.3447,0.0000,150.0000,219.1240,61.3547,49.6565,11.6982,19.07,100.00
2010-11-08 10:00:00,Casey,220.2860,55.0729,55.0729,0.0000,0.0000,165.2131,0.0000,150.0000,220.2860,61.6801,46.2597,15.4204,25.00,100.00
2010-11-08 11:00:00,Casey,218.3367,80.9533,80.9533,0.0000,0.0000,137.3834,0.0000,150.0000,218.3367,61.1343,38.4674,22.6669,37.08,100.00
2010-11-08 12:00:00,Casey,244.1050,79.2697,79.2697,0.0000,0.0000,164.8353,0.0000,150.0000,244.1050,68.3494,46.1539,22.1955,32.47,100.00
2010-11-08 13:00:00,Casey,224.0998,72.7289,72.7289,0.0000,0.0000,151.3709,0.0000,150.0000,224.0998,62.7479,42.3839,20.3641,32.45,100.00
2010-11-08 14:00:00,Casey,209.8721,75.1431,75.1431,0.0000,0.0000,134.7290,0.0000,150.0000,209.8721,58.7642,37.7241,21.0401,35.80,100.00
2010-11-08 15:00:00,Casey,222.1383,24.3664,24.3664,0.0000,0.0000,197.7719,0.0000,150.0000,222.1383,62.1987,55.3761,6.8226,10.97,100.00
2010-11-08 16:00:00,Casey,217.6040,24.8692,24.8692,0.0000,0.0000,192.7348,0.0000,150.0000,217.6040,60.9291,53.9657,6.9634,11.43,100.00
2010-11-08 17:00:00,Casey,211.8018,6.7806,6.7806,0.0000,0.0000,205.0212,0.0000,150.0000,211.8018,59.3045,57.4059,1.8986,3.20,100.00
2010-11-08 18:00:00,Casey,225.2671,12.2465,12.2465,0.0000,0.0000,213.0206,0.0000,150.0000,225.2671,63.0748,59.6458,3.4290,5.44,100.00
2010-11-08 19:00:00,Casey,237.0538,0.0000,0.0000,0.0000,0.0000,237.0538,0.0000,150.0000,237.0538,66.3751,66.3751,0.0000,0.00,100.00
2010-11-08 20:00:00,Casey,219.9779,7.1383,7.1383,0.0000,0.0000,212.8396,0.0000,150.0000,219.9779,61.5938,59.5951,1.9987,3.25,100.00
2010-11-08 21:00:00,Casey,237.2910,1.9936,1.9936,0.0000,0.0000,235.2974,0.0000,150.0000,237.2910,66.4415,65.8833,0.5582,0.84,100.00
2010-11-08 22:00:00,Casey,213.1135,24.4750,24.4750,0.0000,0.0000,188.6385,0.0000,150.0000,213.1135,59.6718,52.8188,6.8530,11.48,100.00
2010-11-08 23:00:00,Casey,208.1302,20.5129,20.5129,0.0000,0.0000,187.6173,0.0000,150.0000,208.1302,58.2765,52.5328,5.7436,9.86,100.00
2010-11-09 00:00:00,Casey,201.6520,80.0093,80.0093,0.0000,0.0000,121.6427,0.0000,150.0000,201.6520,56.4626,34.0600,22.4026,39.68,100.00
2010-11-09 01:00:00,Casey,195.0601,28.7001,28.7001,0.0000,0.0000,166.3600,0.0000,150.0000,195.0601,54.6168,46.5808,8.0360,14.71,100.00
2010-11-09 02:00:00,Casey,190.1845,47.6547,47.6547,0.0000,0.0000,142.5298,0.0000,150.0000,190.1845,53.2517,39.9083,13.3433,25.06,100.00
2010-11-09 03:00:00,Casey,186.0630,42.9922,42.9922,0.0000,0.0000,143.0708,0.0000,150.0000,186.0630,52.0976,40.0598,12.0378,23.11,100.00
2010-11-09 04:00:00,Casey,201.4008,82.5166,82.5166,0.0000,0.0000,118.8842,0.0000,150.0000,201.4008,56.3922,33.2876,23.1046,40.97,100.00
2010-11-09 05:00:00,Casey,196.7439,18.5510,18.5510,0.0000,0.0000,178.1929,0.0000,150.0000,196.7439,55.0883,49.8940,5.1943,9.43,100.00
2010-11-09 06:00:00,Casey,218.1808,48.1725,48.1725,0.0000,0.0000,170.0083,0.0000,150.0000,218.1808,61.0906,47.6023,13.4883,22.08,100.00
2010-11-09 07:00:00,Casey,229.9590,23.0942,23.0942,0.0000,0.0000,206.8648,0.0000,150.0000,229.9590,64.3885,57.9221,6.4664,10.04,100.00
2010-11-09 08:00:00,Casey,234.9289,92.4336,92.4336,0.0000,0.0000,142.4953,0.0000,150.0000,234.9289,65.7801,39.8987,25.8814,39.35,100.00
2010-11-09 09:00:00,Casey,205.5426,39.9705,39.9705,0.0000,0.0000,165.5721,0.0000,150.0000,205.5426,57.5519,46.3602,11.1917,19.45,100.00
2010-11-09 10:00:00,Casey,187.6464,76.0822,76.0822,0.0000,0.0000,111.5642,0.0000,150.0000,187.6464,52.5410,31.2380,21.3030,40.55,100.00
2010-11-09 11:00:00,Casey,196.6078,64.0694,64.0694,0.0000,0.0000,132.5384,0.0000,150.0000,196.6078,55.0502,37.1108,17.9394,32.59,100.00
2010-11-09 12:00:00,Casey,229.9699,72.6640,72.6640,0.0000,0.0000,157.3059,0.0000,150.0000,229.9699,64.3916,44.0457,20.3459,31.60,100.00
2010-11-09 13:00:00,Casey,192.1091,66.0168,66.0168,0.0000,0.0000,126.0923,0.0000,150.0000,192.1091,53.7905,35.3058,18.4847,34.36,100.00
2010-11-09 14:00:00,Casey,187.1535,49.1866,49.1866,0.0000,0.0000,137.9669,0.0000,150.0000,187.1535,52.4030,38.6307,13.7722,26.28,100.00
2010-11-09 15:00:00,Casey,203.3419,38.0892,38.0892,0.0000,0.0000,165.2527,0.0000,150.0000,203.3419,56.9357,46.2708,10.6650,18.73,100.00
2010-11-09 16:00:00,Casey,200.5809,7.3710,7.3710,0.0000,0.0000,193.2099,0.0000,150.0000,200.5809,56.1627,54.0988,2.0639,3.67,100.00
2010-11-09 17:00:00,Casey,237.2353,3.9052,3.9052,0.0000,0.0000,233.3301,0.0000,150.0000,237.2353,66.4259,65.3324,1.0935,1.65,100.00
2010-11-09 18:00:00,Casey,194.4885,2.0951,2.0951,0.0000,0.0000,192.3934,0.0000,150.0000,194.4885,54.4568,53.8702,0.5866,1.08,100.00
2010-11-09 19:00:00,Casey,232.9417,6.1847,6.1847,0.0000,0.0000,226.7570,0.0000,150.0000,232.9417,65.2237,63.4920,1.7317,2.66,100.00
2010-11-09 20:00:00,Casey,218.4569,8.0634,8.0634,0.0000,0.0000,210.3935,0.0000,150.0000,218.4569,61.1679,58.9102,2.2578,3.69,100.00
2010-11-09 21:00:00,Casey,188.1785,6.6960,6.6960,0.0000,0.0000,181.4825,0.0000,150.0000,188.1785,52.6900,50.8151,1.8749,3.56,100.00
2010-11-09 22:00:00,Casey,207.2610,14.4421,14.4421,0.0000,0.0000,192.8189,0.0000,150.0000,207.2610,58.0331,53.9893,4.0438,6.97,100.00
2010-11-09 23:00:00,Casey,205.2661,31.5294,31.5294,0.0000,0.0000,173.7367,0.0000,150.0000,205.2661,57.4745,48.6463,8.8282,15.36,100.00
2010-11-10 00:00:00,Casey,200.1090,22.7982,22.7982,0.0000,0.0000,177.3108,0.0000,150.0000,200.1090,56.0305,49.6470,6.3835,11.39,100.00
2010-11-10 01:00:00,Casey,197.4474,19.3226,19.3226,0.0000,0.0000,178.1248,0.0000,150.0000,197.4474,55.2853,49.8749,5.4103,9.79,100.00
2010-11-10 02:00:00,Casey,213.5247,35.4260,35.4260,0.0000,0.0000,178.0987,0.0000,150.0000,213.5247,59.7869,49.8676,9.9193,16.59,100.00
2010-11-10 03:00:00,Casey,208.2948,31.3087,31.3087,0.0000,0.0000,176.9861,0.0000,150.0000,208.2948,58.3225,49.5561,8.7664,15.03,100.00
2010-11-10 04:00:00,Casey,193.2440,52.8733,52.8733,0.0000,0.0000,140.3707,0.0000,150.0000,193.2440,54.1083,39.3038,14.8045,27.36,100.00
2010-11-10 05:00:00,Casey,182.8218,15.2275,15.2275,0.0000,0.0000,167.5943,0.0000,150.0000,182.8218,51.1901,46.9264,4.2637,8.33,100.00
2010-11-10 06:00:00,Casey,225.9304,38.9535,38.9535,0.0000,0.0000,186.9769,0.0000,150.0000,225.9304,63.2605,52.3535,10.9070,17.24,100.00
2010-11-10 07:00:00,Casey,204.8427,36.0876,36.0876,0.0000,0.0000,168.7551,0.0000,150.0000,204.8427,57.3560,47.2514,10.1045,17.62,100.00
2010-11-10 08:00:00,Casey,212.6943,29.4198,29.4198,0.0000,0.0000,183.2745,0.0000,150.0000,212.6943,59.5544,51.3169,8.2375,13.83,100.00
2010-11-10 09:00:00,Casey,195.2368,33.8612,33.8612,0.0000,0.0000,161.3756,0.0000,150.0000,195.2368,54.6663,45.1852,9.4811,17.34,100.00
2010-11-10 10:00:00,Casey,211.8449,55.7518,55.7518,0.0000,0.0000,156.0931,0.0000,150.0000,211.8449,59.3166,43.7061,15.6105,26.32,100.00
2010-11-10 11:00:00,Casey,235.0904,67.4585,67.4585,0.0000,0.0000,167.6319,0.0000,150.0000,235.0904,65.8253,46.9369,18.8884,28.69,100.00
2010-11-10 12:00:00,Casey,200.1263,68.7402,68.7402,0.0000,0.0000,131.3861,0.0000,150.0000,200.1263,56.0354,36.7881,19.2473,34.35,100.00
2010-11-10 13:00:00,Casey,225.0529,67.8583,67.8583,0.0000,0.0000,157.1946,0.0000,150.0000,225.0529,63.0148,44.0145,19.0003,30.15,100.00
2010-11-10 14:00:00,Casey,195.4278,57.6105,57.6105,0.0000,0.0000,137.8173,0.0000,150.0000,195.4278,54.7198,38.5888,16.1309,29.48,100.00
2010-11-10 15:00:00,Casey,211.8722,30.7099,30.7099,0.0000,0.0000,181.1623,0.0000,150.0000,211.8722,59.3242,50.7254,8.5988,14.49,100.00
2010-11-10 16:00:00,Casey,188.1445,14.2049,14.2049,0.0000,0.0000,173.9396,0.0000,150.0000,188.1445,52.6805,48.7031,3.9774,7.55,100.00
2010-11-10 17:00:00,Casey,192.7615,0.5667,0.5667,0.0000,0.0000,192.1948,0.0000,150.0000,192.7615,53.9732,53.8145,0.1587,0.29,100.00
2010-11-10 18:00:00,Casey,261.3217,0.7858,0.7858,0.0000,0.0000,260.5359,0.0000,150.0000,261.3217,73.1701,72.9501,0.2200,0.30,100.00
2010-11-10 19:00:00,Casey,263.5118,15.2535,15.2535,0.0000,0.0000,248.2583,0.0000,150.0000,263.5118,73.7833,69.5123,4.2710,5.79,100.00
2010-11-10 20:00:00,Casey,218.3740,13.2696,13.2696,0.0000,0.0000,205.1044,0.0000,150.0000,218.3740,61.1447,57.4292,3.7155,6.08,100.00
2010-11-10 21:00:00,Casey,194.6706,31.2609,31.2609,0.0000,0.0000,163.4097,0.0000,150.0000,194.6706,54.5078,45.7547,8.7531,16.06,100.00
2010-11-10 22:00:00,Casey,196.0168,9.9721,9.9721,0.0000,0.0000,186.0447,0.0000,150.0000,196.0168,54.8847,52.0925,2.7922,5.09,100.00
2010-11-10 23:00:00,Casey,197.8026,25.0101,25.0101,0.0000,0.0000,172.7925,0.0000,150.0000,197.8026,55.3847,48.3819,7.0028,12.64,100.00
2010-11-11 00:00:00,Casey,201.5466,38.7425,38.7425,0.0000,0.0000,162.8041,0.0000,150.0000,201.5466,56.4330,45.5851,10.8479,19.22,100.00
2010-11-11 01:00:00,Casey,195.2917,8.8052,8.8052,0.0000,0.0000,186.4865,0.0000,150.0000,195.2917,54.6817,52.2162,2.4655,4.51,100.00
2010-11-11 02:00:00,Casey,198.6975,48.9645,48.9645,0.0000,0.0000,149.7330,0.0000,150.0000,198.6975,55.6353,41.9252,13.7101,24.64,100.00
2010-11-11 03:00:00,Casey,215.6935,32.8963,32.8963,0.0000,0.0000,182.7972,0.0000,150.0000,215.6935,60.3942,51.1832,9.2110,15.25,100.00
2010-11-11 04:00:00,Casey,190.4769,65.6171,65.6171,0.0000,0.0000,124.8598,0.0000,150.0000,190.4769,53.3335,34.9607,18.3728,34.45,100.00
2010-11-11 05:00:00,Casey,221.0920,42.2164,42.2164,0.0000,0.0000,178.8756,0.0000,150.0000,221.0920,61.9058,50.0852,11.8206,19.09,100.00
2010-11-11 06:00:00,Casey,178.6955,30.6672,30.6672,0.0000,0.0000,148.0283,0.0000,150.0000,178.6955,50.0347,41.4479,8.5868,17.16,100.00
2010-11-11 07:00:00,Casey,197.2541,7.2020,7.2020,0.0000,0.0000,190.0521,0.0000,150.0000,197.2541,55.2311,53.2146,2.0166,3.65,100.00
2010-11-11 08:00:00,Casey,188.7709,10.9491,10.9491,0.0000,0.0000,177.8218,0.0000,150.0000,188.7709,52.8559,49.7901,3.0657,5.80,100.00
2010-11-11 09:00:00,Casey,196.1439,21.6880,21.6880,0.0000,0.0000,174.4559,0.0000,150.0000,196.1439,54.9203,48.8477,6.0726,11.06,100.00
2010-11-11 10:00:00,Casey,220.6599,48.5765,48.5765,0.0000,0.0000,172.0834,0.0000,150.0000,220.6599,61.7848,48.1834,13.6014,22.01,100.00
2010-11-11 11:00:00,Casey,204.5584,73.8622,73.8622,0.0000,0.0000,130.6962,0.0000,150.0000,204.5584,57.2764,36.5949,20.6814,36.11,100.00
2010-11-11 12:00:00,Casey,251.5551,66.5622,66.5622,0.0000,0.0000,184.9929,0.0000,150.0000,251.5551,70.4354,51.7980,18.6374,26.46,100.00
2010-11-11 13:00:00,Casey,180.9786,67.7775,67.7775,0.0000,0.0000,113.2011,0.0000,150.0000,180.9786,50.6740,31.6963,18.9777,37.45,100.00
2010-11-11 14:00:00,Casey,241.7490,40.1178,40.1178,0.0000,0.0000,201.6312,0.0000,150.0000,241.7490,67.6897,56.4567,11.2330,16.59,100.00
2010-11-11 15:00:00,Casey,200.1308,32.4730,32.4730,0.0000,0.0000,167.6578,0.0000,150.0000,200.1308,56.0366,46.9442,9.0924,16.23,100.00
2010-11-11 16:00:00,Casey,255.1449,2.3188,2.3188,0.0000,0.0000,252.8261,0.0000,150.0000,255.1449,71.4406,70.7913,0.6493,0.91,100.00
2010-11-11 17:00:00,Casey,201.4369,5.5625,5.5625,0.0000,0.0000,195.8744,0.0000,150.0000,201.4369,56.4023,54.8448,1.5575,2.76,100.00
2010-11-11 18:00:00,Casey,224.9914,6.1388,6.1388,0.0000,0.0000,218.8526,0.0000,150.0000,224.9914,62.9976,61.2787,1.7189,2.73,100.00
2010-11-11 19:00:00,Casey,232.9012,8.8655,8.8655,0.0000,0.0000,224.0357,0.0000,150.0000,232.9012,65.2123,62.7300,2.4823,3.81,100.00
2010-11-11 20:00:00,Casey,161.1109,14.0042,14.0042,0.0000,0.0000,147.1067,0.0000,150.0000,161.1109,45.1111,41.1899,3.9212,8.69,100.00
2010-11-11 21:00:00,Casey,205.6691,8.0083,8.0083,0.0000,0.0000,197.6608,0.0000,150.0000,205.6691,57.5873,55.3450,2.2423,3.89,100.00
2010-11-11 22:00:00,Casey,204.2891,21.1351,21.1351,0.0000,0.0000,183.1540,0.0000,150.0000,204.2891,57.2009,51.2831,5.9178,10.35,100.00
2010-11-11 23:00:00,Casey,224.6209,15.3563,15.3563,0.0000,0.0000,209.2646,0.0000,150.0000,224.6209,62.8939,58.5941,4.2998,6.84,100.00
2010-11-12 00:00:00,Casey,194.0101,28.3775,28.3775,0.0000,0.0000,165.6326,0.0000,150.0000,194.0101,54.3228,46.3771,7.9457,14.63,100.00
2010-11-12 01:00:00,Casey,222.1712,26.7608,26.7608,0.0000,0.0000,195.4104,0.0000,150.0000,222.1712,62.2079,54.7149,7.4930,12.05,100.00
2010-11-12 02:00:00,Casey,199.0201,4.4705,4.4705,0.0000,0.0000,194.5496,0.0000,150.0000,199.0201,55.7256,54.4739,1.2517,2.25,100.00
2010-11-12 03:00:00,Casey,166.7771,34.0883,34.0883,0.0000,0.0000,132.6888,0.0000,150.0000,166.7771,46.6976,37.1529,9.5447,20.44,100.00
2010-11-12 04:00:00,Casey,213.3062,36.6470,36.6470,0.0000,0.0000,176.6592,0.0000,150.0000,213.3062,59.7257,49.4646,10.2612,17.18,100.00
2010-11-12 05:00:00,Casey,197.8371,44.0895,44.0895,0.0000,0.0000,153.7476,0.0000,150.0000,197.8371,55.3944,43.0493,12.3451,22.29,100.00
2010-11-12 06:00:00,Casey,226.6496,42.8400,42.8400,0.0000,0.0000,183.8096,0.0000,150.0000,226.6496,63.4619,51.4667,11.9952,18.90,100.00
2010-11-12 07:00:00,Casey,192.4594,38.5257,38.5257,0.0000,0.0000,153.9337,0.0000,150.0000,192.4594,53.8886,43.1014,10.7872,20.02,100.00
2010-11-12 08:00:00,Casey,194.8854,30.9771,30.9771,0.0000,0.0000,163.9083,0.0000,150.0000,194.8854,54.5679,45.8943,8.6736,15.90,100.00
2010-11-12 09:00:00,Casey,251.0977,41.0882,41.0882,0.0000,0.0000,210.0095,0.0000,150.0000,251.0977,70.3074,58.8027,11.5047,16.36,100.00
2010-11-12 10:00:00,Casey,224.1159,57.8521,57.8521,0.0000,0.0000,166.2638,0.0000,150.0000,224.1159,62.7525,46.5539,16.1986,25.81,100.00
2010-11-12 11:00:00,Casey,193.6850,61.8117,61.8117,0.0000,0.0000,131.8733,0.0000,150.0000,193.6850,54.2318,36.9245,17.3073,31.91,100.00
2010-11-12 12:00:00,Casey,231.7002,66.6373,66.6373,0.0000,0.0000,165.0629,0.0000,150.0000,231.7002,64.8761,46.2176,18.6584,28.76,100.00
2010-11-12 13:00:00,Casey,171.3573,44.4223,44.4223,0.0000,0.0000,126.9350,0.0000,150.0000,171.3573,47.9800,35.5418,12.4382,25.92,100.00
2010-11-12 14:00:00,Casey,213.2957,66.2090,66.2090,0.0000,0.0000,147.0867,0.0000,150.0000,213.2957,59.7228,41.1843,18.5385,31.04,100.00
2010-11-12 15:00:00,Casey,195.3095,28.3281,28.3281,0.0000,0.0000,166.9814,0.0000,150.0000,195.3095,54.6867,46.7548,7.9319,14.50,100.00
2010-11-12 16:00:00,Casey,202.3848,14.7000,14.7000,0.0000,0.0000,187.6848,0.0000,150.0000,202.3848,56.6677,52.5517,4.1160,7.26,100.00
2010-11-12 17:00:00,Casey,227.1845,9.8287,9.8287,0.0000,0.0000,217.3558,0.0000,150.0000,227.1845,63.6117,60.8596,2.7520,4.33,100.00
2010-11-12 18:00:00,Casey,248.7843,13.2472,13.2472,0.0000,0.0000,235.5371,0.0000,150.0000,248.7843,69.6596,65.9504,3.7092,5.32,100.00
2010-11-12 19:00:00,Casey,222.1530,9.6013,9.6013,0.0000,0.0000,212.5517,0.0000,150.0000,222.1530,62.2028,59.5145,2.6884,4.32,100.00
2010-11-12 20:00:00,Casey,186.2074,10.8539,10.8539,0.0000,0.0000,175.3535,0.0000,150.0000,186.2074,52.1381,49.0990,3.0391,5.83,100.00
2010-11-12 21:00:00,Casey,241.5534,4.9827,4.9827,0.0000,0.0000,236.5707,0.0000,150.0000,241.5534,67.6350,66.2398,1.3952,2.06,100.00
2010-11-12 22:00:00,Casey,227.2381,22.2836,22.2836,0.0000,0.0000,204.9545,0.0000,150.0000,227.2381,63.6267,57.3873,6.2394,9.81,100.00
2010-11-12 23:00:00,Casey,211.6971,37.3763,37.3763,0.0000,0.0000,174.3208,0.0000,150.0000,211.6971,59.2752,48.8098,10.4654,17.66,100.00
2010-11-13 00:00:00,Casey,202.6631,34.1262,34.1262,0.0000,0.0000,168.5369,0.0000,150.0000,202.6631,56.7457,47.1903,9.5553,16.84,100.00
2010-11-13 01:00:00,Casey,176.3682,28.7001,28.7001,0.0000,0.0000,147.6681,0.0000,150.0000,176.3682,49.3831,41.3471,8.0360,16.27,100.00
2010-11-13 02:00:00,Casey,192.4417,19.5928,19.5928,0.0000,0.0000,172.8489,0.0000,150.0000,192.4417,53.8837,48.3977,5.4860,10.18,100.00
2010-11-13 03:00:00,Casey,180.6409,26.5053,26.5053,0.0000,0.0000,154.1356,0.0000,150.0000,180.6409,50.5795,43.1580,7.4215,14.67,100.00
2010-11-13 04:00:00,Casey,193.0143,47.4365,47.4365,0.0000,0.0000,145.5778,0.0000,150.0000,193.0143,54.0440,40.7618,13.2822,24.58,100.00
2010-11-13 05:00:00,Casey,223.7354,46.5580,46.5580,0.0000,0.0000,177.1774,0.0000,150.0000,223.7354,62.6459,49.6097,13.0362,20.81,100.00
2010-11-13 06:00:00,Casey,206.1473,33.3841,33.3841,0.0000,0.0000,172.7632,0.0000,150.0000,206.1473,57.7212,48.3737,9.3475,16.19,100.00
2010-11-13 07:00:00,Casey,196.3701,17.4214,17.4214,0.0000,0.0000,178.9487,0.0000,150.0000,196.3701,54.9836,50.1056,4.8780,8.87,100.00
2010-11-13 08:00:00,Casey,200.0651,31.8974,31.8974,0.0000,0.0000,168.1677,0.0000,150.0000,200.0651,56.0182,47.0870,8.9313,15.94,100.00
2010-11-13 09:00:00,Casey,207.3888,53.1568,53.1568,0.0000,0.0000,154.2320,0.0000,150.0000,207.3888,58.0689,43.1850,14.8839,25.63,100.00
2010-11-13 10:00:00,Casey,202.1600,57.5951,57.5951,0.0000,0.0000,144.5649,0.0000,150.0000,202.1600,56.6048,40.4782,16.1266,28.49,100.00
2010-11-13 11:00:00,Casey,170.8436,70.1202,70.1202,0.0000,0.0000,100.7234,0.0000,150.0000,170.8436,47.8362,28.2026,19.6337,41.04,100.00
2010-11-13 12:00:00,Casey,204.1225,66.7479,66.7479,0.0000,0.0000,137.3746,0.0000,150.0000,204.1225,57.1543,38.4649,18.6894,32.70,100.00
2010-11-13 13:00:00,Casey,207.6497,62.8947,62.8947,0.0000,0.0000,144.7550,0.0000,150.0000,207.6497,58.1419,40.5314,17.6105,30.29,100.00
2010-11-13 14:00:00,Casey,214.1534,58.0299,58.0299,0.0000,0.0000,156.1235,0.0000,150.0000,214.1534,59.9630,43.7146,16.2484,27.10,100.00
2010-11-13 15:00:00,Casey,193.5356,33.1543,33.1543,0.0000,0.0000,160.3813,0.0000,150.0000,193.5356,54.1900,44.9068,9.2832,17.13,100.00
2010-11-13 16:00:00,Casey,189.5509,5.8996,5.8996,0.0000,0.0000,183.6513,0.0000,150.0000,189.5509,53.0743,51.4224,1.6519,3.11,100.00
2010-11-13 17:00:00,Casey,195.4424,8.6434,8.6434,0.0000,0.0000,186.7990,0.0000,150.0000,195.4424,54.7239,52.3037,2.4202,4.42,100.00
2010-11-13 18:00:00,Casey,218.3856,7.6438,7.6438,0.0000,0.0000,210.7418,0.0000,150.0000,218.3856,61.1480,59.0077,2.1403,3.50,100.00
2010-11-13 19:00:00,Casey,200.9194,4.6797,4.6797,0.0000,0.0000,196.2397,0.0000,150.0000,200.9194,56.2574,54.9471,1.3103,2.33,100.00
2010-11-13 20:00:00,Casey,222.5663,3.0191,3.0191,0.0000,0.0000,219.5472,0.0000,150.0000,222.5663,62.3186,61.4732,0.8453,1.36,100.00
2010-11-13 21:00:00,Casey,209.2500,10.1363,10.1363,0.0000,0.0000,199.1137,0.0000,150.0000,209.2500,58.5900,55.7518,2.8382,4.84,100.00
2010-11-13 22:00:00,Casey,218.4115,12.1905,12.1905,0.0000,0.0000,206.2210,0.0000,150.0000,218.4115,61.1552,57.7419,3.4133,5.58,100.00
2010-11-13 23:00:00,Casey,179.9653,49.4975,49.4975,0.0000,0.0000,130.4678,0.0000,150.0000,179.9653,50.3903,36.5310,13.8593,27.50,100.00
2010-11-14 00:00:00,Casey,213.9913,45.8977,45.8977,0.0000,0.0000,168.0936,0.0000,150.0000,213.9913,59.9176,47.0662,12.8514,21.45,100.00
2010-11-14 01:00:00,Casey,193.3948,25.0131,25.0131,0.0000,0.0000,168.3817,0.0000,150.0000,193.3948,54.1505,47.1469,7.0037,12.93,100.00
2010-11-14 02:00:00,Casey,179.8518,40.0900,40.0900,0.0000,0.0000,139.7618,0.0000,150.0000,179.8518,50.3585,39.1333,11.2252,22.29,100.00
2010-11-14 03:00:00,Casey,216.6704,13.5652,13.5652,0.0000,0.0000,203.1052,0.0000,150.0000,216.6704,60.6677,56.8695,3.7983,6.26,100.00
2010-11-14 04:00:00,Casey,204.4577,27.8818,27.8818,0.0000,0.0000,176.5759,0.0000,150.0000,204.4577,57.2482,49.4413,7.8069,13.64,100.00
2010-11-14 05:00:00,Casey,209.8370,45.8803,45.8803,0.0000,0.0000,163.9567,0.0000,150.0000,209.8370,58.7544,45.9079,12.8465,21.86,100.00
2010-11-14 06:00:00,Casey,217.9726,48.1410,48.1410,0.0000,0.0000,169.8316,0.0000,150.0000,217.9726,61.0323,47.5528,13.4795,22.09,100.00
2010-11-14 07:00:00,Casey,193.2874,19.2732,19.2732,0.0000,0.0000,174.0142,0.0000,150.0000,193.2874,54.1205,48.7240,5.3965,9.97,100.00
2010-11-14 08:00:00,Casey,211.9139,13.8058,13.8058,0.0000,0.0000,198.1081,0.0000,150.0000,211.9139,59.3359,55.4703,3.8656,6.51,100.00
2010-11-14 09:00:00,Casey,224.9493,27.5349,27.5349,0.0000,0.0000,197.4144,0.0000,150.0000,224.9493,62.9858,55.2760,7.7098,12.24,100.00
2010-11-14 10:00:00,Casey,206.9232,60.4303,60.4303,0.0000,0.0000,146.4929,0.0000,150.0000,206.9232,57.9385,41.0180,16.9205,29.20,100.00
2010-11-14 11:00:00,Casey,204.7449,69.1380,69.1380,0.0000,0.0000,135.6069,0.0000,150.0000,204.7449,57.3286,37.9699,19.3586,33.77,100.00
2010-11-14 12:00:00,Casey,199.1680,70.5835,70.5835,0.0000,0.0000,128.5845,0.0000,150.0000,199.1680,55.7670,36.0037,19.7634,35.44,100.00
2010-11-14 13:00:00,Casey,237.5171,66.4517,66.4517,0.0000,0.0000,171.0654,0.0000,150.0000,237.5171,66.5048,47.8983,18.6065,27.98,100.00
2010-11-14 14:00:00,Casey,219.9366,51.1618,51.1618,0.0000,0.0000,168.7748,0.0000,150.0000,219.9366,61.5822,47.2569,14.3253,23.26,100.00
2010-11-14 15:00:00,Casey,193.9527,21.5296,21.5296,0.0000,0.0000,172.4231,0.0000,150.0000,193.9527,54.3068,48.2785,6.0283,11.10,100.00
2010-11-14 16:00:00,Casey,204.9478,24.9472,24.9472,0.0000,0.0000,180.0006,0.0000,150.0000,204.9478,57.3854,50.4002,6.9852,12.17,100.00
2010-11-14 17:00:00,Casey,239.1622,11.7712,11.7712,0.0000,0.0000,227.3910,0.0000,150.0000,239.1622,66.9654,63.6695,3.2959,4.92,100.00
2010-11-14 18:00:00,Casey,211.5785,13.6300,13.6300,0.0000,0.0000,197.9485,0.0000,150.0000,211.5785,59.2420,55.4256,3.8164,6.44,100.00
2010-11-14 19:00:00,Casey,222.1798,1.4165,1.4165,0.0000,0.0000,220.7633,0.0000,150.0000,222.1798,62.2103,61.8137,0.3966,0.64,100.00
2010-11-14 20:00:00,Casey,217.0665,11.7940,11.7940,0.0000,0.0000,205.2725,0.0000,150.0000,217.0665,60.7786,57.4763,3.3023,5.43,100.00
2010-11-14 21:00:00,Casey,190.7643,9.4653,9.4653,0.0000,0.0000,181.2990,0.0000,150.0000,190.7643,53.4140,50.7637,2.6503,4.96,100.00
2010-11-14 22:00:00,Casey,198.4710,41.0210,41.0210,0.0000,0.0000,157.4500,0.0000,150.0000,198.4710,55.5719,44.0860,11.4859,20.67,100.00
2010-11-14 23:00:00,Casey,226.0361,15.3433,15.3433,0.0000,0.0000,210.6928,0.0000,150.0000,226.0361,63.2901,58.9940,4.2961,6.79,100.00
2010-11-15 00:00:00,Casey,208.8724,72.8607,72.8607,0.0000,0.0000,136.0117,0.0000,150.0000,208.8724,58.4843,38.0833,20.4010,34.88,100.00
2010-11-15 01:00:00,Casey,180.8093,40.5605,40.5605,0.0000,0.0000,140.2488,0.0000,150.0000,180.8093,50.6266,39.2697,11.3569,22.43,100.00
2010-11-15 02:00:00,Casey,198.4832,35.2065,35.2065,0.0000,0.0000,163.2767,0.0000,150.0000,198.4832,55.5753,45.7175,9.8578,17.74,100.00
2010-11-15 03:00:00,Casey,195.8409,59.7627,59.7627,0.0000,0.0000,136.0782,0.0000,150.0000,195.8409,54.8355,38.1019,16.7336,30.52,100.00
2010-11-15 04:00:00,Casey,219.0953,9.2296,9.2296,0.0000,0.0000,209.8657,0.0000,150.0000,219.0953,61.3467,58.7624,2.5843,4.21,100.00
2010-11-15 05:00:00,Casey,206.1554,36.7606,36.7606,0.0000,0.0000,169.3948,0.0000,150.0000,206.1554,57.7235,47.4305,10.2930,17.83,100.00
2010-11-15 06:00:00,Casey,204.0794,34.9736,34.9736,0.0000,0.0000,169.1058,0.0000,150.0000,204.0794,57.1422,47.3496,9.7926,17.14,100.00
2010-11-15 07:00:00,Casey,185.8082,31.9835,31.9835,0.0000,0.0000,153.8247,0.0000,150.0000,185.8082,52.0263,43.0709,8.9554,17.21,100.00
2010-11-15 08:00:00,Casey,211.3360,20.0395,20.0395,0.0000,0.0000,191.2965,0.0000,150.0000,211.3360,59.1741,53.5630,5.6111,9.48,100.00
2010-11-15 09:00:00,Casey,197.7879,70.0151,70.0151,0.0000,0.0000,127.7728,0.0000,150.0000,197.7879,55.3806,35.7764,19.6042,35.40,100.00
2010-11-15 10:00:00,Casey,227.5928,64.8138,64.8138,0.0000,0.0000,162.7790,0.0000,150.0000,227.5928,63.7260,45.5781,18.1479,28.48,100.00
2010-11-15 11:00:00,Casey,242.0072,65.5853,65.5853,0.0000,0.0000,176.4219,0.0000,150.0000,242.0072,67.7620,49.3981,18.3639,27.10,100.00
2010-11-15 12:00:00,Casey,204.6079,70.8602,70.8602,0.0000,0.0000,133.7477,0.0000,150.0000,204.6079,57.2902,37.4494,19.8409,34.63,100.00
2010-11-15 13:00:00,Casey,203.3965,74.6772,74.6772,0.0000,0.0000,128.7193,0.0000,150.0000,203.3965,56.9510,36.0414,20.9096,36.72,100.00
2010-11-15 14:00:00,Casey,196.7354,61.0488,61.0488,0.0000,0.0000,135.6866,0.0000,150.0000,196.7354,55.0859,37.9922,17.0937,31.03,100.00
2010-11-15 15:00:00,Casey,199.2733,33.7632,33.7632,0.0000,0.0000,165.5101,0.0000,150.0000,199.2733,55.7965,46.3428,9.4537,16.94,100.00
2010-11-15 16:00:00,Casey,210.6745,13.5847,13.5847,0.0000,0.0000,197.0898,0.0000,150.0000,210.6745,58.9889,55.1851,3.8037,6.45,100.00
2010-11-15 17:00:00,Casey,250.1485,12.9799,12.9799,0.0000,0.0000,237.1686,0.0000,150.0000,250.1485,70.0416,66.4072,3.6344,5.19,100.00
2010-11-15 18:00:00,Casey,218.8513,0.3484,0.3484,0.0000,0.0000,218.5029,0.0000,150.0000,218.8513,61.2784,61.1808,0.0976,0.16,100.00
2010-11-15 19:00:00,Casey,215.6679,16.4210,16.4210,0.0000,0.0000,199.2469,0.0000,150.0000,215.6679,60.3870,55.7891,4.5979,7.61,100.00
2010-11-15 20:00:00,Casey,212.2885,6.8232,6.8232,0.0000,0.0000,205.4653,0.0000,150.0000,212.2885,59.4408,57.5303,1.9105,3.21,100.00
2010-11-15 21:00:00,Casey,180.8965,4.5739,4.5739,0.0000,0.0000,176.3226,0.0000,150.0000,180.8965,50.6510,49.3703,1.2807,2.53,100.00
2010-11-15 22:00:00,Casey,215.6456,42.0348,42.0348,0.0000,0.0000,173.6108,0.0000,150.0000,215.6456,60.3808,48.6110,11.7697,19.49,100.00
2010-11-15 23:00:00,Casey,223.6657,25.5589,25.5589,0.0000,0.0000,198.1068,0.0000,150.0000,223.6657,62.6264,55.4699,7.1565,11.43,100.00
2010-11-16 00:00:00,Casey,205.6991,36.6764,36.6764,0.0000,0.0000,169.0227,0.0000,150.0000,205.6991,57.5957,47.3264,10.2694,17.83,100.00
2010-11-16 01:00:00,Casey,211.9764,32.0687,32.0687,0.0000,0.0000,179.9077,0.0000,150.0000,211.9764,59.3534,50.3742,8.9792,15.13,100.00
2010-11-16 02:00:00,Casey,209.6212,45.1273,45.1273,0.0000,0.0000,164.4939,0.0000,150.0000,209.6212,58.6939,46.0583,12.6356,21.53,100.00
2010-11-16 03:00:00,Casey,251.3335,50.6830,50.6830,0.0000,0.0000,200.6505,0.0000,150.0000,251.3335,70.3734,56.1821,14.1912,20.17,100.00
2010-11-16 04:00:00,Casey,234.1862,33.6376,33.6376,0.0000,0.0000,200.5486,0.0000,150.0000,234.1862,65.5721,56.1536,9.4185,14.36,100.00
2010-11-16 05:00:00,Casey,240.9694,40.7373,40.7373,0.0000,0.0000,200.2321,0.0000,150.0000,240.9694,67.4714,56.0650,11.4064,16.91,100.00
2010-11-16 06:00:00,Casey,200.0937,23.9625,23.9625,0.0000,0.0000,176.1312,0.0000,150.0000,200.0937,56.0262,49.3167,6.7095,11.98,100.00
2010-11-16 07:00:00,Casey,189.1904,72.1936,72.1936,0.0000,0.0000,116.9968,0.0000,150.0000,189.1904,52.9733,32.7591,20.2142,38.16,100.00
2010-11-16 08:00:00,Casey,179.2352,49.1557,49.1557,0.0000,0.0000,130.0795,0.0000,150.0000,179.2352,50.1859,36.4223,13.7636,27.43,100.00
2010-11-16 09:00:00,Casey,191.2706,33.5933,33.5933,0.0000,0.0000,157.6773,0.0000,150.0000,191.2706,53.5558,44.1496,9.4061,17.56,100.00
2010-11-16 10:00:00,Casey,229.5617,58.8632,58.8632,0.0000,0.0000,170.6985,0.0000,150.0000,229.5617,64.2773,47.7956,16.4817,25.64,100.00
2010-11-16 11:00:00,Casey,229.4619,62.7368,62.7368,0.0000,0.0000,166.7251,0.0000,150.0000,229.4619,64.2493,46.6830,17.5663,27.34,100.00
2010-11-16 12:00:00,Casey,207.5092,66.7479,66.7479,0.0000,0.0000,140.7613,0.0000,150.0000,207.5092,58.1026,39.4132,18.6894,32.17,100.00
2010-11-16 13:00:00,Casey,211.5780,65.1869,65.1869,0.0000,0.0000,146.3911,0.0000,150.0000,211.5780,59.2418,40.9895,18.2523,30.81,100.00
2010-11-16 14:00:00,Casey,192.9503,49.8672,49.8672,0.0000,0.0000,143.0831,0.0000,150.0000,192.9503,54.0261,40.0633,13.9628,25.84,100.00
2010-11-16 15:00:00,Casey,200.3855,39.5493,39.5493,0.0000,0.0000,160.8362,0.0000,150.0000,200.3855,56.1079,45.0341,11.0738,19.74,100.00
2010-11-16 16:00:00,Casey,230.5063,3.7898,3.7898,0.0000,0.0000,226.7165,0.0000,150.0000,230.5063,64.5418,63.4806,1.0611,1.64,100.00
2010-11-16 17:00:00,Casey,222.6745,5.6338,5.6338,0.0000,0.0000,217.0407,0.0000,150.0000,222.6745,62.3489,60.7714,1.5775,2.53,100.00
2010-11-16 18:00:00,Casey,225.2137,10.0478,10.0478,0.0000,0.0000,215.1659,0.0000,150.0000,225.2137,63.0598,60.2465,2.8134,4.46,100.00
2010-11-16 19:00:00,Casey,228.5768,10.6300,10.6300,0.0000,0.0000,217.9468,0.0000,150.0000,228.5768,64.0015,61.0251,2.9764,4.65,100.00
2010-11-16 20:00:00,Casey,214.8104,8.0083,8.0083,0.0000,0.0000,206.8021,0.0000,150.0000,214.8104,60.1469,57.9046,2.2423,3.73,100.00
2010-11-16 21:00:00,Casey,219.5617,25.5769,25.5769,0.0000,0.0000,193.9848,0.0000,150.0000,219.5617,61.4773,54.3157,7.1615,11.65,100.00
2010-11-16 22:00:00,Casey,221.3059,6.0448,6.0448,0.0000,0.0000,215.2611,0.0000,150.0000,221.3059,61.9657,60.2731,1.6925,2.73,100.00
2010-11-16 23:00:00,Casey,172.3781,27.7237,27.7237,0.0000,0.0000,144.6544,0.0000,150.0000,172.3781,48.2659,40.5032,7.7626,16.08,100.00
2010-11-17 00:00:00,Casey,171.8172,44.5055,44.5055,0.0000,0.0000,127.3117,0.0000,150.0000,171.8172,48.1088,35.6473,12.4615,25.90,100.00
2010-11-17 01:00:00,Casey,173.3823,16.8096,16.8096,0.0000,0.0000,156.5727,0.0000,150.0000,173.3823,48.5470,43.8404,4.7067,9.70,100.00
2010-11-17 02:00:00,Casey,176.2463,59.9610,59.9610,0.0000,0.0000,116.2853,0.0000,150.0000,176.2463,49.3490,32.5599,16.7891,34.02,100.00
2010-11-17 03:00:00,Casey,225.7989,31.2004,31.2004,0.0000,0.0000,194.5985,0.0000,150.0000,225.7989,63.2237,54.4876,8.7361,13.82,100.00
2010-11-17 04:00:00,Casey,195.5390,32.7927,32.7927,0.0000,0.0000,162.7463,0.0000,150.0000,195.5390,54.7509,45.5690,9.1820,16.77,100.00
2010-11-17 05:00:00,Casey,198.5818,42.0303,42.0303,0.0000,0.0000,156.5515,0.0000,150.0000,198.5818,55.6029,43.8344,11.7685,21.17,100.00
2010-11-17 06:00:00,Casey,215.3406,10.2057,10.2057,0.0000,0.0000,205.1349,0.0000,150.0000,215.3406,60.2954,57.4378,2.8576,4.74,100.00
2010-11-17 07:00:00,Casey,193.0115,11.6167,11.6167,0.0000,0.0000,181.3948,0.0000,150.0000,193.0115,54.0432,50.7905,3.2527,6.02,100.00
2010-11-17 08:00:00,Casey,225.3479,30.5656,30.5656,0.0000,0.0000,194.7823,0.0000,150.0000,225.3479,63.0974,54.5390,8.5584,13.56,100.00
2010-11-17 09:00:00,Casey,196.1078,27.8277,27.8277,0.0000,0.0000,168.2801,0.0000,150.0000,196.1078,54.9102,47.1184,7.7918,14.19,100.00
2010-11-17 10:00:00,Casey,236.1515,46.6904,46.6904,0.0000,0.0000,189.4611,0.0000,150.0000,236.1515,66.1224,53.0491,13.0733,19.77,100.00
2010-11-17 11:00:00,Casey,227.4704,76.3782,76.3782,0.0000,0.0000,151.0922,0.0000,150.0000,227.4704,63.6917,42.3058,21.3859,33.58,100.00
2010-11-17 12:00:00,Casey,219.4763,65.7341,65.7341,0.0000,0.0000,153.7422,0.0000,150.0000,219.4763,61.4534,43.0478,18.4055,29.95,100.00
2010-11-17 13:00:00,Casey,197.4056,62.4316,62.4316,0.0000,0.0000,134.9740,0.0000,150.0000,197.4056,55.2736,37.7927,17.4808,31.63,100.00
2010-11-17 14:00:00,Casey,225.2379,55.4886,55.4886,0.0000,0.0000,169.7493,0.0000,150.0000,225.2379,63.0666,47.5298,15.5368,24.64,100.00
2010-11-17 15:00:00,Casey,208.9551,23.8580,23.8580,0.0000,0.0000,185.0971,0.0000,150.0000,208.9551,58.5074,51.8272,6.6802,11.42,100.00
2010-11-17 16:00:00,Casey,205.9898,4.6349,4.6349,0.0000,0.0000,201.3549,0.0000,150.0000,205.9898,57.6771,56.3794,1.2978,2.25,100.00
2010-11-17 17:00:00,Casey,214.7995,5.9309,5.9309,0.0000,0.0000,208.8686,0.0000,150.0000,214.7995,60.1439,58.4832,1.6607,2.76,100.00
2010-11-17 18:00:00,Casey,243.8331,16.7686,16.7686,0.0000,0.0000,227.0645,0.0000,150.0000,243.8331,68.2733,63.5781,4.6952,6.88,100.00
2010-11-17 19:00:00,Casey,220.8385,0.0000,0.0000,0.0000,0.0000,220.8385,0.0000,150.0000,220.8385,61.8348,61.8348,0.0000,0.00,100.00
2010-11-17 20:00:00,Casey,226.6760,14.0943,14.0943,0.0000,0.0000,212.5817,0.0000,150.0000,226.6760,63.4693,59.5229,3.9464,6.22,100.00
2010-11-17 21:00:00,Casey,203.6376,19.4697,19.4697,0.0000,0.0000,184.1679,0.0000,150.0000,203.6376,57.0185,51.5670,5.4515,9.56,100.00
2010-11-17 22:00:00,Casey,191.8168,38.9264,38.9264,0.0000,0.0000,152.8904,0.0000,150.0000,191.8168,53.7087,42.8093,10.8994,20.29,100.00
2010-11-17 23:00:00,Casey,188.9244,11.5279,11.5279,0.0000,0.0000,177.3965,0.0000,150.0000,188.9244,52.8988,49.6710,3.2278,6.10,100.00
2010-11-18 00:00:00,Casey,202.5703,26.3608,26.3608,0.0000,0.0000,176.2095,0.0000,150.0000,202.5703,56.7197,49.3387,7.3810,13.01,100.00
2010-11-18 01:00:00,Casey,175.1281,102.7632,102.7632,0.0000,0.0000,72.3649,0.0000,150.0000,175.1281,49.0359,20.2622,28.7737,58.68,100.00
2010-11-18 02:00:00,Casey,214.6196,28.7997,28.7997,0.0000,0.0000,185.8199,0.0000,150.0000,214.6196,60.0935,52.0296,8.0639,13.42,100.00
2010-11-18 03:00:00,Casey,210.3940,18.1566,18.1566,0.0000,0.0000,192.2374,0.0000,150.0000,210.3940,58.9103,53.8265,5.0838,8.63,100.00
2010-11-18 04:00:00,Casey,192.4237,17.3126,17.3126,0.0000,0.0000,175.1111,0.0000,150.0000,192.4237,53.8786,49.0311,4.8475,9.00,100.00
2010-11-18 05:00:00,Casey,201.3354,16.7570,16.7570,0.0000,0.0000,184.5784,0.0000,150.0000,201.3354,56.3739,51.6820,4.6920,8.32,100.00
2010-11-18 06:00:00,Casey,180.9611,50.3833,50.3833,0.0000,0.0000,130.5778,0.0000,150.0000,180.9611,50.6691,36.5618,14.1073,27.84,100.00
2010-11-18 07:00:00,Casey,195.9940,31.1569,31.1569,0.0000,0.0000,164.8371,0.0000,150.0000,195.9940,54.8783,46.1544,8.7239,15.90,100.00
2010-11-18 08:00:00,Casey,230.0839,46.2771,46.2771,0.0000,0.0000,183.8068,0.0000,150.0000,230.0839,64.4235,51.4659,12.9576,20.11,100.00
2010-11-18 09:00:00,Casey,241.5425,36.2900,36.2900,0.0000,0.0000,205.2525,0.0000,150.0000,241.5425,67.6319,57.4707,10.1612,15.02,100.00
2010-11-18 10:00:00,Casey,222.0456,51.9664,51.9664,0.0000,0.0000,170.0792,0.0000,150.0000,222.0456,62.1728,47.6222,14.5506,23.40,100.00
2010-11-18 11:00:00,Casey,193.8321,68.3998,68.3998,0.0000,0.0000,125.4323,0.0000,150.0000,193.8321,54.2730,35.1210,19.1519,35.29,100.00
2010-11-18 12:00:00,Casey,207.3067,69.9341,69.9341,0.0000,0.0000,137.3726,0.0000,150.0000,207.3067,58.0459,38.4643,19.5815,33.73,100.00
2010-11-18 13:00:00,Casey,220.8064,64.7294,64.7294,0.0000,0.0000,156.0770,0.0000,150.0000,220.8064,61.8258,43.7016,18.1242,29.32,100.00
2010-11-18 14:00:00,Casey,176.6250,60.3338,60.3338,0.0000,0.0000,116.2912,0.0000,150.0000,176.6250,49.4550,32.5615,16.8935,34.16,100.00
2010-11-18 15:00:00,Casey,215.6260,32.4746,32.4746,0.0000,0.0000,183.1514,0.0000,150.0000,215.6260,60.3753,51.2824,9.0929,15.06,100.00
2010-11-18 16:00:00,Casey,210.4819,49.0650,49.0650,0.0000,0.0000,161.4169,0.0000,150.0000,210.4819,58.9349,45.1967,13.7382,23.31,100.00
2010-11-18 17:00:00,Casey,230.3527,9.6071,9.6071,0.0000,0.0000,220.7456,0.0000,150.0000,230.3527,64.4988,61.8088,2.6900,4.17,100.00
2010-11-18 18:00:00,Casey,260.2753,13.6458,13.6458,0.0000,0.0000,246.6295,0.0000,150.0000,260.2753,72.8771,69.0563,3.8208,5.24,100.00
2010-11-18 19:00:00,Casey,199.0729,0.7406,0.7406,0.0000,0.0000,198.3323,0.0000,150.0000,199.0729,55.7404,55.5330,0.2074,0.37,100.00
2010-11-18 20:00:00,Casey,213.5021,4.6747,4.6747,0.0000,0.0000,208.8274,0.0000,150.0000,213.5021,59.7806,58.4717,1.3089,2.19,100.00
2010-11-18 21:00:00,Casey,241.1756,9.3594,9.3594,0.0000,0.0000,231.8162,0.0000,150.0000,241.1756,67.5292,64.9085,2.6206,3.88,100.00
2010-11-18 22:00:00,Casey,185.6423,24.6746,24.6746,0.0000,0.0000,160.9677,0.0000,150.0000,185.6423,51.9798,45.0710,6.9089,13.29,100.00
2010-11-18 23:00:00,Casey,184.3909,52.6773,52.6773,0.0000,0.0000,131.7136,0.0000,150.0000,184.3909,51.6295,36.8798,14.7496,28.57,100.00
2010-11-19 00:00:00,Casey,201.2990,19.2688,19.2688,0.0000,0.0000,182.0302,0.0000,150.0000,201.2990,56.3637,50.9685,5.3953,9.57,100.00
2010-11-19 01:00:00,Casey,188.1582,32.1564,32.1564,0.0000,0.0000,156.0018,0.0000,150.0000,188.1582,52.6843,43.6805,9.0038,17.09,100.00
2010-11-19 02:00:00,Casey,194.9616,19.5635,19.5635,0.0000,0.0000,175.3981,0.0000,150.0000,194.9616,54.5892,49.1115,5.4778,10.03,100.00
2010-11-19 03:00:00,Casey,221.0435,23.9657,23.9657,0.0000,0.0000,197.0778,0.0000,150.0000,221.0435,61.8922,55.1818,6.7104,10.84,100.00
2010-11-19 04:00:00,Casey,214.8486,26.0041,26.0041,0.0000,0.0000,188.8445,0.0000,150.0000,214.8486,60.1576,52.8765,7.2811,12.10,100.00
2010-11-19 05:00:00,Casey,190.4852,39.0464,39.0464,0.0000,0.0000,151.4388,0.0000,150.0000,190.4852,53.3359,42.4029,10.9330,20.50,100.00
2010-11-19 06:00:00,Casey,203.8422,23.9625,23.9625,0.0000,0.0000,179.8797,0.0000,150.0000,203.8422,57.0758,50.3663,6.7095,11.76,100.00
2010-11-19 07:00:00,Casey,198.6368,39.1210,39.1210,0.0000,0.0000,159.5158,0.0000,150.0000,198.6368,55.6183,44.6644,10.9539,19.69,100.00
2010-11-19 08:00:00,Casey,197.4658,48.0983,48.0983,0.0000,0.0000,149.3675,0.0000,150.0000,197.4658,55.2904,41.8229,13.4675,24.36,100.00
2010-11-19 09:00:00,Casey,189.2613,23.6940,23.6940,0.0000,0.0000,165.5673,0.0000,150.0000,189.2613,52.9932,46.3588,6.6343,12.52,100.00
2010-11-19 10:00:00,Casey,238.0819,59.8437,59.8437,0.0000,0.0000,178.2382,0.0000,150.0000,238.0819,66.6629,49.9067,16.7562,25.14,100.00
2010-11-19 11:00:00,Casey,229.2876,72.9658,72.9658,0.0000,0.0000,156.3218,0.0000,150.0000,229.2876,64.2005,43.7701,20.4304,31.82,100.00
2010-11-19 12:00:00,Casey,234.1498,72.8394,72.8394,0.0000,0.0000,161.3104,0.0000,150.0000,234.1498,65.5619,45.1669,20.3950,31.11,100.00
2010-11-19 13:00:00,Casey,202.2413,64.2844,64.2844,0.0000,0.0000,137.9569,0.0000,150.0000,202.2413,56.6276,38.6279,17.9996,31.79,100.00
2010-11-19 14:00:00,Casey,208.2687,55.4934,55.4934,0.0000,0.0000,152.7753,0.0000,150.0000,208.2687,58.3152,42.7771,15.5382,26.65,100.00
2010-11-19 15:00:00,Casey,217.3039,16.8481,16.8481,0.0000,0.0000,200.4558,0.0000,150.0000,217.3039,60.8451,56.1276,4.7175,7.75,100.00
2010-11-19 16:00:00,Casey,202.1085,23.7468,23.7468,0.0000,0.0000,178.3617,0.0000,150.0000,202.1085,56.5904,49.9413,6.6491,11.75,100.00
2010-11-19 17:00:00,Casey,202.6110,7.4137,7.4137,0.0000,0.0000,195.1973,0.0000,150.0000,202.6110,56.7311,54.6552,2.0758,3.66,100.00
2010-11-19 18:00:00,Casey,256.1004,15.7182,15.7182,0.0000,0.0000,240.3822,0.0000,150.0000,256.1004,71.7081,67.3070,4.4011,6.14,100.00
2010-11-19 19:00:00,Casey,237.3902,9.3138,9.3138,0.0000,0.0000,228.0764,0.0000,150.0000,237.3902,66.4693,63.8614,2.6079,3.92,100.00
2010-11-19 20:00:00,Casey,210.8785,19.1010,19.1010,0.0000,0.0000,191.7775,0.0000,150.0000,210.8785,59.0460,53.6977,5.3483,9.06,100.00
2010-11-19 21:00:00,Casey,213.7075,9.0750,9.0750,0.0000,0.0000,204.6325,0.0000,150.0000,213.7075,59.8381,57.2971,2.5410,4.25,100.00
2010-11-19 22:00:00,Casey,215.8787,21.9210,21.9210,0.0000,0.0000,193.9577,0.0000,150.0000,215.8787,60.4460,54.3082,6.1379,10.15,100.00
2010-11-19 23:00:00,Casey,215.5102,26.6191,26.6191,0.0000,0.0000,188.8911,0.0000,150.0000,215.5102,60.3429,52.8895,7.4533,12.35,100.00
2010-11-20 00:00:00,Casey,202.1272,48.7442,48.7442,0.0000,0.0000,153.3830,0.0000,150.0000,202.1272,56.5956,42.9472,13.6484,24.12,100.00
2010-11-20 01:00:00,Casey,169.3486,28.1132,28.1132,0.0000,0.0000,141.2354,0.0000,150.0000,169.3486,47.4176,39.5459,7.8717,16.60,100.00
2010-11-20 02:00:00,Casey,198.4518,17.1636,17.1636,0.0000,0.0000,181.2882,0.0000,150.0000,198.4518,55.5665,50.7607,4.8058,8.65,100.00
2010-11-20 03:00:00,Casey,196.5614,46.7980,46.7980,0.0000,0.0000,149.7634,0.0000,150.0000,196.5614,55.0372,41.9338,13.1034,23.81,100.00
2010-11-20 04:00:00,Casey,206.1836,47.4969,47.4969,0.0000,0.0000,158.6867,0.0000,150.0000,206.1836,57.7314,44.4323,13.2991,23.04,100.00
2010-11-20 05:00:00,Casey,194.4014,15.5194,15.5194,0.0000,0.0000,178.8820,0.0000,150.0000,194.4014,54.4324,50.0870,4.3454,7.98,100.00
2010-11-20 06:00:00,Casey,197.3622,30.6672,30.6672,0.0000,0.0000,166.6950,0.0000,150.0000,197.3622,55.2614,46.6746,8.5868,15.54,100.00
2010-11-20 07:00:00,Casey,232.8581,5.4695,5.4695,0.0000,0.0000,227.3886,0.0000,150.0000,232.8581,65.2003,63.6688,1.5315,2.35,100.00
2010-11-20 08:00:00,Casey,216.3566,28.0865,28.0865,0.0000,0.0000,188.2701,0.0000,150.0000,216.3566,60.5798,52.7156,7.8642,12.98,100.00
2010-11-20 09:00:00,Casey,201.5696,35.5926,35.5926,0.0000,0.0000,165.9770,0.0000,150.0000,201.5696,56.4395,46.4736,9.9659,17.66,100.00
2010-11-20 10:00:00,Casey,223.3440,54.1361,54.1361,0.0000,0.0000,169.2079,0.0000,150.0000,223.3440,62.5363,47.3782,15.1581,24.24,100.00
2010-11-20 11:00:00,Casey,192.7585,70.8070,70.8070,0.0000,0.0000,121.9515,0.0000,150.0000,192.7585,53.9724,34.1464,19.8260,36.73,100.00
2010-11-20 12:00:00,Casey,246.5387,73.2173,73.2173,0.0000,0.0000,173.3214,0.0000,150.0000,246.5387,69.0308,48.5300,20.5008,29.70,100.00
2010-11-20 13:00:00,Casey,211.3513,64.2844,64.2844,0.0000,0.0000,147.0669,0.0000,150.0000,211.3513,59.1784,41.1787,17.9996,30.42,100.00
2010-11-20 14:00:00,Casey,187.1722,60.6521,60.6521,0.0000,0.0000,126.5201,0.0000,150.0000,187.1722,52.4082,35.4256,16.9826,32.40,100.00
2010-11-20 15:00:00,Casey,222.0814,39.0653,39.0653,0.0000,0.0000,183.0161,0.0000,150.0000,222.0814,62.1828,51.2445,10.9383,17.59,100.00
2010-11-20 16:00:00,Casey,225.8997,15.4429,15.4429,0.0000,0.0000,210.4568,0.0000,150.0000,225.8997,63.2519,58.9279,4.3240,6.84,100.00
2010-11-20 17:00:00,Casey,213.4951,19.2305,19.2305,0.0000,0.0000,194.2646,0.0000,150.0000,213.4951,59.7786,54.3941,5.3845,9.01,100.00
2010-11-20 18:00:00,Casey,239.8564,20.5423,20.5423,0.0000,0.0000,219.3141,0.0000,150.0000,239.8564,67.1598,61.4079,5.7518,8.56,100.00
2010-11-20 19:00:00,Casey,237.8851,12.1229,12.1229,0.0000,0.0000,225.7622,0.0000,150.0000,237.8851,66.6078,63.2134,3.3944,5.10,100.00
2010-11-20 20:00:00,Casey,203.0873,7.1955,7.1955,0.0000,0.0000,195.8918,0.0000,150.0000,203.0873,56.8644,54.8497,2.0147,3.54,100.00
2010-11-20 21:00:00,Casey,205.2840,6.6706,6.6706,0.0000,0.0000,198.6134,0.0000,150.0000,205.2840,57.4795,55.6118,1.8678,3.25,100.00
2010-11-20 22:00:00,Casey,214.2238,7.6472,7.6472,0.0000,0.0000,206.5766,0.0000,150.0000,214.2238,59.9827,57.8414,2.1412,3.57,100.00
2010-11-20 23:00:00,Casey,194.5907,8.1643,8.1643,0.0000,0.0000,186.4264,0.0000,150.0000,194.5907,54.4854,52.1994,2.2860,4.20,100.00
2010-11-21 00:00:00,Casey,229.5636,31.7859,31.7859,0.0000,0.0000,197.7777,0.0000,150.0000,229.5636,64.2778,55.3778,8.9001,13.85,100.00
2010-11-21 01:00:00,Casey,197.4798,49.8178,49.8178,0.0000,0.0000,147.6620,0.0000,150.0000,197.4798,55.2943,41.3454,13.9490,25.23,100.00
2010-11-21 02:00:00,Casey,191.5301,40.6391,40.6391,0.0000,0.0000,150.8910,0.0000,150.0000,191.5301,53.6284,42.2495,11.3789,21.22,100.00
2010-11-21 03:00:00,Casey,207.1924,50.6289,50.6289,0.0000,0.0000,156.5635,0.0000,150.0000,207.1924,58.0139,43.8378,14.1761,24.44,100.00
2010-11-21 04:00:00,Casey,192.2245,66.8423,66.8423,0.0000,0.0000,125.3822,0.0000,150.0000,192.2245,53.8229,35.1070,18.7158,34.77,100.00
2010-11-21 05:00:00,Casey,204.1893,42.0303,42.0303,0.0000,0.0000,162.1590,0.0000,150.0000,204.1893,57.1730,45.4045,11.7685,20.58,100.00
2010-11-21 06:00:00,Casey,205.0774,28.0600,28.0600,0.0000,0.0000,177.0174,0.0000,150.0000,205.0774,57.4217,49.5649,7.8568,13.68,100.00
2010-11-21 07:00:00,Casey,191.5703,23.5555,23.5555,0.0000,0.0000,168.0148,0.0000,150.0000,191.5703,53.6397,47.0441,6.5955,12.30,100.00
2010-11-21 08:00:00,Casey,194.9491,13.6871,13.6871,0.0000,0.0000,181.2620,0.0000,150.0000,194.9491,54.5857,50.7534,3.8324,7.02,100.00
2010-11-21 09:00:00,Casey,189.9300,54.5479,54.5479,0.0000,0.0000,135.3821,0.0000,150.0000,189.9300,53.1804,37.9070,15.2734,28.72,100.00
2010-11-21 10:00:00,Casey,234.8440,54.4299,54.4299,0.0000,0.0000,180.4141,0.0000,150.0000,234.8440,65.7563,50.5159,15.2404,23.18,100.00
2010-11-21 11:00:00,Casey,213.6891,82.0257,82.0257,0.0000,0.0000,131.6634,0.0000,150.0000,213.6891,59.8329,36.8658,22.9672,38.39,100.00
2010-11-21 12:00:00,Casey,214.3771,66.0168,66.0168,0.0000,0.0000,148.3603,0.0000,150.0000,214.3771,60.0256,41.5409,18.4847,30.79,100.00
2010-11-21 13:00:00,Casey,239.0486,63.3382,63.3382,0.0000,0.0000,175.7104,0.0000,150.0000,239.0486,66.9336,49.1989,17.7347,26.50,100.00
2010-11-21 14:00:00,Casey,210.4338,39.5597,39.5597,0.0000,0.0000,170.8741,0.0000,150.0000,210.4338,58.9215,47.8447,11.0767,18.80,100.00
2010-11-21 15:00:00,Casey,230.3240,30.8004,30.8004,0.0000,0.0000,199.5236,0.0000,150.0000,230.3240,64.4907,55.8666,8.6241,13.37,100.00
2010-11-21 16:00:00,Casey,237.5974,4.7208,4.7208,0.0000,0.0000,232.8766,0.0000,150.0000,237.5974,66.5273,65.2054,1.3218,1.99,100.00
2010-11-21 17:00:00,Casey,245.5152,11.3634,11.3634,0.0000,0.0000,234.1518,0.0000,150.0000,245.5152,68.7443,65.5625,3.1818,4.63,100.00
2010-11-21 18:00:00,Casey,212.4266,6.2716,6.2716,0.0000,0.0000,206.1550,0.0000,150.0000,212.4266,59.4794,57.7234,1.7560,2.95,100.00
2010-11-21 19:00:00,Casey,195.3434,8.8793,8.8793,0.0000,0.0000,186.4641,0.0000,150.0000,195.3434,54.6962,52.2099,2.4862,4.55,100.00
2010-11-21 20:00:00,Casey,213.3577,9.4565,9.4565,0.0000,0.0000,203.9012,0.0000,150.0000,213.3577,59.7402,57.0923,2.6478,4.43,100.00
2010-11-21 21:00:00,Casey,186.1007,22.9949,22.9949,0.0000,0.0000,163.1058,0.0000,150.0000,186.1007,52.1082,45.6696,6.4386,12.36,100.00
2010-11-21 22:00:00,Casey,198.7327,21.0393,21.0393,0.0000,0.0000,177.6934,0.0000,150.0000,198.7327,55.6452,49.7542,5.8910,10.59,100.00
2010-11-21 23:00:00,Casey,200.9683,6.8725,6.8725,0.0000,0.0000,194.0958,0.0000,150.0000,200.9683,56.2711,54.3468,1.9243,3.42,100.00
2010-11-22 00:00:00,Casey,213.2475,25.4897,25.4897,0.0000,0.0000,187.7578,0.0000,150.0000,213.2475,59.7093,52.5722,7.1371,11.95,100.00
2010-11-22 01:00:00,Casey,200.7283,14.9279,14.9279,0.0000,0.0000,185.8004,0.0000,150.0000,200.7283,56.2039,52.0241,4.1798,7.44,100.00
2010-11-22 02:00:00,Casey,188.2712,18.0808,18.0808,0.0000,0.0000,170.1904,0.0000,150.0000,188.2712,52.7159,47.6533,5.0626,9.60,100.00
2010-11-22 03:00:00,Casey,207.3014,25.4215,25.4215,0.0000,0.0000,181.8799,0.0000,150.0000,207.3014,58.0444,50.9264,7.1180,12.26,100.00
2010-11-22 04:00:00,Casey,205.0149,23.3711,23.3711,0.0000,0.0000,181.6438,0.0000,150.0000,205.0149,57.4042,50.8603,6.5439,11.40,100.00
2010-11-22 05:00:00,Casey,188.1070,11.8691,11.8691,0.0000,0.0000,176.2379,0.0000,150.0000,188.1070,52.6700,49.3466,3.3233,6.31,100.00
2010-11-22 06:00:00,Casey,228.5964,14.2740,14.2740,0.0000,0.0000,214.3224,0.0000,150.0000,228.5964,64.0070,60.0103,3.9967,6.24,100.00
2010-11-22 07:00:00,Casey,179.1078,34.4981,34.4981,0.0000,0.0000,144.6097,0.0000,150.0000,179.1078,50.1502,40.4907,9.6595,19.26,100.00
2010-11-22 08:00:00,Casey,206.5244,17.0005,17.0005,0.0000,0.0000,189.5239,0.0000,150.0000,206.5244,57.8268,53.0667,4.7601,8.23,100.00
2010-11-22 09:00:00,Casey,180.7684,39.7589,39.7589,0.0000,0.0000,141.0095,0.0000,150.0000,180.7684,50.6152,39.4827,11.1325,21.99,100.00
2010-11-22 10:00:00,Casey,215.4256,60.4132,60.4132,0.0000,0.0000,155.0124,0.0000,150.0000,215.4256,60.3192,43.4035,16.9157,28.04,100.00
2010-11-22 11:00:00,Casey,235.7048,69.1547,69.1547,0.0000,0.0000,166.5501,0.0000,150.0000,235.7048,65.9973,46.6340,19.3633,29.34,100.00
2010-11-22 12:00:00,Casey,199.8572,66.1232,66.1232,0.0000,0.0000,133.7340,0.0000,150.0000,199.8572,55.9600,37.4455,18.5145,33.09,100.00
2010-11-22 13:00:00,Casey,208.0914,69.7587,69.7587,0.0000,0.0000,138.3327,0.0000,150.0000,208.0914,58.2656,38.7332,19.5324,33.52,100.00
2010-11-22 14:00:00,Casey,191.3697,51.4009,51.4009,0.0000,0.0000,139.9688,0.0000,150.0000,191.3697,53.5835,39.1913,14.3923,26.86,100.00
2010-11-22 15:00:00,Casey,232.6222,28.3905,28.3905,0.0000,0.0000,204.2317,0.0000,150.0000,232.6222,65.1342,57.1849,7.9493,12.20,100.00
2010-11-22 16:00:00,Casey,196.1462,12.0223,12.0223,0.0000,0.0000,184.1239,0.0000,150.0000,196.1462,54.9209,51.5547,3.3662,6.13,100.00
2010-11-22 17:00:00,Casey,232.3577,19.0593,19.0593,0.0000,0.0000,213.2984,0.0000,150.0000,232.3577,65.0602,59.7236,5.3366,8.20,100.00
2010-11-22 18:00:00,Casey,240.7481,3.0263,3.0263,0.0000,0.0000,237.7218,0.0000,150.0000,240.7481,67.4095,66.5621,0.8474,1.26,100.00
2010-11-22 19:00:00,Casey,237.9626,7.5883,7.5883,0.0000,0.0000,230.3743,0.0000,150.0000,237.9626,66.6295,64.5048,2.1247,3.19,100.00
2010-11-22 20:00:00,Casey,204.1456,10.5683,10.5683,0.0000,0.0000,193.5773,0.0000,150.0000,204.1456,57.1608,54.2016,2.9591,5.18,100.00
2010-11-22 21:00:00,Casey,222.7472,13.5174,13.5174,0.0000,0.0000,209.2298,0.0000,150.0000,222.7472,62.3692,58.5843,3.7849,6.07,100.00
2010-11-22 22:00:00,Casey,207.9561,2.9498,2.9498,0.0000,0.0000,205.0063,0.0000,150.0000,207.9561,58.2277,57.4018,0.8259,1.42,100.00
2010-11-22 23:00:00,Casey,195.3291,4.3735,4.3735,0.0000,0.0000,190.9556,0.0000,150.0000,195.3291,54.6921,53.4676,1.2246,2.24,100.00
2010-11-23 00:00:00,Casey,171.0030,27.5847,27.5847,0.0000,0.0000,143.4183,0.0000,150.0000,171.0030,47.8808,40.1571,7.7237,16.13,100.00
2010-11-23 01:00:00,Casey,186.0617,43.3194,43.3194,0.0000,0.0000,142.7423,0.0000,150.0000,186.0617,52.0973,39.9678,12.1294,23.28,100.00
2010-11-23 02:00:00,Casey,204.5174,7.2100,7.2100,0.0000,0.0000,197.3074,0.0000,150.0000,204.5174,57.2649,55.2461,2.0188,3.53,100.00
2010-11-23 03:00:00,Casey,206.5347,63.2214,63.2214,0.0000,0.0000,143.3133,0.0000,150.0000,206.5347,57.8297,40.1277,17.7020,30.61,100.00
2010-11-23 04:00:00,Casey,183.2721,12.9300,12.9300,0.0000,0.0000,170.3421,0.0000,150.0000,183.2721,51.3162,47.6958,3.6204,7.06,100.00
2010-11-23 05:00:00,Casey,221.3566,36.5874,36.5874,0.0000,0.0000,184.7692,0.0000,150.0000,221.3566,61.9798,51.7354,10.2445,16.53,100.00
2010-11-23 06:00:00,Casey,231.4932,27.4172,27.4172,0.0000,0.0000,204.0760,0.0000,150.0000,231.4932,64.8181,57.1413,7.6768,11.84,100.00
2010-11-23 07:00:00,Casey,223.0823,15.1417,15.1417,0.0000,0.0000,207.9406,0.0000,150.0000,223.0823,62.4630,58.2234,4.2397,6.79,100.00
2010-11-23 08:00:00,Casey,209.6747,14.9442,14.9442,0.0000,0.0000,194.7305,0.0000,150.0000,209.6747,58.7089,54.5245,4.1844,7.13,100.00
2010-11-23 09:00:00,Casey,226.7889,26.7583,26.7583,0.0000,0.0000,200.0306,0.0000,150.0000,226.7889,63.5009,56.0086,7.4923,11.80,100.00
2010-11-23 10:00:00,Casey,225.6792,50.0923,50.0923,0.0000,0.0000,175.5869,0.0000,150.0000,225.6792,63.1902,49.1643,14.0258,22.20,100.00
2010-11-23 11:00:00,Casey,217.6038,65.6286,65.6286,0.0000,0.0000,151.9752,0.0000,150.0000,217.6038,60.9291,42.5531,18.3760,30.16,100.00
2010-11-23 12:00:00,Casey,216.2157,71.0260,71.0260,0.0000,0.0000,145.1897,0.0000,150.0000,216.2157,60.5404,40.6531,19.8873,32.85,100.00
2010-11-23 13:00:00,Casey,196.2968,54.1209,54.1209,0.0000,0.0000,142.1759,0.0000,150.0000,196.2968,54.9631,39.8093,15.1539,27.57,100.00
2010-11-23 14:00:00,Casey,202.7705,55.2211,55.2211,0.0000,0.0000,147.5494,0.0000,150.0000,202.7705,56.7757,41.3138,15.4619,27.23,100.00
2010-11-23 15:00:00,Casey,214.5879,23.8662,23.8662,0.0000,0.0000,190.7217,0.0000,150.0000,214.5879,60.0846,53.4021,6.6825,11.12,100.00
2010-11-23 16:00:00,Casey,197.6523,8.1222,8.1222,0.0000,0.0000,189.5301,0.0000,150.0000,197.6523,55.3426,53.0684,2.2742,4.11,100.00
2010-11-23 17:00:00,Casey,232.7564,12.6087,12.6087,0.0000,0.0000,220.1477,0.0000,150.0000,232.7564,65.1718,61.6414,3.5304,5.42,100.00
2010-11-23 18:00:00,Casey,233.3338,5.2892,5.2892,0.0000,0.0000,228.0446,0.0000,150.0000,233.3338,65.3335,63.8525,1.4810,2.27,100.00
2010-11-23 19:00:00,Casey,226.3614,9.0685,9.0685,0.0000,0.0000,217.2929,0.0000,150.0000,226.3614,63.3812,60.8420,2.5392,4.01,100.00
2010-11-23 20:00:00,Casey,200.4894,6.7777,6.7777,0.0000,0.0000,193.7117,0.0000,150.0000,200.4894,56.1370,54.2393,1.8978,3.38,100.00
2010-11-23 21:00:00,Casey,217.1793,27.0270,27.0270,0.0000,0.0000,190.1523,0.0000,150.0000,217.1793,60.8102,53.2426,7.5676,12.44,100.00
2010-11-23 22:00:00,Casey,194.9544,13.2049,13.2049,0.0000,0.0000,181.7495,0.0000,150.0000,194.9544,54.5872,50.8899,3.6974,6.77,100.00
2010-11-23 23:00:00,Casey,212.4435,13.3122,13.3122,0.0000,0.0000,199.1313,0.0000,150.0000,212.4435,59.4842,55.7568,3.7274,6.27,100.00
2010-11-24 00:00:00,Casey,206.0786,206.8872,206.0786,0.8086,0.0000,0.0000,0.0000,150.7682,206.0786,57.7020,0.0000,57.7020,100.00,100.00
2010-11-24 01:00:00,Casey,179.8516,11.7313,11.7313,0.0000,0.7298,167.3905,0.0000,150.0000,179.8516,50.3584,46.8694,3.4891,6.93,100.00
2010-11-24 02:00:00,Casey,189.7172,22.4855,22.4855,0.0000,0.0000,167.2317,0.0000,150.0000,189.7172,53.1208,46.8249,6.2959,11.85,100.00
2010-11-24 03:00:00,Casey,209.9639,62.1024,62.1024,0.0000,0.0000,147.8615,0.0000,150.0000,209.9639,58.7899,41.4012,17.3887,29.58,100.00
2010-11-24 04:00:00,Casey,197.7133,48.1154,48.1154,0.0000,0.0000,149.5979,0.0000,150.0000,197.7133,55.3597,41.8874,13.4723,24.34,100.00
2010-11-24 05:00:00,Casey,195.5818,32.7330,32.7330,0.0000,0.0000,162.8488,0.0000,150.0000,195.5818,54.7629,45.5977,9.1652,16.74,100.00
2010-11-24 06:00:00,Casey,177.3402,52.8495,52.8495,0.0000,0.0000,124.4907,0.0000,150.0000,177.3402,49.6553,34.8574,14.7979,29.80,100.00
2010-11-24 07:00:00,Casey,199.8785,50.1480,50.1480,0.0000,0.0000,149.7305,0.0000,150.0000,199.8785,55.9660,41.9245,14.0414,25.09,100.00
2010-11-24 08:00:00,Casey,219.6564,43.1617,43.1617,0.0000,0.0000,176.4947,0.0000,150.0000,219.6564,61.5038,49.4185,12.0853,19.65,100.00
2010-11-24 09:00:00,Casey,217.9424,47.6285,47.6285,0.0000,0.0000,170.3139,0.0000,150.0000,217.9424,61.0239,47.6879,13.3360,21.85,100.00
2010-11-24 10:00:00,Casey,206.3343,48.2692,48.2692,0.0000,0.0000,158.0651,0.0000,150.0000,206.3343,57.7736,44.2582,13.5154,23.39,100.00
2010-11-24 11:00:00,Casey,209.3102,68.6194,68.6194,0.0000,0.0000,140.6908,0.0000,150.0000,209.3102,58.6069,39.3934,19.2134,32.78,100.00
2010-11-24 12:00:00,Casey,199.9058,72.6640,72.6640,0.0000,0.0000,127.2418,0.0000,150.0000,199.9058,55.9736,35.6277,20.3459,36.35,100.00
2010-11-24 13:00:00,Casey,232.9086,75.2309,75.2309,0.0000,0.0000,157.6777,0.0000,150.0000,232.9086,65.2144,44.1498,21.0647,32.30,100.00
2010-11-24 14:00:00,Casey,203.7542,58.5440,58.5440,0.0000,0.0000,145.2102,0.0000,150.0000,203.7542,57.0512,40.6589,16.3923,28.73,100.00
2010-11-24 15:00:00,Casey,194.0865,23.8177,23.8177,0.0000,0.0000,170.2688,0.0000,150.0000,194.0865,54.3442,47.6753,6.6690,12.27,100.00
2010-11-24 16:00:00,Casey,248.9189,24.4479,24.4479,0.0000,0.0000,224.4710,0.0000,150.0000,248.9189,69.6973,62.8519,6.8454,9.82,100.00
2010-11-24 17:00:00,Casey,220.5669,12.3564,12.3564,0.0000,0.0000,208.2105,0.0000,150.0000,220.5669,61.7587,58.2989,3.4598,5.60,100.00
2010-11-24 18:00:00,Casey,201.2451,2.3859,2.3859,0.0000,0.0000,198.8592,0.0000,150.0000,201.2451,56.3486,55.6806,0.6681,1.19,100.00
2010-11-24 19:00:00,Casey,224.1094,2.4990,2.4990,0.0000,0.0000,221.6104,0.0000,150.0000,224.1094,62.7506,62.0509,0.6997,1.12,100.00
2010-11-24 20:00:00,Casey,201.0944,24.1852,24.1852,0.0000,0.0000,176.9092,0.0000,150.0000,201.0944,56.3064,49.5346,6.7719,12.03,100.00
2010-11-24 21:00:00,Casey,202.9523,21.2223,21.2223,0.0000,0.0000,181.7300,0.0000,150.0000,202.9523,56.8266,50.8844,5.9422,10.46,100.00
2010-11-24 22:00:00,Casey,177.1494,13.1628,13.1628,0.0000,0.0000,163.9866,0.0000,150.0000,177.1494,49.6018,45.9162,3.6856,7.43,100.00
2010-11-24 23:00:00,Casey,172.3843,19.2739,19.2739,0.0000,0.0000,153.1104,0.0000,150.0000,172.3843,48.2676,42.8709,5.3967,11.18,100.00
2010-11-25 00:00:00,Casey,186.4566,35.2468,35.2468,0.0000,0.0000,151.2098,0.0000,150.0000,186.4566,52.2078,42.3387,9.8691,18.90,100.00
2010-11-25 01:00:00,Casey,203.1625,15.7847,15.7847,0.0000,0.0000,187.3778,0.0000,150.0000,203.1625,56.8855,52.4658,4.4197,7.77,100.00
2010-11-25 02:00:00,Casey,197.2607,61.6834,61.6834,0.0000,0.0000,135.5773,0.0000,150.0000,197.2607,55.2330,37.9616,17.2714,31.27,100.00
2010-11-25 03:00:00,Casey,195.8300,25.7419,25.7419,0.0000,0.0000,170.0881,0.0000,150.0000,195.8300,54.8324,47.6247,7.2077,13.15,100.00
2010-11-25 04:00:00,Casey,197.4769,51.9118,51.9118,0.0000,0.0000,145.5651,0.0000,150.0000,197.4769,55.2935,40.7582,14.5353,26.29,100.00
2010-11-25 05:00:00,Casey,181.0893,124.9793,124.9793,0.0000,0.0000,56.1100,0.0000,150.0000,181.0893,50.7050,15.7108,34.9942,69.02,100.00
2010-11-25 06:00:00,Casey,193.1505,29.1162,29.1162,0.0000,0.0000,164.0343,0.0000,150.0000,193.1505,54.0821,45.9296,8.1525,15.07,100.00
2010-11-25 07:00:00,Casey,206.9811,51.7333,51.7333,0.0000,0.0000,155.2478,0.0000,150.0000,206.9811,57.9547,43.4694,14.4853,24.99,100.00
2010-11-25 08:00:00,Casey,210.7371,18.7203,18.7203,0.0000,0.0000,192.0168,0.0000,150.0000,210.7371,59.0064,53.7647,5.2417,8.88,100.00
2010-11-25 09:00:00,Casey,211.5581,30.0379,30.0379,0.0000,0.0000,181.5202,0.0000,150.0000,211.5581,59.2363,50.8257,8.4106,14.20,100.00
2010-11-25 10:00:00,Casey,221.2240,54.1361,54.1361,0.0000,0.0000,167.0879,0.0000,150.0000,221.2240,61.9427,46.7846,15.1581,24.47,100.00
2010-11-25 11:00:00,Casey,216.7883,63.8123,63.8123,0.0000,0.0000,152.9760,0.0000,150.0000,216.7883,60.7007,42.8333,17.8674,29.44,100.00
2010-11-25 12:00:00,Casey,204.9462,73.8296,73.8296,0.0000,0.0000,131.1166,0.0000,150.0000,204.9462,57.3849,36.7126,20.6723,36.02,100.00
2010-11-25 13:00:00,Casey,214.3373,65.8333,65.8333,0.0000,0.0000,148.5040,0.0000,150.0000,214.3373,60.0144,41.5811,18.4333,30.71,100.00
2010-11-25 14:00:00,Casey,209.2628,46.5244,46.5244,0.0000,0.0000,162.7384,0.0000,150.0000,209.2628,58.5936,45.5668,13.0268,22.23,100.00
2010-11-25 15:00:00,Casey,205.2436,16.8481,16.8481,0.0000,0.0000,188.3955,0.0000,150.0000,205.2436,57.4682,52.7507,4.7175,8.21,100.00
2010-11-25 16:00:00,Casey,220.7377,9.8031,9.8031,0.0000,0.0000,210.9346,0.0000,150.0000,220.7377,61.8066,59.0617,2.7449,4.44,100.00
2010-11-25 17:00:00,Casey,232.2642,9.5056,9.5056,0.0000,0.0000,222.7586,0.0000,150.0000,232.2642,65.0340,62.3724,2.6616,4.09,100.00
2010-11-25 18:00:00,Casey,213.0005,9.5882,9.5882,0.0000,0.0000,203.4123,0.0000,150.0000,213.0005,59.6401,56.9554,2.6847,4.50,100.00
2010-11-25 19:00:00,Casey,236.0713,1.4763,1.4763,0.0000,0.0000,234.5950,0.0000,150.0000,236.0713,66.1000,65.6866,0.4134,0.63,100.00
2010-11-25 20:00:00,Casey,201.3539,2.1393,2.1393,0.0000,0.0000,199.2146,0.0000,150.0000,201.3539,56.3791,55.7801,0.5990,1.06,100.00
2010-11-25 21:00:00,Casey,207.4302,9.4296,9.4296,0.0000,0.0000,198.0006,0.0000,150.0000,207.4302,58.0805,55.4402,2.6403,4.55,100.00
2010-11-25 22:00:00,Casey,193.2400,24.2021,24.2021,0.0000,0.0000,169.0379,0.0000,150.0000,193.2400,54.1072,47.3306,6.7766,12.52,100.00
2010-11-25 23:00:00,Casey,192.2667,9.7420,9.7420,0.0000,0.0000,182.5247,0.0000,150.0000,192.2667,53.8347,51.1069,2.7278,5.07,100.00
2010-11-26 00:00:00,Casey,182.3136,48.7896,48.7896,0.0000,0.0000,133.5240,0.0000,150.0000,182.3136,51.0478,37.3867,13.6611,26.76,100.00
2010-11-26 01:00:00,Casey,193.9008,38.7645,38.7645,0.0000,0.0000,155.1363,0.0000,150.0000,193.9008,54.2922,43.4382,10.8541,19.99,100.00
2010-11-26 02:00:00,Casey,217.5853,11.5987,11.5987,0.0000,0.0000,205.9866,0.0000,150.0000,217.5853,60.9239,57.6762,3.2476,5.33,100.00
2010-11-26 03:00:00,Casey,179.2837,4.9586,4.9586,0.0000,0.0000,174.3251,0.0000,150.0000,179.2837,50.1994,48.8110,1.3884,2.77,100.00
2010-11-26 04:00:00,Casey,187.3547,54.4999,54.4999,0.0000,0.0000,132.8548,0.0000,150.0000,187.3547,52.4593,37.1993,15.2600,29.09,100.00
2010-11-26 05:00:00,Casey,186.6667,62.7470,62.7470,0.0000,0.0000,123.9197,0.0000,150.0000,186.6667,52.2667,34.6975,17.5692,33.61,100.00
2010-11-26 06:00:00,Casey,218.0607,25.5107,25.5107,0.0000,0.0000,192.5500,0.0000,150.0000,218.0607,61.0570,53.9140,7.1430,11.70,100.00
2010-11-26 07:00:00,Casey,215.7037,28.1271,28.1271,0.0000,0.0000,187.5766,0.0000,150.0000,215.7037,60.3970,52.5214,7.8756,13.04,100.00
2010-11-26 08:00:00,Casey,201.6407,44.0380,44.0380,0.0000,0.0000,157.6027,0.0000,150.0000,201.6407,56.4594,44.1288,12.3306,21.84,100.00
2010-11-26 09:00:00,Casey,194.5442,17.7587,17.7587,0.0000,0.0000,176.7855,0.0000,150.0000,194.5442,54.4724,49.4999,4.9724,9.13,100.00
2010-11-26 10:00:00,Casey,198.2748,63.4950,63.4950,0.0000,0.0000,134.7798,0.0000,150.0000,198.2748,55.5169,37.7383,17.7786,32.02,100.00
2010-11-26 11:00:00,Casey,210.6462,66.3468,66.3468,0.0000,0.0000,144.2994,0.0000,150.0000,210.6462,58.9809,40.4038,18.5771,31.50,100.00
2010-11-26 12:00:00,Casey,208.2270,64.0392,64.0392,0.0000,0.0000,144.1878,0.0000,150.0000,208.2270,58.3036,40.3726,17.9310,30.75,100.00
2010-11-26 13:00:00,Casey,186.7739,60.7370,60.7370,0.0000,0.0000,126.0369,0.0000,150.0000,186.7739,52.2967,35.2903,17.0064,32.52,100.00
2010-11-26 14:00:00,Casey,167.9096,43.6246,43.6246,0.0000,0.0000,124.2850,0.0000,150.0000,167.9096,47.0147,34.7998,12.2149,25.98,100.00
2010-11-26 15:00:00,Casey,204.6432,37.2751,37.2751,0.0000,0.0000,167.3681,0.0000,150.0000,204.6432,57.3001,46.8631,10.4370,18.21,100.00
2010-11-26 16:00:00,Casey,195.7958,6.1898,6.1898,0.0000,0.0000,189.6060,0.0000,150.0000,195.7958,54.8228,53.0897,1.7331,3.16,100.00
2010-11-26 17:00:00,Casey,214.6763,4.3219,4.3219,0.0000,0.0000,210.3544,0.0000,150.0000,214.6763,60.1094,58.8992,1.2101,2.01,100.00
2010-11-26 18:00:00,Casey,225.7198,12.4679,12.4679,0.0000,0.0000,213.2519,0.0000,150.0000,225.7198,63.2015,59.7105,3.4910,5.52,100.00
2010-11-26 19:00:00,Casey,225.8089,8.5250,8.5250,0.0000,0.0000,217.2839,0.0000,150.0000,225.8089,63.2265,60.8395,2.3870,3.78,100.00
2010-11-26 20:00:00,Casey,207.8368,23.7771,23.7771,0.0000,0.0000,184.0597,0.0000,150.0000,207.8368,58.1943,51.5367,6.6576,11.44,100.00
2010-11-26 21:00:00,Casey,218.4292,25.0509,25.0509,0.0000,0.0000,193.3783,0.0000,150.0000,218.4292,61.1602,54.1459,7.0143,11.47,100.00
2010-11-26 22:00:00,Casey,187.3409,13.2049,13.2049,0.0000,0.0000,174.1360,0.0000,150.0000,187.3409,52.4555,48.7581,3.6974,7.05,100.00
2010-11-26 23:00:00,Casey,189.9953,35.7508,35.7508,0.0000,0.0000,154.2445,0.0000,150.0000,189.9953,53.1987,43.1885,10.0102,18.82,100.00
2010-11-27 00:00:00,Casey,173.3158,28.5691,28.5691,0.0000,0.0000,144.7467,0.0000,150.0000,173.3158,48.5284,40.5291,7.9993,16.48,100.00
2010-11-27 01:00:00,Casey,167.0925,54.7638,54.7638,0.0000,0.0000,112.3287,0.0000,150.0000,167.0925,46.7859,31.4520,15.3339,32.77,100.00
2010-11-27 02:00:00,Casey,208.6251,16.7475,16.7475,0.0000,0.0000,191.8776,0.0000,150.0000,208.6251,58.4150,53.7257,4.6893,8.03,100.00
2010-11-27 03:00:00,Casey,192.0184,56.7584,56.7584,0.0000,0.0000,135.2600,0.0000,150.0000,192.0184,53.7652,37.8728,15.8924,29.56,100.00
2010-11-27 04:00:00,Casey,209.1695,10.3679,10.3679,0.0000,0.0000,198.8016,0.0000,150.0000,209.1695,58.5675,55.6644,2.9030,4.96,100.00
2010-11-27 05:00:00,Casey,223.7446,65.7894,65.7894,0.0000,0.0000,157.9552,0.0000,150.0000,223.7446,62.6485,44.2275,18.4210,29.40,100.00
2010-11-27 06:00:00,Casey,215.4734,30.6672,30.6672,0.0000,0.0000,184.8062,0.0000,150.0000,215.4734,60.3326,51.7457,8.5868,14.23,100.00
2010-11-27 07:00:00,Casey,209.7624,14.8178,14.8178,0.0000,0.0000,194.9446,0.0000,150.0000,209.7624,58.7335,54.5845,4.1490,7.06,100.00
2010-11-27 08:00:00,Casey,224.6939,30.0959,30.0959,0.0000,0.0000,194.5980,0.0000,150.0000,224.6939,62.9143,54.4874,8.4269,13.39,100.00
2010-11-27 09:00:00,Casey,179.8542,48.7480,48.7480,0.0000,0.0000,131.1062,0.0000,150.0000,179.8542,50.3592,36.7097,13.6494,27.10,100.00
2010-11-27 10:00:00,Casey,202.7062,62.9709,62.9709,0.0000,0.0000,139.7353,0.0000,150.0000,202.7062,56.7577,39.1259,17.6319,31.07,100.00
2010-11-27 11:00:00,Casey,243.3696,61.2185,61.2185,0.0000,0.0000,182.1511,0.0000,150.0000,243.3696,68.1435,51.0023,17.1412,25.15,100.00
2010-11-27 12:00:00,Casey,203.2050,64.5166,64.5166,0.0000,0.0000,138.6884,0.0000,150.0000,203.2050,56.8974,38.8328,18.0646,31.75,100.00
2010-11-27 13:00:00,Casey,216.2363,64.8902,64.8902,0.0000,0.0000,151.3461,0.0000,150.0000,216.2363,60.5462,42.3769,18.1693,30.01,100.00
2010-11-27 14:00:00,Casey,197.9636,46.3575,46.3575,0.0000,0.0000,151.6061,0.0000,150.0000,197.9636,55.4298,42.4497,12.9801,23.42,100.00
2010-11-27 15:00:00,Casey,211.1634,25.6458,25.6458,0.0000,0.0000,185.5176,0.0000,150.0000,211.1634,59.1258,51.9449,7.1808,12.15,100.00
2010-11-27 16:00:00,Casey,213.0859,4.7393,4.7393,0.0000,0.0000,208.3466,0.0000,150.0000,213.0859,59.6641,58.3370,1.3270,2.22,100.00
2010-11-27 17:00:00,Casey,253.5293,5.5051,5.5051,0.0000,0.0000,248.0242,0.0000,150.0000,253.5293,70.9882,69.4468,1.5414,2.17,100.00
2010-11-27 18:00:00,Casey,229.9607,14.4017,14.4017,0.0000,0.0000,215.5590,0.0000,150.0000,229.9607,64.3890,60.3565,4.0325,6.26,100.00
2010-11-27 19:00:00,Casey,261.3135,15.6643,15.6643,0.0000,0.0000,245.6492,0.0000,150.0000,261.3135,73.1678,68.7818,4.3860,5.99,100.00
2010-11-27 20:00:00,Casey,197.5287,4.4554,4.4554,0.0000,0.0000,193.0733,0.0000,150.0000,197.5287,55.3080,54.0605,1.2475,2.26,100.00
2010-11-27 21:00:00,Casey,181.4002,19.3864,19.3864,0.0000,0.0000,162.0138,0.0000,150.0000,181.4002,50.7921,45.3639,5.4282,10.69,100.00
2010-11-27 22:00:00,Casey,191.8268,11.4635,11.4635,0.0000,0.0000,180.3633,0.0000,150.0000,191.8268,53.7115,50.5017,3.2098,5.98,100.00
2010-11-27 23:00:00,Casey,196.9227,7.9264,7.9264,0.0000,0.0000,188.9963,0.0000,150.0000,196.9227,55.1384,52.9190,2.2194,4.03,100.00
2010-11-28 00:00:00,Casey,186.4820,33.7682,33.7682,0.0000,0.0000,152.7138,0.0000,150.0000,186.4820,52.2150,42.7599,9.4551,18.11,100.00
2010-11-28 01:00:00,Casey,186.7152,8.3209,8.3209,0.0000,0.0000,178.3943,0.0000,150.0000,186.7152,52.2803,49.9504,2.3299,4.46,100.00
2010-11-28 02:00:00,Casey,200.7533,40.0086,40.0086,0.0000,0.0000,160.7447,0.0000,150.0000,200.7533,56.2109,45.0085,11.2024,19.93,100.00
2010-11-28 03:00:00,Casey,189.0896,18.1549,18.1549,0.0000,0.0000,170.9347,0.0000,150.0000,189.0896,52.9451,47.8617,5.0834,9.60,100.00
2010-11-28 04:00:00,Casey,212.4685,12.9226,12.9226,0.0000,0.0000,199.5459,0.0000,150.0000,212.4685,59.4912,55.8729,3.6183,6.08,100.00
2010-11-28 05:00:00,Casey,177.7774,46.4093,46.4093,0.0000,0.0000,131.3681,0.0000,150.0000,177.7774,49.7777,36.7831,12.9946,26.11,100.00
2010-11-28 06:00:00,Casey,230.4741,13.8341,13.8341,0.0000,0.0000,216.6400,0.0000,150.0000,230.4741,64.5327,60.6592,3.8735,6.00,100.00
2010-11-28 07:00:00,Casey,208.2426,13.5015,13.5015,0.0000,0.0000,194.7411,0.0000,150.0000,208.2426,58.3079,54.5275,3.7804,6.48,100.00
2010-11-28 08:00:00,Casey,192.8016,64.8929,64.8929,0.0000,0.0000,127.9087,0.0000,150.0000,192.8016,53.9844,35.8144,18.1700,33.66,100.00
2010-11-28 09:00:00,Casey,217.7277,52.1825,52.1825,0.0000,0.0000,165.5452,0.0000,150.0000,217.7277,60.9638,46.3527,14.6111,23.97,100.00
2010-11-28 10:00:00,Casey,236.3535,66.9313,66.9313,0.0000,0.0000,169.4222,0.0000,150.0000,236.3535,66.1790,47.4382,18.7408,28.32,100.00
2010-11-28 11:00:00,Casey,200.8866,66.1644,66.1644,0.0000,0.0000,134.7222,0.0000,150.0000,200.8866,56.2482,37.7222,18.5260,32.94,100.00
2010-11-28 12:00:00,Casey,207.9605,71.9038,71.9038,0.0000,0.0000,136.0567,0.0000,150.0000,207.9605,58.2289,38.0959,20.1331,34.58,100.00
2010-11-28 13:00:00,Casey,205.9229,61.4961,61.4961,0.0000,0.0000,144.4268,0.0000,150.0000,205.9229,57.6584,40.4395,17.2189,29.86,100.00
2010-11-28 14:00:00,Casey,218.4475,59.6952,59.6952,0.0000,0.0000,158.7523,0.0000,150.0000,218.4475,61.1653,44.4506,16.7147,27.33,100.00
2010-11-28 15:00:00,Casey,220.3216,21.5742,21.5742,0.0000,0.0000,198.7474,0.0000,150.0000,220.3216,61.6900,55.6493,6.0408,9.79,100.00
2010-11-28 16:00:00,Casey,177.1104,12.4181,12.4181,0.0000,0.0000,164.6923,0.0000,150.0000,177.1104,49.5909,46.1138,3.4771,7.01,100.00
2010-11-28 17:00:00,Casey,230.4513,5.0616,5.0616,0.0000,0.0000,225.3897,0.0000,150.0000,230.4513,64.5264,63.1091,1.4172,2.20,100.00
2010-11-28 18:00:00,Casey,236.5912,24.3524,24.3524,0.0000,0.0000,212.2388,0.0000,150.0000,236.5912,66.2455,59.4269,6.8187,10.29,100.00
2010-11-28 19:00:00,Casey,225.0589,9.5965,9.5965,0.0000,0.0000,215.4624,0.0000,150.0000,225.0589,63.0165,60.3295,2.6870,4.26,100.00
2010-11-28 20:00:00,Casey,197.5351,0.6738,0.6738,0.0000,0.0000,196.8613,0.0000,150.0000,197.5351,55.3098,55.1212,0.1887,0.34,100.00
2010-11-28 21:00:00,Casey,208.1014,25.8223,25.8223,0.0000,0.0000,182.2791,0.0000,150.0000,208.1014,58.2684,51.0381,7.2302,12.41,100.00
2010-11-28 22:00:00,Casey,213.8895,32.4684,32.4684,0.0000,0.0000,181.4211,0.0000,150.0000,213.8895,59.8891,50.7979,9.0912,15.18,100.00
2010-11-28 23:00:00,Casey,166.7091,24.1112,24.1112,0.0000,0.0000,142.5979,0.0000,150.0000,166.7091,46.6785,39.9274,6.7511,14.46,100.00
2010-11-29 00:00:00,Casey,194.6187,14.5751,14.5751,0.0000,0.0000,180.0436,0.0000,150.0000,194.6187,54.4932,50.4122,4.0810,7.49,100.00
2010-11-29 01:00:00,Casey,212.8469,44.6724,44.6724,0.0000,0.0000,168.1745,0.0000,150.0000,212.8469,59.5971,47.0889,12.5083,20.99,100.00
2010-11-29 02:00:00,Casey,180.9111,2.3028,2.3028,0.0000,0.0000,178.6083,0.0000,150.0000,180.9111,50.6551,50.0103,0.6448,1.27,100.00
2010-11-29 03:00:00,Casey,195.9183,20.1782,20.1782,0.0000,0.0000,175.7401,0.0000,150.0000,195.9183,54.8571,49.2072,5.6499,10.30,100.00
2010-11-29 04:00:00,Casey,200.5393,34.5326,34.5326,0.0000,0.0000,166.0067,0.0000,150.0000,200.5393,56.1510,46.4819,9.6691,17.22,100.00
2010-11-29 05:00:00,Casey,195.7521,17.4048,17.4048,0.0000,0.0000,178.3473,0.0000,150.0000,195.7521,54.8106,49.9372,4.8733,8.89,100.00
2010-11-29 06:00:00,Casey,217.1481,28.7198,28.7198,0.0000,0.0000,188.4283,0.0000,150.0000,217.1481,60.8015,52.7599,8.0415,13.23,100.00
2010-11-29 07:00:00,Casey,210.0235,72.8408,72.8408,0.0000,0.0000,137.1827,0.0000,150.0000,210.0235,58.8066,38.4112,20.3954,34.68,100.00
2010-11-29 08:00:00,Casey,206.0450,65.8697,65.8697,0.0000,0.0000,140.1753,0.0000,150.0000,206.0450,57.6926,39.2491,18.4435,31.97,100.00
2010-11-29 09:00:00,Casey,222.8826,78.1010,78.1010,0.0000,0.0000,144.7816,0.0000,150.0000,222.8826,62.4071,40.5388,21.8683,35.04,100.00
2010-11-29 10:00:00,Casey,202.0600,61.2997,61.2997,0.0000,0.0000,140.7603,0.0000,150.0000,202.0600,56.5768,39.4129,17.1639,30.34,100.00
2010-11-29 11:00:00,Casey,226.0567,73.4262,73.4262,0.0000,0.0000,152.6305,0.0000,150.0000,226.0567,63.2959,42.7365,20.5593,32.48,100.00
2010-11-29 12:00:00,Casey,196.7806,67.7781,67.7781,0.0000,0.0000,129.0025,0.0000,150.0000,196.7806,55.0986,36.1207,18.9779,34.44,100.00
2010-11-29 13:00:00,Casey,215.1787,71.9793,71.9793,0.0000,0.0000,143.1994,0.0000,150.0000,215.1787,60.2500,40.0958,20.1542,33.45,100.00
2010-11-29 14:00:00,Casey,186.0532,60.2996,60.2996,0.0000,0.0000,125.7536,0.0000,150.0000,186.0532,52.0949,35.2110,16.8839,32.41,100.00
2010-11-29 15:00:00,Casey,196.1609,26.4503,26.4503,0.0000,0.0000,169.7106,0.0000,150.0000,196.1609,54.9251,47.5190,7.4061,13.48,100.00
2010-11-29 16:00:00,Casey,217.4861,16.6265,16.6265,0.0000,0.0000,200.8596,0.0000,150.0000,217.4861,60.8961,56.2407,4.6554,7.64,100.00
2010-11-29 17:00:00,Casey,227.9410,16.1218,16.1218,0.0000,0.0000,211.8192,0.0000,150.0000,227.9410,63.8235,59.3094,4.5141,7.07,100.00
2010-11-29 18:00:00,Casey,235.6574,55.2749,55.2749,0.0000,0.0000,180.3825,0.0000,150.0000,235.6574,65.9841,50.5071,15.4770,23.46,100.00
2010-11-29 19:00:00,Casey,212.9104,6.5803,6.5803,0.0000,0.0000,206.3301,0.0000,150.0000,212.9104,59.6149,57.7724,1.8425,3.09,100.00
2010-11-29 20:00:00,Casey,232.7294,6.2223,6.2223,0.0000,0.0000,226.5071,0.0000,150.0000,232.7294,65.1642,63.4220,1.7422,2.67,100.00
2010-11-29 21:00:00,Casey,190.8036,18.8054,18.8054,0.0000,0.0000,171.9982,0.0000,150.0000,190.8036,53.4250,48.1595,5.2655,9.86,100.00
2010-11-29 22:00:00,Casey,192.5189,10.0419,10.0419,0.0000,0.0000,182.4770,0.0000,150.0000,192.5189,53.9053,51.0936,2.8117,5.22,100.00
2010-11-29 23:00:00,Casey,200.1868,6.9184,6.9184,0.0000,0.0000,193.2684,0.0000,150.0000,200.1868,56.0523,54.1152,1.9372,3.46,100.00
2010-11-30 00:00:00,Casey,192.6321,22.9507,22.9507,0.0000,0.0000,169.6814,0.0000,150.0000,192.6321,53.9370,47.5108,6.4262,11.91,100.00
2010-11-30 01:00:00,Casey,210.7493,61.9789,61.9789,0.0000,0.0000,148.7704,0.0000,150.0000,210.7493,59.0098,41.6557,17.3541,29.41,100.00
2010-11-30 02:00:00,Casey,215.5397,17.0531,17.0531,0.0000,0.0000,198.4866,0.0000,150.0000,215.5397,60.3511,55.5762,4.7749,7.91,100.00
2010-11-30 03:00:00,Casey,210.5442,47.0468,47.0468,0.0000,0.0000,163.4974,0.0000,150.0000,210.5442,58.9524,45.7793,13.1731,22.35,100.00
2010-11-30 04:00:00,Casey,203.3827,83.3238,83.3238,0.0000,0.0000,120.0589,0.0000,150.0000,203.3827,56.9472,33.6165,23.3307,40.97,100.00
2010-11-30 05:00:00,Casey,204.0184,42.7697,42.7697,0.0000,0.0000,161.2487,0.0000,150.0000,204.0184,57.1252,45.1496,11.9755,20.96,100.00
2010-11-30 06:00:00,Casey,193.3667,29.4992,29.4992,0.0000,0.0000,163.8675,0.0000,150.0000,193.3667,54.1427,45.8829,8.2598,15.26,100.00
2010-11-30 07:00:00,Casey,214.9276,11.1989,11.1989,0.0000,0.0000,203.7287,0.0000,150.0000,214.9276,60.1797,57.0440,3.1357,5.21,100.00
2010-11-30 08:00:00,Casey,201.8044,13.9035,13.9035,0.0000,0.0000,187.9009,0.0000,150.0000,201.8044,56.5052,52.6123,3.8930,6.89,100.00
2010-11-30 09:00:00,Casey,198.8795,52.0462,52.0462,0.0000,0.0000,146.8333,0.0000,150.0000,198.8795,55.6863,41.1133,14.5729,26.17,100.00
2010-11-30 10:00:00,Casey,195.2705,52.4253,52.4253,0.0000,0.0000,142.8452,0.0000,150.0000,195.2705,54.6757,39.9967,14.6791,26.85,100.00
2010-11-30 11:00:00,Casey,209.3236,66.4596,66.4596,0.0000,0.0000,142.8640,0.0000,150.0000,209.3236,58.6106,40.0019,18.6087,31.75,100.00
2010-11-30 12:00:00,Casey,224.6439,66.8989,66.8989,0.0000,0.0000,157.7450,0.0000,150.0000,224.6439,62.9003,44.1686,18.7317,29.78,100.00
2010-11-30 13:00:00,Casey,213.7505,73.2807,73.2807,0.0000,0.0000,140.4698,0.0000,150.0000,213.7505,59.8501,39.3315,20.5186,34.28,100.00
2010-11-30 14:00:00,Casey,215.1535,48.1836,48.1836,0.0000,0.0000,166.9699,0.0000,150.0000,215.1535,60.2430,46.7516,13.4914,22.39,100.00
2010-11-30 15:00:00,Casey,247.0305,38.6422,38.6422,0.0000,0.0000,208.3883,0.0000,150.0000,247.0305,69.1685,58.3487,10.8198,15.64,100.00
2010-11-30 16:00:00,Casey,220.6121,1.8870,1.8870,0.0000,0.0000,218.7251,0.0000,150.0000,220.6121,61.7714,61.2430,0.5284,0.86,100.00
2010-11-30 17:00:00,Casey,191.8196,14.2576,14.2576,0.0000,0.0000,177.5620,0.0000,150.0000,191.8196,53.7095,49.7174,3.9921,7.43,100.00
2010-11-30 18:00:00,Casey,214.2484,11.5996,11.5996,0.0000,0.0000,202.6488,0.0000,150.0000,214.2484,59.9896,56.7417,3.2479,5.41,100.00
2010-11-30 19:00:00,Casey,226.0414,6.1765,6.1765,0.0000,0.0000,219.8649,0.0000,150.0000,226.0414,63.2916,61.5622,1.7294,2.73,100.00
2010-11-30 20:00:00,Casey,185.7194,8.2587,8.2587,0.0000,0.0000,177.4607,0.0000,150.0000,185.7194,52.0014,49.6890,2.3124,4.45,100.00
2010-11-30 21:00:00,Casey,208.4585,5.7490,5.7490,0.0000,0.0000,202.7095,0.0000,150.0000,208.4585,58.3684,56.7587,1.6097,2.76,100.00
2010-11-30 22:00:00,Casey,206.3830,11.3015,11.3015,0.0000,0.0000,195.0815,0.0000,150.0000,206.3830,57.7872,54.6228,3.1644,5.48,100.00
2010-11-30 23:00:00,Casey,214.8553,35.7454,35.7454,0.0000,0.0000,179.1099,0.0000,150.0000,214.8553,60.1595,50.1508,10.0087,16.64,100.00
2010-12-01 00:00:00,Casey,196.6547,12.7030,12.7030,0.0000,0.0000,183.9517,0.0000,150.0000,196.6547,55.0633,51.5065,3.5568,6.46,100.00
2010-12-01 01:00:00,Casey,176.9145,31.6348,31.6348,0.0000,0.0000,145.2797,0.0000,150.0000,176.9145,49.5361,40.6783,8.8577,17.88,100.00
2010-12-01 02:00:00,Casey,195.8117,35.5142,35.5142,0.0000,0.0000,160.2975,0.0000,150.0000,195.8117,54.8273,44.8833,9.9440,18.14,100.00
2010-12-01 03:00:00,Casey,194.8451,20.7976,20.7976,0.0000,0.0000,174.0475,0.0000,150.0000,194.8451,54.5566,48.7333,5.8233,10.67,100.00
2010-12-01 04:00:00,Casey,181.4273,43.7371,43.7371,0.0000,0.0000,137.6902,0.0000,150.0000,181.4273,50.7996,38.5533,12.2464,24.11,100.00
2010-12-01 05:00:00,Casey,191.6624,30.0002,30.0002,0.0000,0.0000,161.6622,0.0000,150.0000,191.6624,53.6655,45.2654,8.4001,15.65,100.00
2010-12-01 06:00:00,Casey,184.1845,14.0616,14.0616,0.0000,0.0000,170.1229,0.0000,150.0000,184.1845,51.5717,47.6344,3.9372,7.63,100.00
2010-12-01 07:00:00,Casey,193.9193,10.5883,10.5883,0.0000,0.0000,183.3310,0.0000,150.0000,193.9193,54.2974,51.3327,2.9647,5.46,100.00
2010-12-01 08:00:00,Casey,214.2785,45.8413,45.8413,0.0000,0.0000,168.4372,0.0000,150.0000,214.2785,59.9980,47.1624,12.8356,21.39,100.00
2010-12-01 09:00:00,Casey,182.8789,15.9815,15.9815,0.0000,0.0000,166.8974,0.0000,150.0000,182.8789,51.2061,46.7313,4.4748,8.74,100.00
2010-12-01 10:00:00,Casey,193.8603,11.1703,11.1703,0.0000,0.0000,182.6900,0.0000,150.0000,193.8603,54.2809,51.1532,3.1277,5.76,100.00
2010-12-01 11:00:00,Casey,247.8417,4.5209,4.5209,0.0000,0.0000,243.3208,0.0000,150.0000,247.8417,69.3957,68.1298,1.2659,1.82,100.00
2010-12-01 12:00:00,Casey,195.7438,52.7369,52.7369,0.0000,0.0000,143.0069,0.0000,150.0000,195.7438,54.8083,40.0419,14.7663,26.94,100.00
2010-12-01 13:00:00,Casey,191.4150,2.6039,2.6039,0.0000,0.0000,188.8111,0.0000,150.0000,191.4150,53.5962,52.8671,0.7291,1.36,100.00
2010-12-01 14:00:00,Casey,191.0532,15.9734,15.9734,0.0000,0.0000,175.0798,0.0000,150.0000,191.0532,53.4949,49.0223,4.4726,8.36,100.00
2010-12-01 15:00:00,Casey,182.5221,9.8590,9.8590,0.0000,0.0000,172.6631,0.0000,150.0000,182.5221,51.1062,48.3457,2.7605,5.40,100.00
2010-12-01 16:00:00,Casey,218.0145,25.6592,25.6592,0.0000,0.0000,192.3553,0.0000,150.0000,218.0145,61.0441,53.8595,7.1846,11.77,100.00
2010-12-01 17:00:00,Casey,213.0792,7.9113,7.9113,0.0000,0.0000,205.1679,0.0000,150.0000,213.0792,59.6622,57.4470,2.2152,3.71,100.00
2010-12-01 18:00:00,Casey,189.3099,8.0560,8.0560,0.0000,0.0000,181.2539,0.0000,150.0000,189.3099,53.0068,50.7511,2.2557,4.26,100.00
2010-12-01 19:00:00,Casey,239.8870,5.8714,5.8714,0.0000,0.0000,234.0156,0.0000,150.0000,239.8870,67.1684,65.5244,1.6440,2.45,100.00
2010-12-01 20:00:00,Casey,193.2482,13.3568,13.3568,0.0000,0.0000,179.8914,0.0000,150.0000,193.2482,54.1095,50.3696,3.7399,6.91,100.00
2010-12-01 21:00:00,Casey,233.4016,19.6580,19.6580,0.0000,0.0000,213.7436,0.0000,150.0000,233.4016,65.3524,59.8482,5.5042,8.42,100.00
2010-12-01 22:00:00,Casey,185.9811,15.1641,15.1641,0.0000,0.0000,170.8170,0.0000,150.0000,185.9811,52.0747,47.8288,4.2459,8.15,100.00
2010-12-01 23:00:00,Casey,179.4166,4.7331,4.7331,0.0000,0.0000,174.6835,0.0000,150.0000,179.4166,50.2366,48.9114,1.3253,2.64,100.00
2010-12-02 00:00:00,Casey,173.6490,43.9270,43.9270,0.0000,0.0000,129.7220,0.0000,150.0000,173.6490,48.6217,36.3222,12.2996,25.30,100.00
2010-12-02 01:00:00,Casey,232.0022,5.4410,5.4410,0.0000,0.0000,226.5612,0.0000,150.0000,232.0022,64.9606,63.4371,1.5235,2.35,100.00
2010-12-02 02:00:00,Casey,166.8498,43.3691,43.3691,0.0000,0.0000,123.4807,0.0000,150.0000,166.8498,46.7179,34.5746,12.1433,25.99,100.00
2010-12-02 03:00:00,Casey,212.0481,22.7983,22.7983,0.0000,0.0000,189.2498,0.0000,150.0000,212.0481,59.3735,52.9899,6.3835,10.75,100.00
2010-12-02 04:00:00,Casey,200.0316,29.0425,29.0425,0.0000,0.0000,170.9891,0.0000,150.0000,200.0316,56.0088,47.8769,8.1319,14.52,100.00
2010-12-02 05:00:00,Casey,167.0967,49.1273,49.1273,0.0000,0.0000,117.9694,0.0000,150.0000,167.0967,46.7871,33.0314,13.7556,29.40,100.00
2010-12-02 06:00:00,Casey,188.5020,26.1426,26.1426,0.0000,0.0000,162.3594,0.0000,150.0000,188.5020,52.7806,45.4606,7.3199,13.87,100.00
2010-12-02 07:00:00,Casey,209.7642,40.4292,40.4292,0.0000,0.0000,169.3350,0.0000,150.0000,209.7642,58.7340,47.4138,11.3202,19.27,100.00
2010-12-02 08:00:00,Casey,238.5318,37.7840,37.7840,0.0000,0.0000,200.7478,0.0000,150.0000,238.5318,66.7889,56.2094,10.5795,15.84,100.00
2010-12-02 09:00:00,Casey,211.4802,3.8490,3.8490,0.0000,0.0000,207.6312,0.0000,150.0000,211.4802,59.2145,58.1367,1.0777,1.82,100.00
2010-12-02 10:00:00,Casey,195.7054,14.9809,14.9809,0.0000,0.0000,180.7245,0.0000,150.0000,195.7054,54.7975,50.6029,4.1947,7.65,100.00
2010-12-02 11:00:00,Casey,218.3001,30.4891,30.4891,0.0000,0.0000,187.8110,0.0000,150.0000,218.3001,61.1240,52.5871,8.5369,13.97,100.00
2010-12-02 12:00:00,Casey,208.1701,36.4139,36.4139,0.0000,0.0000,171.7562,0.0000,150.0000,208.1701,58.2876,48.0917,10.1959,17.49,100.00
2010-12-02 13:00:00,Casey,166.2411,22.5494,22.5494,0.0000,0.0000,143.6917,0.0000,150.0000,166.2411,46.5475,40.2337,6.3138,13.56,100.00
2010-12-02 14:00:00,Casey,194.5251,6.3699,6.3699,0.0000,0.0000,188.1552,0.0000,150.0000,194.5251,54.4670,52.6835,1.7836,3.27,100.00
2010-12-02 15:00:00,Casey,202.6744,12.7442,12.7442,0.0000,0.0000,189.9302,0.0000,150.0000,202.6744,56.7488,53.1805,3.5684,6.29,100.00
2010-12-02 16:00:00,Casey,209.4133,17.3784,17.3784,0.0000,0.0000,192.0349,0.0000,150.0000,209.4133,58.6357,53.7698,4.8660,8.30,100.00
2010-12-02 17:00:00,Casey,174.7076,2.4723,2.4723,0.0000,0.0000,172.2353,0.0000,150.0000,174.7076,48.9181,48.2259,0.6922,1.42,100.00
2010-12-02 18:00:00,Casey,211.2544,6.8968,6.8968,0.0000,0.0000,204.3576,0.0000,150.0000,211.2544,59.1512,57.2201,1.9311,3.26,100.00
2010-12-02 19:00:00,Casey,243.2017,12.9595,12.9595,0.0000,0.0000,230.2422,0.0000,150.0000,243.2017,68.0965,64.4678,3.6287,5.33,100.00
2010-12-02 20:00:00,Casey,194.2735,31.3093,31.3093,0.0000,0.0000,162.9642,0.0000,150.0000,194.2735,54.3966,45.6300,8.7666,16.12,100.00
2010-12-02 21:00:00,Casey,179.6303,3.9519,3.9519,0.0000,0.0000,175.6784,0.0000,150.0000,179.6303,50.2965,49.1900,1.1065,2.20,100.00
2010-12-02 22:00:00,Casey,198.4480,11.9346,11.9346,0.0000,0.0000,186.5134,0.0000,150.0000,198.4480,55.5654,52.2238,3.3417,6.01,100.00
2010-12-02 23:00:00,Casey,156.1301,52.9547,52.9547,0.0000,0.0000,103.1754,0.0000,150.0000,156.1301,43.7164,28.8891,14.8273,33.92,100.00
2010-12-03 00:00:00,Casey,180.9133,34.9974,34.9974,0.0000,0.0000,145.9159,0.0000,150.0000,180.9133,50.6557,40.8565,9.7993,19.34,100.00
2010-12-03 01:00:00,Casey,204.0353,47.3437,47.3437,0.0000,0.0000,156.6916,0.0000,150.0000,204.0353,57.1299,43.8736,13.2562,23.20,100.00
2010-12-03 02:00:00,Casey,195.5865,14.8253,14.8253,0.0000,0.0000,180.7612,0.0000,150.0000,195.5865,54.7642,50.6131,4.1511,7.58,100.00
2010-12-03 03:00:00,Casey,199.3543,98.4566,98.4566,0.0000,0.0000,100.8977,0.0000,150.0000,199.3543,55.8192,28.2514,27.5678,49.39,100.00
2010-12-03 04:00:00,Casey,187.4100,55.4457,55.4457,0.0000,0.0000,131.9643,0.0000,150.0000,187.4100,52.4748,36.9500,15.5248,29.59,100.00
2010-12-03 05:00:00,Casey,198.0508,27.9370,27.9370,0.0000,0.0000,170.1138,0.0000,150.0000,198.0508,55.4542,47.6319,7.8224,14.11,100.00
2010-12-03 06:00:00,Casey,212.4414,17.2377,17.2377,0.0000,0.0000,195.2037,0.0000,150.0000,212.4414,59.4836,54.6570,4.8266,8.11,100.00
2010-12-03 07:00:00,Casey,183.9949,22.9837,22.9837,0.0000,0.0000,161.0112,0.0000,150.0000,183.9949,51.5186,45.0831,6.4354,12.49,100.00
2010-12-03 08:00:00,Casey,199.1930,27.2432,27.2432,0.0000,0.0000,171.9498,0.0000,150.0000,199.1930,55.7740,48.1459,7.6281,13.68,100.00
2010-12-03 09:00:00,Casey,221.5500,17.4194,17.4194,0.0000,0.0000,204.1306,0.0000,150.0000,221.5500,62.0340,57.1566,4.8774,7.86,100.00
2010-12-03 10:00:00,Casey,208.4208,23.5541,23.5541,0.0000,0.0000,184.8667,0.0000,150.0000,208.4208,58.3578,51.7627,6.5951,11.30,100.00
2010-12-03 11:00:00,Casey,187.3789,11.4986,11.4986,0.0000,0.0000,175.8803,0.0000,150.0000,187.3789,52.4661,49.2465,3.2196,6.14,100.00
2010-12-03 12:00:00,Casey,207.0689,37.6746,37.6746,0.0000,0.0000,169.3943,0.0000,150.0000,207.0689,57.9793,47.4304,10.5489,18.19,100.00
2010-12-03 13:00:00,Casey,186.8015,0.9988,0.9988,0.0000,0.0000,185.8027,0.0000,150.0000,186.8015,52.3044,52.0248,0.2797,0.53,100.00
2010-12-03 14:00:00,Casey,190.2303,16.9975,16.9975,0.0000,0.0000,173.2328,0.0000,150.0000,190.2303,53.2645,48.5052,4.7593,8.94,100.00
2010-12-03 15:00:00,Casey,198.5474,21.8769,21.8769,0.0000,0.0000,176.6705,0.0000,150.0000,198.5474,55.5933,49.4677,6.1255,11.02,100.00
2010-12-03 16:00:00,Casey,197.1266,32.5555,32.5555,0.0000,0.0000,164.5711,0.0000,150.0000,197.1266,55.1954,46.0799,9.1155,16.52,100.00
2010-12-03 17:00:00,Casey,176.9156,4.2792,4.2792,0.0000,0.0000,172.6364,0.0000,150.0000,176.9156,49.5364,48.3382,1.1982,2.42,100.00
2010-12-03 18:00:00,Casey,205.6771,10.5476,10.5476,0.0000,0.0000,195.1295,0.0000,150.0000,205.6771,57.5896,54.6363,2.9533,5.13,100.00
2010-12-03 19:00:00,Casey,201.4853,0.0000,0.0000,0.0000,0.0000,201.4853,0.0000,150.0000,201.4853,56.4159,56.4159,0.0000,0.00,100.00
2010-12-03 20:00:00,Casey,201.4612,28.2646,28.2646,0.0000,0.0000,173.1966,0.0000,150.0000,201.4612,56.4091,48.4950,7.9141,14.03,100.00
2010-12-03 21:00:00,Casey,222.6511,6.3930,6.3930,0.0000,0.0000,216.2581,0.0000,150.0000,222.6511,62.3423,60.5523,1.7900,2.87,100.00
2010-12-03 22:00:00,Casey,212.0554,37.3550,37.3550,0.0000,0.0000,174.7004,0.0000,150.0000,212.0554,59.3755,48.9161,10.4594,17.62,100.00
2010-12-03 23:00:00,Casey,180.5524,21.0473,21.0473,0.0000,0.0000,159.5051,0.0000,150.0000,180.5524,50.5547,44.6614,5.8932,11.66,100.00
2010-12-04 00:00:00,Casey,194.9010,39.8387,39.8387,0.0000,0.0000,155.0623,0.0000,150.0000,194.9010,54.5723,43.4174,11.1548,20.44,100.00
2010-12-04 01:00:00,Casey,174.4319,7.1733,7.1733,0.0000,0.0000,167.2586,0.0000,150.0000,174.4319,48.8409,46.8324,2.0085,4.11,100.00
2010-12-04 02:00:00,Casey,225.5617,85.9521,85.9521,0.0000,0.0000,139.6096,0.0000,150.0000,225.5617,63.1573,39.0907,24.0666,38.11,100.00
2010-12-04 03:00:00,Casey,196.2665,31.8710,31.8710,0.0000,0.0000,164.3955,0.0000,150.0000,196.2665,54.9546,46.0307,8.9239,16.24,100.00
2010-12-04 04:00:00,Casey,203.5706,63.6187,63.6187,0.0000,0.0000,139.9519,0.0000,150.0000,203.5706,56.9998,39.1865,17.8132,31.25,100.00
2010-12-04 05:00:00,Casey,240.7866,42.2691,42.2691,0.0000,0.0000,198.5175,0.0000,150.0000,240.7866,67.4202,55.5849,11.8353,17.55,100.00
2010-12-04 06:00:00,Casey,209.9385,48.0632,48.0632,0.0000,0.0000,161.8753,0.0000,150.0000,209.9385,58.7828,45.3251,13.4577,22.89,100.00
2010-12-04 07:00:00,Casey,185.9421,29.6723,29.6723,0.0000,0.0000,156.2698,0.0000,150.0000,185.9421,52.0638,43.7555,8.3082,15.96,100.00
2010-12-04 08:00:00,Casey,172.6164,43.9664,43.9664,0.0000,0.0000,128.6500,0.0000,150.0000,172.6164,48.3326,36.0220,12.3106,25.47,100.00
2010-12-04 09:00:00,Casey,196.5933,63.2605,63.2605,0.0000,0.0000,133.3328,0.0000,150.0000,196.5933,55.0461,37.3332,17.7129,32.18,100.00
2010-12-04 10:00:00,Casey,210.4997,18.0636,18.0636,0.0000,0.0000,192.4361,0.0000,150.0000,210.4997,58.9399,53.8821,5.0578,8.58,100.00
2010-12-04 11:00:00,Casey,221.0982,2.4970,2.4970,0.0000,0.0000,218.6012,0.0000,150.0000,221.0982,61.9075,61.2083,0.6992,1.13,100.00
2010-12-04 12:00:00,Casey,207.2132,36.6966,36.6966,0.0000,0.0000,170.5166,0.0000,150.0000,207.2132,58.0197,47.7446,10.2750,17.71,100.00
2010-12-04 13:00:00,Casey,175.5997,9.0429,9.0429,0.0000,0.0000,166.5568,0.0000,150.0000,175.5997,49.1679,46.6359,2.5320,5.15,100.00
2010-12-04 14:00:00,Casey,195.1841,0.0000,0.0000,0.0000,0.0000,195.1841,0.0000,150.0000,195.1841,54.6515,54.6515,0.0000,0.00,100.00
2010-12-04 15:00:00,Casey,196.6095,12.3144,12.3144,0.0000,0.0000,184.2951,0.0000,150.0000,196.6095,55.0507,51.6026,3.4480,6.26,100.00
2010-12-04 16:00:00,Casey,211.7584,20.1870,20.1870,0.0000,0.0000,191.5714,0.0000,150.0000,211.7584,59.2924,53.6400,5.6524,9.53,100.00
2010-12-04 17:00:00,Casey,202.3105,10.9253,10.9253,0.0000,0.0000,191.3852,0.0000,150.0000,202.3105,56.6469,53.5879,3.0591,5.40,100.00
2010-12-04 18:00:00,Casey,225.2044,5.4464,5.4464,0.0000,0.0000,219.7580,0.0000,150.0000,225.2044,63.0572,61.5322,1.5250,2.42,100.00
2010-12-04 19:00:00,Casey,204.6520,18.5933,18.5933,0.0000,0.0000,186.0587,0.0000,150.0000,204.6520,57.3026,52.0964,5.2061,9.09,100.00
2010-12-04 20:00:00,Casey,209.3053,34.9368,34.9368,0.0000,0.0000,174.3685,0.0000,150.0000,209.3053,58.6055,48.8232,9.7823,16.69,100.00
2010-12-04 21:00:00,Casey,188.7631,13.6438,13.6438,0.0000,0.0000,175.1193,0.0000,150.0000,188.7631,52.8537,49.0334,3.8203,7.23,100.00
2010-12-04 22:00:00,Casey,197.4135,38.9289,38.9289,0.0000,0.0000,158.4846,0.0000,150.0000,197.4135,55.2758,44.3757,10.9001,19.72,100.00
2010-12-04 23:00:00,Casey,175.3037,28.2189,28.2189,0.0000,0.0000,147.0848,0.0000,150.0000,175.3037,49.0850,41.1837,7.9013,16.10,100.00
2010-12-05 00:00:00,Casey,165.1009,45.6496,45.6496,0.0000,0.0000,119.4513,0.0000,150.0000,165.1009,46.2283,33.4464,12.7819,27.65,100.00
2010-12-05 01:00:00,Casey,166.1222,38.9584,38.9584,0.0000,0.0000,127.1638,0.0000,150.0000,166.1222,46.5142,35.6059,10.9084,23.45,100.00
2010-12-05 02:00:00,Casey,188.4943,90.2545,90.2545,0.0000,0.0000,98.2398,0.0000,150.0000,188.4943,52.7784,27.5071,25.2713,47.88,100.00
2010-12-05 03:00:00,Casey,184.5441,82.1177,82.1177,0.0000,0.0000,102.4264,0.0000,150.0000,184.5441,51.6723,28.6794,22.9930,44.50,100.00
2010-12-05 04:00:00,Casey,183.4540,83.0452,83.0452,0.0000,0.0000,100.4088,0.0000,150.0000,183.4540,51.3671,28.1145,23.2527,45.27,100.00
2010-12-05 05:00:00,Casey,208.0633,26.6556,26.6556,0.0000,0.0000,181.4077,0.0000,150.0000,208.0633,58.2577,50.7942,7.4636,12.81,100.00
2010-12-05 06:00:00,Casey,224.7748,26.2366,26.2366,0.0000,0.0000,198.5382,0.0000,150.0000,224.7748,62.9369,55.5907,7.3462,11.67,100.00
2010-12-05 07:00:00,Casey,201.1684,32.3247,32.3247,0.0000,0.0000,168.8437,0.0000,150.0000,201.1684,56.3272,47.2762,9.0509,16.07,100.00
2010-12-05 08:00:00,Casey,164.2779,29.0656,29.0656,0.0000,0.0000,135.2123,0.0000,150.0000,164.2779,45.9978,37.8594,8.1384,17.69,100.00
2010-12-05 09:00:00,Casey,206.8961,28.6449,28.6449,0.0000,0.0000,178.2512,0.0000,150.0000,206.8961,57.9309,49.9103,8.0206,13.85,100.00
2010-12-05 10:00:00,Casey,215.9791,37.1331,37.1331,0.0000,0.0000,178.8460,0.0000,150.0000,215.9791,60.4741,50.0769,10.3973,17.19,100.00
2010-12-05 11:00:00,Casey,216.5050,18.4012,18.4012,0.0000,0.0000,198.1038,0.0000,150.0000,216.5050,60.6214,55.4691,5.1523,8.50,100.00
2010-12-05 12:00:00,Casey,177.5055,35.8193,35.8193,0.0000,0.0000,141.6862,0.0000,150.0000,177.5055,49.7015,39.6721,10.0294,20.18,100.00
2010-12-05 13:00:00,Casey,186.8008,10.5288,10.5288,0.0000,0.0000,176.2720,0.0000,150.0000,186.8008,52.3042,49.3562,2.9481,5.64,100.00
2010-12-05 14:00:00,Casey,202.6490,8.4746,8.4746,0.0000,0.0000,194.1744,0.0000,150.0000,202.6490,56.7417,54.3688,2.3729,4.18,100.00
2010-12-05 15:00:00,Casey,192.6391,2.5045,2.5045,0.0000,0.0000,190.1346,0.0000,150.0000,192.6391,53.9389,53.2377,0.7013,1.30,100.00
2010-12-05 16:00:00,Casey,229.1242,41.4363,41.4363,0.0000,0.0000,187.6879,0.0000,150.0000,229.1242,64.1548,52.5526,11.6022,18.08,100.00
2010-12-05 17:00:00,Casey,225.7429,1.9100,1.9100,0.0000,0.0000,223.8329,0.0000,150.0000,225.7429,63.2080,62.6732,0.5348,0.85,100.00
2010-12-05 18:00:00,Casey,211.4566,5.1645,5.1645,0.0000,0.0000,206.2921,0.0000,150.0000,211.4566,59.2078,57.7618,1.4461,2.44,100.00
2010-12-05 19:00:00,Casey,203.1632,5.7104,5.7104,0.0000,0.0000,197.4528,0.0000,150.0000,203.1632,56.8857,55.2868,1.5989,2.81,100.00
2010-12-05 20:00:00,Casey,203.0744,29.9908,29.9908,0.0000,0.0000,173.0836,0.0000,150.0000,203.0744,56.8608,48.4634,8.3974,14.77,100.00
2010-12-05 21:00:00,Casey,207.9389,21.4758,21.4758,0.0000,0.0000,186.4631,0.0000,150.0000,207.9389,58.2229,52.2097,6.0132,10.33,100.00
2010-12-05 22:00:00,Casey,173.4185,6.5802,6.5802,0.0000,0.0000,166.8383,0.0000,150.0000,173.4185,48.5572,46.7147,1.8425,3.79,100.00
2010-12-05 23:00:00,Casey,191.5060,32.6560,32.6560,0.0000,0.0000,158.8500,0.0000,150.0000,191.5060,53.6217,44.4780,9.1437,17.05,100.00
2010-12-06 00:00:00,Casey,207.0021,33.2295,33.2295,0.0000,0.0000,173.7726,0.0000,150.0000,207.0021,57.9606,48.6563,9.3043,16.05,100.00
2010-12-06 01:00:00,Casey,171.7313,44.0935,44.0935,0.0000,0.0000,127.6378,0.0000,150.0000,171.7313,48.0848,35.7386,12.3462,25.68,100.00
2010-12-06 02:00:00,Casey,193.8374,8.2785,8.2785,0.0000,0.0000,185.5589,0.0000,150.0000,193.8374,54.2745,51.9565,2.3180,4.27,100.00
2010-12-06 03:00:00,Casey,194.9463,37.9847,37.9847,0.0000,0.0000,156.9616,0.0000,150.0000,194.9463,54.5850,43.9492,10.6357,19.48,100.00
2010-12-06 04:00:00,Casey,173.1092,55.7267,55.7267,0.0000,0.0000,117.3825,0.0000,150.0000,173.1092,48.4706,32.8671,15.6035,32.19,100.00
2010-12-06 05:00:00,Casey,193.1584,21.6833,21.6833,0.0000,0.0000,171.4751,0.0000,150.0000,193.1584,54.0844,48.0130,6.0713,11.23,100.00
2010-12-06 06:00:00,Casey,201.4526,48.5264,48.5264,0.0000,0.0000,152.9262,0.0000,150.0000,201.4526,56.4067,42.8193,13.5874,24.09,100.00
2010-12-06 07:00:00,Casey,208.0875,22.9837,22.9837,0.0000,0.0000,185.1038,0.0000,150.0000,208.0875,58.2645,51.8291,6.4354,11.05,100.00
2010-12-06 08:00:00,Casey,175.4417,42.3223,42.3223,0.0000,0.0000,133.1194,0.0000,150.0000,175.4417,49.1237,37.2734,11.8502,24.12,100.00
2010-12-06 09:00:00,Casey,206.1712,32.7066,32.7066,0.0000,0.0000,173.4646,0.0000,150.0000,206.1712,57.7279,48.5701,9.1578,15.86,100.00
2010-12-06 10:00:00,Casey,200.1891,14.9919,14.9919,0.0000,0.0000,185.1972,0.0000,150.0000,200.1891,56.0529,51.8552,4.1977,7.49,100.00
2010-12-06 11:00:00,Casey,213.9757,7.7496,7.7496,0.0000,0.0000,206.2261,0.0000,150.0000,213.9757,59.9132,57.7433,2.1699,3.62,100.00
2010-12-06 12:00:00,Casey,212.0211,25.2688,25.2688,0.0000,0.0000,186.7523,0.0000,150.0000,212.0211,59.3659,52.2906,7.0753,11.92,100.00
2010-12-06 13:00:00,Casey,207.0138,22.5601,22.5601,0.0000,0.0000,184.4537,0.0000,150.0000,207.0138,57.9639,51.6470,6.3168,10.90,100.00
2010-12-06 14:00:00,Casey,192.7615,1.8553,1.8553,0.0000,0.0000,190.9062,0.0000,150.0000,192.7615,53.9732,53.4537,0.5195,0.96,100.00
2010-12-06 15:00:00,Casey,193.2115,21.1579,21.1579,0.0000,0.0000,172.0536,0.0000,150.0000,193.2115,54.0992,48.1750,5.9242,10.95,100.00
2010-12-06 16:00:00,Casey,212.0964,36.5568,36.5568,0.0000,0.0000,175.5396,0.0000,150.0000,212.0964,59.3870,49.1511,10.2359,17.24,100.00
2010-12-06 17:00:00,Casey,226.9327,4.4299,4.4299,0.0000,0.0000,222.5028,0.0000,150.0000,226.9327,63.5412,62.3008,1.2404,1.95,100.00
2010-12-06 18:00:00,Casey,226.0051,8.9363,8.9363,0.0000,0.0000,217.0688,0.0000,150.0000,226.0051,63.2814,60.7793,2.5022,3.95,100.00
2010-12-06 19:00:00,Casey,239.2845,26.8832,26.8832,0.0000,0.0000,212.4013,0.0000,150.0000,239.2845,66.9997,59.4724,7.5273,11.23,100.00
2010-12-06 20:00:00,Casey,191.4238,30.3726,30.3726,0.0000,0.0000,161.0512,0.0000,150.0000,191.4238,53.5987,45.0943,8.5043,15.87,100.00
2010-12-06 21:00:00,Casey,208.6396,7.6232,7.6232,0.0000,0.0000,201.0164,0.0000,150.0000,208.6396,58.4191,56.2846,2.1345,3.65,100.00
2010-12-06 22:00:00,Casey,195.2895,8.4336,8.4336,0.0000,0.0000,186.8559,0.0000,150.0000,195.2895,54.6811,52.3197,2.3614,4.32,100.00
2010-12-06 23:00:00,Casey,190.9360,0.0493,0.0493,0.0000,0.0000,190.8867,0.0000,150.0000,190.9360,53.4621,53.4483,0.0138,0.03,100.00
2010-12-07 00:00:00,Casey,198.7752,19.3461,19.3461,0.0000,0.0000,179.4291,0.0000,150.0000,198.7752,55.6571,50.2401,5.4169,9.73,100.00
2010-12-07 01:00:00,Casey,206.1464,20.4649,20.4649,0.0000,0.0000,185.6815,0.0000,150.0000,206.1464,57.7210,51.9908,5.7302,9.93,100.00
2010-12-07 02:00:00,Casey,175.7267,21.4790,21.4790,0.0000,0.0000,154.2477,0.0000,150.0000,175.7267,49.2035,43.1894,6.0141,12.22,100.00
2010-12-07 03:00:00,Casey,187.0663,59.7159,59.7159,0.0000,0.0000,127.3504,0.0000,150.0000,187.0663,52.3786,35.6581,16.7205,31.92,100.00
2010-12-07 04:00:00,Casey,182.3116,38.8084,38.8084,0.0000,0.0000,143.5032,0.0000,150.0000,182.3116,51.0472,40.1809,10.8664,21.29,100.00
2010-12-07 05:00:00,Casey,180.1552,32.5495,32.5495,0.0000,0.0000,147.6057,0.0000,150.0000,180.1552,50.4435,41.3296,9.1139,18.07,100.00
2010-12-07 06:00:00,Casey,192.2325,13.6855,13.6855,0.0000,0.0000,178.5470,0.0000,150.0000,192.2325,53.8251,49.9932,3.8319,7.12,100.00
2010-12-07 07:00:00,Casey,231.1424,13.5656,13.5656,0.0000,0.0000,217.5768,0.0000,150.0000,231.1424,64.7199,60.9215,3.7984,5.87,100.00
2010-12-07 08:00:00,Casey,207.8778,35.5452,35.5452,0.0000,0.0000,172.3326,0.0000,150.0000,207.8778,58.2058,48.2531,9.9527,17.10,100.00
2010-12-07 09:00:00,Casey,200.5093,17.8247,17.8247,0.0000,0.0000,182.6846,0.0000,150.0000,200.5093,56.1426,51.1517,4.9909,8.89,100.00
2010-12-07 10:00:00,Casey,193.0993,19.2971,19.2971,0.0000,0.0000,173.8022,0.0000,150.0000,193.0993,54.0678,48.6646,5.4032,9.99,100.00
2010-12-07 11:00:00,Casey,200.6617,11.8812,11.8812,0.0000,0.0000,188.7805,0.0000,150.0000,200.6617,56.1853,52.8585,3.3267,5.92,100.00
2010-12-07 12:00:00,Casey,226.4225,40.1271,40.1271,0.0000,0.0000,186.2954,0.0000,150.0000,226.4225,63.3983,52.1627,11.2356,17.72,100.00
2010-12-07 13:00:00,Casey,192.9179,7.4113,7.4113,0.0000,0.0000,185.5066,0.0000,150.0000,192.9179,54.0170,51.9418,2.0752,3.84,100.00
2010-12-07 14:00:00,Casey,198.2069,10.0110,10.0110,0.0000,0.0000,188.1959,0.0000,150.0000,198.2069,55.4979,52.6949,2.8031,5.05,100.00
2010-12-07 15:00:00,Casey,208.0371,25.7509,25.7509,0.0000,0.0000,182.2862,0.0000,150.0000,208.0371,58.2504,51.0401,7.2103,12.38,100.00
2010-12-07 16:00:00,Casey,191.8341,25.3138,25.3138,0.0000,0.0000,166.5203,0.0000,150.0000,191.8341,53.7135,46.6257,7.0879,13.20,100.00
2010-12-07 17:00:00,Casey,211.6803,2.7841,2.7841,0.0000,0.0000,208.8962,0.0000,150.0000,211.6803,59.2705,58.4909,0.7795,1.32,100.00
2010-12-07 18:00:00,Casey,223.6904,20.7244,20.7244,0.0000,0.0000,202.9660,0.0000,150.0000,223.6904,62.6333,56.8305,5.8028,9.26,100.00
2010-12-07 19:00:00,Casey,197.5910,12.8061,12.8061,0.0000,0.0000,184.7849,0.0000,150.0000,197.5910,55.3255,51.7398,3.5857,6.48,100.00
2010-12-07 20:00:00,Casey,224.2063,28.9337,28.9337,0.0000,0.0000,195.2726,0.0000,150.0000,224.2063,62.7778,54.6763,8.1014,12.90,100.00
2010-12-07 21:00:00,Casey,204.8470,7.5989,7.5989,0.0000,0.0000,197.2481,0.0000,150.0000,204.8470,57.3572,55.2295,2.1277,3.71,100.00
2010-12-07 22:00:00,Casey,184.6732,49.2997,49.2997,0.0000,0.0000,135.3735,0.0000,150.0000,184.6732,51.7085,37.9046,13.8039,26.70,100.00
2010-12-07 23:00:00,Casey,189.7447,39.2309,39.2309,0.0000,0.0000,150.5138,0.0000,150.0000,189.7447,53.1285,42.1439,10.9847,20.68,100.00
2010-12-08 00:00:00,Casey,192.2598,33.4950,33.4950,0.0000,0.0000,158.7648,0.0000,150.0000,192.2598,53.8327,44.4541,9.3786,17.42,100.00
2010-12-08 01:00:00,Casey,189.0067,19.8980,19.8980,0.0000,0.0000,169.1087,0.0000,150.0000,189.0067,52.9219,47.3504,5.5714,10.53,100.00
2010-12-08 02:00:00,Casey,180.3224,22.0630,22.0630,0.0000,0.0000,158.2594,0.0000,150.0000,180.3224,50.4903,44.3126,6.1776,12.24,100.00
2010-12-08 03:00:00,Casey,177.0627,24.8150,24.8150,0.0000,0.0000,152.2477,0.0000,150.0000,177.0627,49.5776,42.6294,6.9482,14.01,100.00
2010-12-08 04:00:00,Casey,204.4104,70.3408,70.3408,0.0000,0.0000,134.0696,0.0000,150.0000,204.4104,57.2349,37.5395,19.6954,34.41,100.00
2010-12-08 05:00:00,Casey,200.4339,70.1739,70.1739,0.0000,0.0000,130.2600,0.0000,150.0000,200.4339,56.1215,36.4728,19.6487,35.01,100.00
2010-12-08 06:00:00,Casey,195.3159,3.5057,3.5057,0.0000,0.0000,191.8102,0.0000,150.0000,195.3159,54.6885,53.7069,0.9816,1.79,100.00
2010-12-08 07:00:00,Casey,177.2195,16.5442,16.5442,0.0000,0.0000,160.6753,0.0000,150.0000,177.2195,49.6215,44.9891,4.6324,9.34,100.00
2010-12-08 08:00:00,Casey,217.0244,24.8045,24.8045,0.0000,0.0000,192.2199,0.0000,150.0000,217.0244,60.7668,53.8216,6.9453,11.43,100.00
2010-12-08 09:00:00,Casey,191.5712,17.2124,17.2124,0.0000,0.0000,174.3588,0.0000,150.0000,191.5712,53.6399,48.8205,4.8195,8.98,100.00
2010-12-08 10:00:00,Casey,209.0756,11.6187,11.6187,0.0000,0.0000,197.4569,0.0000,150.0000,209.0756,58.5412,55.2879,3.2532,5.56,100.00
2010-12-08 11:00:00,Casey,207.2169,14.4597,14.4597,0.0000,0.0000,192.7572,0.0000,150.0000,207.2169,58.0207,53.9720,4.0487,6.98,100.00
2010-12-08 12:00:00,Casey,195.2088,41.8524,41.8524,0.0000,0.0000,153.3564,0.0000,150.0000,195.2088,54.6585,42.9398,11.7187,21.44,100.00
2010-12-08 13:00:00,Casey,197.1856,7.0962,7.0962,0.0000,0.0000,190.0894,0.0000,150.0000,197.1856,55.2120,53.2250,1.9869,3.60,100.00
2010-12-08 14:00:00,Casey,179.8317,9.0634,9.0634,0.0000,0.0000,170.7683,0.0000,150.0000,179.8317,50.3529,47.8151,2.5378,5.04,100.00
2010-12-08 15:00:00,Casey,181.1790,2.5116,2.5116,0.0000,0.0000,178.6674,0.0000,150.0000,181.1790,50.7301,50.0269,0.7032,1.39,100.00
2010-12-08 16:00:00,Casey,168.7907,35.7487,35.7487,0.0000,0.0000,133.0420,0.0000,150.0000,168.7907,47.2614,37.2518,10.0096,21.18,100.00
2010-12-08 17:00:00,Casey,211.4216,15.0857,15.0857,0.0000,0.0000,196.3359,0.0000,150.0000,211.4216,59.1980,54.9741,4.2240,7.14,100.00
2010-12-08 18:00:00,Casey,211.1703,10.9266,10.9266,0.0000,0.0000,200.2437,0.0000,150.0000,211.1703,59.1277,56.0682,3.0594,5.17,100.00
2010-12-08 19:00:00,Casey,220.5398,2.8000,2.8000,0.0000,0.0000,217.7398,0.0000,150.0000,220.5398,61.7511,60.9671,0.7840,1.27,100.00
2010-12-08 20:00:00,Casey,225.8051,42.0327,42.0327,0.0000,0.0000,183.7724,0.0000,150.0000,225.8051,63.2254,51.4563,11.7692,18.61,100.00
2010-12-08 21:00:00,Casey,194.5353,9.3629,9.3629,0.0000,0.0000,185.1724,0.0000,150.0000,194.5353,54.4699,51.8483,2.6216,4.81,100.00
2010-12-08 22:00:00,Casey,194.4653,5.6672,5.6672,0.0000,0.0000,188.7981,0.0000,150.0000,194.4653,54.4503,52.8635,1.5868,2.91,100.00
2010-12-08 23:00:00,Casey,173.8184,17.4142,17.4142,0.0000,0.0000,156.4042,0.0000,150.0000,173.8184,48.6692,43.7932,4.8760,10.02,100.00
2010-12-09 00:00:00,Casey,197.7631,33.8815,33.8815,0.0000,0.0000,163.8816,0.0000,150.0000,197.7631,55.3737,45.8868,9.4868,17.13,100.00
2010-12-09 01:00:00,Casey,195.0024,61.1861,61.1861,0.0000,0.0000,133.8163,0.0000,150.0000,195.0024,54.6007,37.4686,17.1321,31.38,100.00
2010-12-09 02:00:00,Casey,191.7439,27.9307,27.9307,0.0000,0.0000,163.8132,0.0000,150.0000,191.7439,53.6883,45.8677,7.8206,14.57,100.00
2010-12-09 03:00:00,Casey,216.9043,9.8332,9.8332,0.0000,0.0000,207.0711,0.0000,150.0000,216.9043,60.7332,57.9799,2.7533,4.53,100.00
2010-12-09 04:00:00,Casey,184.7973,22.6375,22.6375,0.0000,0.0000,162.1598,0.0000,150.0000,184.7973,51.7432,45.4047,6.3385,12.25,100.00
2010-12-09 05:00:00,Casey,206.6644,7.2347,7.2347,0.0000,0.0000,199.4297,0.0000,150.0000,206.6644,57.8660,55.8403,2.0257,3.50,100.00
2010-12-09 06:00:00,Casey,198.6966,19.1808,19.1808,0.0000,0.0000,179.5158,0.0000,150.0000,198.6966,55.6350,50.2644,5.3706,9.65,100.00
2010-12-09 07:00:00,Casey,194.0476,31.6649,31.6649,0.0000,0.0000,162.3827,0.0000,150.0000,194.0476,54.3333,45.4672,8.8662,16.32,100.00
2010-12-09 08:00:00,Casey,214.0554,56.4391,56.4391,0.0000,0.0000,157.6163,0.0000,150.0000,214.0554,59.9355,44.1326,15.8029,26.37,100.00
2010-12-09 09:00:00,Casey,225.3101,9.2895,9.2895,0.0000,0.0000,216.0206,0.0000,150.0000,225.3101,63.0868,60.4858,2.6011,4.12,100.00
2010-12-09 10:00:00,Casey,201.1042,12.4468,12.4468,0.0000,0.0000,188.6574,0.0000,150.0000,201.1042,56.3092,52.8241,3.4851,6.19,100.00
2010-12-09 11:00:00,Casey,208.4582,28.5400,28.5400,0.0000,0.0000,179.9182,0.0000,150.0000,208.4582,58.3683,50.3771,7.9912,13.69,100.00
2010-12-09 12:00:00,Casey,206.4459,36.0185,36.0185,0.0000,0.0000,170.4274,0.0000,150.0000,206.4459,57.8049,47.7197,10.0852,17.45,100.00
2010-12-09 13:00:00,Casey,216.5112,11.8736,11.8736,0.0000,0.0000,204.6376,0.0000,150.0000,216.5112,60.6231,57.2985,3.3246,5.48,100.00
2010-12-09 14:00:00,Casey,184.7048,1.3169,1.3169,0.0000,0.0000,183.3879,0.0000,150.0000,184.7048,51.7173,51.3486,0.3687,0.71,100.00
2010-12-09 15:00:00,Casey,201.4569,6.4648,6.4648,0.0000,0.0000,194.9921,0.0000,150.0000,201.4569,56.4079,54.5978,1.8101,3.21,100.00
2010-12-09 16:00:00,Casey,206.7834,26.1248,26.1248,0.0000,0.0000,180.6586,0.0000,150.0000,206.7834,57.8994,50.5844,7.3149,12.63,100.00
2010-12-09 17:00:00,Casey,235.8473,4.8994,4.8994,0.0000,0.0000,230.9479,0.0000,150.0000,235.8473,66.0372,64.6654,1.3718,2.08,100.00
2010-12-09 18:00:00,Casey,215.0480,30.7387,30.7387,0.0000,0.0000,184.3093,0.0000,150.0000,215.0480,60.2134,51.6066,8.6068,14.29,100.00
2010-12-09 19:00:00,Casey,238.3765,16.8269,16.8269,0.0000,0.0000,221.5496,0.0000,150.0000,238.3765,66.7454,62.0339,4.7115,7.06,100.00
2010-12-09 20:00:00,Casey,199.7380,30.7897,30.7897,0.0000,0.0000,168.9483,0.0000,150.0000,199.7380,55.9266,47.3055,8.6211,15.42,100.00
2010-12-09 21:00:00,Casey,213.5565,8.3791,8.3791,0.0000,0.0000,205.1774,0.0000,150.0000,213.5565,59.7958,57.4497,2.3461,3.92,100.00
2010-12-09 22:00:00,Casey,192.3211,17.3151,17.3151,0.0000,0.0000,175.0060,0.0000,150.0000,192.3211,53.8499,49.0017,4.8482,9.00,100.00
2010-12-09 23:00:00,Casey,184.0280,13.7655,13.7655,0.0000,0.0000,170.2625,0.0000,150.0000,184.0280,51.5278,47.6735,3.8543,7.48,100.00
2010-12-10 00:00:00,Casey,194.5016,77.4901,77.4901,0.0000,0.0000,117.0115,0.0000,150.0000,194.5016,54.4604,32.7632,21.6972,39.84,100.00
2010-12-10 01:00:00,Casey,167.2368,41.8933,41.8933,0.0000,0.0000,125.3435,0.0000,150.0000,167.2368,46.8263,35.0962,11.7301,25.05,100.00
2010-12-10 02:00:00,Casey,192.2944,6.0353,6.0353,0.0000,0.0000,186.2591,0.0000,150.0000,192.2944,53.8424,52.1525,1.6899,3.14,100.00
2010-12-10 03:00:00,Casey,174.6416,17.8404,17.8404,0.0000,0.0000,156.8012,0.0000,150.0000,174.6416,48.8996,43.9043,4.9953,10.22,100.00
2010-12-10 04:00:00,Casey,208.6581,44.9408,44.9408,0.0000,0.0000,163.7173,0.0000,150.0000,208.6581,58.4243,45.8408,12.5834,21.54,100.00
2010-12-10 05:00:00,Casey,198.5923,23.3114,23.3114,0.0000,0.0000,175.2809,0.0000,150.0000,198.5923,55.6058,49.0787,6.5272,11.74,100.00
2010-12-10 06:00:00,Casey,200.1824,20.5536,20.5536,0.0000,0.0000,179.6288,0.0000,150.0000,200.1824,56.0511,50.2961,5.7550,10.27,100.00
2010-12-10 07:00:00,Casey,180.9310,10.3799,10.3799,0.0000,0.0000,170.5511,0.0000,150.0000,180.9310,50.6607,47.7543,2.9064,5.74,100.00
2010-12-10 08:00:00,Casey,186.7100,36.3837,36.3837,0.0000,0.0000,150.3263,0.0000,150.0000,186.7100,52.2788,42.0914,10.1874,19.49,100.00
2010-12-10 09:00:00,Casey,201.9122,7.2016,7.2016,0.0000,0.0000,194.7106,0.0000,150.0000,201.9122,56.5354,54.5190,2.0164,3.57,100.00
2010-12-10 10:00:00,Casey,187.6631,15.0997,15.0997,0.0000,0.0000,172.5634,0.0000,150.0000,187.6631,52.5457,48.3178,4.2279,8.05,100.00
2010-12-10 11:00:00,Casey,205.8203,2.4970,2.4970,0.0000,0.0000,203.3233,0.0000,150.0000,205.8203,57.6297,56.9305,0.6992,1.21,100.00
2010-12-10 12:00:00,Casey,186.0288,43.8849,43.8849,0.0000,0.0000,142.1439,0.0000,150.0000,186.0288,52.0881,39.8003,12.2878,23.59,100.00
2010-12-10 13:00:00,Casey,195.9217,17.8047,17.8047,0.0000,0.0000,178.1170,0.0000,150.0000,195.9217,54.8581,49.8728,4.9853,9.09,100.00
2010-12-10 14:00:00,Casey,209.5933,4.9088,4.9088,0.0000,0.0000,204.6845,0.0000,150.0000,209.5933,58.6861,57.3117,1.3745,2.34,100.00
2010-12-10 15:00:00,Casey,203.4685,0.0000,0.0000,0.0000,0.0000,203.4685,0.0000,150.0000,203.4685,56.9712,56.9712,0.0000,0.00,100.00
2010-12-10 16:00:00,Casey,222.0617,31.0735,31.0735,0.0000,0.0000,190.9882,0.0000,150.0000,222.0617,62.1773,53.4767,8.7006,13.99,100.00
2010-12-10 17:00:00,Casey,235.5513,7.7227,7.7227,0.0000,0.0000,227.8286,0.0000,150.0000,235.5513,65.9544,63.7920,2.1624,3.28,100.00
2010-12-10 18:00:00,Casey,203.3773,7.8766,7.8766,0.0000,0.0000,195.5007,0.0000,150.0000,203.3773,56.9456,54.7402,2.2054,3.87,100.00
2010-12-10 19:00:00,Casey,224.1780,8.2704,8.2704,0.0000,0.0000,215.9076,0.0000,150.0000,224.1780,62.7698,60.4541,2.3157,3.69,100.00
2010-12-10 20:00:00,Casey,192.6827,27.9035,27.9035,0.0000,0.0000,164.7792,0.0000,150.0000,192.6827,53.9512,46.1382,7.8130,14.48,100.00
2010-12-10 21:00:00,Casey,201.6788,11.2709,11.2709,0.0000,0.0000,190.4079,0.0000,150.0000,201.6788,56.4701,53.3142,3.1559,5.59,100.00
2010-12-10 22:00:00,Casey,193.8899,1.1835,1.1835,0.0000,0.0000,192.7064,0.0000,150.0000,193.8899,54.2892,53.9578,0.3314,0.61,100.00
2010-12-10 23:00:00,Casey,183.2293,39.7039,39.7039,0.0000,0.0000,143.5254,0.0000,150.0000,183.2293,51.3042,40.1871,11.1171,21.67,100.00
2010-12-11 00:00:00,Casey,205.1842,67.0184,67.0184,0.0000,0.0000,138.1658,0.0000,150.0000,205.1842,57.4516,38.6864,18.7652,32.66,100.00
2010-12-11 01:00:00,Casey,201.9902,38.7535,38.7535,0.0000,0.0000,163.2367,0.0000,150.0000,201.9902,56.5573,45.7063,10.8510,19.19,100.00
2010-12-11 02:00:00,Casey,194.3817,4.6213,4.6213,0.0000,0.0000,189.7604,0.0000,150.0000,194.3817,54.4269,53.1329,1.2940,2.38,100.00
2010-12-11 03:00:00,Casey,177.9079,19.9088,19.9088,0.0000,0.0000,157.9991,0.0000,150.0000,177.9079,49.8142,44.2397,5.5745,11.19,100.00
2010-12-11 04:00:00,Casey,206.3804,52.5576,52.5576,0.0000,0.0000,153.8228,0.0000,150.0000,206.3804,57.7865,43.0704,14.7161,25.47,100.00
2010-12-11 05:00:00,Casey,171.8143,0.0000,0.0000,0.0000,0.0000,171.8143,0.0000,150.0000,171.8143,48.1080,48.1080,0.0000,0.00,100.00
2010-12-11 06:00:00,Casey,239.3530,21.9141,21.9141,0.0000,0.0000,217.4389,0.0000,150.0000,239.3530,67.0188,60.8829,6.1359,9.16,100.00
2010-12-11 07:00:00,Casey,206.0024,12.7872,12.7872,0.0000,0.0000,193.2152,0.0000,150.0000,206.0024,57.6807,54.1003,3.5804,6.21,100.00
2010-12-11 08:00:00,Casey,176.7400,103.8744,103.8744,0.0000,0.0000,72.8656,0.0000,150.0000,176.7400,49.4872,20.4024,29.0848,58.77,100.00
2010-12-11 09:00:00,Casey,230.0827,20.2324,20.2324,0.0000,0.0000,209.8503,0.0000,150.0000,230.0827,64.4232,58.7581,5.6651,8.79,100.00
2010-12-11 10:00:00,Casey,212.8963,2.0284,2.0284,0.0000,0.0000,210.8679,0.0000,150.0000,212.8963,59.6110,59.0430,0.5680,0.95,100.00
2010-12-11 11:00:00,Casey,197.0301,26.9005,26.9005,0.0000,0.0000,170.1296,0.0000,150.0000,197.0301,55.1684,47.6363,7.5321,13.65,100.00
2010-12-11 12:00:00,Casey,194.4687,27.9927,27.9927,0.0000,0.0000,166.4760,0.0000,150.0000,194.4687,54.4512,46.6133,7.8380,14.39,100.00
2010-12-11 13:00:00,Casey,200.9275,14.1883,14.1883,0.0000,0.0000,186.7392,0.0000,150.0000,200.9275,56.2597,52.2870,3.9727,7.06,100.00
2010-12-11 14:00:00,Casey,194.0206,4.6525,4.6525,0.0000,0.0000,189.3681,0.0000,150.0000,194.0206,54.3258,53.0231,1.3027,2.40,100.00
2010-12-11 15:00:00,Casey,172.8129,10.0380,10.0380,0.0000,0.0000,162.7749,0.0000,150.0000,172.8129,48.3876,45.5770,2.8106,5.81,100.00
2010-12-11 16:00:00,Casey,216.4134,37.2054,37.2054,0.0000,0.0000,179.2080,0.0000,150.0000,216.4134,60.5958,50.1782,10.4175,17.19,100.00
2010-12-11 17:00:00,Casey,210.0173,6.9791,6.9791,0.0000,0.0000,203.0382,0.0000,150.0000,210.0173,58.8048,56.8507,1.9541,3.32,100.00
2010-12-11 18:00:00,Casey,221.8450,11.1873,11.1873,0.0000,0.0000,210.6577,0.0000,150.0000,221.8450,62.1166,58.9842,3.1324,5.04,100.00
2010-12-11 19:00:00,Casey,228.4578,6.9665,6.9665,0.0000,0.0000,221.4913,0.0000,150.0000,228.4578,63.9682,62.0176,1.9506,3.05,100.00
2010-12-11 20:00:00,Casey,189.8164,54.7309,54.7309,0.0000,0.0000,135.0855,0.0000,150.0000,189.8164,53.1486,37.8239,15.3247,28.83,100.00
2010-12-11 21:00:00,Casey,217.2863,1.2940,1.2940,0.0000,0.0000,215.9923,0.0000,150.0000,217.2863,60.8402,60.4778,0.3623,0.60,100.00
2010-12-11 22:00:00,Casey,173.1105,12.5507,12.5507,0.0000,0.0000,160.5598,0.0000,150.0000,173.1105,48.4709,44.9567,3.5142,7.25,100.00
2010-12-11 23:00:00,Casey,168.5172,14.2964,14.2964,0.0000,0.0000,154.2208,0.0000,150.0000,168.5172,47.1848,43.1818,4.0030,8.48,100.00
2010-12-12 00:00:00,Casey,189.5271,51.7301,51.7301,0.0000,0.0000,137.7970,0.0000,150.0000,189.5271,53.0676,38.5832,14.4844,27.29,100.00
2010-12-12 01:00:00,Casey,166.4011,33.4473,33.4473,0.0000,0.0000,132.9538,0.0000,150.0000,166.4011,46.5923,37.2271,9.3652,20.10,100.00
2010-12-12 02:00:00,Casey,185.8254,22.2616,22.2616,0.0000,0.0000,163.5638,0.0000,150.0000,185.8254,52.0311,45.7979,6.2332,11.98,100.00
2010-12-12 03:00:00,Casey,196.2427,105.0614,105.0614,0.0000,0.0000,91.1813,0.0000,150.0000,196.2427,54.9480,25.5308,29.4172,53.54,100.00
2010-12-12 04:00:00,Casey,198.3307,98.1001,98.1001,0.0000,0.0000,100.2306,0.0000,150.0000,198.3307,55.5326,28.0646,27.4680,49.46,100.00
2010-12-12 05:00:00,Casey,177.8584,26.9301,26.9301,0.0000,0.0000,150.9283,0.0000,150.0000,177.8584,49.8004,42.2599,7.5404,15.14,100.00
2010-12-12 06:00:00,Casey,197.1170,30.9950,30.9950,0.0000,0.0000,166.1220,0.0000,150.0000,197.1170,55.1928,46.5142,8.6786,15.72,100.00
2010-12-12 07:00:00,Casey,205.1363,31.9044,31.9044,0.0000,0.0000,173.2319,0.0000,150.0000,205.1363,57.4382,48.5049,8.9332,15.55,100.00
2010-12-12 08:00:00,Casey,191.5406,56.9145,56.9145,0.0000,0.0000,134.6261,0.0000,150.0000,191.5406,53.6314,37.6953,15.9361,29.71,100.00
2010-12-12 09:00:00,Casey,179.6673,18.5028,18.5028,0.0000,0.0000,161.1645,0.0000,150.0000,179.6673,50.3068,45.1261,5.1808,10.30,100.00
2010-12-12 10:00:00,Casey,199.4913,43.3720,43.3720,0.0000,0.0000,156.1193,0.0000,150.0000,199.4913,55.8576,43.7134,12.1442,21.74,100.00
2010-12-12 11:00:00,Casey,182.9270,11.3811,11.3811,0.0000,0.0000,171.5459,0.0000,150.0000,182.9270,51.2196,48.0329,3.1867,6.22,100.00
2010-12-12 12:00:00,Casey,211.6546,30.0091,30.0091,0.0000,0.0000,181.6455,0.0000,150.0000,211.6546,59.2633,50.8607,8.4025,14.18,100.00
2010-12-12 13:00:00,Casey,183.9309,17.1260,17.1260,0.0000,0.0000,166.8049,0.0000,150.0000,183.9309,51.5007,46.7054,4.7953,9.31,100.00
2010-12-12 14:00:00,Casey,200.8300,9.0226,9.0226,0.0000,0.0000,191.8074,0.0000,150.0000,200.8300,56.2324,53.7061,2.5263,4.49,100.00
2010-12-12 15:00:00,Casey,192.9733,2.4201,2.4201,0.0000,0.0000,190.5532,0.0000,150.0000,192.9733,54.0325,53.3549,0.6776,1.25,100.00
2010-12-12 16:00:00,Casey,196.9457,15.9696,15.9696,0.0000,0.0000,180.9761,0.0000,150.0000,196.9457,55.1448,50.6733,4.4715,8.11,100.00
2010-12-12 17:00:00,Casey,223.7085,21.9199,21.9199,0.0000,0.0000,201.7886,0.0000,150.0000,223.7085,62.6384,56.5008,6.1376,9.80,100.00
2010-12-12 18:00:00,Casey,255.4895,20.5109,20.5109,0.0000,0.0000,234.9786,0.0000,150.0000,255.4895,71.5371,65.7940,5.7431,8.03,100.00
2010-12-12 19:00:00,Casey,216.2406,17.3172,17.3172,0.0000,0.0000,198.9234,0.0000,150.0000,216.2406,60.5474,55.6986,4.8488,8.01,100.00
2010-12-12 20:00:00,Casey,206.7606,16.0367,16.0367,0.0000,0.0000,190.7239,0.0000,150.0000,206.7606,57.8930,53.4027,4.4903,7.76,100.00
2010-12-12 21:00:00,Casey,200.1186,13.2972,13.2972,0.0000,0.0000,186.8214,0.0000,150.0000,200.1186,56.0332,52.3100,3.7232,6.64,100.00
2010-12-12 22:00:00,Casey,184.3430,9.1301,9.1301,0.0000,0.0000,175.2129,0.0000,150.0000,184.3430,51.6160,49.0596,2.5564,4.95,100.00
2010-12-12 23:00:00,Casey,194.0443,59.2123,59.2123,0.0000,0.0000,134.8320,0.0000,150.0000,194.0443,54.3324,37.7530,16.5794,30.51,100.00
2010-12-13 00:00:00,Casey,186.5706,131.6695,131.6695,0.0000,0.0000,54.9011,0.0000,150.0000,186.5706,52.2398,15.3723,36.8675,70.57,100.00
2010-12-13 01:00:00,Casey,184.2990,57.5375,57.5375,0.0000,0.0000,126.7615,0.0000,150.0000,184.2990,51.6037,35.4932,16.1105,31.22,100.00
2010-12-13 02:00:00,Casey,163.4686,21.5069,21.5069,0.0000,0.0000,141.9617,0.0000,150.0000,163.4686,45.7712,39.7493,6.0219,13.16,100.00
2010-12-13 03:00:00,Casey,171.5838,173.2435,171.5838,1.6597,0.0000,0.0000,0.0000,151.5767,171.5838,48.0435,0.0000,48.0435,100.00,100.00
2010-12-13 04:00:00,Casey,189.2624,37.3300,37.3300,0.0000,1.4979,150.4345,0.0000,150.0000,189.2624,52.9935,42.1217,10.8718,20.52,100.00
2010-12-13 05:00:00,Casey,204.7830,14.0661,14.0661,0.0000,0.0000,190.7169,0.0000,150.0000,204.7830,57.3392,53.4007,3.9385,6.87,100.00
2010-12-13 06:00:00,Casey,211.9415,23.8754,23.8754,0.0000,0.0000,188.0661,0.0000,150.0000,211.9415,59.3436,52.6585,6.6851,11.27,100.00
2010-12-13 07:00:00,Casey,195.2477,36.3534,36.3534,0.0000,0.0000,158.8943,0.0000,150.0000,195.2477,54.6694,44.4904,10.1790,18.62,100.00
2010-12-13 08:00:00,Casey,215.8776,49.0446,49.0446,0.0000,0.0000,166.8330,0.0000,150.0000,215.8776,60.4457,46.7132,13.7325,22.72,100.00
2010-12-13 09:00:00,Casey,178.4042,6.1008,6.1008,0.0000,0.0000,172.3034,0.0000,150.0000,178.4042,49.9532,48.2450,1.7082,3.42,100.00
2010-12-13 10:00:00,Casey,190.5403,1.7143,1.7143,0.0000,0.0000,188.8260,0.0000,150.0000,190.5403,53.3513,52.8713,0.4800,0.90,100.00
2010-12-13 11:00:00,Casey,214.3069,16.5953,16.5953,0.0000,0.0000,197.7116,0.0000,150.0000,214.3069,60.0059,55.3592,4.6467,7.74,100.00
2010-12-13 12:00:00,Casey,226.6042,41.7983,41.7983,0.0000,0.0000,184.8059,0.0000,150.0000,226.6042,63.4492,51.7457,11.7035,18.45,100.00
2010-12-13 13:00:00,Casey,216.3165,3.4958,3.4958,0.0000,0.0000,212.8207,0.0000,150.0000,216.3165,60.5686,59.5898,0.9788,1.62,100.00
2010-12-13 14:00:00,Casey,222.4916,11.6983,11.6983,0.0000,0.0000,210.7933,0.0000,150.0000,222.4916,62.2976,59.0221,3.2755,5.26,100.00
2010-12-13 15:00:00,Casey,182.4964,0.0000,0.0000,0.0000,0.0000,182.4964,0.0000,150.0000,182.4964,51.0990,51.0990,0.0000,0.00,100.00
2010-12-13 16:00:00,Casey,201.7019,33.9097,33.9097,0.0000,0.0000,167.7922,0.0000,150.0000,201.7019,56.4765,46.9818,9.4947,16.81,100.00
2010-12-13 17:00:00,Casey,228.3693,8.9974,8.9974,0.0000,0.0000,219.3719,0.0000,150.0000,228.3693,63.9434,61.4241,2.5193,3.94,100.00
2010-12-13 18:00:00,Casey,218.8863,17.9848,17.9848,0.0000,0.0000,200.9015,0.0000,150.0000,218.8863,61.2882,56.2524,5.0357,8.22,100.00
2010-12-13 19:00:00,Casey,205.2350,9.0446,9.0446,0.0000,0.0000,196.1904,0.0000,150.0000,205.2350,57.4658,54.9333,2.5325,4.41,100.00
2010-12-13 20:00:00,Casey,194.1382,31.5796,31.5796,0.0000,0.0000,162.5586,0.0000,150.0000,194.1382,54.3587,45.5164,8.8423,16.27,100.00
2010-12-13 21:00:00,Casey,234.7272,14.3034,14.3034,0.0000,0.0000,220.4238,0.0000,150.0000,234.7272,65.7236,61.7187,4.0050,6.09,100.00
2010-12-13 22:00:00,Casey,174.8924,11.6321,11.6321,0.0000,0.0000,163.2603,0.0000,150.0000,174.8924,48.9699,45.7129,3.2570,6.65,100.00
2010-12-13 23:00:00,Casey,214.0390,36.7542,36.7542,0.0000,0.0000,177.2848,0.0000,150.0000,214.0390,59.9309,49.6397,10.2912,17.17,100.00
2010-12-14 00:00:00,Casey,157.2984,38.3085,38.3085,0.0000,0.0000,118.9899,0.0000,150.0000,157.2984,44.0436,33.3172,10.7264,24.35,100.00
2010-12-14 01:00:00,Casey,192.7783,42.0855,42.0855,0.0000,0.0000,150.6928,0.0000,150.0000,192.7783,53.9779,42.1940,11.7839,21.83,100.00
2010-12-14 02:00:00,Casey,189.6976,62.3198,62.3198,0.0000,0.0000,127.3778,0.0000,150.0000,189.6976,53.1153,35.6658,17.4495,32.85,100.00
2010-12-14 03:00:00,Casey,207.5635,39.0893,39.0893,0.0000,0.0000,168.4742,0.0000,150.0000,207.5635,58.1178,47.1728,10.9450,18.83,100.00
2010-12-14 04:00:00,Casey,189.4217,67.0223,67.0223,0.0000,0.0000,122.3994,0.0000,150.0000,189.4217,53.0381,34.2718,18.7662,35.38,100.00
2010-12-14 05:00:00,Casey,189.4414,12.1357,12.1357,0.0000,0.0000,177.3057,0.0000,150.0000,189.4414,53.0436,49.6456,3.3980,6.41,100.00
2010-12-14 06:00:00,Casey,218.3984,21.9141,21.9141,0.0000,0.0000,196.4843,0.0000,150.0000,218.3984,61.1516,55.0156,6.1359,10.03,100.00
2010-12-14 07:00:00,Casey,211.6905,42.8377,42.8377,0.0000,0.0000,168.8528,0.0000,150.0000,211.6905,59.2733,47.2788,11.9946,20.24,100.00
2010-12-14 08:00:00,Casey,219.8334,29.1128,29.1128,0.0000,0.0000,190.7206,0.0000,150.0000,219.8334,61.5534,53.4018,8.1516,13.24,100.00
2010-12-14 09:00:00,Casey,177.8480,34.0634,34.0634,0.0000,0.0000,143.7846,0.0000,150.0000,177.8480,49.7974,40.2597,9.5378,19.15,100.00
2010-12-14 10:00:00,Casey,191.3871,26.1494,26.1494,0.0000,0.0000,165.2377,0.0000,150.0000,191.3871,53.5884,46.2666,7.3218,13.66,100.00
2010-12-14 11:00:00,Casey,206.6588,16.2628,16.2628,0.0000,0.0000,190.3960,0.0000,150.0000,206.6588,57.8645,53.3109,4.5536,7.87,100.00
2010-12-14 12:00:00,Casey,183.0803,44.1094,44.1094,0.0000,0.0000,138.9709,0.0000,150.0000,183.0803,51.2625,38.9119,12.3506,24.09,100.00
2010-12-14 13:00:00,Casey,202.4463,8.6855,8.6855,0.0000,0.0000,193.7608,0.0000,150.0000,202.4463,56.6850,54.2530,2.4319,4.29,100.00
2010-12-14 14:00:00,Casey,172.9338,20.8601,20.8601,0.0000,0.0000,152.0737,0.0000,150.0000,172.9338,48.4215,42.5806,5.8408,12.06,100.00
2010-12-14 15:00:00,Casey,210.9134,17.9417,17.9417,0.0000,0.0000,192.9717,0.0000,150.0000,210.9134,59.0558,54.0321,5.0237,8.51,100.00
2010-12-14 16:00:00,Casey,208.2225,41.3724,41.3724,0.0000,0.0000,166.8501,0.0000,150.0000,208.2225,58.3023,46.7180,11.5843,19.87,100.00
2010-12-14 17:00:00,Casey,210.2047,4.4126,4.4126,0.0000,0.0000,205.7921,0.0000,150.0000,210.2047,58.8573,57.6218,1.2355,2.10,100.00
2010-12-14 18:00:00,Casey,217.5135,10.8703,10.8703,0.0000,0.0000,206.6432,0.0000,150.0000,217.5135,60.9038,57.8601,3.0437,5.00,100.00
2010-12-14 19:00:00,Casey,198.9756,24.8532,24.8532,0.0000,0.0000,174.1224,0.0000,150.0000,198.9756,55.7132,48.7543,6.9589,12.49,100.00
2010-12-14 20:00:00,Casey,186.0986,25.3377,25.3377,0.0000,0.0000,160.7609,0.0000,150.0000,186.0986,52.1076,45.0131,7.0946,13.62,100.00
2010-12-14 21:00:00,Casey,199.9107,5.5881,5.5881,0.0000,0.0000,194.3226,0.0000,150.0000,199.9107,55.9750,54.4103,1.5647,2.80,100.00
2010-12-14 22:00:00,Casey,180.6453,43.5647,43.5647,0.0000,0.0000,137.0806,0.0000,150.0000,180.6453,50.5807,38.3826,12.1981,24.12,100.00
2010-12-14 23:00:00,Casey,206.2311,38.3395,38.3395,0.0000,0.0000,167.8916,0.0000,150.0000,206.2311,57.7447,47.0096,10.7351,18.59,100.00
2010-12-15 00:00:00,Casey,161.1161,42.6533,42.6533,0.0000,0.0000,118.4628,0.0000,150.0000,161.1161,45.1125,33.1696,11.9429,26.47,100.00
2010-12-15 01:00:00,Casey,172.4978,18.7990,18.7990,0.0000,0.0000,153.6988,0.0000,150.0000,172.4978,48.2994,43.0357,5.2637,10.90,100.00
2010-12-15 02:00:00,Casey,212.0411,27.4126,27.4126,0.0000,0.0000,184.6285,0.0000,150.0000,212.0411,59.3715,51.6960,7.6755,12.93,100.00
2010-12-15 03:00:00,Casey,192.7101,37.9496,37.9496,0.0000,0.0000,154.7605,0.0000,150.0000,192.7101,53.9588,43.3329,10.6259,19.69,100.00
2010-12-15 04:00:00,Casey,230.2108,136.3844,136.3844,0.0000,0.0000,93.8264,0.0000,150.0000,230.2108,64.4590,26.2714,38.1876,59.24,100.00
2010-12-15 05:00:00,Casey,190.0876,38.7414,38.7414,0.0000,0.0000,151.3462,0.0000,150.0000,190.0876,53.2245,42.3769,10.8476,20.38,100.00
2010-12-15 06:00:00,Casey,205.1120,17.1481,17.1481,0.0000,0.0000,187.9639,0.0000,150.0000,205.1120,57.4314,52.6299,4.8015,8.36,100.00
2010-12-15 07:00:00,Casey,190.8206,19.9018,19.9018,0.0000,0.0000,170.9188,0.0000,150.0000,190.8206,53.4298,47.8573,5.5725,10.43,100.00
2010-12-15 08:00:00,Casey,200.8275,38.3437,38.3437,0.0000,0.0000,162.4838,0.0000,150.0000,200.8275,56.2317,45.4955,10.7362,19.09,100.00
2010-12-15 09:00:00,Casey,179.1545,33.3144,33.3144,0.0000,0.0000,145.8401,0.0000,150.0000,179.1545,50.1633,40.8352,9.3280,18.60,100.00
2010-12-15 10:00:00,Casey,209.3853,17.1952,17.1952,0.0000,0.0000,192.1901,0.0000,150.0000,209.3853,58.6279,53.8132,4.8147,8.21,100.00
2010-12-15 11:00:00,Casey,184.0993,8.2254,8.2254,0.0000,0.0000,175.8739,0.0000,150.0000,184.0993,51.5478,49.2447,2.3031,4.47,100.00
2010-12-15 12:00:00,Casey,207.1487,40.3566,40.3566,0.0000,0.0000,166.7921,0.0000,150.0000,207.1487,58.0016,46.7018,11.2998,19.48,100.00
2010-12-15 13:00:00,Casey,190.1377,18.9999,18.9999,0.0000,0.0000,171.1378,0.0000,150.0000,190.1377,53.2386,47.9186,5.3200,9.99,100.00
2010-12-15 14:00:00,Casey,188.4456,6.5371,6.5371,0.0000,0.0000,181.9085,0.0000,150.0000,188.4456,52.7648,50.9344,1.8304,3.47,100.00
2010-12-15 15:00:00,Casey,215.8996,6.9792,6.9792,0.0000,0.0000,208.9204,0.0000,150.0000,215.8996,60.4519,58.4977,1.9542,3.23,100.00
2010-12-15 16:00:00,Casey,191.7854,36.9980,36.9980,0.0000,0.0000,154.7874,0.0000,150.0000,191.7854,53.6999,43.3405,10.3594,19.29,100.00
2010-12-15 17:00:00,Casey,197.5186,6.8096,6.8096,0.0000,0.0000,190.7090,0.0000,150.0000,197.5186,55.3052,53.3985,1.9067,3.45,100.00
2010-12-15 18:00:00,Casey,228.3174,5.7055,5.7055,0.0000,0.0000,222.6119,0.0000,150.0000,228.3174,63.9289,62.3313,1.5975,2.50,100.00
2010-12-15 19:00:00,Casey,221.2719,2.3055,2.3055,0.0000,0.0000,218.9664,0.0000,150.0000,221.2719,61.9561,61.3106,0.6455,1.04,100.00
2010-12-15 20:00:00,Casey,186.7463,23.1995,23.1995,0.0000,0.0000,163.5468,0.0000,150.0000,186.7463,52.2890,45.7931,6.4959,12.42,100.00
2010-12-15 21:00:00,Casey,236.7790,11.3759,11.3759,0.0000,0.0000,225.4031,0.0000,150.0000,236.7790,66.2981,63.1129,3.1853,4.80,100.00
2010-12-15 22:00:00,Casey,208.7896,10.7837,10.7837,0.0000,0.0000,198.0059,0.0000,150.0000,208.7896,58.4611,55.4417,3.0194,5.16,100.00
2010-12-15 23:00:00,Casey,193.0663,26.4195,26.4195,0.0000,0.0000,166.6468,0.0000,150.0000,193.0663,54.0586,46.6611,7.3975,13.68,100.00
2010-12-16 00:00:00,Casey,185.1163,60.6872,60.6872,0.0000,0.0000,124.4291,0.0000,150.0000,185.1163,51.8326,34.8401,16.9924,32.78,100.00
2010-12-16 01:00:00,Casey,182.7845,37.5674,37.5674,0.0000,0.0000,145.2171,0.0000,150.0000,182.7845,51.1797,40.6608,10.5189,20.55,100.00
2010-12-16 02:00:00,Casey,181.3456,28.3170,28.3170,0.0000,0.0000,153.0286,0.0000,150.0000,181.3456,50.7768,42.8480,7.9288,15.61,100.00
2010-12-16 03:00:00,Casey,215.2797,11.8766,11.8766,0.0000,0.0000,203.4031,0.0000,150.0000,215.2797,60.2783,56.9529,3.3254,5.52,100.00
2010-12-16 04:00:00,Casey,189.5056,78.4823,78.4823,0.0000,0.0000,111.0233,0.0000,150.0000,189.5056,53.0616,31.0865,21.9750,41.41,100.00
2010-12-16 05:00:00,Casey,191.9705,23.4193,23.4193,0.0000,0.0000,168.5512,0.0000,150.0000,191.9705,53.7517,47.1943,6.5574,12.20,100.00
2010-12-16 06:00:00,Casey,202.7706,32.3247,32.3247,0.0000,0.0000,170.4459,0.0000,150.0000,202.7706,56.7758,47.7249,9.0509,15.94,100.00
2010-12-16 07:00:00,Casey,189.8963,19.4173,19.4173,0.0000,0.0000,170.4790,0.0000,150.0000,189.8963,53.1710,47.7341,5.4368,10.23,100.00
2010-12-16 08:00:00,Casey,197.7686,34.4171,34.4171,0.0000,0.0000,163.3515,0.0000,150.0000,197.7686,55.3752,45.7384,9.6368,17.40,100.00
2010-12-16 09:00:00,Casey,203.3660,15.2508,15.2508,0.0000,0.0000,188.1152,0.0000,150.0000,203.3660,56.9425,52.6723,4.2702,7.50,100.00
2010-12-16 10:00:00,Casey,197.4762,11.9303,11.9303,0.0000,0.0000,185.5459,0.0000,150.0000,197.4762,55.2933,51.9529,3.3405,6.04,100.00
2010-12-16 11:00:00,Casey,202.8401,32.2710,32.2710,0.0000,0.0000,170.5691,0.0000,150.0000,202.8401,56.7952,47.7593,9.0359,15.91,100.00
2010-12-16 12:00:00,Casey,178.5943,32.4147,32.4147,0.0000,0.0000,146.1796,0.0000,150.0000,178.5943,50.0064,40.9303,9.0761,18.15,100.00
2010-12-16 13:00:00,Casey,199.4601,0.0000,0.0000,0.0000,0.0000,199.4601,0.0000,150.0000,199.4601,55.8488,55.8488,0.0000,0.00,100.00
2010-12-16 14:00:00,Casey,175.1188,13.1218,13.1218,0.0000,0.0000,161.9970,0.0000,150.0000,175.1188,49.0333,45.3592,3.6741,7.49,100.00
2010-12-16 15:00:00,Casey,228.1974,9.8534,9.8534,0.0000,0.0000,218.3440,0.0000,150.0000,228.1974,63.8953,61.1363,2.7590,4.32,100.00
2010-12-16 16:00:00,Casey,175.3532,22.4221,22.4221,0.0000,0.0000,152.9311,0.0000,150.0000,175.3532,49.0989,42.8207,6.2782,12.79,100.00
2010-12-16 17:00:00,Casey,232.3935,0.8499,0.8499,0.0000,0.0000,231.5436,0.0000,150.0000,232.3935,65.0702,64.8322,0.2380,0.37,100.00
2010-12-16 18:00:00,Casey,221.1218,4.8312,4.8312,0.0000,0.0000,216.2906,0.0000,150.0000,221.1218,61.9141,60.5614,1.3527,2.18,100.00
2010-12-16 19:00:00,Casey,223.0666,4.9977,4.9977,0.0000,0.0000,218.0689,0.0000,150.0000,223.0666,62.4586,61.0593,1.3994,2.24,100.00
2010-12-16 20:00:00,Casey,192.1902,41.9819,41.9819,0.0000,0.0000,150.2083,0.0000,150.0000,192.1902,53.8133,42.0583,11.7549,21.84,100.00
2010-12-16 21:00:00,Casey,191.3991,25.6749,25.6749,0.0000,0.0000,165.7242,0.0000,150.0000,191.3991,53.5917,46.4028,7.1890,13.41,100.00
2010-12-16 22:00:00,Casey,236.5996,16.7952,16.7952,0.0000,0.0000,219.8044,0.0000,150.0000,236.5996,66.2479,61.5452,4.7027,7.10,100.00
2010-12-16 23:00:00,Casey,213.7460,23.6247,23.6247,0.0000,0.0000,190.1213,0.0000,150.0000,213.7460,59.8489,53.2340,6.6149,11.05,100.00
2010-12-17 00:00:00,Casey,181.0134,68.8114,68.8114,0.0000,0.0000,112.2020,0.0000,150.0000,181.0134,50.6838,31.4166,19.2672,38.01,100.00
2010-12-17 01:00:00,Casey,174.2217,8.0706,8.0706,0.0000,0.0000,166.1511,0.0000,150.0000,174.2217,48.7821,46.5223,2.2598,4.63,100.00
2010-12-17 02:00:00,Casey,175.5278,25.8572,25.8572,0.0000,0.0000,149.6706,0.0000,150.0000,175.5278,49.1478,41.9078,7.2400,14.73,100.00
2010-12-17 03:00:00,Casey,200.1138,44.6608,44.6608,0.0000,0.0000,155.4530,0.0000,150.0000,200.1138,56.0319,43.5268,12.5050,22.32,100.00
2010-12-17 04:00:00,Casey,203.8746,48.4888,48.4888,0.0000,0.0000,155.3858,0.0000,150.0000,203.8746,57.0849,43.5080,13.5769,23.78,100.00
2010-12-17 05:00:00,Casey,199.5662,23.6311,23.6311,0.0000,0.0000,175.9351,0.0000,150.0000,199.5662,55.8785,49.2618,6.6167,11.84,100.00
2010-12-17 06:00:00,Casey,199.6731,14.8920,14.8920,0.0000,0.0000,184.7811,0.0000,150.0000,199.6731,55.9085,51.7387,4.1698,7.46,100.00
2010-12-17 07:00:00,Casey,173.5722,65.8517,65.8517,0.0000,0.0000,107.7205,0.0000,150.0000,173.5722,48.6002,30.1617,18.4385,37.94,100.00
2010-12-17 08:00:00,Casey,204.2301,39.7637,39.7637,0.0000,0.0000,164.4664,0.0000,150.0000,204.2301,57.1844,46.0506,11.1338,19.47,100.00
2010-12-17 09:00:00,Casey,200.3862,14.4409,14.4409,0.0000,0.0000,185.9453,0.0000,150.0000,200.3862,56.1081,52.0647,4.0435,7.21,100.00
2010-12-17 10:00:00,Casey,186.8915,10.3146,10.3146,0.0000,0.0000,176.5769,0.0000,150.0000,186.8915,52.3296,49.4415,2.8881,5.52,100.00
2010-12-17 11:00:00,Casey,197.3217,11.2605,11.2605,0.0000,0.0000,186.0612,0.0000,150.0000,197.3217,55.2501,52.0971,3.1529,5.71,100.00
2010-12-17 12:00:00,Casey,214.0147,24.0584,24.0584,0.0000,0.0000,189.9563,0.0000,150.0000,214.0147,59.9241,53.1878,6.7364,11.24,100.00
2010-12-17 13:00:00,Casey,162.3556,9.0582,9.0582,0.0000,0.0000,153.2974,0.0000,150.0000,162.3556,45.4596,42.9233,2.5363,5.58,100.00
2010-12-17 14:00:00,Casey,187.0566,8.5692,8.5692,0.0000,0.0000,178.4874,0.0000,150.0000,187.0566,52.3758,49.9765,2.3994,4.58,100.00
2010-12-17 15:00:00,Casey,217.7306,1.6098,1.6098,0.0000,0.0000,216.1208,0.0000,150.0000,217.7306,60.9646,60.5138,0.4507,0.74,100.00
2010-12-17 16:00:00,Casey,217.2082,24.3536,24.3536,0.0000,0.0000,192.8546,0.0000,150.0000,217.2082,60.8183,53.9993,6.8190,11.21,100.00
2010-12-17 17:00:00,Casey,232.3722,12.6581,12.6581,0.0000,0.0000,219.7141,0.0000,150.0000,232.3722,65.0642,61.5199,3.5443,5.45,100.00
2010-12-17 18:00:00,Casey,206.6071,0.2015,0.2015,0.0000,0.0000,206.4056,0.0000,150.0000,206.6071,57.8500,57.7936,0.0564,0.10,100.00
2010-12-17 19:00:00,Casey,210.7821,0.0000,0.0000,0.0000,0.0000,210.7821,0.0000,150.0000,210.7821,59.0190,59.0190,0.0000,0.00,100.00
2010-12-17 20:00:00,Casey,211.2698,26.2317,26.2317,0.0000,0.0000,185.0381,0.0000,150.0000,211.2698,59.1555,51.8107,7.3449,12.42,100.00
2010-12-17 21:00:00,Casey,211.2110,19.3398,19.3398,0.0000,0.0000,191.8712,0.0000,150.0000,211.2110,59.1391,53.7239,5.4151,9.16,100.00
2010-12-17 22:00:00,Casey,162.1314,22.3800,22.3800,0.0000,0.0000,139.7514,0.0000,150.0000,162.1314,45.3968,39.1304,6.2664,13.80,100.00
2010-12-17 23:00:00,Casey,183.2076,19.5746,19.5746,0.0000,0.0000,163.6330,0.0000,150.0000,183.2076,51.2981,45.8172,5.4809,10.68,100.00
2010-12-18 00:00:00,Casey,173.7375,37.3493,37.3493,0.0000,0.0000,136.3882,0.0000,150.0000,173.7375,48.6465,38.1887,10.4578,21.50,100.00
2010-12-18 01:00:00,Casey,192.2186,27.2191,27.2191,0.0000,0.0000,164.9995,0.0000,150.0000,192.2186,53.8212,46.1999,7.6213,14.16,100.00
2010-12-18 02:00:00,Casey,197.3560,52.8871,52.8871,0.0000,0.0000,144.4689,0.0000,150.0000,197.3560,55.2597,40.4513,14.8084,26.80,100.00
2010-12-18 03:00:00,Casey,226.8863,23.3791,23.3791,0.0000,0.0000,203.5072,0.0000,150.0000,226.8863,63.5282,56.9820,6.5461,10.30,100.00
2010-12-18 04:00:00,Casey,196.4740,224.5904,196.4740,28.1164,0.0000,0.0000,0.0000,176.7106,196.4740,55.0127,0.0000,55.0127,100.00,100.00
2010-12-18 05:00:00,Casey,209.5021,24.9921,24.9921,0.0000,25.3751,159.1349,0.0000,150.0000,209.5021,58.6606,44.5578,14.1028,24.04,100.00
2010-12-18 06:00:00,Casey,191.7368,45.3185,45.3185,0.0000,0.0000,146.4183,0.0000,150.0000,191.7368,53.6863,40.9971,12.6892,23.64,100.00
2010-12-18 07:00:00,Casey,205.2599,7.5074,7.5074,0.0000,0.0000,197.7525,0.0000,150.0000,205.2599,57.4728,55.3707,2.1021,3.66,100.00
2010-12-18 08:00:00,Casey,207.5143,36.9873,36.9873,0.0000,0.0000,170.5270,0.0000,150.0000,207.5143,58.1040,47.7476,10.3564,17.82,100.00
2010-12-18 09:00:00,Casey,202.8743,12.6411,12.6411,0.0000,0.0000,190.2332,0.0000,150.0000,202.8743,56.8048,53.2653,3.5395,6.23,100.00
2010-12-18 10:00:00,Casey,223.4490,24.1293,24.1293,0.0000,0.0000,199.3197,0.0000,150.0000,223.4490,62.5657,55.8095,6.7562,10.80,100.00
2010-12-18 11:00:00,Casey,187.0626,31.9056,31.9056,0.0000,0.0000,155.1570,0.0000,150.0000,187.0626,52.3775,43.4440,8.9336,17.06,100.00
2010-12-18 12:00:00,Casey,204.4458,25.9572,25.9572,0.0000,0.0000,178.4886,0.0000,150.0000,204.4458,57.2448,49.9768,7.2680,12.70,100.00
2010-12-18 13:00:00,Casey,211.2604,7.0962,7.0962,0.0000,0.0000,204.1642,0.0000,150.0000,211.2604,59.1529,57.1660,1.9869,3.36,100.00
2010-12-18 14:00:00,Casey,182.2854,8.2281,8.2281,0.0000,0.0000,174.0573,0.0000,150.0000,182.2854,51.0399,48.7360,2.3039,4.51,100.00
2010-12-18 15:00:00,Casey,197.7932,23.2033,23.2033,0.0000,0.0000,174.5899,0.0000,150.0000,197.7932,55.3821,48.8852,6.4969,11.73,100.00
2010-12-18 16:00:00,Casey,182.1502,25.2923,25.2923,0.0000,0.0000,156.8579,0.0000,150.0000,182.1502,51.0021,43.9202,7.0818,13.89,100.00
2010-12-18 17:00:00,Casey,188.5256,12.0284,12.0284,0.0000,0.0000,176.4972,0.0000,150.0000,188.5256,52.7872,49.4192,3.3680,6.38,100.00
2010-12-18 18:00:00,Casey,197.5299,3.8252,3.8252,0.0000,0.0000,193.7047,0.0000,150.0000,197.5299,55.3084,54.2373,1.0711,1.94,100.00
2010-12-18 19:00:00,Casey,211.0151,15.4031,15.4031,0.0000,0.0000,195.6120,0.0000,150.0000,211.0151,59.0842,54.7714,4.3129,7.30,100.00
2010-12-18 20:00:00,Casey,208.8694,21.8643,21.8643,0.0000,0.0000,187.0051,0.0000,150.0000,208.8694,58.4834,52.3614,6.1220,10.47,100.00
2010-12-18 21:00:00,Casey,217.7025,13.1243,13.1243,0.0000,0.0000,204.5782,0.0000,150.0000,217.7025,60.9567,57.2819,3.6748,6.03,100.00
2010-12-18 22:00:00,Casey,205.0886,73.3296,73.3296,0.0000,0.0000,131.7590,0.0000,150.0000,205.0886,57.4248,36.8925,20.5323,35.76,100.00
2010-12-18 23:00:00,Casey,190.5464,8.9269,8.9269,0.0000,0.0000,181.6195,0.0000,150.0000,190.5464,53.3530,50.8535,2.4995,4.68,100.00
2010-12-19 00:00:00,Casey,189.5953,31.4786,31.4786,0.0000,0.0000,158.1167,0.0000,150.0000,189.5953,53.0867,44.2727,8.8140,16.60,100.00
2010-12-19 01:00:00,Casey,182.8957,42.6981,42.6981,0.0000,0.0000,140.1976,0.0000,150.0000,182.8957,51.2108,39.2553,11.9555,23.35,100.00
2010-12-19 02:00:00,Casey,199.4805,42.9825,42.9825,0.0000,0.0000,156.4980,0.0000,150.0000,199.4805,55.8545,43.8194,12.0351,21.55,100.00
2010-12-19 03:00:00,Casey,201.9518,44.2153,44.2153,0.0000,0.0000,157.7365,0.0000,150.0000,201.9518,56.5465,44.1662,12.3803,21.89,100.00
2010-12-19 04:00:00,Casey,232.2457,46.8108,46.8108,0.0000,0.0000,185.4349,0.0000,150.0000,232.2457,65.0288,51.9218,13.1070,20.16,100.00
2010-12-19 05:00:00,Casey,187.4719,13.4240,13.4240,0.0000,0.0000,174.0479,0.0000,150.0000,187.4719,52.4921,48.7334,3.7587,7.16,100.00
2010-12-19 06:00:00,Casey,222.3365,36.1307,36.1307,0.0000,0.0000,186.2058,0.0000,150.0000,222.3365,62.2542,52.1376,10.1166,16.25,100.00
2010-12-19 07:00:00,Casey,200.8263,19.3068,19.3068,0.0000,0.0000,181.5195,0.0000,150.0000,200.8263,56.2314,50.8255,5.4059,9.61,100.00
2010-12-19 08:00:00,Casey,195.6392,18.0801,18.0801,0.0000,0.0000,177.5591,0.0000,150.0000,195.6392,54.7790,49.7165,5.0624,9.24,100.00
2010-12-19 09:00:00,Casey,191.8304,12.8773,12.8773,0.0000,0.0000,178.9531,0.0000,150.0000,191.8304,53.7125,50.1069,3.6056,6.71,100.00
2010-12-19 10:00:00,Casey,210.9758,14.9690,14.9690,0.0000,0.0000,196.0068,0.0000,150.0000,210.9758,59.0732,54.8819,4.1913,7.10,100.00
2010-12-19 11:00:00,Casey,215.6849,14.1020,14.1020,0.0000,0.0000,201.5829,0.0000,150.0000,215.6849,60.3918,56.4432,3.9486,6.54,100.00
2010-12-19 12:00:00,Casey,241.4431,35.0462,35.0462,0.0000,0.0000,206.3969,0.0000,150.0000,241.4431,67.6041,57.7911,9.8129,14.52,100.00
2010-12-19 13:00:00,Casey,200.5850,8.9309,8.9309,0.0000,0.0000,191.6541,0.0000,150.0000,200.5850,56.1638,53.6631,2.5007,4.45,100.00
2010-12-19 14:00:00,Casey,204.3229,29.4706,29.4706,0.0000,0.0000,174.8523,0.0000,150.0000,204.3229,57.2104,48.9586,8.2518,14.42,100.00
2010-12-19 15:00:00,Casey,206.9360,12.7563,12.7563,0.0000,0.0000,194.1797,0.0000,150.0000,206.9360,57.9421,54.3703,3.5718,6.16,100.00
2010-12-19 16:00:00,Casey,194.4435,36.2063,36.2063,0.0000,0.0000,158.2372,0.0000,150.0000,194.4435,54.4442,44.3064,10.1378,18.62,100.00
2010-12-19 17:00:00,Casey,202.7589,11.8384,11.8384,0.0000,0.0000,190.9205,0.0000,150.0000,202.7589,56.7725,53.4577,3.3148,5.84,100.00
2010-12-19 18:00:00,Casey,223.6625,10.3453,10.3453,0.0000,0.0000,213.3172,0.0000,150.0000,223.6625,62.6255,59.7288,2.8967,4.63,100.00
2010-12-19 19:00:00,Casey,190.4542,26.0438,26.0438,0.0000,0.0000,164.4104,0.0000,150.0000,190.4542,53.3272,46.0349,7.2923,13.67,100.00
2010-12-19 20:00:00,Casey,210.1526,41.6564,41.6564,0.0000,0.0000,168.4962,0.0000,150.0000,210.1526,58.8427,47.1789,11.6638,19.82,100.00
2010-12-19 21:00:00,Casey,208.9726,15.6983,15.6983,0.0000,0.0000,193.2743,0.0000,150.0000,208.9726,58.5123,54.1168,4.3955,7.51,100.00
2010-12-19 22:00:00,Casey,188.4426,12.3247,12.3247,0.0000,0.0000,176.1179,0.0000,150.0000,188.4426,52.7639,49.3130,3.4509,6.54,100.00
2010-12-19 23:00:00,Casey,178.8291,32.1850,32.1850,0.0000,0.0000,146.6441,0.0000,150.0000,178.8291,50.0721,41.0603,9.0118,18.00,100.00
2010-12-20 00:00:00,Casey,192.2504,35.6497,35.6497,0.0000,0.0000,156.6007,0.0000,150.0000,192.2504,53.8301,43.8482,9.9819,18.54,100.00
2010-12-20 01:00:00,Casey,198.7707,35.9906,35.9906,0.0000,0.0000,162.7801,0.0000,150.0000,198.7707,55.6558,45.5784,10.0774,18.11,100.00
2010-12-20 02:00:00,Casey,202.5462,1.4382,1.4382,0.0000,0.0000,201.1080,0.0000,150.0000,202.5462,56.7129,56.3102,0.4027,0.71,100.00
2010-12-20 03:00:00,Casey,182.7976,37.1082,37.1082,0.0000,0.0000,145.6894,0.0000,150.0000,182.7976,51.1833,40.7930,10.3903,20.30,100.00
2010-12-20 04:00:00,Casey,187.4095,48.9403,48.9403,0.0000,0.0000,138.4692,0.0000,150.0000,187.4095,52.4747,38.7714,13.7033,26.11,100.00
2010-12-20 05:00:00,Casey,194.2763,26.8865,26.8865,0.0000,0.0000,167.3898,0.0000,150.0000,194.2763,54.3974,46.8691,7.5282,13.84,100.00
2010-12-20 06:00:00,Casey,209.1439,42.7739,42.7739,0.0000,0.0000,166.3700,0.0000,150.0000,209.1439,58.5603,46.5836,11.9767,20.45,100.00
2010-12-20 07:00:00,Casey,194.2856,10.7536,10.7536,0.0000,0.0000,183.5320,0.0000,150.0000,194.2856,54.4000,51.3890,3.0110,5.53,100.00
2010-12-20 08:00:00,Casey,177.8787,45.0075,45.0075,0.0000,0.0000,132.8712,0.0000,150.0000,177.8787,49.8060,37.2039,12.6021,25.30,100.00
2010-12-20 09:00:00,Casey,194.5183,5.3299,5.3299,0.0000,0.0000,189.1884,0.0000,150.0000,194.5183,54.4651,52.9728,1.4924,2.74,100.00
2010-12-20 10:00:00,Casey,220.8490,17.5666,17.5666,0.0000,0.0000,203.2824,0.0000,150.0000,220.8490,61.8377,56.9191,4.9186,7.95,100.00
2010-12-20 11:00:00,Casey,204.2088,14.4171,14.4171,0.0000,0.0000,189.7917,0.0000,150.0000,204.2088,57.1785,53.1417,4.0368,7.06,100.00
2010-12-20 12:00:00,Casey,192.2814,42.4192,42.4192,0.0000,0.0000,149.8622,0.0000,150.0000,192.2814,53.8388,41.9614,11.8774,22.06,100.00
2010-12-20 13:00:00,Casey,215.0483,0.5119,0.5119,0.0000,0.0000,214.5364,0.0000,150.0000,215.0483,60.2135,60.0702,0.1433,0.24,100.00
2010-12-20 14:00:00,Casey,184.1764,12.2380,12.2380,0.0000,0.0000,171.9384,0.0000,150.0000,184.1764,51.5694,48.1428,3.4266,6.64,100.00
2010-12-20 15:00:00,Casey,215.2087,1.8225,1.8225,0.0000,0.0000,213.3862,0.0000,150.0000,215.2087,60.2584,59.7481,0.5103,0.85,100.00
2010-12-20 16:00:00,Casey,215.3682,27.0485,27.0485,0.0000,0.0000,188.3197,0.0000,150.0000,215.3682,60.3031,52.7295,7.5736,12.56,100.00
2010-12-20 17:00:00,Casey,213.5959,6.4621,6.4621,0.0000,0.0000,207.1338,0.0000,150.0000,213.5959,59.8069,57.9975,1.8094,3.03,100.00
2010-12-20 18:00:00,Casey,206.5597,7.4122,7.4122,0.0000,0.0000,199.1475,0.0000,150.0000,206.5597,57.8367,55.7613,2.0754,3.59,100.00
2010-12-20 19:00:00,Casey,217.8422,5.2027,5.2027,0.0000,0.0000,212.6395,0.0000,150.0000,217.8422,60.9958,59.5391,1.4568,2.39,100.00
2010-12-20 20:00:00,Casey,195.0649,21.8052,21.8052,0.0000,0.0000,173.2597,0.0000,150.0000,195.0649,54.6182,48.5127,6.1055,11.18,100.00
2010-12-20 21:00:00,Casey,218.1234,8.2182,8.2182,0.0000,0.0000,209.9052,0.0000,150.0000,218.1234,61.0746,58.7735,2.3011,3.77,100.00
2010-12-20 22:00:00,Casey,181.2265,5.1639,5.1639,0.0000,0.0000,176.0626,0.0000,150.0000,181.2265,50.7434,49.2975,1.4459,2.85,100.00
2010-12-20 23:00:00,Casey,166.1288,3.4353,3.4353,0.0000,0.0000,162.6935,0.0000,150.0000,166.1288,46.5161,45.5542,0.9619,2.07,100.00
2010-12-21 00:00:00,Casey,186.9526,52.7633,52.7633,0.0000,0.0000,134.1893,0.0000,150.0000,186.9526,52.3467,37.5730,14.7737,28.22,100.00
2010-12-21 01:00:00,Casey,183.4877,38.0466,38.0466,0.0000,0.0000,145.4411,0.0000,150.0000,183.4877,51.3766,40.7235,10.6530,20.74,100.00
2010-12-21 02:00:00,Casey,203.7681,46.0231,46.0231,0.0000,0.0000,157.7450,0.0000,150.0000,203.7681,57.0551,44.1686,12.8865,22.59,100.00
2010-12-21 03:00:00,Casey,209.1257,40.5406,40.5406,0.0000,0.0000,168.5851,0.0000,150.0000,209.1257,58.5552,47.2038,11.3514,19.39,100.00
2010-12-21 04:00:00,Casey,184.7315,40.1902,40.1902,0.0000,0.0000,144.5413,0.0000,150.0000,184.7315,51.7248,40.4716,11.2533,21.76,100.00
2010-12-21 05:00:00,Casey,184.3257,36.3497,36.3497,0.0000,0.0000,147.9760,0.0000,150.0000,184.3257,51.6112,41.4333,10.1779,19.72,100.00
2010-12-21 06:00:00,Casey,196.5736,17.9180,17.9180,0.0000,0.0000,178.6556,0.0000,150.0000,196.5736,55.0406,50.0236,5.0170,9.12,100.00
2010-12-21 07:00:00,Casey,192.1739,51.0580,51.0580,0.0000,0.0000,141.1159,0.0000,150.0000,192.1739,53.8087,39.5125,14.2962,26.57,100.00
2010-12-21 08:00:00,Casey,200.8900,101.0248,101.0248,0.0000,0.0000,99.8652,0.0000,150.0000,200.8900,56.2492,27.9623,28.2869,50.29,100.00
2010-12-21 09:00:00,Casey,201.7263,8.5747,8.5747,0.0000,0.0000,193.1516,0.0000,150.0000,201.7263,56.4834,54.0824,2.4009,4.25,100.00
2010-12-21 10:00:00,Casey,216.3449,12.7619,12.7619,0.0000,0.0000,203.5830,0.0000,150.0000,216.3449,60.5766,57.0032,3.5733,5.90,100.00
2010-12-21 11:00:00,Casey,203.1809,4.7150,4.7150,0.0000,0.0000,198.4659,0.0000,150.0000,203.1809,56.8907,55.5705,1.3202,2.32,100.00
2010-12-21 12:00:00,Casey,194.8528,37.5045,37.5045,0.0000,0.0000,157.3483,0.0000,150.0000,194.8528,54.5588,44.0575,10.5013,19.25,100.00
2010-12-21 13:00:00,Casey,200.9146,9.3841,9.3841,0.0000,0.0000,191.5305,0.0000,150.0000,200.9146,56.2561,53.6285,2.6275,4.67,100.00
2010-12-21 14:00:00,Casey,179.6310,3.6091,3.6091,0.0000,0.0000,176.0219,0.0000,150.0000,179.6310,50.2967,49.2861,1.0105,2.01,100.00
2010-12-21 15:00:00,Casey,182.5010,7.2848,7.2848,0.0000,0.0000,175.2162,0.0000,150.0000,182.5010,51.1003,49.0605,2.0397,3.99,100.00
2010-12-21 16:00:00,Casey,192.2438,24.4475,24.4475,0.0000,0.0000,167.7963,0.0000,150.0000,192.2438,53.8283,46.9830,6.8453,12.72,100.00
2010-12-21 17:00:00,Casey,194.6003,3.7825,3.7825,0.0000,0.0000,190.8178,0.0000,150.0000,194.6003,54.4881,53.4290,1.0591,1.94,100.00
2010-12-21 18:00:00,Casey,205.1615,14.1235,14.1235,0.0000,0.0000,191.0380,0.0000,150.0000,205.1615,57.4452,53.4906,3.9546,6.88,100.00
2010-12-21 19:00:00,Casey,194.7617,6.8662,6.8662,0.0000,0.0000,187.8955,0.0000,150.0000,194.7617,54.5333,52.6107,1.9225,3.53,100.00
2010-12-21 20:00:00,Casey,202.2332,20.3049,20.3049,0.0000,0.0000,181.9283,0.0000,150.0000,202.2332,56.6253,50.9399,5.6854,10.04,100.00
2010-12-21 21:00:00,Casey,195.5183,23.0976,23.0976,0.0000,0.0000,172.4207,0.0000,150.0000,195.5183,54.7451,48.2778,6.4673,11.81,100.00
2010-12-21 22:00:00,Casey,178.1361,25.4731,25.4731,0.0000,0.0000,152.6630,0.0000,150.0000,178.1361,49.8781,42.7456,7.1325,14.30,100.00
2010-12-21 23:00:00,Casey,175.5499,12.4432,12.4432,0.0000,0.0000,163.1067,0.0000,150.0000,175.5499,49.1540,45.6699,3.4841,7.09,100.00
2010-12-22 00:00:00,Casey,202.3547,68.6136,68.6136,0.0000,0.0000,133.7411,0.0000,150.0000,202.3547,56.6593,37.4475,19.2118,33.91,100.00
2010-12-22 01:00:00,Casey,171.6816,47.9049,47.9049,0.0000,0.0000,123.7767,0.0000,150.0000,171.6816,48.0708,34.6575,13.4134,27.90,100.00
2010-12-22 02:00:00,Casey,198.0127,31.0618,31.0618,0.0000,0.0000,166.9509,0.0000,150.0000,198.0127,55.4436,46.7463,8.6973,15.69,100.00
2010-12-22 03:00:00,Casey,181.3818,44.2990,44.2990,0.0000,0.0000,137.0828,0.0000,150.0000,181.3818,50.7869,38.3832,12.4037,24.42,100.00
2010-12-22 04:00:00,Casey,174.5966,57.6339,57.6339,0.0000,0.0000,116.9627,0.0000,150.0000,174.5966,48.8870,32.7496,16.1375,33.01,100.00
2010-12-22 05:00:00,Casey,218.9136,28.8129,28.8129,0.0000,0.0000,190.1007,0.0000,150.0000,218.9136,61.2958,53.2282,8.0676,13.16,100.00
2010-12-22 06:00:00,Casey,205.1495,22.9096,22.9096,0.0000,0.0000,182.2399,0.0000,150.0000,205.1495,57.4419,51.0272,6.4147,11.17,100.00
2010-12-22 07:00:00,Casey,214.8487,42.6935,42.6935,0.0000,0.0000,172.1552,0.0000,150.0000,214.8487,60.1576,48.2035,11.9542,19.87,100.00
2010-12-22 08:00:00,Casey,178.5603,43.2507,43.2507,0.0000,0.0000,135.3096,0.0000,150.0000,178.5603,49.9969,37.8867,12.1102,24.22,100.00
2010-12-22 09:00:00,Casey,194.1491,10.0714,10.0714,0.0000,0.0000,184.0777,0.0000,150.0000,194.1491,54.3617,51.5418,2.8200,5.19,100.00
2010-12-22 10:00:00,Casey,190.8057,15.7767,15.7767,0.0000,0.0000,175.0290,0.0000,150.0000,190.8057,53.4256,49.0081,4.4175,8.27,100.00
2010-12-22 11:00:00,Casey,197.3997,41.9772,41.9772,0.0000,0.0000,155.4225,0.0000,150.0000,197.3997,55.2719,43.5183,11.7536,21.27,100.00
2010-12-22 12:00:00,Casey,208.1683,38.7068,38.7068,0.0000,0.0000,169.4615,0.0000,150.0000,208.1683,58.2871,47.4492,10.8379,18.59,100.00
2010-12-22 13:00:00,Casey,192.3878,6.9125,6.9125,0.0000,0.0000,185.4753,0.0000,150.0000,192.3878,53.8686,51.9331,1.9355,3.59,100.00
2010-12-22 14:00:00,Casey,209.0890,18.0228,18.0228,0.0000,0.0000,191.0662,0.0000,150.0000,209.0890,58.5449,53.4985,5.0464,8.62,100.00
2010-12-22 15:00:00,Casey,187.0366,1.1972,1.1972,0.0000,0.0000,185.8394,0.0000,150.0000,187.0366,52.3702,52.0350,0.3352,0.64,100.00
2010-12-22 16:00:00,Casey,210.1562,32.8317,32.8317,0.0000,0.0000,177.3245,0.0000,150.0000,210.1562,58.8437,49.6509,9.1929,15.62,100.00
2010-12-22 17:00:00,Casey,217.2659,11.1805,11.1805,0.0000,0.0000,206.0854,0.0000,150.0000,217.2659,60.8345,57.7039,3.1305,5.15,100.00
2010-12-22 18:00:00,Casey,203.8507,12.7105,12.7105,0.0000,0.0000,191.1402,0.0000,150.0000,203.8507,57.0782,53.5193,3.5589,6.24,100.00
2010-12-22 19:00:00,Casey,175.0445,18.2480,18.2480,0.0000,0.0000,156.7965,0.0000,150.0000,175.0445,49.0125,43.9030,5.1094,10.42,100.00
2010-12-22 20:00:00,Casey,232.4476,20.8977,20.8977,0.0000,0.0000,211.5499,0.0000,150.0000,232.4476,65.0853,59.2340,5.8514,8.99,100.00
2010-12-22 21:00:00,Casey,198.8542,43.7027,43.7027,0.0000,0.0000,155.1515,0.0000,150.0000,198.8542,55.6792,43.4424,12.2368,21.98,100.00
2010-12-22 22:00:00,Casey,195.6949,19.0756,19.0756,0.0000,0.0000,176.6193,0.0000,150.0000,195.6949,54.7946,49.4534,5.3412,9.75,100.00
2010-12-22 23:00:00,Casey,168.4391,51.2773,51.2773,0.0000,0.0000,117.1618,0.0000,150.0000,168.4391,47.1629,32.8053,14.3576,30.44,100.00
2010-12-23 00:00:00,Casey,187.4651,37.9572,37.9572,0.0000,0.0000,149.5079,0.0000,150.0000,187.4651,52.4902,41.8622,10.6280,20.25,100.00
2010-12-23 01:00:00,Casey,203.4049,41.4853,41.4853,0.0000,0.0000,161.9196,0.0000,150.0000,203.4049,56.9534,45.3375,11.6159,20.40,100.00
2010-12-23 02:00:00,Casey,188.1128,42.7295,42.7295,0.0000,0.0000,145.3833,0.0000,150.0000,188.1128,52.6716,40.7073,11.9643,22.71,100.00
2010-12-23 03:00:00,Casey,187.5485,26.8966,26.8966,0.0000,0.0000,160.6519,0.0000,150.0000,187.5485,52.5136,44.9825,7.5310,14.34,100.00
2010-12-23 04:00:00,Casey,213.6555,56.0801,56.0801,0.0000,0.0000,157.5754,0.0000,150.0000,213.6555,59.8235,44.1211,15.7024,26.25,100.00
2010-12-23 05:00:00,Casey,161.7251,41.7853,41.7853,0.0000,0.0000,119.9398,0.0000,150.0000,161.7251,45.2830,33.5831,11.6999,25.84,100.00
2010-12-23 06:00:00,Casey,198.6678,16.8265,16.8265,0.0000,0.0000,181.8413,0.0000,150.0000,198.6678,55.6270,50.9156,4.7114,8.47,100.00
2010-12-23 07:00:00,Casey,206.1992,20.0040,20.0040,0.0000,0.0000,186.1952,0.0000,150.0000,206.1992,57.7358,52.1347,5.6011,9.70,100.00
2010-12-23 08:00:00,Casey,201.1124,30.8696,30.8696,0.0000,0.0000,170.2428,0.0000,150.0000,201.1124,56.3115,47.6680,8.6435,15.35,100.00
2010-12-23 09:00:00,Casey,203.6068,31.1684,31.1684,0.0000,0.0000,172.4384,0.0000,150.0000,203.6068,57.0099,48.2828,8.7272,15.31,100.00
2010-12-23 10:00:00,Casey,221.8617,16.3448,16.3448,0.0000,0.0000,205.5169,0.0000,150.0000,221.8617,62.1213,57.5447,4.5765,7.37,100.00
2010-12-23 11:00:00,Casey,233.8872,22.8905,22.8905,0.0000,0.0000,210.9967,0.0000,150.0000,233.8872,65.4884,59.0791,6.4093,9.79,100.00
2010-12-23 12:00:00,Casey,196.7014,37.7923,37.7923,0.0000,0.0000,158.9091,0.0000,150.0000,196.7014,55.0764,44.4945,10.5818,19.21,100.00
2010-12-23 13:00:00,Casey,179.7958,2.5326,2.5326,0.0000,0.0000,177.2632,0.0000,150.0000,179.7958,50.3428,49.6337,0.7091,1.41,100.00
2010-12-23 14:00:00,Casey,211.6484,0.0000,0.0000,0.0000,0.0000,211.6484,0.0000,150.0000,211.6484,59.2616,59.2616,0.0000,0.00,100.00
2010-12-23 15:00:00,Casey,220.2452,6.7339,6.7339,0.0000,0.0000,213.5113,0.0000,150.0000,220.2452,61.6687,59.7832,1.8855,3.06,100.00
2010-12-23 16:00:00,Casey,184.9271,29.3389,29.3389,0.0000,0.0000,155.5882,0.0000,150.0000,184.9271,51.7796,43.5647,8.2149,15.87,100.00
2010-12-23 17:00:00,Casey,210.3245,13.1193,13.1193,0.0000,0.0000,197.2052,0.0000,150.0000,210.3245,58.8909,55.2175,3.6734,6.24,100.00
2010-12-23 18:00:00,Casey,207.0378,12.7424,12.7424,0.0000,0.0000,194.2954,0.0000,150.0000,207.0378,57.9706,54.4027,3.5679,6.15,100.00
2010-12-23 19:00:00,Casey,229.4035,13.7102,13.7102,0.0000,0.0000,215.6933,0.0000,150.0000,229.4035,64.2330,60.3941,3.8389,5.98,100.00
2010-12-23 20:00:00,Casey,199.4059,23.6783,23.6783,0.0000,0.0000,175.7276,0.0000,150.0000,199.4059,55.8337,49.2037,6.6299,11.87,100.00
2010-12-23 21:00:00,Casey,193.9919,12.1796,12.1796,0.0000,0.0000,181.8123,0.0000,150.0000,193.9919,54.3177,50.9074,3.4103,6.28,100.00
2010-12-23 22:00:00,Casey,210.6780,55.2313,55.2313,0.0000,0.0000,155.4467,0.0000,150.0000,210.6780,58.9898,43.5251,15.4648,26.22,100.00
2010-12-23 23:00:00,Casey,190.0630,14.9097,14.9097,0.0000,0.0000,175.1533,0.0000,150.0000,190.0630,53.2176,49.0429,4.1747,7.84,100.00
2010-12-24 00:00:00,Casey,163.9025,38.6488,38.6488,0.0000,0.0000,125.2537,0.0000,150.0000,163.9025,45.8927,35.0710,10.8217,23.58,100.00
2010-12-24 01:00:00,Casey,198.5441,34.4444,34.4444,0.0000,0.0000,164.0997,0.0000,150.0000,198.5441,55.5923,45.9479,9.6444,17.35,100.00
2010-12-24 02:00:00,Casey,179.5079,42.6858,42.6858,0.0000,0.0000,136.8221,0.0000,150.0000,179.5079,50.2622,38.3102,11.9520,23.78,100.00
2010-12-24 03:00:00,Casey,184.1568,107.6947,107.6947,0.0000,0.0000,76.4621,0.0000,150.0000,184.1568,51.5639,21.4094,30.1545,58.48,100.00
2010-12-24 04:00:00,Casey,173.6076,38.3223,38.3223,0.0000,0.0000,135.2853,0.0000,150.0000,173.6076,48.6101,37.8799,10.7302,22.07,100.00
2010-12-24 05:00:00,Casey,193.8662,21.1625,21.1625,0.0000,0.0000,172.7037,0.0000,150.0000,193.8662,54.2825,48.3570,5.9255,10.92,100.00
2010-12-24 06:00:00,Casey,194.0134,16.7385,16.7385,0.0000,0.0000,177.2749,0.0000,150.0000,194.0134,54.3238,49.6370,4.6868,8.63,100.00
2010-12-24 07:00:00,Casey,223.4942,12.6180,12.6180,0.0000,0.0000,210.8762,0.0000,150.0000,223.4942,62.5784,59.0453,3.5330,5.65,100.00
2010-12-24 08:00:00,Casey,207.7857,34.5091,34.5091,0.0000,0.0000,173.2766,0.0000,150.0000,207.7857,58.1800,48.5174,9.6625,16.61,100.00
2010-12-24 09:00:00,Casey,217.0101,4.3933,4.3933,0.0000,0.0000,212.6168,0.0000,150.0000,217.0101,60.7628,59.5327,1.2301,2.02,100.00
2010-12-24 10:00:00,Casey,188.0967,38.1905,38.1905,0.0000,0.0000,149.9062,0.0000,150.0000,188.0967,52.6671,41.9737,10.6933,20.30,100.00
2010-12-24 11:00:00,Casey,209.7023,16.4621,16.4621,0.0000,0.0000,193.2402,0.0000,150.0000,209.7023,58.7166,54.1073,4.6094,7.85,100.00
2010-12-24 12:00:00,Casey,224.9685,38.6713,38.6713,0.0000,0.0000,186.2972,0.0000,150.0000,224.9685,62.9912,52.1632,10.8280,17.19,100.00
2010-12-24 13:00:00,Casey,220.6266,6.5823,6.5823,0.0000,0.0000,214.0443,0.0000,150.0000,220.6266,61.7754,59.9324,1.8430,2.98,100.00
2010-12-24 14:00:00,Casey,171.3449,7.2681,7.2681,0.0000,0.0000,164.0768,0.0000,150.0000,171.3449,47.9766,45.9415,2.0351,4.24,100.00
2010-12-24 15:00:00,Casey,195.6304,0.0388,0.0388,0.0000,0.0000,195.5916,0.0000,150.0000,195.6304,54.7765,54.7656,0.0109,0.02,100.00
2010-12-24 16:00:00,Casey,231.8778,47.4902,47.4902,0.0000,0.0000,184.3876,0.0000,150.0000,231.8778,64.9258,51.6285,13.2973,20.48,100.00
2010-12-24 17:00:00,Casey,219.8804,11.6636,11.6636,0.0000,0.0000,208.2168,0.0000,150.0000,219.8804,61.5665,58.3007,3.2658,5.30,100.00
2010-12-24 18:00:00,Casey,228.2096,9.3521,9.3521,0.0000,0.0000,218.8575,0.0000,150.0000,228.2096,63.8987,61.2801,2.6186,4.10,100.00
2010-12-24 19:00:00,Casey,209.5050,2.1943,2.1943,0.0000,0.0000,207.3107,0.0000,150.0000,209.5050,58.6614,58.0470,0.6144,1.05,100.00
2010-12-24 20:00:00,Casey,224.3782,33.9166,33.9166,0.0000,0.0000,190.4616,0.0000,150.0000,224.3782,62.8259,53.3292,9.4966,15.12,100.00
2010-12-24 21:00:00,Casey,184.5447,11.3969,11.3969,0.0000,0.0000,173.1478,0.0000,150.0000,184.5447,51.6725,48.4814,3.1911,6.18,100.00
2010-12-24 22:00:00,Casey,179.5296,12.2398,12.2398,0.0000,0.0000,167.2898,0.0000,150.0000,179.5296,50.2683,46.8411,3.4271,6.82,100.00
2010-12-24 23:00:00,Casey,167.7955,13.8302,13.8302,0.0000,0.0000,153.9653,0.0000,150.0000,167.7955,46.9827,43.1103,3.8725,8.24,100.00
2010-12-25 00:00:00,Casey,174.9917,53.9056,53.9056,0.0000,0.0000,121.0861,0.0000,150.0000,174.9917,48.9977,33.9041,15.0936,30.80,100.00
2010-12-25 01:00:00,Casey,201.3643,18.2209,18.2209,0.0000,0.0000,183.1434,0.0000,150.0000,201.3643,56.3820,51.2802,5.1019,9.05,100.00
2010-12-25 02:00:00,Casey,206.6738,44.8348,44.8348,0.0000,0.0000,161.8390,0.0000,150.0000,206.6738,57.8687,45.3149,12.5537,21.69,100.00
2010-12-25 03:00:00,Casey,186.4124,6.9950,6.9950,0.0000,0.0000,179.4174,0.0000,150.0000,186.4124,52.1955,50.2369,1.9586,3.75,100.00
2010-12-25 04:00:00,Casey,161.1813,37.3758,37.3758,0.0000,0.0000,123.8055,0.0000,150.0000,161.1813,45.1308,34.6655,10.4652,23.19,100.00
2010-12-25 05:00:00,Casey,190.5971,33.1247,33.1247,0.0000,0.0000,157.4724,0.0000,150.0000,190.5971,53.3672,44.0923,9.2749,17.38,100.00
2010-12-25 06:00:00,Casey,201.5653,22.0159,22.0159,0.0000,0.0000,179.5494,0.0000,150.0000,201.5653,56.4383,50.2738,6.1645,10.92,100.00
2010-12-25 07:00:00,Casey,179.1314,0.0000,0.0000,0.0000,0.0000,179.1314,0.0000,150.0000,179.1314,50.1568,50.1568,0.0000,0.00,100.00
2010-12-25 08:00:00,Casey,179.5085,33.8979,33.8979,0.0000,0.0000,145.6106,0.0000,150.0000,179.5085,50.2624,40.7710,9.4914,18.88,100.00
2010-12-25 09:00:00,Casey,197.4837,13.2615,13.2615,0.0000,0.0000,184.2222,0.0000,150.0000,197.4837,55.2954,51.5822,3.7132,6.72,100.00
2010-12-25 10:00:00,Casey,181.5566,17.6748,17.6748,0.0000,0.0000,163.8818,0.0000,150.0000,181.5566,50.8358,45.8869,4.9489,9.74,100.00
2010-12-25 11:00:00,Casey,215.5008,22.6146,22.6146,0.0000,0.0000,192.8862,0.0000,150.0000,215.5008,60.3402,54.0081,6.3321,10.49,100.00
2010-12-25 12:00:00,Casey,201.7967,46.5733,46.5733,0.0000,0.0000,155.2234,0.0000,150.0000,201.7967,56.5031,43.4626,13.0405,23.08,100.00
2010-12-25 13:00:00,Casey,186.3907,15.8396,15.8396,0.0000,0.0000,170.5511,0.0000,150.0000,186.3907,52.1894,47.7543,4.4351,8.50,100.00
2010-12-25 14:00:00,Casey,252.6455,8.3042,8.3042,0.0000,0.0000,244.3413,0.0000,150.0000,252.6455,70.7407,68.4156,2.3252,3.29,100.00
2010-12-25 15:00:00,Casey,179.2328,10.3298,10.3298,0.0000,0.0000,168.9030,0.0000,150.0000,179.2328,50.1852,47.2928,2.8923,5.76,100.00
2010-12-25 16:00:00,Casey,225.7370,29.1215,29.1215,0.0000,0.0000,196.6155,0.0000,150.0000,225.7370,63.2064,55.0523,8.1540,12.90,100.00
2010-12-25 17:00:00,Casey,209.2339,4.4413,4.4413,0.0000,0.0000,204.7926,0.0000,150.0000,209.2339,58.5855,57.3419,1.2436,2.12,100.00
2010-12-25 18:00:00,Casey,215.1759,14.7324,14.7324,0.0000,0.0000,200.4435,0.0000,150.0000,215.1759,60.2493,56.1242,4.1251,6.85,100.00
2010-12-25 19:00:00,Casey,217.1934,7.7317,7.7317,0.0000,0.0000,209.4617,0.0000,150.0000,217.1934,60.8142,58.6493,2.1649,3.56,100.00
2010-12-25 20:00:00,Casey,205.1415,21.9797,21.9797,0.0000,0.0000,183.1618,0.0000,150.0000,205.1415,57.4396,51.2853,6.1543,10.71,100.00
2010-12-25 21:00:00,Casey,194.4325,27.4269,27.4269,0.0000,0.0000,167.0056,0.0000,150.0000,194.4325,54.4411,46.7616,7.6795,14.11,100.00
2010-12-25 22:00:00,Casey,199.4541,9.3517,9.3517,0.0000,0.0000,190.1024,0.0000,150.0000,199.4541,55.8471,53.2287,2.6185,4.69,100.00
2010-12-25 23:00:00,Casey,192.4574,19.5667,19.5667,0.0000,0.0000,172.8907,0.0000,150.0000,192.4574,53.8881,48.4094,5.4787,10.17,100.00
2010-12-26 00:00:00,Casey,174.7358,32.5532,32.5532,0.0000,0.0000,142.1826,0.0000,150.0000,174.7358,48.9260,39.8111,9.1149,18.63,100.00
2010-12-26 01:00:00,Casey,192.4453,33.5453,33.5453,0.0000,0.0000,158.9000,0.0000,150.0000,192.4453,53.8847,44.4920,9.3927,17.43,100.00
2010-12-26 02:00:00,Casey,171.6954,21.2158,21.2158,0.0000,0.0000,150.4796,0.0000,150.0000,171.6954,48.0747,42.1343,5.9404,12.36,100.00
2010-12-26 03:00:00,Casey,174.3905,17.6761,17.6761,0.0000,0.0000,156.7144,0.0000,150.0000,174.3905,48.8293,43.8800,4.9493,10.14,100.00
2010-12-26 04:00:00,Casey,217.8109,44.8166,44.8166,0.0000,0.0000,172.9943,0.0000,150.0000,217.8109,60.9871,48.4384,12.5486,20.58,100.00
2010-12-26 05:00:00,Casey,185.4549,15.8771,15.8771,0.0000,0.0000,169.5778,0.0000,150.0000,185.4549,51.9274,47.4818,4.4456,8.56,100.00
2010-12-26 06:00:00,Casey,233.2018,27.1009,27.1009,0.0000,0.0000,206.1009,0.0000,150.0000,233.2018,65.2965,57.7083,7.5883,11.62,100.00
2010-12-26 07:00:00,Casey,189.8511,40.0547,40.0547,0.0000,0.0000,149.7964,0.0000,150.0000,189.8511,53.1583,41.9430,11.2153,21.10,100.00
2010-12-26 08:00:00,Casey,210.2135,35.8316,35.8316,0.0000,0.0000,174.3819,0.0000,150.0000,210.2135,58.8598,48.8269,10.0328,17.05,100.00
2010-12-26 09:00:00,Casey,203.1274,31.5120,31.5120,0.0000,0.0000,171.6154,0.0000,150.0000,203.1274,56.8757,48.0523,8.8234,15.51,100.00
2010-12-26 10:00:00,Casey,217.7737,1.1418,1.1418,0.0000,0.0000,216.6319,0.0000,150.0000,217.7737,60.9766,60.6569,0.3197,0.52,100.00
2010-12-26 11:00:00,Casey,174.0658,9.7684,9.7684,0.0000,0.0000,164.2974,0.0000,150.0000,174.0658,48.7384,46.0033,2.7352,5.61,100.00
2010-12-26 12:00:00,Casey,228.9507,37.8010,37.8010,0.0000,0.0000,191.1497,0.0000,150.0000,228.9507,64.1062,53.5219,10.5843,16.51,100.00
2010-12-26 13:00:00,Casey,192.1289,4.8304,4.8304,0.0000,0.0000,187.2985,0.0000,150.0000,192.1289,53.7961,52.4436,1.3525,2.51,100.00
2010-12-26 14:00:00,Casey,191.7367,5.8442,5.8442,0.0000,0.0000,185.8925,0.0000,150.0000,191.7367,53.6863,52.0499,1.6364,3.05,100.00
2010-12-26 15:00:00,Casey,201.9818,0.0000,0.0000,0.0000,0.0000,201.9818,0.0000,150.0000,201.9818,56.5549,56.5549,0.0000,0.00,100.00
2010-12-26 16:00:00,Casey,189.8407,45.9454,45.9454,0.0000,0.0000,143.8953,0.0000,150.0000,189.8407,53.1554,40.2907,12.8647,24.20,100.00
2010-12-26 17:00:00,Casey,213.3321,10.4418,10.4418,0.0000,0.0000,202.8903,0.0000,150.0000,213.3321,59.7330,56.8093,2.9237,4.89,100.00
2010-12-26 18:00:00,Casey,212.7239,5.5496,5.5496,0.0000,0.0000,207.1743,0.0000,150.0000,212.7239,59.5627,58.0088,1.5539,2.61,100.00
2010-12-26 19:00:00,Casey,209.0694,7.4298,7.4298,0.0000,0.0000,201.6396,0.0000,150.0000,209.0694,58.5394,56.4591,2.0803,3.55,100.00
2010-12-26 20:00:00,Casey,211.2311,23.7138,23.7138,0.0000,0.0000,187.5173,0.0000,150.0000,211.2311,59.1447,52.5048,6.6399,11.23,100.00
2010-12-26 21:00:00,Casey,183.4766,6.6904,6.6904,0.0000,0.0000,176.7862,0.0000,150.0000,183.4766,51.3734,49.5001,1.8733,3.65,100.00
2010-12-26 22:00:00,Casey,200.7387,4.1900,4.1900,0.0000,0.0000,196.5487,0.0000,150.0000,200.7387,56.2068,55.0336,1.1732,2.09,100.00
2010-12-26 23:00:00,Casey,175.0894,32.6918,32.6918,0.0000,0.0000,142.3976,0.0000,150.0000,175.0894,49.0250,39.8713,9.1537,18.67,100.00
2010-12-27 00:00:00,Casey,155.8695,25.3246,25.3246,0.0000,0.0000,130.5449,0.0000,150.0000,155.8695,43.6435,36.5526,7.0909,16.25,100.00
2010-12-27 01:00:00,Casey,198.4828,17.5026,17.5026,0.0000,0.0000,180.9802,0.0000,150.0000,198.4828,55.5752,50.6745,4.9007,8.82,100.00
2010-12-27 02:00:00,Casey,174.2112,27.8978,27.8978,0.0000,0.0000,146.3134,0.0000,150.0000,174.2112,48.7791,40.9678,7.8114,16.01,100.00
2010-12-27 03:00:00,Casey,204.4768,12.0633,12.0633,0.0000,0.0000,192.4135,0.0000,150.0000,204.4768,57.2535,53.8758,3.3777,5.90,100.00
2010-12-27 04:00:00,Casey,188.2403,37.9034,37.9034,0.0000,0.0000,150.3369,0.0000,150.0000,188.2403,52.7073,42.0943,10.6130,20.14,100.00
2010-12-27 05:00:00,Casey,166.0153,28.0687,28.0687,0.0000,0.0000,137.9466,0.0000,150.0000,166.0153,46.4843,38.6250,7.8592,16.91,100.00
2010-12-27 06:00:00,Casey,190.5744,18.8249,18.8249,0.0000,0.0000,171.7495,0.0000,150.0000,190.5744,53.3608,48.0899,5.2710,9.88,100.00
2010-12-27 07:00:00,Casey,196.0414,27.8349,27.8349,0.0000,0.0000,168.2065,0.0000,150.0000,196.0414,54.8916,47.0978,7.7938,14.20,100.00
2010-12-27 08:00:00,Casey,192.2688,43.3381,43.3381,0.0000,0.0000,148.9307,0.0000,150.0000,192.2688,53.8353,41.7006,12.1347,22.54,100.00
2010-12-27 09:00:00,Casey,206.5752,7.4086,7.4086,0.0000,0.0000,199.1666,0.0000,150.0000,206.5752,57.8411,55.7666,2.0744,3.59,100.00
2010-12-27 10:00:00,Casey,214.5070,2.0314,2.0314,0.0000,0.0000,212.4756,0.0000,150.0000,214.5070,60.0620,59.4932,0.5688,0.95,100.00
2010-12-27 11:00:00,Casey,208.1040,29.7171,29.7171,0.0000,0.0000,178.3869,0.0000,150.0000,208.1040,58.2691,49.9483,8.3208,14.28,100.00
2010-12-27 12:00:00,Casey,243.6107,51.0082,51.0082,0.0000,0.0000,192.6025,0.0000,150.0000,243.6107,68.2110,53.9287,14.2823,20.94,100.00
2010-12-27 13:00:00,Casey,174.0717,6.2244,6.2244,0.0000,0.0000,167.8473,0.0000,150.0000,174.0717,48.7401,46.9972,1.7428,3.58,100.00
2010-12-27 14:00:00,Casey,215.9197,3.2057,3.2057,0.0000,0.0000,212.7140,0.0000,150.0000,215.9197,60.4575,59.5599,0.8976,1.48,100.00
2010-12-27 15:00:00,Casey,203.9615,0.0000,0.0000,0.0000,0.0000,203.9615,0.0000,150.0000,203.9615,57.1092,57.1092,0.0000,0.00,100.00
2010-12-27 16:00:00,Casey,215.1749,32.2544,32.2544,0.0000,0.0000,182.9205,0.0000,150.0000,215.1749,60.2490,51.2177,9.0312,14.99,100.00
2010-12-27 17:00:00,Casey,232.4205,20.4663,20.4663,0.0000,0.0000,211.9542,0.0000,150.0000,232.4205,65.0777,59.3472,5.7306,8.81,100.00
2010-12-27 18:00:00,Casey,196.4195,10.7765,10.7765,0.0000,0.0000,185.6430,0.0000,150.0000,196.4195,54.9975,51.9800,3.0174,5.49,100.00
2010-12-27 19:00:00,Casey,199.1633,12.7416,12.7416,0.0000,0.0000,186.4217,0.0000,150.0000,199.1633,55.7657,52.1981,3.5676,6.40,100.00
2010-12-27 20:00:00,Casey,216.5527,11.5416,11.5416,0.0000,0.0000,205.0111,0.0000,150.0000,216.5527,60.6348,57.4031,3.2316,5.33,100.00
2010-12-27 21:00:00,Casey,189.3427,21.2622,21.2622,0.0000,0.0000,168.0805,0.0000,150.0000,189.3427,53.0160,47.0625,5.9534,11.23,100.00
2010-12-27 22:00:00,Casey,198.2823,39.4720,39.4720,0.0000,0.0000,158.8103,0.0000,150.0000,198.2823,55.5190,44.4669,11.0522,19.91,100.00
2010-12-27 23:00:00,Casey,209.7757,44.0850,44.0850,0.0000,0.0000,165.6907,0.0000,150.0000,209.7757,58.7372,46.3934,12.3438,21.02,100.00
2010-12-28 00:00:00,Casey,190.2098,42.2411,42.2411,0.0000,0.0000,147.9687,0.0000,150.0000,190.2098,53.2587,41.4312,11.8275,22.21,100.00
2010-12-28 01:00:00,Casey,185.1230,21.6567,21.6567,0.0000,0.0000,163.4663,0.0000,150.0000,185.1230,51.8344,45.7706,6.0639,11.70,100.00
2010-12-28 02:00:00,Casey,163.5608,39.3482,39.3482,0.0000,0.0000,124.2126,0.0000,150.0000,163.5608,45.7970,34.7795,11.0175,24.06,100.00
2010-12-28 03:00:00,Casey,184.9678,40.9798,40.9798,0.0000,0.0000,143.9880,0.0000,150.0000,184.9678,51.7910,40.3166,11.4743,22.16,100.00
2010-12-28 04:00:00,Casey,209.4100,41.9807,41.9807,0.0000,0.0000,167.4293,0.0000,150.0000,209.4100,58.6348,46.8802,11.7546,20.05,100.00
2010-12-28 05:00:00,Casey,180.5534,30.8481,30.8481,0.0000,0.0000,149.7053,0.0000,150.0000,180.5534,50.5550,41.9175,8.6375,17.09,100.00
2010-12-28 06:00:00,Casey,209.6631,26.8302,26.8302,0.0000,0.0000,182.8329,0.0000,150.0000,209.6631,58.7057,51.1932,7.5125,12.80,100.00
2010-12-28 07:00:00,Casey,204.2771,38.6833,38.6833,0.0000,0.0000,165.5938,0.0000,150.0000,204.2771,57.1976,46.3663,10.8313,18.94,100.00
2010-12-28 08:00:00,Casey,184.3615,40.3305,40.3305,0.0000,0.0000,144.0310,0.0000,150.0000,184.3615,51.6212,40.3287,11.2925,21.88,100.00
2010-12-28 09:00:00,Casey,196.5413,40.8473,40.8473,0.0000,0.0000,155.6940,0.0000,150.0000,196.5413,55.0316,43.5943,11.4372,20.78,100.00
2010-12-28 10:00:00,Casey,189.8382,9.8683,9.8683,0.0000,0.0000,179.9699,0.0000,150.0000,189.8382,53.1547,50.3916,2.7631,5.20,100.00
2010-12-28 11:00:00,Casey,230.9870,16.5579,16.5579,0.0000,0.0000,214.4291,0.0000,150.0000,230.9870,64.6764,60.0401,4.6362,7.17,100.00
2010-12-28 12:00:00,Casey,209.9545,44.0951,44.0951,0.0000,0.0000,165.8594,0.0000,150.0000,209.9545,58.7873,46.4406,12.3466,21.00,100.00
2010-12-28 13:00:00,Casey,204.1916,5.7996,5.7996,0.0000,0.0000,198.3920,0.0000,150.0000,204.1916,57.1736,55.5498,1.6239,2.84,100.00
2010-12-28 14:00:00,Casey,184.2566,10.5782,10.5782,0.0000,0.0000,173.6784,0.0000,150.0000,184.2566,51.5918,48.6300,2.9619,5.74,100.00
2010-12-28 15:00:00,Casey,184.9027,0.2582,0.2582,0.0000,0.0000,184.6445,0.0000,150.0000,184.9027,51.7728,51.7005,0.0723,0.14,100.00
2010-12-28 16:00:00,Casey,208.9308,24.7708,24.7708,0.0000,0.0000,184.1600,0.0000,150.0000,208.9308,58.5006,51.5648,6.9358,11.86,100.00
2010-12-28 17:00:00,Casey,219.0145,5.6123,5.6123,0.0000,0.0000,213.4022,0.0000,150.0000,219.0145,61.3241,59.7526,1.5714,2.56,100.00
2010-12-28 18:00:00,Casey,207.1351,2.9492,2.9492,0.0000,0.0000,204.1859,0.0000,150.0000,207.1351,57.9978,57.1721,0.8258,1.42,100.00
2010-12-28 19:00:00,Casey,219.2589,2.7697,2.7697,0.0000,0.0000,216.4892,0.0000,150.0000,219.2589,61.3925,60.6170,0.7755,1.26,100.00
2010-12-28 20:00:00,Casey,194.1788,34.6606,34.6606,0.0000,0.0000,159.5182,0.0000,150.0000,194.1788,54.3701,44.6651,9.7050,17.85,100.00
2010-12-28 21:00:00,Casey,187.6526,36.7782,36.7782,0.0000,0.0000,150.8744,0.0000,150.0000,187.6526,52.5427,42.2448,10.2979,19.60,100.00
2010-12-28 22:00:00,Casey,202.7758,46.4075,46.4075,0.0000,0.0000,156.3683,0.0000,150.0000,202.7758,56.7772,43.7831,12.9941,22.89,100.00
2010-12-28 23:00:00,Casey,194.1649,12.8730,12.8730,0.0000,0.0000,181.2919,0.0000,150.0000,194.1649,54.3662,50.7617,3.6044,6.63,100.00
2010-12-29 00:00:00,Casey,183.0205,70.6427,70.6427,0.0000,0.0000,112.3778,0.0000,150.0000,183.0205,51.2457,31.4658,19.7800,38.60,100.00
2010-12-29 01:00:00,Casey,176.5060,17.0032,17.0032,0.0000,0.0000,159.5028,0.0000,150.0000,176.5060,49.4217,44.6608,4.7609,9.63,100.00
2010-12-29 02:00:00,Casey,209.5270,26.1869,26.1869,0.0000,0.0000,183.3401,0.0000,150.0000,209.5270,58.6676,51.3352,7.3323,12.50,100.00
2010-12-29 03:00:00,Casey,165.9627,50.0756,50.0756,0.0000,0.0000,115.8871,0.0000,150.0000,165.9627,46.4696,32.4484,14.0212,30.17,100.00
2010-12-29 04:00:00,Casey,216.1328,28.3239,28.3239,0.0000,0.0000,187.8089,0.0000,150.0000,216.1328,60.5172,52.5865,7.9307,13.10,100.00
2010-12-29 05:00:00,Casey,184.8397,22.3040,22.3040,0.0000,0.0000,162.5357,0.0000,150.0000,184.8397,51.7551,45.5100,6.2451,12.07,100.00
2010-12-29 06:00:00,Casey,227.0566,9.2460,9.2460,0.0000,0.0000,217.8106,0.0000,150.0000,227.0566,63.5758,60.9870,2.5889,4.07,100.00
2010-12-29 07:00:00,Casey,190.3893,25.9667,25.9667,0.0000,0.0000,164.4226,0.0000,150.0000,190.3893,53.3090,46.0383,7.2707,13.64,100.00
2010-12-29 08:00:00,Casey,189.8982,32.9538,32.9538,0.0000,0.0000,156.9444,0.0000,150.0000,189.8982,53.1715,43.9444,9.2271,17.35,100.00
2010-12-29 09:00:00,Casey,192.5798,15.8278,15.8278,0.0000,0.0000,176.7520,0.0000,150.0000,192.5798,53.9223,49.4906,4.4318,8.22,100.00
2010-12-29 10:00:00,Casey,248.3321,17.3640,17.3640,0.0000,0.0000,230.9681,0.0000,150.0000,248.3321,69.5330,64.6711,4.8619,6.99,100.00
2010-12-29 11:00:00,Casey,210.3670,17.9075,17.9075,0.0000,0.0000,192.4595,0.0000,150.0000,210.3670,58.9028,53.8887,5.0141,8.51,100.00
2010-12-29 12:00:00,Casey,210.4048,21.2833,21.2833,0.0000,0.0000,189.1215,0.0000,150.0000,210.4048,58.9133,52.9540,5.9593,10.12,100.00
2010-12-29 13:00:00,Casey,173.8984,3.2231,3.2231,0.0000,0.0000,170.6753,0.0000,150.0000,173.8984,48.6916,47.7891,0.9025,1.85,100.00
2010-12-29 14:00:00,Casey,176.1532,1.0040,1.0040,0.0000,0.0000,175.1492,0.0000,150.0000,176.1532,49.3229,49.0418,0.2811,0.57,100.00
2010-12-29 15:00:00,Casey,208.5450,6.4616,6.4616,0.0000,0.0000,202.0834,0.0000,150.0000,208.5450,58.3926,56.5834,1.8092,3.10,100.00
2010-12-29 16:00:00,Casey,186.7413,13.7068,13.7068,0.0000,0.0000,173.0345,0.0000,150.0000,186.7413,52.2876,48.4497,3.8379,7.34,100.00
2010-12-29 17:00:00,Casey,210.6342,6.2917,6.2917,0.0000,0.0000,204.3425,0.0000,150.0000,210.6342,58.9776,57.2159,1.7617,2.99,100.00
2010-12-29 18:00:00,Casey,212.6747,8.6237,8.6237,0.0000,0.0000,204.0510,0.0000,150.0000,212.6747,59.5489,57.1343,2.4146,4.05,100.00
2010-12-29 19:00:00,Casey,201.1914,20.1795,20.1795,0.0000,0.0000,181.0119,0.0000,150.0000,201.1914,56.3336,50.6833,5.6503,10.03,100.00
2010-12-29 20:00:00,Casey,195.1292,33.1842,33.1842,0.0000,0.0000,161.9450,0.0000,150.0000,195.1292,54.6362,45.3446,9.2916,17.01,100.00
2010-12-29 21:00:00,Casey,205.6315,15.6900,15.6900,0.0000,0.0000,189.9415,0.0000,150.0000,205.6315,57.5768,53.1836,4.3932,7.63,100.00
2010-12-29 22:00:00,Casey,190.5514,14.1713,14.1713,0.0000,0.0000,176.3801,0.0000,150.0000,190.5514,53.3544,49.3864,3.9680,7.44,100.00
2010-12-29 23:00:00,Casey,170.6679,23.4569,23.4569,0.0000,0.0000,147.2110,0.0000,150.0000,170.6679,47.7870,41.2191,6.5679,13.74,100.00
2010-12-30 00:00:00,Casey,187.9719,21.4750,21.4750,0.0000,0.0000,166.4969,0.0000,150.0000,187.9719,52.6321,46.6191,6.0130,11.42,100.00
2010-12-30 01:00:00,Casey,198.4675,66.4713,66.4713,0.0000,0.0000,131.9962,0.0000,150.0000,198.4675,55.5709,36.9589,18.6120,33.49,100.00
2010-12-30 02:00:00,Casey,183.4537,29.2868,29.2868,0.0000,0.0000,154.1669,0.0000,150.0000,183.4537,51.3670,43.1667,8.2003,15.96,100.00
2010-12-30 03:00:00,Casey,175.4072,22.9369,22.9369,0.0000,0.0000,152.4703,0.0000,150.0000,175.4072,49.1140,42.6917,6.4223,13.08,100.00
2010-12-30 04:00:00,Casey,204.3512,61.4773,61.4773,0.0000,0.0000,142.8739,0.0000,150.0000,204.3512,57.2183,40.0047,17.2136,30.08,100.00
2010-12-30 05:00:00,Casey,187.8615,14.6137,14.6137,0.0000,0.0000,173.2478,0.0000,150.0000,187.8615,52.6012,48.5094,4.0918,7.78,100.00
2010-12-30 06:00:00,Casey,191.2954,33.8814,33.8814,0.0000,0.0000,157.4140,0.0000,150.0000,191.2954,53.5627,44.0759,9.4868,17.71,100.00
2010-12-30 07:00:00,Casey,187.7856,20.3714,20.3714,0.0000,0.0000,167.4142,0.0000,150.0000,187.7856,52.5800,46.8760,5.7040,10.85,100.00
2010-12-30 08:00:00,Casey,181.3837,29.9024,29.9024,0.0000,0.0000,151.4813,0.0000,150.0000,181.3837,50.7874,42.4148,8.3727,16.49,100.00
2010-12-30 09:00:00,Casey,198.0283,9.3849,9.3849,0.0000,0.0000,188.6434,0.0000,150.0000,198.0283,55.4479,52.8202,2.6278,4.74,100.00
2010-12-30 10:00:00,Casey,206.5394,17.1569,17.1569,0.0000,0.0000,189.3825,0.0000,150.0000,206.5394,57.8310,53.0271,4.8039,8.31,100.00
2010-12-30 11:00:00,Casey,202.4252,28.2742,28.2742,0.0000,0.0000,174.1510,0.0000,150.0000,202.4252,56.6791,48.7623,7.9168,13.97,100.00
2010-12-30 12:00:00,Casey,215.5494,43.5079,43.5079,0.0000,0.0000,172.0415,0.0000,150.0000,215.5494,60.3538,48.1716,12.1822,20.18,100.00
2010-12-30 13:00:00,Casey,207.6269,18.1980,18.1980,0.0000,0.0000,189.4289,0.0000,150.0000,207.6269,58.1355,53.0401,5.0954,8.76,100.00
2010-12-30 14:00:00,Casey,205.4839,2.5457,2.5457,0.0000,0.0000,202.9382,0.0000,150.0000,205.4839,57.5355,56.8227,0.7128,1.24,100.00
2010-12-30 15:00:00,Casey,207.3404,2.5045,2.5045,0.0000,0.0000,204.8359,0.0000,150.0000,207.3404,58.0553,57.3541,0.7013,1.21,100.00
2010-12-30 16:00:00,Casey,190.4889,37.6247,37.6247,0.0000,0.0000,152.8642,0.0000,150.0000,190.4889,53.3369,42.8020,10.5349,19.75,100.00
2010-12-30 17:00:00,Casey,202.7750,6.1666,6.1666,0.0000,0.0000,196.6084,0.0000,150.0000,202.7750,56.7770,55.0504,1.7266,3.04,100.00
2010-12-30 18:00:00,Casey,222.8729,15.6054,15.6054,0.0000,0.0000,207.2675,0.0000,150.0000,222.8729,62.4044,58.0349,4.3695,7.00,100.00
2010-12-30 19:00:00,Casey,208.5753,1.8455,1.8455,0.0000,0.0000,206.7298,0.0000,150.0000,208.5753,58.4011,57.8843,0.5167,0.88,100.00
2010-12-30 20:00:00,Casey,190.4781,19.4002,19.4002,0.0000,0.0000,171.0779,0.0000,150.0000,190.4781,53.3339,47.9018,5.4321,10.19,100.00
2010-12-30 21:00:00,Casey,208.7666,10.5683,10.5683,0.0000,0.0000,198.1983,0.0000,150.0000,208.7666,58.4546,55.4955,2.9591,5.06,100.00
2010-12-30 22:00:00,Casey,181.1252,38.3078,38.3078,0.0000,0.0000,142.8174,0.0000,150.0000,181.1252,50.7151,39.9889,10.7262,21.15,100.00
2010-12-30 23:00:00,Casey,183.7308,13.5470,13.5470,0.0000,0.0000,170.1838,0.0000,150.0000,183.7308,51.4446,47.6515,3.7932,7.37,100.00
2010-12-31 00:00:00,Casey,199.4186,40.7453,40.7453,0.0000,0.0000,158.6733,0.0000,150.0000,199.4186,55.8372,44.4285,11.4087,20.43,100.00
2010-12-31 01:00:00,Casey,168.9928,29.6545,29.6545,0.0000,0.0000,139.3383,0.0000,150.0000,168.9928,47.3180,39.0147,8.3033,17.55,100.00
2010-12-31 02:00:00,Casey,193.7813,81.6387,81.6387,0.0000,0.0000,112.1426,0.0000,150.0000,193.7813,54.2588,31.3999,22.8588,42.13,100.00
2010-12-31 03:00:00,Casey,209.0856,83.8007,83.8007,0.0000,0.0000,125.2849,0.0000,150.0000,209.0856,58.5440,35.0798,23.4642,40.08,100.00
2010-12-31 04:00:00,Casey,221.1242,102.0699,102.0699,0.0000,0.0000,119.0543,0.0000,150.0000,221.1242,61.9148,33.3352,28.5796,46.16,100.00
2010-12-31 05:00:00,Casey,156.7295,44.8062,44.8062,0.0000,0.0000,111.9233,0.0000,150.0000,156.7295,43.8843,31.3385,12.5457,28.59,100.00
2010-12-31 06:00:00,Casey,198.4830,19.5711,19.5711,0.0000,0.0000,178.9119,0.0000,150.0000,198.4830,55.5752,50.0953,5.4799,9.86,100.00
2010-12-31 07:00:00,Casey,214.3627,19.4173,19.4173,0.0000,0.0000,194.9454,0.0000,150.0000,214.3627,60.0216,54.5847,5.4368,9.06,100.00
2010-12-31 08:00:00,Casey,182.0733,46.9689,46.9689,0.0000,0.0000,135.1044,0.0000,150.0000,182.0733,50.9805,37.8292,13.1513,25.80,100.00
2010-12-31 09:00:00,Casey,208.1115,11.2819,11.2819,0.0000,0.0000,196.8296,0.0000,150.0000,208.1115,58.2712,55.1123,3.1589,5.42,100.00
2010-12-31 10:00:00,Casey,201.9255,19.5292,19.5292,0.0000,0.0000,182.3963,0.0000,150.0000,201.9255,56.5391,51.0710,5.4682,9.67,100.00
2010-12-31 11:00:00,Casey,201.6987,5.4882,5.4882,0.0000,0.0000,196.2105,0.0000,150.0000,201.6987,56.4756,54.9389,1.5367,2.72,100.00
2010-12-31 12:00:00,Casey,185.5075,31.5668,31.5668,0.0000,0.0000,153.9407,0.0000,150.0000,185.5075,51.9421,43.1034,8.8387,17.02,100.00
2010-12-31 13:00:00,Casey,202.8034,15.4050,15.4050,0.0000,0.0000,187.3984,0.0000,150.0000,202.8034,56.7850,52.4716,4.3134,7.60,100.00
2010-12-31 14:00:00,Casey,200.8742,3.3667,3.3667,0.0000,0.0000,197.5075,0.0000,150.0000,200.8742,56.2448,55.3021,0.9427,1.68,100.00
2010-12-31 15:00:00,Casey,212.4240,4.1921,4.1921,0.0000,0.0000,208.2319,0.0000,150.0000,212.4240,59.4787,58.3049,1.1738,1.97,100.00
2010-12-31 16:00:00,Casey,182.3664,21.5984,21.5984,0.0000,0.0000,160.7680,0.0000,150.0000,182.3664,51.0626,45.0150,6.0476,11.84,100.00
2010-12-31 17:00:00,Casey,198.2765,3.6598,3.6598,0.0000,0.0000,194.6167,0.0000,150.0000,198.2765,55.5174,54.4927,1.0247,1.85,100.00
2010-12-31 18:00:00,Casey,223.1707,16.2347,16.2347,0.0000,0.0000,206.9360,0.0000,150.0000,223.1707,62.4878,57.9421,4.5457,7.27,100.00
2010-12-31 19:00:00,Casey,202.6705,3.5317,3.5317,0.0000,0.0000,199.1388,0.0000,150.0000,202.6705,56.7477,55.7589,0.9889,1.74,100.00
2010-12-31 20:00:00,Casey,191.6570,14.4324,14.4324,0.0000,0.0000,177.2246,0.0000,150.0000,191.6570,53.6640,49.6229,4.0411,7.53,100.00
2010-12-31 21:00:00,Casey,173.4550,2.5984,2.5984,0.0000,0.0000,170.8566,0.0000,150.0000,173.4550,48.5674,47.8398,0.7276,1.50,100.00
2010-12-31 22:00:00,Casey,188.0069,8.4870,8.4870,0.0000,0.0000,179.5199,0.0000,150.0000,188.0069,52.6419,50.2656,2.3764,4.51,100.00
2010-10-21 08:00:00,Davis,191.7734,96.6080,96.6080,0.0000,95.1654,0.0000,0.0000,649.8259,191.7734,53.6966,0.0000,53.6966,100.00,100.00
2010-10-21 09:00:00,Davis,213.1662,93.9392,93.9392,0.0000,119.2270,0.0000,0.0000,524.3238,213.1662,59.6865,0.0000,59.6865,100.00,100.00
2010-10-21 10:00:00,Davis,190.8709,110.7909,110.7909,0.0000,80.0800,0.0000,0.0000,440.0291,190.8709,53.4439,0.0000,53.4439,100.00,100.00
2010-10-21 11:00:00,Davis,192.0622,116.3526,116.3526,0.0000,75.7096,0.0000,0.0000,360.3347,192.0622,53.7774,0.0000,53.7774,100.00,100.00
2010-10-21 12:00:00,Davis,203.1950,119.9142,119.9142,0.0000,83.2808,0.0000,0.0000,272.6707,203.1950,56.8946,0.0000,56.8946,100.00,100.00
2010-10-21 13:00:00,Davis,185.5824,120.4052,120.4052,0.0000,65.1772,0.0000,0.0000,204.0632,185.5824,51.9631,0.0000,51.9631,100.00,100.00
2010-10-21 14:00:00,Davis,179.3293,105.1844,105.1844,0.0000,51.3600,22.7849,0.0000,150.0000,179.3293,50.2122,6.3798,43.8324,87.29,100.00
2010-10-21 15:00:00,Davis,178.7287,90.4130,90.4130,0.0000,0.0000,88.3157,0.0000,150.0000,178.7287,50.0440,24.7284,25.3156,50.59,100.00
2010-10-21 16:00:00,Davis,217.7174,57.5602,57.5602,0.0000,0.0000,160.1572,0.0000,150.0000,217.7174,60.9609,44.8440,16.1169,26.44,100.00
2010-10-21 17:00:00,Davis,219.7149,49.3170,49.3170,0.0000,0.0000,170.3979,0.0000,150.0000,219.7149,61.5202,47.7114,13.8088,22.45,100.00
2010-10-21 18:00:00,Davis,249.2289,34.3477,34.3477,0.0000,0.0000,214.8812,0.0000,150.0000,249.2289,69.7841,60.1667,9.6174,13.78,100.00
2010-10-21 19:00:00,Davis,225.5531,10.8408,10.8408,0.0000,0.0000,214.7123,0.0000,150.0000,225.5531,63.1549,60.1194,3.0354,4.81,100.00
2010-10-21 20:00:00,Davis,225.4026,10.6424,10.6424,0.0000,0.0000,214.7602,0.0000,150.0000,225.4026,63.1127,60.1329,2.9799,4.72,100.00
2010-10-21 21:00:00,Davis,185.4149,24.5282,24.5282,0.0000,0.0000,160.8867,0.0000,150.0000,185.4149,51.9162,45.0483,6.8679,13.23,100.00
2010-10-21 22:00:00,Davis,196.1572,25.6047,25.6047,0.0000,0.0000,170.5525,0.0000,150.0000,196.1572,54.9240,47.7547,7.1693,13.05,100.00
2010-10-21 23:00:00,Davis,199.2653,45.0147,45.0147,0.0000,0.0000,154.2506,0.0000,150.0000,199.2653,55.7943,43.1902,12.6041,22.59,100.00
2010-10-22 00:00:00,Davis,188.6069,50.2940,50.2940,0.0000,0.0000,138.3129,0.0000,150.0000,188.6069,52.8099,38.7276,14.0823,26.67,100.00
2010-10-22 01:00:00,Davis,210.4022,43.5750,43.5750,0.0000,0.0000,166.8272,0.0000,150.0000,210.4022,58.9126,46.7116,12.2010,20.71,100.00
2010-10-22 02:00:00,Davis,182.3828,29.4330,29.4330,0.0000,0.0000,152.9498,0.0000,150.0000,182.3828,51.0672,42.8259,8.2412,16.14,100.00
2010-10-22 03:00:00,Davis,173.7020,46.2300,46.2300,0.0000,0.0000,127.4720,0.0000,150.0000,173.7020,48.6366,35.6922,12.9444,26.61,100.00
2010-10-22 04:00:00,Davis,200.1202,37.7884,37.7884,0.0000,0.0000,162.3318,0.0000,150.0000,200.1202,56.0337,45.4529,10.5808,18.88,100.00
2010-10-22 05:00:00,Davis,198.9285,41.9651,41.9651,0.0000,0.0000,156.9634,0.0000,150.0000,198.9285,55.7000,43.9498,11.7502,21.10,100.00
2010-10-22 06:00:00,Davis,222.1152,31.4937,31.4937,0.0000,0.0000,190.6215,0.0000,150.0000,222.1152,62.1923,53.3740,8.8182,14.18,100.00
2010-10-22 07:00:00,Davis,206.0344,61.6591,61.6591,0.0000,0.0000,144.3753,0.0000,150.0000,206.0344,57.6896,40.4251,17.2645,29.93,100.00
2010-10-22 08:00:00,Davis,187.5502,92.4363,92.4363,0.0000,0.0000,95.1139,0.0000,150.0000,187.5502,52.5141,26.6319,25.8822,49.29,100.00
2010-10-22 09:00:00,Davis,201.2301,106.6125,106.6125,0.0000,0.0000,94.6176,0.0000,150.0000,201.2301,56.3444,26.4929,29.8515,52.98,100.00
2010-10-22 10:00:00,Davis,179.1183,121.8487,121.8487,0.0000,0.0000,57.2696,0.0000,150.0000,179.1183,50.1531,16.0355,34.1176,68.03,100.00
2010-10-22 11:00:00,Davis,183.0687,118.4140,118.4140,0.0000,0.0000,64.6547,0.0000,150.0000,183.0687,51.2592,18.1033,33.1559,64.68,100.00
2010-10-22 12:00:00,Davis,193.2660,123.9838,123.9838,0.0000,0.0000,69.2822,0.0000,150.0000,193.2660,54.1145,19.3990,34.7155,64.15,100.00
2010-10-22 13:00:00,Davis,200.2636,107.5262,107.5262,0.0000,0.0000,92.7374,0.0000,150.0000,200.2636,56.0738,25.9665,30.1073,53.69,100.00
2010-10-22 14:00:00,Davis,184.9157,101.3709,101.3709,0.0000,0.0000,83.5448,0.0000,150.0000,184.9157,51.7764,23.3925,28.3839,54.82,100.00
2010-10-22 15:00:00,Davis,212.9048,99.2361,99.2361,0.0000,0.0000,113.6687,0.0000,150.0000,212.9048,59.6133,31.8272,27.7861,46.61,100.00
2010-10-22 16:00:00,Davis,189.8586,78.0966,78.0966,0.0000,0.0000,111.7620,0.0000,150.0000,189.8586,53.1604,31.2934,21.8670,41.13,100.00
2010-10-22 17:00:00,Davis,199.8408,33.3141,33.3141,0.0000,0.0000,166.5267,0.0000,150.0000,199.8408,55.9554,46.6275,9.3279,16.67,100.00
2010-10-22 18:00:00,Davis,225.5922,21.9752,21.9752,0.0000,0.0000,203.6170,0.0000,150.0000,225.5922,63.1658,57.0128,6.1531,9.74,100.00
2010-10-22 19:00:00,Davis,204.2373,7.8107,7.8107,0.0000,0.0000,196.4266,0.0000,150.0000,204.2373,57.1864,54.9994,2.1870,3.82,100.00
2010-10-22 20:00:00,Davis,197.0604,15.7378,15.7378,0.0000,0.0000,181.3226,0.0000,150.0000,197.0604,55.1769,50.7703,4.4066,7.99,100.00
2010-10-22 21:00:00,Davis,191.0039,7.5799,7.5799,0.0000,0.0000,183.4240,0.0000,150.0000,191.0039,53.4811,51.3587,2.1224,3.97,100.00
2010-10-22 22:00:00,Davis,198.1610,17.5685,17.5685,0.0000,0.0000,180.5925,0.0000,150.0000,198.1610,55.4851,50.5659,4.9192,8.87,100.00
2010-10-22 23:00:00,Davis,195.5209,9.8098,9.8098,0.0000,0.0000,185.7111,0.0000,150.0000,195.5209,54.7459,51.9991,2.7467,5.02,100.00
2010-10-23 00:00:00,Davis,187.8269,26.8939,26.8939,0.0000,0.0000,160.9330,0.0000,150.0000,187.8269,52.5915,45.0612,7.5303,14.32,100.00
2010-10-23 01:00:00,Davis,206.1075,15.3642,15.3642,0.0000,0.0000,190.7433,0.0000,150.0000,206.1075,57.7101,53.4081,4.3020,7.45,100.00
2010-10-23 02:00:00,Davis,193.9657,30.8230,30.8230,0.0000,0.0000,163.1427,0.0000,150.0000,193.9657,54.3104,45.6800,8.6304,15.89,100.00
2010-10-23 03:00:00,Davis,187.5345,38.9656,38.9656,0.0000,0.0000,148.5689,0.0000,150.0000,187.5345,52.5097,41.5993,10.9104,20.78,100.00
2010-10-23 04:00:00,Davis,194.6107,30.3154,30.3154,0.0000,0.0000,164.2953,0.0000,150.0000,194.6107,54.4910,46.0027,8.4883,15.58,100.00
2010-10-23 05:00:00,Davis,195.6089,32.2823,32.2823,0.0000,0.0000,163.3266,0.0000,150.0000,195.6089,54.7705,45.7314,9.0390,16.50,100.00
2010-10-23 06:00:00,Davis,221.7048,35.1560,35.1560,0.0000,0.0000,186.5488,0.0000,150.0000,221.7048,62.0773,52.2337,9.8437,15.86,100.00
2010-10-23 07:00:00,Davis,181.9251,70.9243,70.9243,0.0000,0.0000,111.0008,0.0000,150.0000,181.9251,50.9390,31.0802,19.8588,38.99,100.00
2010-10-23 08:00:00,Davis,189.7485,81.7700,81.7700,0.0000,0.0000,107.9785,0.0000,150.0000,189.7485,53.1296,30.2340,22.8956,43.09,100.00
2010-10-23 09:00:00,Davis,204.7992,98.2888,98.2888,0.0000,0.0000,106.5104,0.0000,150.0000,204.7992,57.3438,29.8229,27.5209,47.99,100.00
2010-10-23 10:00:00,Davis,202.7959,108.7866,108.7866,0.0000,0.0000,94.0093,0.0000,150.0000,202.7959,56.7829,26.3226,30.4602,53.64,100.00
2010-10-23 11:00:00,Davis,238.3378,117.6495,117.6495,0.0000,0.0000,120.6883,0.0000,150.0000,238.3378,66.7346,33.7927,32.9419,49.36,100.00
2010-10-23 12:00:00,Davis,209.8246,133.6385,133.6385,0.0000,0.0000,76.1861,0.0000,150.0000,209.8246,58.7509,21.3321,37.4188,63.69,100.00
2010-10-23 13:00:00,Davis,198.7710,114.3500,114.3500,0.0000,0.0000,84.4210,0.0000,150.0000,198.7710,55.6559,23.6379,32.0180,57.53,100.00
2010-10-23 14:00:00,Davis,195.6854,111.2530,111.2530,0.0000,0.0000,84.4324,0.0000,150.0000,195.6854,54.7919,23.6411,31.1508,56.85,100.00
2010-10-23 15:00:00,Davis,167.2286,81.7553,81.7553,0.0000,0.0000,85.4733,0.0000,150.0000,167.2286,46.8240,23.9325,22.8915,48.89,100.00
2010-10-23 16:00:00,Davis,207.3169,70.5636,70.5636,0.0000,0.0000,136.7533,0.0000,150.0000,207.3169,58.0487,38.2909,19.7578,34.04,100.00
2010-10-23 17:00:00,Davis,194.0302,46.5687,46.5687,0.0000,0.0000,147.4615,0.0000,150.0000,194.0302,54.3285,41.2892,13.0392,24.00,100.00
2010-10-23 18:00:00,Davis,189.4890,30.8985,30.8985,0.0000,0.0000,158.5905,0.0000,150.0000,189.4890,53.0569,44.4053,8.6516,16.31,100.00
2010-10-23 19:00:00,Davis,206.0804,24.5275,24.5275,0.0000,0.0000,181.5529,0.0000,150.0000,206.0804,57.7025,50.8348,6.8677,11.90,100.00
2010-10-23 20:00:00,Davis,184.6446,11.9963,11.9963,0.0000,0.0000,172.6483,0.0000,150.0000,184.6446,51.7005,48.3415,3.3590,6.50,100.00
2010-10-23 21:00:00,Davis,196.3290,14.4220,14.4220,0.0000,0.0000,181.9070,0.0000,150.0000,196.3290,54.9721,50.9340,4.0382,7.35,100.00
2010-10-23 22:00:00,Davis,177.1470,31.9138,31.9138,0.0000,0.0000,145.2332,0.0000,150.0000,177.1470,49.6012,40.6653,8.9359,18.02,100.00
2010-10-23 23:00:00,Davis,183.4137,41.3582,41.3582,0.0000,0.0000,142.0555,0.0000,150.0000,183.4137,51.3558,39.7755,11.5803,22.55,100.00
2010-10-24 00:00:00,Davis,197.4295,10.6337,10.6337,0.0000,0.0000,186.7958,0.0000,150.0000,197.4295,55.2803,52.3028,2.9774,5.39,100.00
2010-10-24 01:00:00,Davis,174.1864,18.9481,18.9481,0.0000,0.0000,155.2383,0.0000,150.0000,174.1864,48.7722,43.4667,5.3055,10.88,100.00
2010-10-24 02:00:00,Davis,187.5144,39.4804,39.4804,0.0000,0.0000,148.0340,0.0000,150.0000,187.5144,52.5040,41.4495,11.0545,21.05,100.00
2010-10-24 03:00:00,Davis,170.5540,20.4211,20.4211,0.0000,0.0000,150.1329,0.0000,150.0000,170.5540,47.7551,42.0372,5.7179,11.97,100.00
2010-10-24 04:00:00,Davis,194.5663,29.2479,29.2479,0.0000,0.0000,165.3184,0.0000,150.0000,194.5663,54.4786,46.2892,8.1894,15.03,100.00
2010-10-24 05:00:00,Davis,168.1150,24.4389,24.4389,0.0000,0.0000,143.6761,0.0000,150.0000,168.1150,47.0722,40.2293,6.8429,14.54,100.00
2010-10-24 06:00:00,Davis,202.9124,32.6515,32.6515,0.0000,0.0000,170.2609,0.0000,150.0000,202.9124,56.8155,47.6731,9.1424,16.09,100.00
2010-10-24 07:00:00,Davis,186.7790,74.2439,74.2439,0.0000,0.0000,112.5351,0.0000,150.0000,186.7790,52.2981,31.5098,20.7883,39.75,100.00
2010-10-24 08:00:00,Davis,188.5296,80.3042,80.3042,0.0000,0.0000,108.2254,0.0000,150.0000,188.5296,52.7883,30.3031,22.4852,42.60,100.00
2010-10-24 09:00:00,Davis,184.4608,100.1212,100.1212,0.0000,0.0000,84.3396,0.0000,150.0000,184.4608,51.6490,23.6151,28.0339,54.28,100.00
2010-10-24 10:00:00,Davis,199.1917,106.7698,106.7698,0.0000,0.0000,92.4219,0.0000,150.0000,199.1917,55.7737,25.8781,29.8955,53.60,100.00
2010-10-24 11:00:00,Davis,234.4783,120.2024,120.2024,0.0000,0.0000,114.2759,0.0000,150.0000,234.4783,65.6539,31.9973,33.6567,51.26,100.00
2010-10-24 12:00:00,Davis,208.3378,122.3902,122.3902,0.0000,0.0000,85.9476,0.0000,150.0000,208.3378,58.3346,24.0653,34.2693,58.75,100.00
2010-10-24 13:00:00,Davis,206.5586,110.8712,110.8712,0.0000,0.0000,95.6874,0.0000,150.0000,206.5586,57.8364,26.7925,31.0439,53.68,100.00
2010-10-24 14:00:00,Davis,196.1483,103.0460,103.0460,0.0000,0.0000,93.1023,0.0000,150.0000,196.1483,54.9215,26.0686,28.8529,52.53,100.00
2010-10-24 15:00:00,Davis,218.5309,86.7621,86.7621,0.0000,0.0000,131.7688,0.0000,150.0000,218.5309,61.1887,36.8953,24.2934,39.70,100.00
2010-10-24 16:00:00,Davis,215.9725,76.9374,76.9374,0.0000,0.0000,139.0351,0.0000,150.0000,215.9725,60.4723,38.9298,21.5425,35.62,100.00
2010-10-24 17:00:00,Davis,208.2600,66.3278,66.3278,0.0000,0.0000,141.9322,0.0000,150.0000,208.2600,58.3128,39.7410,18.5718,31.85,100.00
2010-10-24 18:00:00,Davis,199.6835,14.8468,14.8468,0.0000,0.0000,184.8367,0.0000,150.0000,199.6835,55.9114,51.7543,4.1571,7.44,100.00
2010-10-24 19:00:00,Davis,256.1535,8.4731,8.4731,0.0000,0.0000,247.6804,0.0000,150.0000,256.1535,71.7230,69.3505,2.3725,3.31,100.00
2010-10-24 20:00:00,Davis,209.0532,8.3786,8.3786,0.0000,0.0000,200.6746,0.0000,150.0000,209.0532,58.5349,56.1889,2.3460,4.01,100.00
2010-10-24 21:00:00,Davis,167.7422,16.9913,16.9913,0.0000,0.0000,150.7509,0.0000,150.0000,167.7422,46.9678,42.2103,4.7576,10.13,100.00
2010-10-24 22:00:00,Davis,181.8854,12.2230,12.2230,0.0000,0.0000,169.6624,0.0000,150.0000,181.8854,50.9279,47.5055,3.4224,6.72,100.00
2010-10-24 23:00:00,Davis,201.1818,11.9376,11.9376,0.0000,0.0000,189.2442,0.0000,150.0000,201.1818,56.3309,52.9884,3.3425,5.93,100.00
2010-10-25 00:00:00,Davis,193.3217,8.8275,8.8275,0.0000,0.0000,184.4942,0.0000,150.0000,193.3217,54.1301,51.6584,2.4717,4.57,100.00
2010-10-25 01:00:00,Davis,184.6830,55.6673,55.6673,0.0000,0.0000,129.0157,0.0000,150.0000,184.6830,51.7112,36.1244,15.5868,30.14,100.00
2010-10-25 02:00:00,Davis,196.8375,28.4804,28.4804,0.0000,0.0000,168.3571,0.0000,150.0000,196.8375,55.1145,47.1400,7.9745,14.47,100.00
2010-10-25 03:00:00,Davis,184.5360,11.2479,11.2479,0.0000,0.0000,173.2881,0.0000,150.0000,184.5360,51.6701,48.5207,3.1494,6.10,100.00
2010-10-25 04:00:00,Davis,222.0943,50.5983,50.5983,0.0000,0.0000,171.4960,0.0000,150.0000,222.0943,62.1864,48.0189,14.1675,22.78,100.00
2010-10-25 05:00:00,Davis,202.7022,26.2741,26.2741,0.0000,0.0000,176.4281,0.0000,150.0000,202.7022,56.7566,49.3999,7.3567,12.96,100.00
2010-10-25 06:00:00,Davis,194.6771,34.1426,34.1426,0.0000,0.0000,160.5345,0.0000,150.0000,194.6771,54.5096,44.9497,9.5599,17.54,100.00
2010-10-25 07:00:00,Davis,182.5653,57.9923,57.9923,0.0000,0.0000,124.5730,0.0000,150.0000,182.5653,51.1183,34.8804,16.2378,31.77,100.00
2010-10-25 08:00:00,Davis,190.3098,80.9484,80.9484,0.0000,0.0000,109.3614,0.0000,150.0000,190.3098,53.2867,30.6212,22.6656,42.54,100.00
2010-10-25 09:00:00,Davis,176.3690,101.9467,101.9467,0.0000,0.0000,74.4223,0.0000,150.0000,176.3690,49.3833,20.8382,28.5451,57.80,100.00
2010-10-25 10:00:00,Davis,225.8681,105.0581,105.0581,0.0000,0.0000,120.8100,0.0000,150.0000,225.8681,63.2431,33.8268,29.4163,46.51,100.00
2010-10-25 11:00:00,Davis,215.0916,132.0273,132.0273,0.0000,0.0000,83.0643,0.0000,150.0000,215.0916,60.2256,23.2580,36.9676,61.38,100.00
2010-10-25 12:00:00,Davis,191.2433,118.9284,118.9284,0.0000,0.0000,72.3149,0.0000,150.0000,191.2433,53.5481,20.2482,33.3000,62.19,100.00
2010-10-25 13:00:00,Davis,182.0436,120.3994,120.3994,0.0000,0.0000,61.6442,0.0000,150.0000,182.0436,50.9722,17.2604,33.7118,66.14,100.00
2010-10-25 14:00:00,Davis,211.9730,107.6413,107.6413,0.0000,0.0000,104.3317,0.0000,150.0000,211.9730,59.3524,29.2129,30.1396,50.78,100.00
2010-10-25 15:00:00,Davis,184.7330,88.3618,88.3618,0.0000,0.0000,96.3712,0.0000,150.0000,184.7330,51.7252,26.9839,24.7413,47.83,100.00
2010-10-25 16:00:00,Davis,184.3795,71.3529,71.3529,0.0000,0.0000,113.0266,0.0000,150.0000,184.3795,51.6263,31.6474,19.9788,38.70,100.00
2010-10-25 17:00:00,Davis,203.6187,45.3914,45.3914,0.0000,0.0000,158.2273,0.0000,150.0000,203.6187,57.0132,44.3036,12.7096,22.29,100.00
2010-10-25 18:00:00,Davis,197.2341,44.1109,44.1109,0.0000,0.0000,153.1232,0.0000,150.0000,197.2341,55.2255,42.8745,12.3511,22.36,100.00
2010-10-25 19:00:00,Davis,222.6717,26.9159,26.9159,0.0000,0.0000,195.7558,0.0000,150.0000,222.6717,62.3481,54.8116,7.5365,12.09,100.00
2010-10-25 20:00:00,Davis,215.0630,13.0184,13.0184,0.0000,0.0000,202.0446,0.0000,150.0000,215.0630,60.2176,56.5725,3.6452,6.05,100.00
2010-10-25 21:00:00,Davis,206.9658,24.5393,24.5393,0.0000,0.0000,182.4265,0.0000,150.0000,206.9658,57.9504,51.0794,6.8710,11.86,100.00
2010-10-25 22:00:00,Davis,202.5472,20.8164,20.8164,0.0000,0.0000,181.7308,0.0000,150.0000,202.5472,56.7132,50.8846,5.8286,10.28,100.00
2010-10-25 23:00:00,Davis,191.5674,15.6363,15.6363,0.0000,0.0000,175.9311,0.0000,150.0000,191.5674,53.6389,49.2607,4.3782,8.16,100.00
2010-10-26 00:00:00,Davis,215.1487,23.7187,23.7187,0.0000,0.0000,191.4300,0.0000,150.0000,215.1487,60.2416,53.6004,6.6412,11.02,100.00
2010-10-26 01:00:00,Davis,175.9022,17.7147,17.7147,0.0000,0.0000,158.1875,0.0000,150.0000,175.9022,49.2526,44.2925,4.9601,10.07,100.00
2010-10-26 02:00:00,Davis,208.8328,40.6195,40.6195,0.0000,0.0000,168.2133,0.0000,150.0000,208.8328,58.4732,47.0997,11.3735,19.45,100.00
2010-10-26 03:00:00,Davis,169.3490,24.1070,24.1070,0.0000,0.0000,145.2420,0.0000,150.0000,169.3490,47.4177,40.6678,6.7500,14.24,100.00
2010-10-26 04:00:00,Davis,200.1235,50.5320,50.5320,0.0000,0.0000,149.5915,0.0000,150.0000,200.1235,56.0346,41.8856,14.1490,25.25,100.00
2010-10-26 05:00:00,Davis,187.2973,95.3097,95.3097,0.0000,0.0000,91.9876,0.0000,150.0000,187.2973,52.4432,25.7565,26.6867,50.89,100.00
2010-10-26 06:00:00,Davis,205.5077,53.8394,53.8394,0.0000,0.0000,151.6683,0.0000,150.0000,205.5077,57.5422,42.4671,15.0750,26.20,100.00
2010-10-26 07:00:00,Davis,196.5204,58.9420,58.9420,0.0000,0.0000,137.5784,0.0000,150.0000,196.5204,55.0257,38.5220,16.5038,29.99,100.00
2010-10-26 08:00:00,Davis,217.2919,84.2188,84.2188,0.0000,0.0000,133.0731,0.0000,150.0000,217.2919,60.8417,37.2605,23.5813,38.76,100.00
2010-10-26 09:00:00,Davis,197.1398,91.3503,91.3503,0.0000,0.0000,105.7895,0.0000,150.0000,197.1398,55.1991,29.6211,25.5781,46.34,100.00
2010-10-26 10:00:00,Davis,213.3008,113.5244,113.5244,0.0000,0.0000,99.7764,0.0000,150.0000,213.3008,59.7242,27.9374,31.7868,53.22,100.00
2010-10-26 11:00:00,Davis,164.2554,138.1308,138.1308,0.0000,0.0000,26.1246,0.0000,150.0000,164.2554,45.9915,7.3149,38.6766,84.10,100.00
2010-10-26 12:00:00,Davis,195.1990,118.3556,118.3556,0.0000,0.0000,76.8434,0.0000,150.0000,195.1990,54.6557,21.5162,33.1396,60.63,100.00
2010-10-26 13:00:00,Davis,201.5096,109.5950,109.5950,0.0000,0.0000,91.9146,0.0000,150.0000,201.5096,56.4227,25.7361,30.6866,54.39,100.00
2010-10-26 14:00:00,Davis,187.6511,116.9512,116.9512,0.0000,0.0000,70.6999,0.0000,150.0000,187.6511,52.5423,19.7960,32.7463,62.32,100.00
2010-10-26 15:00:00,Davis,169.3350,76.0246,76.0246,0.0000,0.0000,93.3104,0.0000,150.0000,169.3350,47.4138,26.1269,21.2869,44.90,100.00
2010-10-26 16:00:00,Davis,199.0975,78.6342,78.6342,0.0000,0.0000,120.4633,0.0000,150.0000,199.0975,55.7473,33.7297,22.0176,39.50,100.00
2010-10-26 17:00:00,Davis,201.2985,40.4286,40.4286,0.0000,0.0000,160.8699,0.0000,150.0000,201.2985,56.3636,45.0436,11.3200,20.08,100.00
2010-10-26 18:00:00,Davis,236.0318,27.4247,27.4247,0.0000,0.0000,208.6071,0.0000,150.0000,236.0318,66.0889,58.4100,7.6789,11.62,100.00
2010-10-26 19:00:00,Davis,222.8196,5.7295,5.7295,0.0000,0.0000,217.0901,0.0000,150.0000,222.8196,62.3895,60.7852,1.6043,2.57,100.00
2010-10-26 20:00:00,Davis,211.4788,9.8060,9.8060,0.0000,0.0000,201.6728,0.0000,150.0000,211.4788,59.2141,56.4684,2.7457,4.64,100.00
2010-10-26 21:00:00,Davis,230.5943,12.8254,12.8254,0.0000,0.0000,217.7689,0.0000,150.0000,230.5943,64.5664,60.9753,3.5911,5.56,100.00
2010-10-26 22:00:00,Davis,212.8728,9.9007,9.9007,0.0000,0.0000,202.9721,0.0000,150.0000,212.8728,59.6044,56.8322,2.7722,4.65,100.00
2010-10-26 23:00:00,Davis,197.2870,26.1002,26.1002,0.0000,0.0000,171.1868,0.0000,150.0000,197.2870,55.2404,47.9323,7.3081,13.23,100.00
2010-10-27 00:00:00,Davis,192.8858,51.2718,51.2718,0.0000,0.0000,141.6140,0.0000,150.0000,192.8858,54.0080,39.6519,14.3561,26.58,100.00
2010-10-27 01:00:00,Davis,183.0368,21.4147,21.4147,0.0000,0.0000,161.6221,0.0000,150.0000,183.0368,51.2503,45.2542,5.9961,11.70,100.00
2010-10-27 02:00:00,Davis,190.1119,27.3194,27.3194,0.0000,0.0000,162.7925,0.0000,150.0000,190.1119,53.2313,45.5819,7.6494,14.37,100.00
2010-10-27 03:00:00,Davis,162.6503,45.7759,45.7759,0.0000,0.0000,116.8744,0.0000,150.0000,162.6503,45.5421,32.7248,12.8173,28.14,100.00
2010-10-27 04:00:00,Davis,178.0393,11.9028,11.9028,0.0000,0.0000,166.1365,0.0000,150.0000,178.0393,49.8510,46.5182,3.3328,6.69,100.00
2010-10-27 05:00:00,Davis,181.0395,23.7757,23.7757,0.0000,0.0000,157.2638,0.0000,150.0000,181.0395,50.6911,44.0339,6.6572,13.13,100.00
2010-10-27 06:00:00,Davis,199.0924,21.6395,21.6395,0.0000,0.0000,177.4529,0.0000,150.0000,199.0924,55.7459,49.6868,6.0591,10.87,100.00
2010-10-27 07:00:00,Davis,187.0950,55.1274,55.1274,0.0000,0.0000,131.9676,0.0000,150.0000,187.0950,52.3866,36.9509,15.4357,29.46,100.00
2010-10-27 08:00:00,Davis,210.7550,112.3895,112.3895,0.0000,0.0000,98.3655,0.0000,150.0000,210.7550,59.0114,27.5423,31.4691,53.33,100.00
2010-10-27 09:00:00,Davis,191.6389,110.3785,110.3785,0.0000,0.0000,81.2604,0.0000,150.0000,191.6389,53.6589,22.7529,30.9060,57.60,100.00
2010-10-27 10:00:00,Davis,196.5600,107.2120,107.2120,0.0000,0.0000,89.3480,0.0000,150.0000,196.5600,55.0368,25.0174,30.0194,54.54,100.00
2010-10-27 11:00:00,Davis,230.1149,127.8273,127.8273,0.0000,0.0000,102.2876,0.0000,150.0000,230.1149,64.4322,28.6405,35.7916,55.55,100.00
2010-10-27 12:00:00,Davis,209.8067,131.7188,131.7188,0.0000,0.0000,78.0879,0.0000,150.0000,209.8067,58.7459,21.8646,36.8813,62.78,100.00
2010-10-27 13:00:00,Davis,181.5886,108.0280,108.0280,0.0000,0.0000,73.5606,0.0000,150.0000,181.5886,50.8448,20.5970,30.2478,59.49,100.00
2010-10-27 14:00:00,Davis,207.9838,103.2259,103.2259,0.0000,0.0000,104.7579,0.0000,150.0000,207.9838,58.2355,29.3322,28.9033,49.63,100.00
2010-10-27 15:00:00,Davis,192.2286,84.6132,84.6132,0.0000,0.0000,107.6154,0.0000,150.0000,192.2286,53.8240,30.1323,23.6917,44.02,100.00
2010-10-27 16:00:00,Davis,207.9118,71.3939,71.3939,0.0000,0.0000,136.5179,0.0000,150.0000,207.9118,58.2153,38.2250,19.9903,34.34,100.00
2010-10-27 17:00:00,Davis,228.2810,39.0115,39.0115,0.0000,0.0000,189.2695,0.0000,150.0000,228.2810,63.9187,52.9955,10.9232,17.09,100.00
2010-10-27 18:00:00,Davis,229.9777,34.6477,34.6477,0.0000,0.0000,195.3300,0.0000,150.0000,229.9777,64.3938,54.6924,9.7014,15.07,100.00
2010-10-27 19:00:00,Davis,203.7165,17.6057,17.6057,0.0000,0.0000,186.1108,0.0000,150.0000,203.7165,57.0406,52.1110,4.9296,8.64,100.00
2010-10-27 20:00:00,Davis,198.5232,17.7622,17.7622,0.0000,0.0000,180.7610,0.0000,150.0000,198.5232,55.5865,50.6131,4.9734,8.95,100.00
2010-10-27 21:00:00,Davis,198.3177,21.1964,21.1964,0.0000,0.0000,177.1213,0.0000,150.0000,198.3177,55.5290,49.5940,5.9350,10.69,100.00
2010-10-27 22:00:00,Davis,196.1158,24.2777,24.2777,0.0000,0.0000,171.8381,0.0000,150.0000,196.1158,54.9124,48.1147,6.7978,12.38,100.00
2010-10-27 23:00:00,Davis,180.6896,18.3705,18.3705,0.0000,0.0000,162.3191,0.0000,150.0000,180.6896,50.5931,45.4493,5.1437,10.17,100.00
2010-10-28 00:00:00,Davis,191.7435,49.0772,49.0772,0.0000,0.0000,142.6663,0.0000,150.0000,191.7435,53.6882,39.9466,13.7416,25.60,100.00
2010-10-28 01:00:00,Davis,185.7156,35.9214,35.9214,0.0000,0.0000,149.7942,0.0000,150.0000,185.7156,52.0004,41.9424,10.0580,19.34,100.00
2010-10-28 02:00:00,Davis,162.3270,19.5872,19.5872,0.0000,0.0000,142.7398,0.0000,150.0000,162.3270,45.4516,39.9671,5.4844,12.07,100.00
2010-10-28 03:00:00,Davis,213.9557,8.8305,8.8305,0.0000,0.0000,205.1252,0.0000,150.0000,213.9557,59.9076,57.4351,2.4725,4.13,100.00
2010-10-28 04:00:00,Davis,188.8987,28.9751,28.9751,0.0000,0.0000,159.9236,0.0000,150.0000,188.8987,52.8916,44.7786,8.1130,15.34,100.00
2010-10-28 05:00:00,Davis,191.3786,38.6014,38.6014,0.0000,0.0000,152.7772,0.0000,150.0000,191.3786,53.5860,42.7776,10.8084,20.17,100.00
2010-10-28 06:00:00,Davis,211.7402,27.3162,27.3162,0.0000,0.0000,184.4240,0.0000,150.0000,211.7402,59.2873,51.6387,7.6485,12.90,100.00
2010-10-28 07:00:00,Davis,186.3781,54.6111,54.6111,0.0000,0.0000,131.7670,0.0000,150.0000,186.3781,52.1859,36.8948,15.2911,29.30,100.00
2010-10-28 08:00:00,Davis,210.2065,88.6728,88.6728,0.0000,0.0000,121.5337,0.0000,150.0000,210.2065,58.8578,34.0294,24.8284,42.18,100.00
2010-10-28 09:00:00,Davis,210.9697,99.8369,99.8369,0.0000,0.0000,111.1328,0.0000,150.0000,210.9697,59.0715,31.1172,27.9543,47.32,100.00
2010-10-28 10:00:00,Davis,226.4447,123.9167,123.9167,0.0000,0.0000,102.5280,0.0000,150.0000,226.4447,63.4045,28.7078,34.6967,54.72,100.00
2010-10-28 11:00:00,Davis,180.6470,131.5619,131.5619,0.0000,0.0000,49.0851,0.0000,150.0000,180.6470,50.5812,13.7438,36.8373,72.83,100.00
2010-10-28 12:00:00,Davis,222.3388,118.6709,118.6709,0.0000,0.0000,103.6679,0.0000,150.0000,222.3388,62.2549,29.0270,33.2279,53.37,100.00
2010-10-28 13:00:00,Davis,192.0206,123.4415,123.4415,0.0000,0.0000,68.5791,0.0000,150.0000,192.0206,53.7658,19.2021,34.5636,64.29,100.00
2010-10-28 14:00:00,Davis,187.5601,107.7744,107.7744,0.0000,0.0000,79.7857,0.0000,150.0000,187.5601,52.5168,22.3400,30.1768,57.46,100.00
2010-10-28 15:00:00,Davis,182.7893,92.8450,92.8450,0.0000,0.0000,89.9443,0.0000,150.0000,182.7893,51.1810,25.1844,25.9966,50.79,100.00
2010-10-28 16:00:00,Davis,209.2334,63.9249,63.9249,0.0000,0.0000,145.3085,0.0000,150.0000,209.2334,58.5854,40.6864,17.8990,30.55,100.00
2010-10-28 17:00:00,Davis,218.1616,33.0819,33.0819,0.0000,0.0000,185.0797,0.0000,150.0000,218.1616,61.0852,51.8223,9.2629,15.16,100.00
2010-10-28 18:00:00,Davis,204.3009,16.4641,16.4641,0.0000,0.0000,187.8368,0.0000,150.0000,204.3009,57.2043,52.5943,4.6099,8.06,100.00
2010-10-28 19:00:00,Davis,204.8942,22.1755,22.1755,0.0000,0.0000,182.7187,0.0000,150.0000,204.8942,57.3704,51.1612,6.2091,10.82,100.00
2010-10-28 20:00:00,Davis,196.7793,18.3605,18.3605,0.0000,0.0000,178.4188,0.0000,150.0000,196.7793,55.0982,49.9573,5.1409,9.33,100.00
2010-10-28 21:00:00,Davis,192.4156,10.2807,10.2807,0.0000,0.0000,182.1349,0.0000,150.0000,192.4156,53.8764,50.9978,2.8786,5.34,100.00
2010-10-28 22:00:00,Davis,199.8261,13.6515,13.6515,0.0000,0.0000,186.1746,0.0000,150.0000,199.8261,55.9513,52.1289,3.8224,6.83,100.00
2010-10-28 23:00:00,Davis,208.2534,23.4274,23.4274,0.0000,0.0000,184.8260,0.0000,150.0000,208.2534,58.3110,51.7513,6.5597,11.25,100.00
2010-10-29 00:00:00,Davis,207.6121,29.6615,29.6615,0.0000,0.0000,177.9506,0.0000,150.0000,207.6121,58.1314,49.8262,8.3052,14.29,100.00
2010-10-29 01:00:00,Davis,225.1020,39.1578,39.1578,0.0000,0.0000,185.9442,0.0000,150.0000,225.1020,63.0286,52.0644,10.9642,17.40,100.00
2010-10-29 02:00:00,Davis,186.5481,15.7219,15.7219,0.0000,0.0000,170.8262,0.0000,150.0000,186.5481,52.2335,47.8313,4.4021,8.43,100.00
2010-10-29 03:00:00,Davis,196.5328,45.4843,45.4843,0.0000,0.0000,151.0485,0.0000,150.0000,196.5328,55.0292,42.2936,12.7356,23.14,100.00
2010-10-29 04:00:00,Davis,212.1090,59.1573,59.1573,0.0000,0.0000,152.9517,0.0000,150.0000,212.1090,59.3905,42.8265,16.5640,27.89,100.00
2010-10-29 05:00:00,Davis,227.9173,36.6083,36.6083,0.0000,0.0000,191.3090,0.0000,150.0000,227.9173,63.8168,53.5665,10.2503,16.06,100.00
2010-10-29 06:00:00,Davis,174.8718,60.3481,60.3481,0.0000,0.0000,114.5237,0.0000,150.0000,174.8718,48.9641,32.0666,16.8975,34.51,100.00
2010-10-29 07:00:00,Davis,178.9315,60.8066,60.8066,0.0000,0.0000,118.1249,0.0000,150.0000,178.9315,50.1008,33.0750,17.0258,33.98,100.00
2010-10-29 08:00:00,Davis,212.7584,81.4100,81.4100,0.0000,0.0000,131.3484,0.0000,150.0000,212.7584,59.5724,36.7776,22.7948,38.26,100.00
2010-10-29 09:00:00,Davis,198.7212,104.6975,104.6975,0.0000,0.0000,94.0237,0.0000,150.0000,198.7212,55.6419,26.3266,29.3153,52.69,100.00
2010-10-29 10:00:00,Davis,180.9109,112.5468,112.5468,0.0000,0.0000,68.3641,0.0000,150.0000,180.9109,50.6551,19.1419,31.5131,62.21,100.00
2010-10-29 11:00:00,Davis,205.8018,120.9430,120.9430,0.0000,0.0000,84.8588,0.0000,150.0000,205.8018,57.6245,23.7605,33.8640,58.77,100.00
2010-10-29 12:00:00,Davis,227.9837,120.0308,120.0308,0.0000,0.0000,107.9529,0.0000,150.0000,227.9837,63.8354,30.2268,33.6086,52.65,100.00
2010-10-29 13:00:00,Davis,185.9990,107.4569,107.4569,0.0000,0.0000,78.5421,0.0000,150.0000,185.9990,52.0797,21.9918,30.0879,57.77,100.00
2010-10-29 14:00:00,Davis,205.1290,132.3346,132.3346,0.0000,0.0000,72.7944,0.0000,150.0000,205.1290,57.4361,20.3824,37.0537,64.51,100.00
2010-10-29 15:00:00,Davis,190.3042,87.9269,87.9269,0.0000,0.0000,102.3773,0.0000,150.0000,190.3042,53.2852,28.6656,24.6195,46.20,100.00
2010-10-29 16:00:00,Davis,205.1595,85.6431,85.6431,0.0000,0.0000,119.5164,0.0000,150.0000,205.1595,57.4447,33.4646,23.9801,41.74,100.00
2010-10-29 17:00:00,Davis,215.0429,38.2116,38.2116,0.0000,0.0000,176.8313,0.0000,150.0000,215.0429,60.2120,49.5128,10.6992,17.77,100.00
2010-10-29 18:00:00,Davis,203.1967,11.6779,11.6779,0.0000,0.0000,191.5188,0.0000,150.0000,203.1967,56.8951,53.6253,3.2698,5.75,100.00
2010-10-29 19:00:00,Davis,225.6698,4.4455,4.4455,0.0000,0.0000,221.2243,0.0000,150.0000,225.6698,63.1875,61.9428,1.2447,1.97,100.00
2010-10-29 20:00:00,Davis,216.7065,14.3163,14.3163,0.0000,0.0000,202.3902,0.0000,150.0000,216.7065,60.6778,56.6693,4.0086,6.61,100.00
2010-10-29 21:00:00,Davis,207.4975,19.1072,19.1072,0.0000,0.0000,188.3903,0.0000,150.0000,207.4975,58.0993,52.7493,5.3500,9.21,100.00
2010-10-29 22:00:00,Davis,208.6239,13.2243,13.2243,0.0000,0.0000,195.3996,0.0000,150.0000,208.6239,58.4147,54.7119,3.7028,6.34,100.00
2010-10-29 23:00:00,Davis,190.8460,15.7738,15.7738,0.0000,0.0000,175.0722,0.0000,150.0000,190.8460,53.4369,49.0202,4.4167,8.27,100.00
2010-10-30 00:00:00,Davis,183.6513,19.0049,19.0049,0.0000,0.0000,164.6464,0.0000,150.0000,183.6513,51.4224,46.1010,5.3214,10.35,100.00
2010-10-30 01:00:00,Davis,187.2141,65.1246,65.1246,0.0000,0.0000,122.0895,0.0000,150.0000,187.2141,52.4199,34.1851,18.2349,34.79,100.00
2010-10-30 02:00:00,Davis,182.5093,31.5322,31.5322,0.0000,0.0000,150.9771,0.0000,150.0000,182.5093,51.1026,42.2736,8.8290,17.28,100.00
2010-10-30 03:00:00,Davis,218.5562,9.2907,9.2907,0.0000,0.0000,209.2655,0.0000,150.0000,218.5562,61.1957,58.5943,2.6014,4.25,100.00
2010-10-30 04:00:00,Davis,201.6662,38.5842,38.5842,0.0000,0.0000,163.0820,0.0000,150.0000,201.6662,56.4665,45.6630,10.8036,19.13,100.00
2010-10-30 05:00:00,Davis,200.6547,40.1574,40.1574,0.0000,0.0000,160.4973,0.0000,150.0000,200.6547,56.1833,44.9392,11.2441,20.01,100.00
2010-10-30 06:00:00,Davis,220.8408,42.0618,42.0618,0.0000,0.0000,178.7790,0.0000,150.0000,220.8408,61.8354,50.0581,11.7773,19.05,100.00
2010-10-30 07:00:00,Davis,225.8708,85.7446,85.7446,0.0000,0.0000,140.1262,0.0000,150.0000,225.8708,63.2438,39.2353,24.0085,37.96,100.00
2010-10-30 08:00:00,Davis,215.7736,87.6733,87.6733,0.0000,0.0000,128.1003,0.0000,150.0000,215.7736,60.4166,35.8681,24.5485,40.63,100.00
2010-10-30 09:00:00,Davis,179.1443,110.4508,110.4508,0.0000,0.0000,68.6935,0.0000,150.0000,179.1443,50.1604,19.2342,30.9262,61.65,100.00
2010-10-30 10:00:00,Davis,187.1497,119.0243,119.0243,0.0000,0.0000,68.1254,0.0000,150.0000,187.1497,52.4019,19.0751,33.3268,63.60,100.00
2010-10-30 11:00:00,Davis,197.4908,135.5840,135.5840,0.0000,0.0000,61.9068,0.0000,150.0000,197.4908,55.2974,17.3339,37.9635,68.65,100.00
2010-10-30 12:00:00,Davis,205.4677,120.6682,120.6682,0.0000,0.0000,84.7995,0.0000,150.0000,205.4677,57.5310,23.7439,33.7871,58.73,100.00
2010-10-30 13:00:00,Davis,216.9793,108.9618,108.9618,0.0000,0.0000,108.0175,0.0000,150.0000,216.9793,60.7542,30.2449,30.5093,50.22,100.00
2010-10-30 14:00:00,Davis,195.9778,104.1720,104.1720,0.0000,0.0000,91.8058,0.0000,150.0000,195.9778,54.8738,25.7056,29.1682,53.16,100.00
2010-10-30 15:00:00,Davis,202.5226,88.0672,88.0672,0.0000,0.0000,114.4554,0.0000,150.0000,202.5226,56.7063,32.0475,24.6588,43.49,100.00
2010-10-30 16:00:00,Davis,236.9524,75.2809,75.2809,0.0000,0.0000,161.6715,0.0000,150.0000,236.9524,66.3467,45.2680,21.0787,31.77,100.00
2010-10-30 17:00:00,Davis,242.8536,42.8348,42.8348,0.0000,0.0000,200.0188,0.0000,150.0000,242.8536,67.9990,56.0053,11.9937,17.64,100.00
2010-10-30 18:00:00,Davis,222.6352,19.9206,19.9206,0.0000,0.0000,202.7146,0.0000,150.0000,222.6352,62.3379,56.7601,5.5778,8.95,100.00
2010-10-30 19:00:00,Davis,238.0224,19.2207,19.2207,0.0000,0.0000,218.8017,0.0000,150.0000,238.0224,66.6463,61.2645,5.3818,8.08,100.00
2010-10-30 20:00:00,Davis,221.7999,10.1408,10.1408,0.0000,0.0000,211.6591,0.0000,150.0000,221.7999,62.1040,59.2645,2.8394,4.57,100.00
2010-10-30 21:00:00,Davis,208.9073,16.2639,16.2639,0.0000,0.0000,192.6434,0.0000,150.0000,208.9073,58.4940,53.9402,4.5539,7.79,100.00
2010-10-30 22:00:00,Davis,210.1903,16.6361,16.6361,0.0000,0.0000,193.5542,0.0000,150.0000,210.1903,58.8533,54.1952,4.6581,7.91,100.00
2010-10-30 23:00:00,Davis,196.2463,34.7308,34.7308,0.0000,0.0000,161.5155,0.0000,150.0000,196.2463,54.9490,45.2243,9.7246,17.70,100.00
2010-10-31 00:00:00,Davis,180.9551,26.4413,26.4413,0.0000,0.0000,154.5138,0.0000,150.0000,180.9551,50.6674,43.2639,7.4036,14.61,100.00
2010-10-31 01:00:00,Davis,187.1236,25.7662,25.7662,0.0000,0.0000,161.3574,0.0000,150.0000,187.1236,52.3946,45.1801,7.2145,13.77,100.00
2010-10-31 02:00:00,Davis,184.7757,62.2253,62.2253,0.0000,0.0000,122.5504,0.0000,150.0000,184.7757,51.7372,34.3141,17.4231,33.68,100.00
2010-10-31 03:00:00,Davis,189.6830,17.4583,17.4583,0.0000,0.0000,172.2247,0.0000,150.0000,189.6830,53.1112,48.2229,4.8883,9.20,100.00
2010-10-31 04:00:00,Davis,181.7028,31.8499,31.8499,0.0000,0.0000,149.8529,0.0000,150.0000,181.7028,50.8768,41.9588,8.9180,17.53,100.00
2010-10-31 05:00:00,Davis,181.5770,30.3102,30.3102,0.0000,0.0000,151.2668,0.0000,150.0000,181.5770,50.8416,42.3547,8.4869,16.69,100.00
2010-10-31 06:00:00,Davis,188.0303,33.9573,33.9573,0.0000,0.0000,154.0730,0.0000,150.0000,188.0303,52.6485,43.1404,9.5080,18.06,100.00
2010-10-31 07:00:00,Davis,180.2487,85.0646,85.0646,0.0000,0.0000,95.1841,0.0000,150.0000,180.2487,50.4696,26.6515,23.8181,47.19,100.00
2010-10-31 08:00:00,Davis,184.4144,115.6907,115.6907,0.0000,0.0000,68.7237,0.0000,150.0000,184.4144,51.6360,19.2426,32.3934,62.73,100.00
2010-10-31 09:00:00,Davis,194.1414,117.2601,117.2601,0.0000,0.0000,76.8813,0.0000,150.0000,194.1414,54.3596,21.5268,32.8328,60.40,100.00
2010-10-31 10:00:00,Davis,207.3360,114.0996,114.0996,0.0000,0.0000,93.2364,0.0000,150.0000,207.3360,58.0541,26.1062,31.9479,55.03,100.00
2010-10-31 11:00:00,Davis,223.3861,121.4849,121.4849,0.0000,0.0000,101.9012,0.0000,150.0000,223.3861,62.5481,28.5323,34.0158,54.38,100.00
2010-10-31 12:00:00,Davis,189.0547,129.7347,129.7347,0.0000,0.0000,59.3200,0.0000,150.0000,189.0547,52.9353,16.6096,36.3257,68.62,100.00
2010-10-31 13:00:00,Davis,199.8114,115.3758,115.3758,0.0000,0.0000,84.4356,0.0000,150.0000,199.8114,55.9472,23.6420,32.3052,57.74,100.00
2010-10-31 14:00:00,Davis,174.2051,100.3042,100.3042,0.0000,0.0000,73.9009,0.0000,150.0000,174.2051,48.7774,20.6923,28.0852,57.58,100.00
2010-10-31 15:00:00,Davis,179.0880,101.5196,101.5196,0.0000,0.0000,77.5684,0.0000,150.0000,179.0880,50.1446,21.7192,28.4255,56.69,100.00
2010-10-31 16:00:00,Davis,188.5091,57.9199,57.9199,0.0000,0.0000,130.5892,0.0000,150.0000,188.5091,52.7825,36.5650,16.2176,30.73,100.00
2010-10-31 17:00:00,Davis,203.6067,44.8358,44.8358,0.0000,0.0000,158.7709,0.0000,150.0000,203.6067,57.0099,44.4559,12.5540,22.02,100.00
2010-10-31 18:00:00,Davis,218.4381,12.6671,12.6671,0.0000,0.0000,205.7710,0.0000,150.0000,218.4381,61.1627,57.6159,3.5468,5.80,100.00
2010-10-31 19:00:00,Davis,222.7480,7.4486,7.4486,0.0000,0.0000,215.2994,0.0000,150.0000,222.7480,62.3694,60.2838,2.0856,3.34,100.00
2010-10-31 20:00:00,Davis,192.4917,6.3396,6.3396,0.0000,0.0000,186.1521,0.0000,150.0000,192.4917,53.8977,52.1226,1.7751,3.29,100.00
2010-10-31 21:00:00,Davis,183.9520,10.1741,10.1741,0.0000,0.0000,173.7779,0.0000,150.0000,183.9520,51.5066,48.6578,2.8487,5.53,100.00
2010-10-31 22:00:00,Davis,190.6347,5.3883,5.3883,0.0000,0.0000,185.2464,0.0000,150.0000,190.6347,53.3777,51.8690,1.5087,2.83,100.00
2010-10-31 23:00:00,Davis,177.3742,17.0985,17.0985,0.0000,0.0000,160.2757,0.0000,150.0000,177.3742,49.6648,44.8772,4.7876,9.64,100.00
2010-11-01 00:00:00,Davis,204.7962,26.3525,26.3525,0.0000,0.0000,178.4437,0.0000,150.0000,204.7962,57.3429,49.9642,7.3787,12.87,100.00
2010-11-01 01:00:00,Davis,216.1467,49.7244,49.7244,0.0000,0.0000,166.4223,0.0000,150.0000,216.1467,60.5211,46.5982,13.9228,23.00,100.00
2010-11-01 02:00:00,Davis,175.7718,23.4892,23.4892,0.0000,0.0000,152.2826,0.0000,150.0000,175.7718,49.2161,42.6391,6.5770,13.36,100.00
2010-11-01 03:00:00,Davis,198.8678,41.6766,41.6766,0.0000,0.0000,157.1912,0.0000,150.0000,198.8678,55.6830,44.0135,11.6694,20.96,100.00
2010-11-01 04:00:00,Davis,189.6072,7.2093,7.2093,0.0000,0.0000,182.3979,0.0000,150.0000,189.6072,53.0900,51.0714,2.0186,3.80,100.00
2010-11-01 05:00:00,Davis,179.7720,36.5874,36.5874,0.0000,0.0000,143.1846,0.0000,150.0000,179.7720,50.3362,40.0917,10.2445,20.35,100.00
2010-11-01 06:00:00,Davis,219.6033,19.9506,19.9506,0.0000,0.0000,199.6527,0.0000,150.0000,219.6033,61.4889,55.9028,5.5862,9.08,100.00
2010-11-01 07:00:00,Davis,187.5325,15.5449,15.5449,0.0000,0.0000,171.9876,0.0000,150.0000,187.5325,52.5091,48.1565,4.3526,8.29,100.00
2010-11-01 08:00:00,Davis,173.8770,9.9603,9.9603,0.0000,0.0000,163.9167,0.0000,150.0000,173.8770,48.6856,45.8967,2.7889,5.73,100.00
2010-11-01 09:00:00,Davis,222.2618,33.1848,33.1848,0.0000,0.0000,189.0770,0.0000,150.0000,222.2618,62.2333,52.9416,9.2917,14.93,100.00
2010-11-01 10:00:00,Davis,190.5076,51.6658,51.6658,0.0000,0.0000,138.8418,0.0000,150.0000,190.5076,53.3421,38.8757,14.4664,27.12,100.00
2010-11-01 11:00:00,Davis,192.2685,63.5355,63.5355,0.0000,0.0000,128.7330,0.0000,150.0000,192.2685,53.8352,36.0452,17.7899,33.05,100.00
2010-11-01 12:00:00,Davis,211.5412,79.0655,79.0655,0.0000,0.0000,132.4757,0.0000,150.0000,211.5412,59.2315,37.0932,22.1383,37.38,100.00
2010-11-01 13:00:00,Davis,198.1271,65.4371,65.4371,0.0000,0.0000,132.6900,0.0000,150.0000,198.1271,55.4756,37.1532,18.3224,33.03,100.00
2010-11-01 14:00:00,Davis,228.0688,59.0102,59.0102,0.0000,0.0000,169.0586,0.0000,150.0000,228.0688,63.8593,47.3364,16.5229,25.87,100.00
2010-11-01 15:00:00,Davis,196.6527,35.7046,35.7046,0.0000,0.0000,160.9481,0.0000,150.0000,196.6527,55.0628,45.0655,9.9973,18.16,100.00
2010-11-01 16:00:00,Davis,210.8102,10.5191,10.5191,0.0000,0.0000,200.2911,0.0000,150.0000,210.8102,59.0269,56.0815,2.9453,4.99,100.00
2010-11-01 17:00:00,Davis,249.7071,1.9869,1.9869,0.0000,0.0000,247.7202,0.0000,150.0000,249.7071,69.9180,69.3617,0.5563,0.80,100.00
2010-11-01 18:00:00,Davis,232.5257,18.9582,18.9582,0.0000,0.0000,213.5675,0.0000,150.0000,232.5257,65.1072,59.7989,5.3083,8.15,100.00
2010-11-01 19:00:00,Davis,195.0845,3.7400,3.7400,0.0000,0.0000,191.3445,0.0000,150.0000,195.0845,54.6237,53.5765,1.0472,1.92,100.00
2010-11-01 20:00:00,Davis,198.6106,13.1309,13.1309,0.0000,0.0000,185.4797,0.0000,150.0000,198.6106,55.6110,51.9343,3.6767,6.61,100.00
2010-11-01 21:00:00,Davis,229.2644,49.6513,49.6513,0.0000,0.0000,179.6131,0.0000,150.0000,229.2644,64.1940,50.2917,13.9024,21.66,100.00
2010-11-01 22:00:00,Davis,218.0309,30.2154,30.2154,0.0000,0.0000,187.8155,0.0000,150.0000,218.0309,61.0487,52.5883,8.4603,13.86,100.00
2010-11-01 23:00:00,Davis,182.9701,6.1405,6.1405,0.0000,0.0000,176.8296,0.0000,150.0000,182.9701,51.2316,49.5123,1.7193,3.36,100.00
2010-11-02 00:00:00,Davis,161.0525,23.3130,23.3130,0.0000,0.0000,137.7395,0.0000,150.0000,161.0525,45.0947,38.5671,6.5276,14.48,100.00
2010-11-02 01:00:00,Davis,188.4415,17.7104,17.7104,0.0000,0.0000,170.7311,0.0000,150.0000,188.4415,52.7636,47.8047,4.9589,9.40,100.00
2010-11-02 02:00:00,Davis,179.8809,8.9892,8.9892,0.0000,0.0000,170.8917,0.0000,150.0000,179.8809,50.3667,47.8497,2.5170,5.00,100.00
2010-11-02 03:00:00,Davis,181.0250,18.1549,18.1549,0.0000,0.0000,162.8701,0.0000,150.0000,181.0250,50.6870,45.6036,5.0834,10.03,100.00
2010-11-02 04:00:00,Davis,214.7200,43.1153,43.1153,0.0000,0.0000,171.6047,0.0000,150.0000,214.7200,60.1216,48.0493,12.0723,20.08,100.00
2010-11-02 05:00:00,Davis,204.0175,38.2038,38.2038,0.0000,0.0000,165.8137,0.0000,150.0000,204.0175,57.1249,46.4278,10.6971,18.73,100.00
2010-11-02 06:00:00,Davis,211.1664,10.5034,10.5034,0.0000,0.0000,200.6630,0.0000,150.0000,211.1664,59.1266,56.1856,2.9410,4.97,100.00
2010-11-02 07:00:00,Davis,188.1885,5.8566,5.8566,0.0000,0.0000,182.3319,0.0000,150.0000,188.1885,52.6928,51.0529,1.6398,3.11,100.00
2010-11-02 08:00:00,Davis,180.4839,17.9850,17.9850,0.0000,0.0000,162.4989,0.0000,150.0000,180.4839,50.5355,45.4997,5.0358,9.96,100.00
2010-11-02 09:00:00,Davis,185.9602,33.4154,33.4154,0.0000,0.0000,152.5448,0.0000,150.0000,185.9602,52.0689,42.7125,9.3563,17.97,100.00
2010-11-02 10:00:00,Davis,221.3101,54.5537,54.5537,0.0000,0.0000,166.7564,0.0000,150.0000,221.3101,61.9668,46.6918,15.2750,24.65,100.00
2010-11-02 11:00:00,Davis,209.3537,79.1454,79.1454,0.0000,0.0000,130.2083,0.0000,150.0000,209.3537,58.6190,36.4583,22.1607,37.80,100.00
2010-11-02 12:00:00,Davis,192.0485,63.8134,63.8134,0.0000,0.0000,128.2351,0.0000,150.0000,192.0485,53.7736,35.9058,17.8678,33.23,100.00
2010-11-02 13:00:00,Davis,189.2713,78.9093,78.9093,0.0000,0.0000,110.3620,0.0000,150.0000,189.2713,52.9960,30.9014,22.0946,41.69,100.00
2010-11-02 14:00:00,Davis,206.0257,58.8417,58.8417,0.0000,0.0000,147.1840,0.0000,150.0000,206.0257,57.6872,41.2115,16.4757,28.56,100.00
2010-11-02 15:00:00,Davis,200.0475,38.6782,38.6782,0.0000,0.0000,161.3693,0.0000,150.0000,200.0475,56.0133,45.1834,10.8299,19.33,100.00
2010-11-02 16:00:00,Davis,208.4916,9.2119,9.2119,0.0000,0.0000,199.2797,0.0000,150.0000,208.4916,58.3776,55.7983,2.5793,4.42,100.00
2010-11-02 17:00:00,Davis,198.9761,4.8672,4.8672,0.0000,0.0000,194.1089,0.0000,150.0000,198.9761,55.7133,54.3505,1.3628,2.45,100.00
2010-11-02 18:00:00,Davis,231.9689,0.2518,0.2518,0.0000,0.0000,231.7171,0.0000,150.0000,231.9689,64.9513,64.8808,0.0705,0.11,100.00
2010-11-02 19:00:00,Davis,216.4168,2.3211,2.3211,0.0000,0.0000,214.0957,0.0000,150.0000,216.4168,60.5967,59.9468,0.6499,1.07,100.00
2010-11-02 20:00:00,Davis,237.6612,0.7932,0.7932,0.0000,0.0000,236.8680,0.0000,150.0000,237.6612,66.5451,66.3230,0.2221,0.33,100.00
2010-11-02 21:00:00,Davis,212.6592,10.8039,10.8039,0.0000,0.0000,201.8553,0.0000,150.0000,212.6592,59.5446,56.5195,3.0251,5.08,100.00
2010-11-02 22:00:00,Davis,182.5676,10.1959,10.1959,0.0000,0.0000,172.3717,0.0000,150.0000,182.5676,51.1189,48.2641,2.8549,5.58,100.00
2010-11-02 23:00:00,Davis,191.9597,33.4904,33.4904,0.0000,0.0000,158.4693,0.0000,150.0000,191.9597,53.7487,44.3714,9.3773,17.45,100.00
2010-11-03 00:00:00,Davis,187.6002,40.2386,40.2386,0.0000,0.0000,147.3616,0.0000,150.0000,187.6002,52.5281,41.2612,11.2668,21.45,100.00
2010-11-03 01:00:00,Davis,191.6055,17.6701,17.6701,0.0000,0.0000,173.9354,0.0000,150.0000,191.6055,53.6495,48.7019,4.9476,9.22,100.00
2010-11-03 02:00:00,Davis,172.4866,11.1017,11.1017,0.0000,0.0000,161.3849,0.0000,150.0000,172.4866,48.2962,45.1878,3.1085,6.44,100.00
2010-11-03 03:00:00,Davis,192.7063,27.6267,27.6267,0.0000,0.0000,165.0796,0.0000,150.0000,192.7063,53.9578,46.2223,7.7355,14.34,100.00
2010-11-03 04:00:00,Davis,216.9884,29.4516,29.4516,0.0000,0.0000,187.5368,0.0000,150.0000,216.9884,60.7568,52.5103,8.2464,13.57,100.00
2010-11-03 05:00:00,Davis,195.7709,8.0385,8.0385,0.0000,0.0000,187.7324,0.0000,150.0000,195.7709,54.8159,52.5651,2.2508,4.11,100.00
2010-11-03 06:00:00,Davis,208.7420,6.9018,6.9018,0.0000,0.0000,201.8402,0.0000,150.0000,208.7420,58.4478,56.5153,1.9325,3.31,100.00
2010-11-03 07:00:00,Davis,168.8057,24.0002,24.0002,0.0000,0.0000,144.8055,0.0000,150.0000,168.8057,47.2656,40.5455,6.7201,14.22,100.00
2010-11-03 08:00:00,Davis,224.4568,22.9423,22.9423,0.0000,0.0000,201.5145,0.0000,150.0000,224.4568,62.8479,56.4241,6.4238,10.22,100.00
2010-11-03 09:00:00,Davis,195.7739,43.7227,43.7227,0.0000,0.0000,152.0512,0.0000,150.0000,195.7739,54.8167,42.5743,12.2424,22.33,100.00
2010-11-03 10:00:00,Davis,207.0066,55.9097,55.9097,0.0000,0.0000,151.0969,0.0000,150.0000,207.0066,57.9618,42.3071,15.6547,27.01,100.00
2010-11-03 11:00:00,Davis,192.0370,64.0450,64.0450,0.0000,0.0000,127.9920,0.0000,150.0000,192.0370,53.7704,35.8378,17.9326,33.35,100.00
2010-11-03 12:00:00,Davis,188.5891,78.5835,78.5835,0.0000,0.0000,110.0056,0.0000,150.0000,188.5891,52.8049,30.8016,22.0034,41.67,100.00
2010-11-03 13:00:00,Davis,183.7041,64.6271,64.6271,0.0000,0.0000,119.0770,0.0000,150.0000,183.7041,51.4371,33.3416,18.0956,35.18,100.00
2010-11-03 14:00:00,Davis,199.6614,49.9950,49.9950,0.0000,0.0000,149.6664,0.0000,150.0000,199.6614,55.9052,41.9066,13.9986,25.04,100.00
2010-11-03 15:00:00,Davis,218.6499,25.8222,25.8222,0.0000,0.0000,192.8277,0.0000,150.0000,218.6499,61.2220,53.9918,7.2302,11.81,100.00
2010-11-03 16:00:00,Davis,199.7542,8.8769,8.8769,0.0000,0.0000,190.8773,0.0000,150.0000,199.7542,55.9312,53.4456,2.4855,4.44,100.00
2010-11-03 17:00:00,Davis,265.5855,11.6808,11.6808,0.0000,0.0000,253.9047,0.0000,150.0000,265.5855,74.3639,71.0933,3.2706,4.40,100.00
2010-11-03 18:00:00,Davis,217.9386,10.8569,10.8569,0.0000,0.0000,207.0817,0.0000,150.0000,217.9386,61.0228,57.9829,3.0399,4.98,100.00
2010-11-03 19:00:00,Davis,214.6936,1.4664,1.4664,0.0000,0.0000,213.2272,0.0000,150.0000,214.6936,60.1142,59.7036,0.4106,0.68,100.00
2010-11-03 20:00:00,Davis,205.9809,25.2350,25.2350,0.0000,0.0000,180.7459,0.0000,150.0000,205.9809,57.6747,50.6089,7.0658,12.25,100.00
2010-11-03 21:00:00,Davis,214.1292,9.9738,9.9738,0.0000,0.0000,204.1554,0.0000,150.0000,214.1292,59.9562,57.1635,2.7927,4.66,100.00
2010-11-03 22:00:00,Davis,200.5369,12.6581,12.6581,0.0000,0.0000,187.8788,0.0000,150.0000,200.5369,56.1503,52.6061,3.5443,6.31,100.00
2010-11-03 23:00:00,Davis,187.1945,11.4940,11.4940,0.0000,0.0000,175.7005,0.0000,150.0000,187.1945,52.4145,49.1961,3.2183,6.14,100.00
2010-11-04 00:00:00,Davis,176.3796,42.0224,42.0224,0.0000,0.0000,134.3572,0.0000,150.0000,176.3796,49.3863,37.6200,11.7663,23.82,100.00
2010-11-04 01:00:00,Davis,190.6256,22.3085,22.3085,0.0000,0.0000,168.3171,0.0000,150.0000,190.6256,53.3752,47.1288,6.2464,11.70,100.00
2010-11-04 02:00:00,Davis,185.7600,21.7721,21.7721,0.0000,0.0000,163.9879,0.0000,150.0000,185.7600,52.0128,45.9166,6.0962,11.72,100.00
2010-11-04 03:00:00,Davis,182.9245,16.2954,16.2954,0.0000,0.0000,166.6291,0.0000,150.0000,182.9245,51.2189,46.6561,4.5627,8.91,100.00
2010-11-04 04:00:00,Davis,221.4560,25.0838,25.0838,0.0000,0.0000,196.3722,0.0000,150.0000,221.4560,62.0077,54.9842,7.0235,11.33,100.00
2010-11-04 05:00:00,Davis,160.3481,34.0657,34.0657,0.0000,0.0000,126.2824,0.0000,150.0000,160.3481,44.8975,35.3591,9.5384,21.24,100.00
2010-11-04 06:00:00,Davis,196.1573,37.5562,37.5562,0.0000,0.0000,158.6011,0.0000,150.0000,196.1573,54.9240,44.4083,10.5157,19.15,100.00
2010-11-04 07:00:00,Davis,194.3853,17.0956,17.0956,0.0000,0.0000,177.2897,0.0000,150.0000,194.3853,54.4279,49.6411,4.7868,8.79,100.00
2010-11-04 08:00:00,Davis,215.9390,11.8152,11.8152,0.0000,0.0000,204.1238,0.0000,150.0000,215.9390,60.4629,57.1547,3.3083,5.47,100.00
2010-11-04 09:00:00,Davis,183.8201,36.6280,36.6280,0.0000,0.0000,147.1921,0.0000,150.0000,183.8201,51.4696,41.2138,10.2558,19.93,100.00
2010-11-04 10:00:00,Davis,214.0908,56.9980,56.9980,0.0000,0.0000,157.0928,0.0000,150.0000,214.0908,59.9454,43.9860,15.9594,26.62,100.00
2010-11-04 11:00:00,Davis,211.2754,73.2359,73.2359,0.0000,0.0000,138.0395,0.0000,150.0000,211.2754,59.1571,38.6511,20.5061,34.66,100.00
2010-11-04 12:00:00,Davis,213.5148,70.8800,70.8800,0.0000,0.0000,142.6348,0.0000,150.0000,213.5148,59.7841,39.9377,19.8464,33.20,100.00
2010-11-04 13:00:00,Davis,199.9031,57.5014,57.5014,0.0000,0.0000,142.4017,0.0000,150.0000,199.9031,55.9729,39.8725,16.1004,28.76,100.00
2010-11-04 14:00:00,Davis,184.7495,51.9538,51.9538,0.0000,0.0000,132.7957,0.0000,150.0000,184.7495,51.7299,37.1828,14.5471,28.12,100.00
2010-11-04 15:00:00,Davis,187.7921,28.5669,28.5669,0.0000,0.0000,159.2252,0.0000,150.0000,187.7921,52.5818,44.5831,7.9987,15.21,100.00
2010-11-04 16:00:00,Davis,214.2430,7.5886,7.5886,0.0000,0.0000,206.6544,0.0000,150.0000,214.2430,59.9880,57.8632,2.1248,3.54,100.00
2010-11-04 17:00:00,Davis,224.5485,0.6225,0.6225,0.0000,0.0000,223.9260,0.0000,150.0000,224.5485,62.8736,62.6993,0.1743,0.28,100.00
2010-11-04 18:00:00,Davis,224.7459,10.2843,10.2843,0.0000,0.0000,214.4616,0.0000,150.0000,224.7459,62.9289,60.0492,2.8796,4.58,100.00
2010-11-04 19:00:00,Davis,194.2432,13.3115,13.3115,0.0000,0.0000,180.9317,0.0000,150.0000,194.2432,54.3881,50.6609,3.7272,6.85,100.00
2010-11-04 20:00:00,Davis,221.4763,0.0000,0.0000,0.0000,0.0000,221.4763,0.0000,150.0000,221.4763,62.0134,62.0134,0.0000,0.00,100.00
2010-11-04 21:00:00,Davis,171.0398,11.2980,11.2980,0.0000,0.0000,159.7418,0.0000,150.0000,171.0398,47.8911,44.7277,3.1634,6.61,100.00
2010-11-04 22:00:00,Davis,186.4226,8.0477,8.0477,0.0000,0.0000,178.3749,0.0000,150.0000,186.4226,52.1983,49.9450,2.2534,4.32,100.00
2010-11-04 23:00:00,Davis,196.0650,5.7147,5.7147,0.0000,0.0000,190.3503,0.0000,150.0000,196.0650,54.8982,53.2981,1.6001,2.91,100.00
2010-11-05 00:00:00,Davis,166.5532,40.5875,40.5875,0.0000,0.0000,125.9657,0.0000,150.0000,166.5532,46.6349,35.2704,11.3645,24.37,100.00
2010-11-05 01:00:00,Davis,205.2664,13.3246,13.3246,0.0000,0.0000,191.9418,0.0000,150.0000,205.2664,57.4746,53.7437,3.7309,6.49,100.00
2010-11-05 02:00:00,Davis,198.7646,20.0613,20.0613,0.0000,0.0000,178.7033,0.0000,150.0000,198.7646,55.6541,50.0369,5.6172,10.09,100.00
2010-11-05 03:00:00,Davis,207.7634,26.8242,26.8242,0.0000,0.0000,180.9392,0.0000,150.0000,207.7634,58.1738,50.6630,7.5108,12.91,100.00
2010-11-05 04:00:00,Davis,196.3441,17.3539,17.3539,0.0000,0.0000,178.9902,0.0000,150.0000,196.3441,54.9763,50.1173,4.8591,8.84,100.00
2010-11-05 05:00:00,Davis,210.7699,24.7707,24.7707,0.0000,0.0000,185.9992,0.0000,150.0000,210.7699,59.0156,52.0798,6.9358,11.75,100.00
2010-11-05 06:00:00,Davis,192.7162,7.3450,7.3450,0.0000,0.0000,185.3712,0.0000,150.0000,192.7162,53.9605,51.9039,2.0566,3.81,100.00
2010-11-05 07:00:00,Davis,198.8663,5.0357,5.0357,0.0000,0.0000,193.8306,0.0000,150.0000,198.8663,55.6826,54.2726,1.4100,2.53,100.00
2010-11-05 08:00:00,Davis,183.7213,10.4576,10.4576,0.0000,0.0000,173.2637,0.0000,150.0000,183.7213,51.4420,48.5138,2.9281,5.69,100.00
2010-11-05 09:00:00,Davis,195.4576,23.6951,23.6951,0.0000,0.0000,171.7625,0.0000,150.0000,195.4576,54.7281,48.0935,6.6346,12.12,100.00
2010-11-05 10:00:00,Davis,191.4641,57.4867,57.4867,0.0000,0.0000,133.9774,0.0000,150.0000,191.4641,53.6099,37.5137,16.0963,30.02,100.00
2010-11-05 11:00:00,Davis,209.4336,63.1884,63.1884,0.0000,0.0000,146.2452,0.0000,150.0000,209.4336,58.6414,40.9487,17.6928,30.17,100.00
2010-11-05 12:00:00,Davis,229.7868,77.0792,77.0792,0.0000,0.0000,152.7076,0.0000,150.0000,229.7868,64.3403,42.7581,21.5822,33.54,100.00
2010-11-05 13:00:00,Davis,189.9615,64.8910,64.8910,0.0000,0.0000,125.0705,0.0000,150.0000,189.9615,53.1892,35.0197,18.1695,34.16,100.00
2010-11-05 14:00:00,Davis,232.5738,58.8222,58.8222,0.0000,0.0000,173.7516,0.0000,150.0000,232.5738,65.1207,48.6504,16.4702,25.29,100.00
2010-11-05 15:00:00,Davis,178.7332,35.3448,35.3448,0.0000,0.0000,143.3884,0.0000,150.0000,178.7332,50.0453,40.1488,9.8965,19.78,100.00
2010-11-05 16:00:00,Davis,235.9027,12.8288,12.8288,0.0000,0.0000,223.0739,0.0000,150.0000,235.9027,66.0528,62.4607,3.5921,5.44,100.00
2010-11-05 17:00:00,Davis,208.6743,10.1141,10.1141,0.0000,0.0000,198.5602,0.0000,150.0000,208.6743,58.4288,55.5969,2.8319,4.85,100.00
2010-11-05 18:00:00,Davis,197.1066,14.4467,14.4467,0.0000,0.0000,182.6599,0.0000,150.0000,197.1066,55.1898,51.1448,4.0451,7.33,100.00
2010-11-05 19:00:00,Davis,178.7190,16.8905,16.8905,0.0000,0.0000,161.8285,0.0000,150.0000,178.7190,50.0413,45.3120,4.7293,9.45,100.00
2010-11-05 20:00:00,Davis,198.7440,1.5941,1.5941,0.0000,0.0000,197.1499,0.0000,150.0000,198.7440,55.6483,55.2020,0.4463,0.80,100.00
2010-11-05 21:00:00,Davis,219.9109,6.2505,6.2505,0.0000,0.0000,213.6604,0.0000,150.0000,219.9109,61.5751,59.8249,1.7501,2.84,100.00
2010-11-05 22:00:00,Davis,221.8929,0.0000,0.0000,0.0000,0.0000,221.8929,0.0000,150.0000,221.8929,62.1300,62.1300,0.0000,0.00,100.00
2010-11-05 23:00:00,Davis,171.0804,8.9838,8.9838,0.0000,0.0000,162.0966,0.0000,150.0000,171.0804,47.9025,45.3870,2.5155,5.25,100.00
2010-11-06 00:00:00,Davis,186.5033,20.9380,20.9380,0.0000,0.0000,165.5653,0.0000,150.0000,186.5033,52.2209,46.3583,5.8626,11.23,100.00
2010-11-06 01:00:00,Davis,194.6613,30.0245,30.0245,0.0000,0.0000,164.6368,0.0000,150.0000,194.6613,54.5052,46.0983,8.4069,15.42,100.00
2010-11-06 02:00:00,Davis,212.5747,47.8235,47.8235,0.0000,0.0000,164.7512,0.0000,150.0000,212.5747,59.5209,46.1303,13.3906,22.50,100.00
2010-11-06 03:00:00,Davis,181.6615,6.8310,6.8310,0.0000,0.0000,174.8305,0.0000,150.0000,181.6615,50.8652,48.9525,1.9127,3.76,100.00
2010-11-06 04:00:00,Davis,190.6071,14.9353,14.9353,0.0000,0.0000,175.6718,0.0000,150.0000,190.6071,53.3700,49.1881,4.1819,7.84,100.00
2010-11-06 05:00:00,Davis,167.2909,42.2940,42.2940,0.0000,0.0000,124.9969,0.0000,150.0000,167.2909,46.8415,34.9991,11.8423,25.28,100.00
2010-11-06 06:00:00,Davis,183.8000,15.8798,15.8798,0.0000,0.0000,167.9202,0.0000,150.0000,183.8000,51.4640,47.0177,4.4463,8.64,100.00
2010-11-06 07:00:00,Davis,219.8326,40.6985,40.6985,0.0000,0.0000,179.1341,0.0000,150.0000,219.8326,61.5531,50.1575,11.3956,18.51,100.00
2010-11-06 08:00:00,Davis,168.7740,22.0478,22.0478,0.0000,0.0000,146.7262,0.0000,150.0000,168.7740,47.2567,41.0833,6.1734,13.06,100.00
2010-11-06 09:00:00,Davis,191.1288,38.6458,38.6458,0.0000,0.0000,152.4830,0.0000,150.0000,191.1288,53.5161,42.6952,10.8208,20.22,100.00
2010-11-06 10:00:00,Davis,191.9616,60.8185,60.8185,0.0000,0.0000,131.1431,0.0000,150.0000,191.9616,53.7492,36.7201,17.0292,31.68,100.00
2010-11-06 11:00:00,Davis,192.6841,72.3833,72.3833,0.0000,0.0000,120.3008,0.0000,150.0000,192.6841,53.9515,33.6842,20.2673,37.57,100.00
2010-11-06 12:00:00,Davis,193.2159,64.7805,64.7805,0.0000,0.0000,128.4354,0.0000,150.0000,193.2159,54.1005,35.9619,18.1385,33.53,100.00
2010-11-06 13:00:00,Davis,224.1387,63.2691,63.2691,0.0000,0.0000,160.8696,0.0000,150.0000,224.1387,62.7588,45.0435,17.7153,28.23,100.00
2010-11-06 14:00:00,Davis,191.1885,45.8603,45.8603,0.0000,0.0000,145.3282,0.0000,150.0000,191.1885,53.5328,40.6919,12.8409,23.99,100.00
2010-11-06 15:00:00,Davis,227.8735,7.6370,7.6370,0.0000,0.0000,220.2365,0.0000,150.0000,227.8735,63.8046,61.6662,2.1384,3.35,100.00
2010-11-06 16:00:00,Davis,222.0598,1.7920,1.7920,0.0000,0.0000,220.2678,0.0000,150.0000,222.0598,62.1767,61.6750,0.5018,0.81,100.00
2010-11-06 17:00:00,Davis,222.1731,7.4427,7.4427,0.0000,0.0000,214.7304,0.0000,150.0000,222.1731,62.2085,60.1245,2.0840,3.35,100.00
2010-11-06 18:00:00,Davis,217.8326,3.1333,3.1333,0.0000,0.0000,214.6993,0.0000,150.0000,217.8326,60.9931,60.1158,0.8773,1.44,100.00
2010-11-06 19:00:00,Davis,218.7682,6.7558,6.7558,0.0000,0.0000,212.0124,0.0000,150.0000,218.7682,61.2551,59.3635,1.8916,3.09,100.00
2010-11-06 20:00:00,Davis,239.0972,0.3306,0.3306,0.0000,0.0000,238.7666,0.0000,150.0000,239.0972,66.9472,66.8546,0.0926,0.14,100.00
2010-11-06 21:00:00,Davis,185.5697,9.9389,9.9389,0.0000,0.0000,175.6308,0.0000,150.0000,185.5697,51.9595,49.1766,2.7829,5.36,100.00
2010-11-06 22:00:00,Davis,186.5378,7.6127,7.6127,0.0000,0.0000,178.9251,0.0000,150.0000,186.5378,52.2306,50.0990,2.1316,4.08,100.00
2010-11-06 23:00:00,Davis,185.5771,0.0000,0.0000,0.0000,0.0000,185.5771,0.0000,150.0000,185.5771,51.9616,51.9616,0.0000,0.00,100.00
2010-11-07 00:00:00,Davis,209.2849,26.4780,26.4780,0.0000,0.0000,182.8069,0.0000,150.0000,209.2849,58.5998,51.1859,7.4138,12.65,100.00
2010-11-07 01:00:00,Davis,180.7945,25.1235,25.1235,0.0000,0.0000,155.6710,0.0000,150.0000,180.7945,50.6225,43.5879,7.0346,13.90,100.00
2010-11-07 02:00:00,Davis,180.5006,28.2638,28.2638,0.0000,0.0000,152.2368,0.0000,150.0000,180.5006,50.5402,42.6263,7.9139,15.66,100.00
2010-11-07 03:00:00,Davis,206.3948,12.5974,12.5974,0.0000,0.0000,193.7974,0.0000,150.0000,206.3948,57.7905,54.2633,3.5273,6.10,100.00
2010-11-07 04:00:00,Davis,179.2025,20.4908,20.4908,0.0000,0.0000,158.7117,0.0000,150.0000,179.2025,50.1767,44.4393,5.7374,11.43,100.00
2010-11-07 05:00:00,Davis,197.8062,13.4737,13.4737,0.0000,0.0000,184.3325,0.0000,150.0000,197.8062,55.3857,51.6131,3.7726,6.81,100.00
2010-11-07 06:00:00,Davis,207.6416,25.5323,25.5323,0.0000,0.0000,182.1093,0.0000,150.0000,207.6416,58.1396,50.9906,7.1490,12.30,100.00
2010-11-07 07:00:00,Davis,182.8516,8.1757,8.1757,0.0000,0.0000,174.6759,0.0000,150.0000,182.8516,51.1984,48.9093,2.2892,4.47,100.00
2010-11-07 08:00:00,Davis,215.8556,5.4134,5.4134,0.0000,0.0000,210.4422,0.0000,150.0000,215.8556,60.4396,58.9238,1.5158,2.51,100.00
2010-11-07 09:00:00,Davis,163.0545,21.2143,21.2143,0.0000,0.0000,141.8402,0.0000,150.0000,163.0545,45.6553,39.7153,5.9400,13.01,100.00
2010-11-07 10:00:00,Davis,203.2679,48.6870,48.6870,0.0000,0.0000,154.5809,0.0000,150.0000,203.2679,56.9150,43.2827,13.6324,23.95,100.00
2010-11-07 11:00:00,Davis,211.8399,73.2359,73.2359,0.0000,0.0000,138.6040,0.0000,150.0000,211.8399,59.3152,38.8091,20.5061,34.57,100.00
2010-11-07 12:00:00,Davis,220.1510,69.1330,69.1330,0.0000,0.0000,151.0180,0.0000,150.0000,220.1510,61.6423,42.2850,19.3572,31.40,100.00
2010-11-07 13:00:00,Davis,213.5364,55.5139,55.5139,0.0000,0.0000,158.0225,0.0000,150.0000,213.5364,59.7902,44.2463,15.5439,26.00,100.00
2010-11-07 14:00:00,Davis,175.4571,62.3584,62.3584,0.0000,0.0000,113.0987,0.0000,150.0000,175.4571,49.1280,31.6676,17.4604,35.54,100.00
2010-11-07 15:00:00,Davis,179.3785,37.9410,37.9410,0.0000,0.0000,141.4375,0.0000,150.0000,179.3785,50.2260,39.6025,10.6235,21.15,100.00
2010-11-07 16:00:00,Davis,211.7071,13.2080,13.2080,0.0000,0.0000,198.4991,0.0000,150.0000,211.7071,59.2780,55.5797,3.6982,6.24,100.00
2010-11-07 17:00:00,Davis,198.5496,13.5213,13.5213,0.0000,0.0000,185.0283,0.0000,150.0000,198.5496,55.5939,51.8079,3.7860,6.81,100.00
2010-11-07 18:00:00,Davis,220.3022,0.0261,0.0261,0.0000,0.0000,220.2761,0.0000,150.0000,220.3022,61.6846,61.6773,0.0073,0.01,100.00
2010-11-07 19:00:00,Davis,215.8702,6.3690,6.3690,0.0000,0.0000,209.5012,0.0000,150.0000,215.8702,60.4437,58.6603,1.7833,2.95,100.00
2010-11-07 20:00:00,Davis,196.2616,11.3675,11.3675,0.0000,0.0000,184.8941,0.0000,150.0000,196.2616,54.9532,51.7703,3.1829,5.79,100.00
2010-11-07 21:00:00,Davis,198.4353,1.8218,1.8218,0.0000,0.0000,196.6135,0.0000,150.0000,198.4353,55.5619,55.0518,0.5101,0.92,100.00
2010-11-07 22:00:00,Davis,234.4671,11.9467,11.9467,0.0000,0.0000,222.5204,0.0000,150.0000,234.4671,65.6508,62.3057,3.3451,5.10,100.00
2010-11-07 23:00:00,Davis,190.8353,10.0543,10.0543,0.0000,0.0000,180.7810,0.0000,150.0000,190.8353,53.4339,50.6187,2.8152,5.27,100.00
2010-11-08 00:00:00,Davis,199.3874,17.4376,17.4376,0.0000,0.0000,181.9498,0.0000,150.0000,199.3874,55.8285,50.9459,4.8825,8.75,100.00
2010-11-08 01:00:00,Davis,187.9184,13.6948,13.6948,0.0000,0.0000,174.2236,0.0000,150.0000,187.9184,52.6172,48.7826,3.8345,7.29,100.00
2010-11-08 02:00:00,Davis,178.8525,17.4572,17.4572,0.0000,0.0000,161.3953,0.0000,150.0000,178.8525,50.0787,45.1907,4.8880,9.76,100.00
2010-11-08 03:00:00,Davis,215.2620,42.2590,42.2590,0.0000,0.0000,173.0030,0.0000,150.0000,215.2620,60.2734,48.4408,11.8325,19.63,100.00
2010-11-08 04:00:00,Davis,179.6041,17.4645,17.4645,0.0000,0.0000,162.1396,0.0000,150.0000,179.6041,50.2891,45.3991,4.8901,9.72,100.00
2010-11-08 05:00:00,Davis,175.5429,15.5194,15.5194,0.0000,0.0000,160.0235,0.0000,150.0000,175.5429,49.1520,44.8066,4.3454,8.84,100.00
2010-11-08 06:00:00,Davis,196.6173,26.6465,26.6465,0.0000,0.0000,169.9708,0.0000,150.0000,196.6173,55.0528,47.5918,7.4610,13.55,100.00
2010-11-08 07:00:00,Davis,188.9705,25.5297,25.5297,0.0000,0.0000,163.4408,0.0000,150.0000,188.9705,52.9117,45.7634,7.1483,13.51,100.00
2010-11-08 08:00:00,Davis,187.9959,9.4809,9.4809,0.0000,0.0000,178.5150,0.0000,150.0000,187.9959,52.6389,49.9842,2.6547,5.04,100.00
2010-11-08 09:00:00,Davis,183.4735,33.6838,33.6838,0.0000,0.0000,149.7897,0.0000,150.0000,183.4735,51.3726,41.9411,9.4315,18.36,100.00
2010-11-08 10:00:00,Davis,235.0290,62.0248,62.0248,0.0000,0.0000,173.0042,0.0000,150.0000,235.0290,65.8081,48.4412,17.3669,26.39,100.00
2010-11-08 11:00:00,Davis,181.0739,74.6237,74.6237,0.0000,0.0000,106.4502,0.0000,150.0000,181.0739,50.7007,29.8061,20.8946,41.21,100.00
2010-11-08 12:00:00,Davis,196.2536,75.2461,75.2461,0.0000,0.0000,121.0075,0.0000,150.0000,196.2536,54.9510,33.8821,21.0689,38.34,100.00
2010-11-08 13:00:00,Davis,224.9571,69.0011,69.0011,0.0000,0.0000,155.9560,0.0000,150.0000,224.9571,62.9880,43.6677,19.3203,30.67,100.00
2010-11-08 14:00:00,Davis,217.9392,42.6937,42.6937,0.0000,0.0000,175.2455,0.0000,150.0000,217.9392,61.0230,49.0687,11.9542,19.59,100.00
2010-11-08 15:00:00,Davis,200.9595,35.4553,35.4553,0.0000,0.0000,165.5042,0.0000,150.0000,200.9595,56.2687,46.3412,9.9275,17.64,100.00
2010-11-08 16:00:00,Davis,219.9602,9.1013,9.1013,0.0000,0.0000,210.8589,0.0000,150.0000,219.9602,61.5889,59.0405,2.5484,4.14,100.00
2010-11-08 17:00:00,Davis,222.7266,17.9512,17.9512,0.0000,0.0000,204.7754,0.0000,150.0000,222.7266,62.3634,57.3371,5.0263,8.06,100.00
2010-11-08 18:00:00,Davis,233.9156,2.8445,2.8445,0.0000,0.0000,231.0711,0.0000,150.0000,233.9156,65.4964,64.6999,0.7965,1.22,100.00
2010-11-08 19:00:00,Davis,244.4021,8.0783,8.0783,0.0000,0.0000,236.3238,0.0000,150.0000,244.4021,68.4326,66.1707,2.2619,3.31,100.00
2010-11-08 20:00:00,Davis,194.5028,7.4570,7.4570,0.0000,0.0000,187.0458,0.0000,150.0000,194.5028,54.4608,52.3728,2.0880,3.83,100.00
2010-11-08 21:00:00,Davis,190.6935,7.5578,7.5578,0.0000,0.0000,183.1357,0.0000,150.0000,190.6935,53.3942,51.2780,2.1162,3.96,100.00
2010-11-08 22:00:00,Davis,217.6912,15.0720,15.0720,0.0000,0.0000,202.6192,0.0000,150.0000,217.6912,60.9535,56.7334,4.2202,6.92,100.00
2010-11-08 23:00:00,Davis,175.6658,9.5255,9.5255,0.0000,0.0000,166.1403,0.0000,150.0000,175.6658,49.1864,46.5193,2.6671,5.42,100.00
2010-11-09 00:00:00,Davis,195.8539,21.6803,21.6803,0.0000,0.0000,174.1736,0.0000,150.0000,195.8539,54.8391,48.7686,6.0705,11.07,100.00
2010-11-09 01:00:00,Davis,193.9743,13.0356,13.0356,0.0000,0.0000,180.9387,0.0000,150.0000,193.9743,54.3128,50.6628,3.6500,6.72,100.00
2010-11-09 02:00:00,Davis,179.9280,34.0467,34.0467,0.0000,0.0000,145.8813,0.0000,150.0000,179.9280,50.3798,40.8468,9.5331,18.92,100.00
2010-11-09 03:00:00,Davis,192.5842,25.0857,25.0857,0.0000,0.0000,167.4985,0.0000,150.0000,192.5842,53.9236,46.8996,7.0240,13.03,100.00
2010-11-09 04:00:00,Davis,178.6380,47.3643,47.3643,0.0000,0.0000,131.2737,0.0000,150.0000,178.6380,50.0186,36.7566,13.2620,26.51,100.00
2010-11-09 05:00:00,Davis,194.0165,21.2300,21.2300,0.0000,0.0000,172.7865,0.0000,150.0000,194.0165,54.3246,48.3802,5.9444,10.94,100.00
2010-11-09 06:00:00,Davis,202.0802,25.5323,25.5323,0.0000,0.0000,176.5479,0.0000,150.0000,202.0802,56.5825,49.4334,7.1490,12.63,100.00
2010-11-09 07:00:00,Davis,189.1959,12.8100,12.8100,0.0000,0.0000,176.3859,0.0000,150.0000,189.1959,52.9749,49.3881,3.5868,6.77,100.00
2010-11-09 08:00:00,Davis,212.2494,13.8888,13.8888,0.0000,0.0000,198.3606,0.0000,150.0000,212.2494,59.4298,55.5410,3.8889,6.54,100.00
2010-11-09 09:00:00,Davis,223.6233,24.0974,24.0974,0.0000,0.0000,199.5259,0.0000,150.0000,223.6233,62.6145,55.8673,6.7473,10.78,100.00
2010-11-09 10:00:00,Davis,212.6503,60.5479,60.5479,0.0000,0.0000,152.1024,0.0000,150.0000,212.6503,59.5421,42.5887,16.9534,28.47,100.00
2010-11-09 11:00:00,Davis,212.7457,79.5384,79.5384,0.0000,0.0000,133.2073,0.0000,150.0000,212.7457,59.5688,37.2980,22.2708,37.39,100.00
2010-11-09 12:00:00,Davis,232.4181,63.6021,63.6021,0.0000,0.0000,168.8160,0.0000,150.0000,232.4181,65.0771,47.2685,17.8086,27.37,100.00
2010-11-09 13:00:00,Davis,213.2286,64.0268,64.0268,0.0000,0.0000,149.2018,0.0000,150.0000,213.2286,59.7040,41.7765,17.9275,30.03,100.00
2010-11-09 14:00:00,Davis,187.4512,60.7375,60.7375,0.0000,0.0000,126.7137,0.0000,150.0000,187.4512,52.4863,35.4798,17.0065,32.40,100.00
2010-11-09 15:00:00,Davis,197.7061,22.6936,22.6936,0.0000,0.0000,175.0125,0.0000,150.0000,197.7061,55.3577,49.0035,6.3542,11.48,100.00
2010-11-09 16:00:00,Davis,231.9131,20.2776,20.2776,0.0000,0.0000,211.6355,0.0000,150.0000,231.9131,64.9357,59.2579,5.6777,8.74,100.00
2010-11-09 17:00:00,Davis,248.6731,8.1935,8.1935,0.0000,0.0000,240.4796,0.0000,150.0000,248.6731,69.6285,67.3343,2.2942,3.29,100.00
2010-11-09 18:00:00,Davis,207.4453,7.8146,7.8146,0.0000,0.0000,199.6307,0.0000,150.0000,207.4453,58.0847,55.8966,2.1881,3.77,100.00
2010-11-09 19:00:00,Davis,222.1931,14.3769,14.3769,0.0000,0.0000,207.8162,0.0000,150.0000,222.1931,62.2141,58.1885,4.0255,6.47,100.00
2010-11-09 20:00:00,Davis,206.5585,8.2116,8.2116,0.0000,0.0000,198.3469,0.0000,150.0000,206.5585,57.8364,55.5371,2.2992,3.98,100.00
2010-11-09 21:00:00,Davis,204.2729,10.3303,10.3303,0.0000,0.0000,193.9426,0.0000,150.0000,204.2729,57.1964,54.3039,2.8925,5.06,100.00
2010-11-09 22:00:00,Davis,196.9445,34.9924,34.9924,0.0000,0.0000,161.9521,0.0000,150.0000,196.9445,55.1445,45.3466,9.7979,17.77,100.00
2010-11-09 23:00:00,Davis,176.1253,21.2513,21.2513,0.0000,0.0000,154.8740,0.0000,150.0000,176.1253,49.3151,43.3647,5.9504,12.07,100.00
2010-11-10 00:00:00,Davis,219.5094,43.0604,43.0604,0.0000,0.0000,176.4490,0.0000,150.0000,219.5094,61.4626,49.4057,12.0569,19.62,100.00
2010-11-10 01:00:00,Davis,207.3629,23.1907,23.1907,0.0000,0.0000,184.1722,0.0000,150.0000,207.3629,58.0616,51.5682,6.4934,11.18,100.00
2010-11-10 02:00:00,Davis,167.1538,11.1460,11.1460,0.0000,0.0000,156.0078,0.0000,150.0000,167.1538,46.8031,43.6822,3.1209,6.67,100.00
2010-11-10 03:00:00,Davis,184.7517,16.1214,16.1214,0.0000,0.0000,168.6303,0.0000,150.0000,184.7517,51.7305,47.2165,4.5140,8.73,100.00
2010-11-10 04:00:00,Davis,214.1165,23.9687,23.9687,0.0000,0.0000,190.1478,0.0000,150.0000,214.1165,59.9526,53.2414,6.7112,11.19,100.00
2010-11-10 05:00:00,Davis,213.1672,17.4048,17.4048,0.0000,0.0000,195.7624,0.0000,150.0000,213.1672,59.6868,54.8135,4.8733,8.16,100.00
2010-11-10 06:00:00,Davis,209.8221,9.8211,9.8211,0.0000,0.0000,200.0010,0.0000,150.0000,209.8221,58.7502,56.0003,2.7499,4.68,100.00
2010-11-10 07:00:00,Davis,191.6067,16.6939,16.6939,0.0000,0.0000,174.9128,0.0000,150.0000,191.6067,53.6499,48.9756,4.6743,8.71,100.00
2010-11-10 08:00:00,Davis,178.0644,20.1363,20.1363,0.0000,0.0000,157.9281,0.0000,150.0000,178.0644,49.8580,44.2199,5.6382,11.31,100.00
2010-11-10 09:00:00,Davis,190.0170,36.0830,36.0830,0.0000,0.0000,153.9340,0.0000,150.0000,190.0170,53.2048,43.1015,10.1032,18.99,100.00
2010-11-10 10:00:00,Davis,220.8897,48.0721,48.0721,0.0000,0.0000,172.8176,0.0000,150.0000,220.8897,61.8491,48.3889,13.4602,21.76,100.00
2010-11-10 11:00:00,Davis,204.2831,62.7974,62.7974,0.0000,0.0000,141.4857,0.0000,150.0000,204.2831,57.1993,39.6160,17.5833,30.74,100.00
2010-11-10 12:00:00,Davis,207.4475,63.1586,63.1586,0.0000,0.0000,144.2889,0.0000,150.0000,207.4475,58.0853,40.4009,17.6844,30.45,100.00
2010-11-10 13:00:00,Davis,191.3575,63.2691,63.2691,0.0000,0.0000,128.0884,0.0000,150.0000,191.3575,53.5801,35.8648,17.7153,33.06,100.00
2010-11-10 14:00:00,Davis,221.4576,52.0644,52.0644,0.0000,0.0000,169.3932,0.0000,150.0000,221.4576,62.0081,47.4301,14.5780,23.51,100.00
2010-11-10 15:00:00,Davis,186.4515,32.2003,32.2003,0.0000,0.0000,154.2512,0.0000,150.0000,186.4515,52.2064,43.1903,9.0161,17.27,100.00
2010-11-10 16:00:00,Davis,197.2282,0.4758,0.4758,0.0000,0.0000,196.7524,0.0000,150.0000,197.2282,55.2239,55.0907,0.1332,0.24,100.00
2010-11-10 17:00:00,Davis,222.0761,7.9601,7.9601,0.0000,0.0000,214.1160,0.0000,150.0000,222.0761,62.1813,59.9525,2.2288,3.58,100.00
2010-11-10 18:00:00,Davis,224.6478,8.9688,8.9688,0.0000,0.0000,215.6790,0.0000,150.0000,224.6478,62.9014,60.3901,2.5113,3.99,100.00
2010-11-10 19:00:00,Davis,207.6692,4.5217,4.5217,0.0000,0.0000,203.1475,0.0000,150.0000,207.6692,58.1474,56.8813,1.2661,2.18,100.00
2010-11-10 20:00:00,Davis,196.8764,21.8037,21.8037,0.0000,0.0000,175.0727,0.0000,150.0000,196.8764,55.1254,49.0204,6.1050,11.07,100.00
2010-11-10 21:00:00,Davis,188.9753,8.1154,8.1154,0.0000,0.0000,180.8599,0.0000,150.0000,188.9753,52.9131,50.6408,2.2723,4.29,100.00
2010-11-10 22:00:00,Davis,209.9576,11.6913,11.6913,0.0000,0.0000,198.2663,0.0000,150.0000,209.9576,58.7881,55.5146,3.2736,5.57,100.00
2010-11-10 23:00:00,Davis,201.5355,21.8565,21.8565,0.0000,0.0000,179.6790,0.0000,150.0000,201.5355,56.4299,50.3101,6.1198,10.84,100.00
2010-11-11 00:00:00,Davis,185.0427,20.3996,20.3996,0.0000,0.0000,164.6431,0.0000,150.0000,185.0427,51.8120,46.1001,5.7119,11.02,100.00
2010-11-11 01:00:00,Davis,203.3581,24.5216,24.5216,0.0000,0.0000,178.8365,0.0000,150.0000,203.3581,56.9403,50.0742,6.8660,12.06,100.00
2010-11-11 02:00:00,Davis,186.6531,14.5957,14.5957,0.0000,0.0000,172.0574,0.0000,150.0000,186.6531,52.2629,48.1761,4.0868,7.82,100.00
2010-11-11 03:00:00,Davis,181.9427,42.6892,42.6892,0.0000,0.0000,139.2535,0.0000,150.0000,181.9427,50.9440,38.9910,11.9530,23.46,100.00
2010-11-11 04:00:00,Davis,191.9504,14.7839,14.7839,0.0000,0.0000,177.1665,0.0000,150.0000,191.9504,53.7461,49.6066,4.1395,7.70,100.00
2010-11-11 05:00:00,Davis,195.1872,21.1462,21.1462,0.0000,0.0000,174.0410,0.0000,150.0000,195.1872,54.6524,48.7315,5.9209,10.83,100.00
2010-11-11 06:00:00,Davis,176.2980,13.8341,13.8341,0.0000,0.0000,162.4639,0.0000,150.0000,176.2980,49.3634,45.4899,3.8735,7.85,100.00
2010-11-11 07:00:00,Davis,197.1487,25.7534,25.7534,0.0000,0.0000,171.3953,0.0000,150.0000,197.1487,55.2016,47.9907,7.2110,13.06,100.00
2010-11-11 08:00:00,Davis,192.0683,17.9905,17.9905,0.0000,0.0000,174.0778,0.0000,150.0000,192.0683,53.7791,48.7418,5.0373,9.37,100.00
2010-11-11 09:00:00,Davis,235.0664,28.7013,28.7013,0.0000,0.0000,206.3651,0.0000,150.0000,235.0664,65.8186,57.7822,8.0364,12.21,100.00
2010-11-11 10:00:00,Davis,203.0174,58.5145,58.5145,0.0000,0.0000,144.5029,0.0000,150.0000,203.0174,56.8449,40.4608,16.3841,28.82,100.00
2010-11-11 11:00:00,Davis,225.9726,77.7159,77.7159,0.0000,0.0000,148.2567,0.0000,150.0000,225.9726,63.2723,41.5119,21.7605,34.39,100.00
2010-11-11 12:00:00,Davis,225.2272,73.1284,73.1284,0.0000,0.0000,152.0988,0.0000,150.0000,225.2272,63.0636,42.5877,20.4760,32.47,100.00
2010-11-11 13:00:00,Davis,200.9212,67.8583,67.8583,0.0000,0.0000,133.0629,0.0000,150.0000,200.9212,56.2579,37.2576,19.0003,33.77,100.00
2010-11-11 14:00:00,Davis,196.3785,58.2117,58.2117,0.0000,0.0000,138.1668,0.0000,150.0000,196.3785,54.9860,38.6867,16.2993,29.64,100.00
2010-11-11 15:00:00,Davis,202.6514,35.0908,35.0908,0.0000,0.0000,167.5606,0.0000,150.0000,202.6514,56.7424,46.9170,9.8254,17.32,100.00
2010-11-11 16:00:00,Davis,197.2309,20.1872,20.1872,0.0000,0.0000,177.0437,0.0000,150.0000,197.2309,55.2247,49.5722,5.6524,10.24,100.00
2010-11-11 17:00:00,Davis,206.9504,7.2375,7.2375,0.0000,0.0000,199.7129,0.0000,150.0000,206.9504,57.9461,55.9196,2.0265,3.50,100.00
2010-11-11 18:00:00,Davis,207.3884,9.0162,9.0162,0.0000,0.0000,198.3722,0.0000,150.0000,207.3884,58.0688,55.5442,2.5245,4.35,100.00
2010-11-11 19:00:00,Davis,227.8123,11.2713,11.2713,0.0000,0.0000,216.5410,0.0000,150.0000,227.8123,63.7874,60.6315,3.1560,4.95,100.00
2010-11-11 20:00:00,Davis,218.3831,23.4278,23.4278,0.0000,0.0000,194.9553,0.0000,150.0000,218.3831,61.1473,54.5875,6.5598,10.73,100.00
2010-11-11 21:00:00,Davis,225.7997,4.4554,4.4554,0.0000,0.0000,221.3443,0.0000,150.0000,225.7997,63.2239,61.9764,1.2475,1.97,100.00
2010-11-11 22:00:00,Davis,171.6146,15.5557,15.5557,0.0000,0.0000,156.0589,0.0000,150.0000,171.6146,48.0521,43.6965,4.3556,9.06,100.00
2010-11-11 23:00:00,Davis,199.3604,26.6512,26.6512,0.0000,0.0000,172.7092,0.0000,150.0000,199.3604,55.8209,48.3586,7.4623,13.37,100.00
2010-11-12 00:00:00,Davis,186.1796,39.1466,39.1466,0.0000,0.0000,147.0330,0.0000,150.0000,186.1796,52.1303,41.1692,10.9610,21.03,100.00
2010-11-12 01:00:00,Davis,184.0351,13.9626,13.9626,0.0000,0.0000,170.0725,0.0000,150.0000,184.0351,51.5298,47.6203,3.9095,7.59,100.00
2010-11-12 02:00:00,Davis,215.1929,11.6500,11.6500,0.0000,0.0000,203.5429,0.0000,150.0000,215.1929,60.2540,56.9920,3.2620,5.41,100.00
2010-11-12 03:00:00,Davis,198.0415,6.6659,6.6659,0.0000,0.0000,191.3756,0.0000,150.0000,198.0415,55.4516,53.5852,1.8665,3.37,100.00
2010-11-12 04:00:00,Davis,207.0274,2.9182,2.9182,0.0000,0.0000,204.1092,0.0000,150.0000,207.0274,57.9677,57.1506,0.8171,1.41,100.00
2010-11-12 05:00:00,Davis,208.7629,31.6801,31.6801,0.0000,0.0000,177.0828,0.0000,150.0000,208.7629,58.4536,49.5832,8.8704,15.18,100.00
2010-11-12 06:00:00,Davis,213.5874,11.0694,11.0694,0.0000,0.0000,202.5180,0.0000,150.0000,213.5874,59.8045,56.7050,3.0994,5.18,100.00
2010-11-12 07:00:00,Davis,209.5536,18.8778,18.8778,0.0000,0.0000,190.6758,0.0000,150.0000,209.5536,58.6750,53.3892,5.2858,9.01,100.00
2010-11-12 08:00:00,Davis,185.2635,5.0205,5.0205,0.0000,0.0000,180.2430,0.0000,150.0000,185.2635,51.8738,50.4680,1.4057,2.71,100.00
2010-11-12 09:00:00,Davis,192.9835,31.0041,31.0041,0.0000,0.0000,161.9794,0.0000,150.0000,192.9835,54.0354,45.3542,8.6811,16.07,100.00
2010-11-12 10:00:00,Davis,207.0713,50.9095,50.9095,0.0000,0.0000,156.1618,0.0000,150.0000,207.0713,57.9800,43.7253,14.2547,24.59,100.00
2010-11-12 11:00:00,Davis,223.7016,63.1718,63.1718,0.0000,0.0000,160.5298,0.0000,150.0000,223.7016,62.6364,44.9483,17.6881,28.24,100.00
2010-11-12 12:00:00,Davis,193.0401,81.7477,81.7477,0.0000,0.0000,111.2924,0.0000,150.0000,193.0401,54.0512,31.1619,22.8894,42.35,100.00
2010-11-12 13:00:00,Davis,186.0041,59.3890,59.3890,0.0000,0.0000,126.6151,0.0000,150.0000,186.0041,52.0811,35.4522,16.6289,31.93,100.00
2010-11-12 14:00:00,Davis,185.7750,55.2704,55.2704,0.0000,0.0000,130.5046,0.0000,150.0000,185.7750,52.0170,36.5413,15.4757,29.75,100.00
2010-11-12 15:00:00,Davis,194.4209,32.4746,32.4746,0.0000,0.0000,161.9463,0.0000,150.0000,194.4209,54.4379,45.3450,9.0929,16.70,100.00
2010-11-12 16:00:00,Davis,192.2165,17.1574,17.1574,0.0000,0.0000,175.0591,0.0000,150.0000,192.2165,53.8206,49.0165,4.8041,8.93,100.00
2010-11-12 17:00:00,Davis,209.9200,5.2482,5.2482,0.0000,0.0000,204.6718,0.0000,150.0000,209.9200,58.7776,57.3081,1.4695,2.50,100.00
2010-11-12 18:00:00,Davis,205.2307,4.5413,4.5413,0.0000,0.0000,200.6894,0.0000,150.0000,205.2307,57.4646,56.1930,1.2716,2.21,100.00
2010-11-12 19:00:00,Davis,208.4769,5.4870,5.4870,0.0000,0.0000,202.9899,0.0000,150.0000,208.4769,58.3735,56.8372,1.5364,2.63,100.00
2010-11-12 20:00:00,Davis,211.9728,5.2956,5.2956,0.0000,0.0000,206.6772,0.0000,150.0000,211.9728,59.3524,57.8696,1.4828,2.50,100.00
2010-11-12 21:00:00,Davis,191.3512,11.8892,11.8892,0.0000,0.0000,179.4620,0.0000,150.0000,191.3512,53.5783,50.2494,3.3290,6.21,100.00
2010-11-12 22:00:00,Davis,182.1431,4.6235,4.6235,0.0000,0.0000,177.5196,0.0000,150.0000,182.1431,51.0001,49.7055,1.2946,2.54,100.00
2010-11-12 23:00:00,Davis,199.1087,21.1593,21.1593,0.0000,0.0000,177.9494,0.0000,150.0000,199.1087,55.7504,49.8258,5.9246,10.63,100.00
2010-11-13 00:00:00,Davis,184.2782,27.7173,27.7173,0.0000,0.0000,156.5609,0.0000,150.0000,184.2782,51.5979,43.8371,7.7608,15.04,100.00
2010-11-13 01:00:00,Davis,195.7141,23.0704,23.0704,0.0000,0.0000,172.6437,0.0000,150.0000,195.7141,54.7999,48.3402,6.4597,11.79,100.00
2010-11-13 02:00:00,Davis,171.7344,12.6111,12.6111,0.0000,0.0000,159.1233,0.0000,150.0000,171.7344,48.0856,44.5545,3.5311,7.34,100.00
2010-11-13 03:00:00,Davis,171.4455,24.0615,24.0615,0.0000,0.0000,147.3840,0.0000,150.0000,171.4455,48.0047,41.2675,6.7372,14.03,100.00
2010-11-13 04:00:00,Davis,203.3234,13.4163,13.4163,0.0000,0.0000,189.9071,0.0000,150.0000,203.3234,56.9306,53.1740,3.7566,6.60,100.00
2010-11-13 05:00:00,Davis,208.9273,12.0081,12.0081,0.0000,0.0000,196.9192,0.0000,150.0000,208.9273,58.4996,55.1374,3.3623,5.75,100.00
2010-11-13 06:00:00,Davis,200.6663,10.4196,10.4196,0.0000,0.0000,190.2467,0.0000,150.0000,200.6663,56.1866,53.2691,2.9175,5.19,100.00
2010-11-13 07:00:00,Davis,200.2735,5.4695,5.4695,0.0000,0.0000,194.8040,0.0000,150.0000,200.2735,56.0766,54.5451,1.5315,2.73,100.00
2010-11-13 08:00:00,Davis,191.0293,20.0524,20.0524,0.0000,0.0000,170.9769,0.0000,150.0000,191.0293,53.4882,47.8735,5.6147,10.50,100.00
2010-11-13 09:00:00,Davis,212.4827,27.8277,27.8277,0.0000,0.0000,184.6550,0.0000,150.0000,212.4827,59.4952,51.7034,7.7918,13.10,100.00
2010-11-13 10:00:00,Davis,193.2242,52.0833,52.0833,0.0000,0.0000,141.1409,0.0000,150.0000,193.2242,54.1028,39.5195,14.5833,26.95,100.00
2010-11-13 11:00:00,Davis,211.3096,79.0082,79.0082,0.0000,0.0000,132.3014,0.0000,150.0000,211.3096,59.1667,37.0444,22.1223,37.39,100.00
2010-11-13 12:00:00,Davis,211.9831,72.8628,72.8628,0.0000,0.0000,139.1203,0.0000,150.0000,211.9831,59.3553,38.9537,20.4016,34.37,100.00
2010-11-13 13:00:00,Davis,198.8948,58.8222,58.8222,0.0000,0.0000,140.0726,0.0000,150.0000,198.8948,55.6905,39.2203,16.4702,29.57,100.00
2010-11-13 14:00:00,Davis,199.3489,52.1523,52.1523,0.0000,0.0000,147.1966,0.0000,150.0000,199.3489,55.8177,41.2150,14.6026,26.16,100.00
2010-11-13 15:00:00,Davis,202.2285,16.1630,16.1630,0.0000,0.0000,186.0655,0.0000,150.0000,202.2285,56.6240,52.0983,4.5256,7.99,100.00
2010-11-13 16:00:00,Davis,221.1358,9.8143,9.8143,0.0000,0.0000,211.3215,0.0000,150.0000,221.1358,61.9180,59.1700,2.7480,4.44,100.00
2010-11-13 17:00:00,Davis,237.9999,18.3434,18.3434,0.0000,0.0000,219.6565,0.0000,150.0000,237.9999,66.6400,61.5038,5.1362,7.71,100.00
2010-11-13 18:00:00,Davis,211.0567,0.0000,0.0000,0.0000,0.0000,211.0567,0.0000,150.0000,211.0567,59.0959,59.0959,0.0000,0.00,100.00
2010-11-13 19:00:00,Davis,204.2861,4.3355,4.3355,0.0000,0.0000,199.9506,0.0000,150.0000,204.2861,57.2001,55.9862,1.2139,2.12,100.00
2010-11-13 20:00:00,Davis,206.9867,10.2205,10.2205,0.0000,0.0000,196.7662,0.0000,150.0000,206.9867,57.9563,55.0945,2.8617,4.94,100.00
2010-11-13 21:00:00,Davis,201.7939,22.6940,22.6940,0.0000,0.0000,179.0999,0.0000,150.0000,201.7939,56.5023,50.1480,6.3543,11.25,100.00
2010-11-13 22:00:00,Davis,178.8213,21.6072,21.6072,0.0000,0.0000,157.2141,0.0000,150.0000,178.8213,50.0700,44.0199,6.0500,12.08,100.00
2010-11-13 23:00:00,Davis,196.3872,0.0000,0.0000,0.0000,0.0000,196.3872,0.0000,150.0000,196.3872,54.9884,54.9884,0.0000,0.00,100.00
2010-11-14 00:00:00,Davis,167.8541,34.9972,34.9972,0.0000,0.0000,132.8569,0.0000,150.0000,167.8541,46.9991,37.1999,9.7992,20.85,100.00
2010-11-14 01:00:00,Davis,171.8091,32.4808,32.4808,0.0000,0.0000,139.3283,0.0000,150.0000,171.8091,48.1065,39.0119,9.0946,18.91,100.00
2010-11-14 02:00:00,Davis,189.2403,8.8787,8.8787,0.0000,0.0000,180.3616,0.0000,150.0000,189.2403,52.9873,50.5012,2.4860,4.69,100.00
2010-11-14 03:00:00,Davis,207.0223,26.0248,26.0248,0.0000,0.0000,180.9975,0.0000,150.0000,207.0223,57.9662,50.6793,7.2869,12.57,100.00
2010-11-14 04:00:00,Davis,204.2712,8.0135,8.0135,0.0000,0.0000,196.2577,0.0000,150.0000,204.2712,57.1959,54.9522,2.2438,3.92,100.00
2010-11-14 05:00:00,Davis,213.7012,3.8451,3.8451,0.0000,0.0000,209.8561,0.0000,150.0000,213.7012,59.8363,58.7597,1.0766,1.80,100.00
2010-11-14 06:00:00,Davis,221.8560,18.3454,18.3454,0.0000,0.0000,203.5106,0.0000,150.0000,221.8560,62.1197,56.9830,5.1367,8.27,100.00
2010-11-14 07:00:00,Davis,206.6307,6.0345,6.0345,0.0000,0.0000,200.5962,0.0000,150.0000,206.6307,57.8566,56.1669,1.6897,2.92,100.00
2010-11-14 08:00:00,Davis,174.4643,19.1655,19.1655,0.0000,0.0000,155.2988,0.0000,150.0000,174.4643,48.8500,43.4837,5.3663,10.99,100.00
2010-11-14 09:00:00,Davis,258.1661,18.5007,18.5007,0.0000,0.0000,239.6654,0.0000,150.0000,258.1661,72.2865,67.1063,5.1802,7.17,100.00
2010-11-14 10:00:00,Davis,224.8141,52.2062,52.2062,0.0000,0.0000,172.6079,0.0000,150.0000,224.8141,62.9479,48.3302,14.6177,23.22,100.00
2010-11-14 11:00:00,Davis,209.5216,65.9006,65.9006,0.0000,0.0000,143.6210,0.0000,150.0000,209.5216,58.6660,40.2139,18.4522,31.45,100.00
2010-11-14 12:00:00,Davis,203.5979,65.2810,65.2810,0.0000,0.0000,138.3169,0.0000,150.0000,203.5979,57.0074,38.7287,18.2787,32.06,100.00
2010-11-14 13:00:00,Davis,194.9274,66.3427,66.3427,0.0000,0.0000,128.5847,0.0000,150.0000,194.9274,54.5797,36.0037,18.5760,34.03,100.00
2010-11-14 14:00:00,Davis,192.2996,60.4518,60.4518,0.0000,0.0000,131.8478,0.0000,150.0000,192.2996,53.8439,36.9174,16.9265,31.44,100.00
2010-11-14 15:00:00,Davis,191.7072,35.0118,35.0118,0.0000,0.0000,156.6954,0.0000,150.0000,191.7072,53.6780,43.8747,9.8033,18.26,100.00
2010-11-14 16:00:00,Davis,201.8173,0.1565,0.1565,0.0000,0.0000,201.6608,0.0000,150.0000,201.8173,56.5088,56.4650,0.0438,0.08,100.00
2010-11-14 17:00:00,Davis,235.4350,11.0651,11.0651,0.0000,0.0000,224.3699,0.0000,150.0000,235.4350,65.9218,62.8236,3.0982,4.70,100.00
2010-11-14 18:00:00,Davis,205.7018,5.4897,5.4897,0.0000,0.0000,200.2121,0.0000,150.0000,205.7018,57.5965,56.0594,1.5371,2.67,100.00
2010-11-14 19:00:00,Davis,198.4163,11.9343,11.9343,0.0000,0.0000,186.4820,0.0000,150.0000,198.4163,55.5566,52.2150,3.3416,6.01,100.00
2010-11-14 20:00:00,Davis,227.7213,9.1492,9.1492,0.0000,0.0000,218.5721,0.0000,150.0000,227.7213,63.7620,61.2002,2.5618,4.02,100.00
2010-11-14 21:00:00,Davis,202.4635,1.9151,1.9151,0.0000,0.0000,200.5484,0.0000,150.0000,202.4635,56.6898,56.1536,0.5362,0.95,100.00
2010-11-14 22:00:00,Davis,207.7301,11.7795,11.7795,0.0000,0.0000,195.9506,0.0000,150.0000,207.7301,58.1644,54.8662,3.2983,5.67,100.00
2010-11-14 23:00:00,Davis,190.2670,12.3292,12.3292,0.0000,0.0000,177.9378,0.0000,150.0000,190.2670,53.2748,49.8226,3.4522,6.48,100.00
2010-11-15 00:00:00,Davis,190.8916,11.7586,11.7586,0.0000,0.0000,179.1330,0.0000,150.0000,190.8916,53.4496,50.1572,3.2924,6.16,100.00
2010-11-15 01:00:00,Davis,207.3196,25.3560,25.3560,0.0000,0.0000,181.9636,0.0000,150.0000,207.3196,58.0495,50.9498,7.0997,12.23,100.00
2010-11-15 02:00:00,Davis,206.3474,30.1042,30.1042,0.0000,0.0000,176.2432,0.0000,150.0000,206.3474,57.7773,49.3481,8.4292,14.59,100.00
2010-11-15 03:00:00,Davis,199.3224,22.9982,22.9982,0.0000,0.0000,176.3242,0.0000,150.0000,199.3224,55.8103,49.3708,6.4395,11.54,100.00
2010-11-15 04:00:00,Davis,198.3676,12.0678,12.0678,0.0000,0.0000,186.2998,0.0000,150.0000,198.3676,55.5429,52.1639,3.3790,6.08,100.00
2010-11-15 05:00:00,Davis,194.6703,18.8272,18.8272,0.0000,0.0000,175.8431,0.0000,150.0000,194.6703,54.5077,49.2361,5.2716,9.67,100.00
2010-11-15 06:00:00,Davis,194.8717,28.7198,28.7198,0.0000,0.0000,166.1519,0.0000,150.0000,194.8717,54.5641,46.5225,8.0415,14.74,100.00
2010-11-15 07:00:00,Davis,192.4216,10.1044,10.1044,0.0000,0.0000,182.3172,0.0000,150.0000,192.4216,53.8780,51.0488,2.8292,5.25,100.00
2010-11-15 08:00:00,Davis,172.6290,15.1720,15.1720,0.0000,0.0000,157.4570,0.0000,150.0000,172.6290,48.3361,44.0880,4.2482,8.79,100.00
2010-11-15 09:00:00,Davis,190.7774,24.0974,24.0974,0.0000,0.0000,166.6800,0.0000,150.0000,190.7774,53.4177,46.6704,6.7473,12.63,100.00
2010-11-15 10:00:00,Davis,199.3602,52.7035,52.7035,0.0000,0.0000,146.6567,0.0000,150.0000,199.3602,55.8209,41.0639,14.7570,26.44,100.00
2010-11-15 11:00:00,Davis,260.4132,82.1592,82.1592,0.0000,0.0000,178.2540,0.0000,150.0000,260.4132,72.9157,49.9111,23.0046,31.55,100.00
2010-11-15 12:00:00,Davis,192.9077,73.1421,73.1421,0.0000,0.0000,119.7656,0.0000,150.0000,192.9077,54.0142,33.5344,20.4798,37.92,100.00
2010-11-15 13:00:00,Davis,201.9152,65.7945,65.7945,0.0000,0.0000,136.1207,0.0000,150.0000,201.9152,56.5363,38.1138,18.4225,32.59,100.00
2010-11-15 14:00:00,Davis,202.3980,55.4934,55.4934,0.0000,0.0000,146.9046,0.0000,150.0000,202.3980,56.6714,41.1333,15.5382,27.42,100.00
2010-11-15 15:00:00,Davis,217.5382,36.2416,36.2416,0.0000,0.0000,181.2966,0.0000,150.0000,217.5382,60.9107,50.7630,10.1476,16.66,100.00
2010-11-15 16:00:00,Davis,224.9524,8.7030,8.7030,0.0000,0.0000,216.2494,0.0000,150.0000,224.9524,62.9867,60.5498,2.4368,3.87,100.00
2010-11-15 17:00:00,Davis,217.8792,7.8857,7.8857,0.0000,0.0000,209.9935,0.0000,150.0000,217.8792,61.0062,58.7982,2.2080,3.62,100.00
2010-11-15 18:00:00,Davis,233.3872,7.4789,7.4789,0.0000,0.0000,225.9083,0.0000,150.0000,233.3872,65.3484,63.2543,2.0941,3.20,100.00
2010-11-15 19:00:00,Davis,216.8527,18.2479,18.2479,0.0000,0.0000,198.6048,0.0000,150.0000,216.8527,60.7188,55.6093,5.1094,8.41,100.00
2010-11-15 20:00:00,Davis,211.2672,12.4346,12.4346,0.0000,0.0000,198.8326,0.0000,150.0000,211.2672,59.1548,55.6731,3.4817,5.89,100.00
2010-11-15 21:00:00,Davis,216.0405,14.3309,14.3309,0.0000,0.0000,201.7096,0.0000,150.0000,216.0405,60.4913,56.4787,4.0127,6.63,100.00
2010-11-15 22:00:00,Davis,198.7385,6.0866,6.0866,0.0000,0.0000,192.6519,0.0000,150.0000,198.7385,55.6468,53.9425,1.7042,3.06,100.00
2010-11-15 23:00:00,Davis,155.8953,17.2847,17.2847,0.0000,0.0000,138.6106,0.0000,150.0000,155.8953,43.6507,38.8110,4.8397,11.09,100.00
2010-11-16 00:00:00,Davis,209.4456,13.4000,13.4000,0.0000,0.0000,196.0456,0.0000,150.0000,209.4456,58.6448,54.8928,3.7520,6.40,100.00
2010-11-16 01:00:00,Davis,168.4750,13.2615,13.2615,0.0000,0.0000,155.2135,0.0000,150.0000,168.4750,47.1730,43.4598,3.7132,7.87,100.00
2010-11-16 02:00:00,Davis,192.6581,34.2307,34.2307,0.0000,0.0000,158.4274,0.0000,150.0000,192.6581,53.9443,44.3597,9.5846,17.77,100.00
2010-11-16 03:00:00,Davis,208.1733,25.7419,25.7419,0.0000,0.0000,182.4314,0.0000,150.0000,208.1733,58.2885,51.0808,7.2077,12.37,100.00
2010-11-16 04:00:00,Davis,209.2254,8.1659,8.1659,0.0000,0.0000,201.0595,0.0000,150.0000,209.2254,58.5831,56.2967,2.2865,3.90,100.00
2010-11-16 05:00:00,Davis,166.2026,37.1827,37.1827,0.0000,0.0000,129.0199,0.0000,150.0000,166.2026,46.5367,36.1256,10.4112,22.37,100.00
2010-11-16 06:00:00,Davis,188.5164,4.4382,4.4382,0.0000,0.0000,184.0782,0.0000,150.0000,188.5164,52.7846,51.5419,1.2427,2.35,100.00
2010-11-16 07:00:00,Davis,189.9978,15.8546,15.8546,0.0000,0.0000,174.1432,0.0000,150.0000,189.9978,53.1994,48.7601,4.4393,8.34,100.00
2010-11-16 08:00:00,Davis,204.9552,27.7351,27.7351,0.0000,0.0000,177.2201,0.0000,150.0000,204.9552,57.3875,49.6216,7.7658,13.53,100.00
2010-11-16 09:00:00,Davis,179.9725,43.4874,43.4874,0.0000,0.0000,136.4851,0.0000,150.0000,179.9725,50.3923,38.2158,12.1765,24.16,100.00
2010-11-16 10:00:00,Davis,198.8719,63.1980,63.1980,0.0000,0.0000,135.6739,0.0000,150.0000,198.8719,55.6841,37.9887,17.6954,31.78,100.00
2010-11-16 11:00:00,Davis,206.7810,65.9545,65.9545,0.0000,0.0000,140.8265,0.0000,150.0000,206.7810,57.8987,39.4314,18.4673,31.90,100.00
2010-11-16 12:00:00,Davis,209.8549,74.3887,74.3887,0.0000,0.0000,135.4662,0.0000,150.0000,209.8549,58.7594,37.9305,20.8288,35.45,100.00
2010-11-16 13:00:00,Davis,192.1442,71.5482,71.5482,0.0000,0.0000,120.5960,0.0000,150.0000,192.1442,53.8004,33.7669,20.0335,37.24,100.00
2010-11-16 14:00:00,Davis,191.9040,42.6846,42.6846,0.0000,0.0000,149.2194,0.0000,150.0000,191.9040,53.7331,41.7814,11.9517,22.24,100.00
2010-11-16 15:00:00,Davis,220.3785,31.0710,31.0710,0.0000,0.0000,189.3075,0.0000,150.0000,220.3785,61.7060,53.0061,8.6999,14.10,100.00
2010-11-16 16:00:00,Davis,198.3113,20.3673,20.3673,0.0000,0.0000,177.9440,0.0000,150.0000,198.3113,55.5272,49.8243,5.7028,10.27,100.00
2010-11-16 17:00:00,Davis,219.9930,3.0865,3.0865,0.0000,0.0000,216.9065,0.0000,150.0000,219.9930,61.5980,60.7338,0.8642,1.40,100.00
2010-11-16 18:00:00,Davis,214.7359,3.1333,3.1333,0.0000,0.0000,211.6026,0.0000,150.0000,214.7359,60.1261,59.2487,0.8773,1.46,100.00
2010-11-16 19:00:00,Davis,180.7491,18.3335,18.3335,0.0000,0.0000,162.4156,0.0000,150.0000,180.7491,50.6097,45.4764,5.1334,10.14,100.00
2010-11-16 20:00:00,Davis,214.8818,8.8318,8.8318,0.0000,0.0000,206.0500,0.0000,150.0000,214.8818,60.1669,57.6940,2.4729,4.11,100.00
2010-11-16 21:00:00,Davis,203.6762,13.5004,13.5004,0.0000,0.0000,190.1758,0.0000,150.0000,203.6762,57.0293,53.2492,3.7801,6.63,100.00
2010-11-16 22:00:00,Davis,177.2540,33.6692,33.6692,0.0000,0.0000,143.5848,0.0000,150.0000,177.2540,49.6311,40.2037,9.4274,18.99,100.00
2010-11-16 23:00:00,Davis,192.9276,4.3894,4.3894,0.0000,0.0000,188.5382,0.0000,150.0000,192.9276,54.0197,52.7907,1.2290,2.28,100.00
2010-11-17 00:00:00,Davis,178.2184,22.0749,22.0749,0.0000,0.0000,156.1435,0.0000,150.0000,178.2184,49.9012,43.7202,6.1810,12.39,100.00
2010-11-17 01:00:00,Davis,186.6948,19.7454,19.7454,0.0000,0.0000,166.9494,0.0000,150.0000,186.6948,52.2745,46.7458,5.5287,10.58,100.00
2010-11-17 02:00:00,Davis,185.2303,49.7015,49.7015,0.0000,0.0000,135.5288,0.0000,150.0000,185.2303,51.8645,37.9481,13.9164,26.83,100.00
2010-11-17 03:00:00,Davis,179.6491,14.8909,14.8909,0.0000,0.0000,164.7582,0.0000,150.0000,179.6491,50.3017,46.1323,4.1695,8.29,100.00
2010-11-17 04:00:00,Davis,196.8773,12.0678,12.0678,0.0000,0.0000,184.8095,0.0000,150.0000,196.8773,55.1256,51.7467,3.3790,6.13,100.00
2010-11-17 05:00:00,Davis,178.0768,9.4607,9.4607,0.0000,0.0000,168.6161,0.0000,150.0000,178.0768,49.8615,47.2125,2.6490,5.31,100.00
2010-11-17 06:00:00,Davis,218.1198,14.3621,14.3621,0.0000,0.0000,203.7577,0.0000,150.0000,218.1198,61.0735,57.0522,4.0214,6.58,100.00
2010-11-17 07:00:00,Davis,204.2321,28.3554,28.3554,0.0000,0.0000,175.8767,0.0000,150.0000,204.2321,57.1850,49.2455,7.9395,13.88,100.00
2010-11-17 08:00:00,Davis,181.7009,20.0510,20.0510,0.0000,0.0000,161.6499,0.0000,150.0000,181.7009,50.8763,45.2620,5.6143,11.04,100.00
2010-11-17 09:00:00,Davis,211.5229,33.4154,33.4154,0.0000,0.0000,178.1075,0.0000,150.0000,211.5229,59.2264,49.8701,9.3563,15.80,100.00
2010-11-17 10:00:00,Davis,220.5123,53.9374,53.9374,0.0000,0.0000,166.5749,0.0000,150.0000,220.5123,61.7434,46.6410,15.1025,24.46,100.00
2010-11-17 11:00:00,Davis,224.3175,66.2491,66.2491,0.0000,0.0000,158.0684,0.0000,150.0000,224.3175,62.8089,44.2592,18.5497,29.53,100.00
2010-11-17 12:00:00,Davis,210.5225,72.8883,72.8883,0.0000,0.0000,137.6342,0.0000,150.0000,210.5225,58.9463,38.5376,20.4087,34.62,100.00
2010-11-17 13:00:00,Davis,204.6773,83.7610,83.7610,0.0000,0.0000,120.9163,0.0000,150.0000,204.6773,57.3096,33.8566,23.4531,40.92,100.00
2010-11-17 14:00:00,Davis,185.5933,56.5673,56.5673,0.0000,0.0000,129.0260,0.0000,150.0000,185.5933,51.9661,36.1273,15.8388,30.48,100.00
2010-11-17 15:00:00,Davis,185.3831,33.0971,33.0971,0.0000,0.0000,152.2860,0.0000,150.0000,185.3831,51.9073,42.6401,9.2672,17.85,100.00
2010-11-17 16:00:00,Davis,213.8572,8.7862,8.7862,0.0000,0.0000,205.0710,0.0000,150.0000,213.8572,59.8800,57.4199,2.4601,4.11,100.00
2010-11-17 17:00:00,Davis,197.9707,17.1325,17.1325,0.0000,0.0000,180.8382,0.0000,150.0000,197.9707,55.4318,50.6347,4.7971,8.65,100.00
2010-11-17 18:00:00,Davis,217.6436,6.7875,6.7875,0.0000,0.0000,210.8561,0.0000,150.0000,217.6436,60.9402,59.0397,1.9005,3.12,100.00
2010-11-17 19:00:00,Davis,217.9428,0.0000,0.0000,0.0000,0.0000,217.9428,0.0000,150.0000,217.9428,61.0240,61.0240,0.0000,0.00,100.00
2010-11-17 20:00:00,Davis,235.4152,26.7343,26.7343,0.0000,0.0000,208.6809,0.0000,150.0000,235.4152,65.9163,58.4307,7.4856,11.36,100.00
2010-11-17 21:00:00,Davis,170.7389,14.4226,14.4226,0.0000,0.0000,156.3163,0.0000,150.0000,170.7389,47.8069,43.7686,4.0383,8.45,100.00
2010-11-17 22:00:00,Davis,195.7440,20.0773,20.0773,0.0000,0.0000,175.6667,0.0000,150.0000,195.7440,54.8083,49.1867,5.6216,10.26,100.00
2010-11-17 23:00:00,Davis,183.0837,19.9545,19.9545,0.0000,0.0000,163.1292,0.0000,150.0000,183.0837,51.2634,45.6762,5.5873,10.90,100.00
2010-11-18 00:00:00,Davis,179.6326,31.8483,31.8483,0.0000,0.0000,147.7843,0.0000,150.0000,179.6326,50.2971,41.3796,8.9175,17.73,100.00
2010-11-18 01:00:00,Davis,174.2874,19.8621,19.8621,0.0000,0.0000,154.4253,0.0000,150.0000,174.2874,48.8005,43.2391,5.5614,11.40,100.00
2010-11-18 02:00:00,Davis,186.1264,13.1853,13.1853,0.0000,0.0000,172.9411,0.0000,150.0000,186.1264,52.1154,48.4235,3.6919,7.08,100.00
2010-11-18 03:00:00,Davis,166.5591,17.1725,17.1725,0.0000,0.0000,149.3866,0.0000,150.0000,166.5591,46.6365,41.8282,4.8083,10.31,100.00
2010-11-18 04:00:00,Davis,192.1385,26.2125,26.2125,0.0000,0.0000,165.9260,0.0000,150.0000,192.1385,53.7988,46.4593,7.3395,13.64,100.00
2010-11-18 05:00:00,Davis,195.5533,4.9365,4.9365,0.0000,0.0000,190.6168,0.0000,150.0000,195.5533,54.7549,53.3727,1.3822,2.52,100.00
2010-11-18 06:00:00,Davis,194.5964,6.6606,6.6606,0.0000,0.0000,187.9358,0.0000,150.0000,194.5964,54.4870,52.6220,1.8650,3.42,100.00
2010-11-18 07:00:00,Davis,204.2260,11.9861,11.9861,0.0000,0.0000,192.2399,0.0000,150.0000,204.2260,57.1833,53.8272,3.3561,5.87,100.00
2010-11-18 08:00:00,Davis,214.7087,5.0205,5.0205,0.0000,0.0000,209.6882,0.0000,150.0000,214.7087,60.1184,58.7127,1.4057,2.34,100.00
2010-11-18 09:00:00,Davis,176.4347,24.7318,24.7318,0.0000,0.0000,151.7029,0.0000,150.0000,176.4347,49.4017,42.4768,6.9249,14.02,100.00
2010-11-18 10:00:00,Davis,206.8948,51.9556,51.9556,0.0000,0.0000,154.9392,0.0000,150.0000,206.8948,57.9305,43.3830,14.5476,25.11,100.00
2010-11-18 11:00:00,Davis,214.7040,79.5384,79.5384,0.0000,0.0000,135.1656,0.0000,150.0000,214.7040,60.1171,37.8464,22.2708,37.05,100.00
2010-11-18 12:00:00,Davis,182.6393,76.8152,76.8152,0.0000,0.0000,105.8241,0.0000,150.0000,182.6393,51.1390,29.6307,21.5083,42.06,100.00
2010-11-18 13:00:00,Davis,238.9581,71.6708,71.6708,0.0000,0.0000,167.2873,0.0000,150.0000,238.9581,66.9083,46.8404,20.0678,29.99,100.00
2010-11-18 14:00:00,Davis,173.1195,53.8079,53.8079,0.0000,0.0000,119.3116,0.0000,150.0000,173.1195,48.4735,33.4072,15.0662,31.08,100.00
2010-11-18 15:00:00,Davis,177.6477,20.1881,20.1881,0.0000,0.0000,157.4596,0.0000,150.0000,177.6477,49.7414,44.0887,5.6527,11.36,100.00
2010-11-18 16:00:00,Davis,211.3111,7.4780,7.4780,0.0000,0.0000,203.8331,0.0000,150.0000,211.3111,59.1671,57.0733,2.0938,3.54,100.00
2010-11-18 17:00:00,Davis,221.9835,10.9758,10.9758,0.0000,0.0000,211.0077,0.0000,150.0000,221.9835,62.1554,59.0822,3.0732,4.94,100.00
2010-11-18 18:00:00,Davis,220.9727,5.7511,5.7511,0.0000,0.0000,215.2216,0.0000,150.0000,220.9727,61.8724,60.2620,1.6103,2.60,100.00
2010-11-18 19:00:00,Davis,217.9858,12.3254,12.3254,0.0000,0.0000,205.6604,0.0000,150.0000,217.9858,61.0360,57.5849,3.4511,5.65,100.00
2010-11-18 20:00:00,Davis,197.7973,19.2661,19.2661,0.0000,0.0000,178.5312,0.0000,150.0000,197.7973,55.3832,49.9887,5.3945,9.74,100.00
2010-11-18 21:00:00,Davis,208.1989,2.9505,2.9505,0.0000,0.0000,205.2484,0.0000,150.0000,208.1989,58.2957,57.4696,0.8261,1.42,100.00
2010-11-18 22:00:00,Davis,181.2194,20.2969,20.2969,0.0000,0.0000,160.9225,0.0000,150.0000,181.2194,50.7414,45.0583,5.6831,11.20,100.00
2010-11-18 23:00:00,Davis,193.5971,29.1179,29.1179,0.0000,0.0000,164.4792,0.0000,150.0000,193.5971,54.2072,46.0542,8.1530,15.04,100.00
2010-11-19 00:00:00,Davis,203.4691,23.4047,23.4047,0.0000,0.0000,180.0644,0.0000,150.0000,203.4691,56.9713,50.4180,6.5533,11.50,100.00
2010-11-19 01:00:00,Davis,193.2546,6.3017,6.3017,0.0000,0.0000,186.9529,0.0000,150.0000,193.2546,54.1113,52.3468,1.7645,3.26,100.00
2010-11-19 02:00:00,Davis,201.7545,10.8408,10.8408,0.0000,0.0000,190.9137,0.0000,150.0000,201.7545,56.4913,53.4558,3.0354,5.37,100.00
2010-11-19 03:00:00,Davis,199.1072,17.9776,17.9776,0.0000,0.0000,181.1296,0.0000,150.0000,199.1072,55.7500,50.7163,5.0337,9.03,100.00
2010-11-19 04:00:00,Davis,182.0438,18.1617,18.1617,0.0000,0.0000,163.8821,0.0000,150.0000,182.0438,50.9723,45.8870,5.0853,9.98,100.00
2010-11-19 05:00:00,Davis,188.9578,17.4048,17.4048,0.0000,0.0000,171.5530,0.0000,150.0000,188.9578,52.9082,48.0348,4.8733,9.21,100.00
2010-11-19 06:00:00,Davis,195.1714,13.5484,13.5484,0.0000,0.0000,181.6230,0.0000,150.0000,195.1714,54.6480,50.8544,3.7936,6.94,100.00
2010-11-19 07:00:00,Davis,199.8658,16.0570,16.0570,0.0000,0.0000,183.8088,0.0000,150.0000,199.8658,55.9624,51.4665,4.4960,8.03,100.00
2010-11-19 08:00:00,Davis,186.5261,6.9378,6.9378,0.0000,0.0000,179.5883,0.0000,150.0000,186.5261,52.2273,50.2847,1.9426,3.72,100.00
2010-11-19 09:00:00,Davis,200.6367,20.5932,20.5932,0.0000,0.0000,180.0435,0.0000,150.0000,200.6367,56.1783,50.4122,5.7661,10.26,100.00
2010-11-19 10:00:00,Davis,212.9589,53.0564,53.0564,0.0000,0.0000,159.9025,0.0000,150.0000,212.9589,59.6285,44.7727,14.8558,24.91,100.00
2010-11-19 11:00:00,Davis,187.1817,71.9048,71.9048,0.0000,0.0000,115.2769,0.0000,150.0000,187.1817,52.4109,32.2775,20.1333,38.41,100.00
2010-11-19 12:00:00,Davis,226.4598,70.4683,70.4683,0.0000,0.0000,155.9915,0.0000,150.0000,226.4598,63.4087,43.6776,19.7311,31.12,100.00
2010-11-19 13:00:00,Davis,219.3578,60.1306,60.1306,0.0000,0.0000,159.2272,0.0000,150.0000,219.3578,61.4202,44.5836,16.8366,27.41,100.00
2010-11-19 14:00:00,Davis,185.8993,55.2832,55.2832,0.0000,0.0000,130.6161,0.0000,150.0000,185.8993,52.0518,36.5725,15.4793,29.74,100.00
2010-11-19 15:00:00,Davis,207.7149,22.6364,22.6364,0.0000,0.0000,185.0785,0.0000,150.0000,207.7149,58.1602,51.8220,6.3382,10.90,100.00
2010-11-19 16:00:00,Davis,190.5177,11.6456,11.6456,0.0000,0.0000,178.8721,0.0000,150.0000,190.5177,53.3450,50.0842,3.2608,6.11,100.00
2010-11-19 17:00:00,Davis,226.0325,4.1235,4.1235,0.0000,0.0000,221.9090,0.0000,150.0000,226.0325,63.2891,62.1345,1.1546,1.82,100.00
2010-11-19 18:00:00,Davis,221.3201,8.7571,8.7571,0.0000,0.0000,212.5630,0.0000,150.0000,221.3201,61.9696,59.5176,2.4520,3.96,100.00
2010-11-19 19:00:00,Davis,202.0604,2.7179,2.7179,0.0000,0.0000,199.3425,0.0000,150.0000,202.0604,56.5769,55.8159,0.7610,1.35,100.00
2010-11-19 20:00:00,Davis,195.7869,19.3030,19.3030,0.0000,0.0000,176.4839,0.0000,150.0000,195.7869,54.8203,49.4155,5.4048,9.86,100.00
2010-11-19 21:00:00,Davis,212.7037,18.4035,18.4035,0.0000,0.0000,194.3002,0.0000,150.0000,212.7037,59.5570,54.4041,5.1530,8.65,100.00
2010-11-19 22:00:00,Davis,155.5457,5.1317,5.1317,0.0000,0.0000,150.4140,0.0000,150.0000,155.5457,43.5528,42.1159,1.4369,3.30,100.00
2010-11-19 23:00:00,Davis,190.8354,18.7092,18.7092,0.0000,0.0000,172.1262,0.0000,150.0000,190.8354,53.4339,48.1953,5.2386,9.80,100.00
2010-11-20 00:00:00,Davis,160.5987,26.0068,26.0068,0.0000,0.0000,134.5919,0.0000,150.0000,160.5987,44.9676,37.6857,7.2819,16.19,100.00
2010-11-20 01:00:00,Davis,194.4346,28.8106,28.8106,0.0000,0.0000,165.6240,0.0000,150.0000,194.4346,54.4417,46.3747,8.0670,14.82,100.00
2010-11-20 02:00:00,Davis,190.0476,14.9919,14.9919,0.0000,0.0000,175.0557,0.0000,150.0000,190.0476,53.2133,49.0156,4.1977,7.89,100.00
2010-11-20 03:00:00,Davis,195.9058,44.3547,44.3547,0.0000,0.0000,151.5511,0.0000,150.0000,195.9058,54.8536,42.4343,12.4193,22.64,100.00
2010-11-20 04:00:00,Davis,202.8507,14.7019,14.7019,0.0000,0.0000,188.1488,0.0000,150.0000,202.8507,56.7982,52.6817,4.1165,7.25,100.00
2010-11-20 05:00:00,Davis,186.8207,9.3520,9.3520,0.0000,0.0000,177.4687,0.0000,150.0000,186.8207,52.3098,49.6912,2.6186,5.01,100.00
2010-11-20 06:00:00,Davis,212.9291,24.4261,24.4261,0.0000,0.0000,188.5030,0.0000,150.0000,212.9291,59.6201,52.7808,6.8393,11.47,100.00
2010-11-20 07:00:00,Davis,196.6442,38.6302,38.6302,0.0000,0.0000,158.0140,0.0000,150.0000,196.6442,55.0604,44.2439,10.8165,19.64,100.00
2010-11-20 08:00:00,Davis,195.1356,14.9558,14.9558,0.0000,0.0000,180.1798,0.0000,150.0000,195.1356,54.6380,50.4503,4.1876,7.66,100.00
2010-11-20 09:00:00,Davis,207.8789,27.0599,27.0599,0.0000,0.0000,180.8190,0.0000,150.0000,207.8789,58.2061,50.6293,7.5768,13.02,100.00
2010-11-20 10:00:00,Davis,186.9611,57.7386,57.7386,0.0000,0.0000,129.2225,0.0000,150.0000,186.9611,52.3491,36.1823,16.1668,30.88,100.00
2010-11-20 11:00:00,Davis,212.9298,72.7660,72.7660,0.0000,0.0000,140.1638,0.0000,150.0000,212.9298,59.6203,39.2459,20.3745,34.17,100.00
2010-11-20 12:00:00,Davis,191.0387,67.6162,67.6162,0.0000,0.0000,123.4225,0.0000,150.0000,191.0387,53.4908,34.5583,18.9325,35.39,100.00
2010-11-20 13:00:00,Davis,217.9506,78.5033,78.5033,0.0000,0.0000,139.4473,0.0000,150.0000,217.9506,61.0262,39.0452,21.9809,36.02,100.00
2010-11-20 14:00:00,Davis,182.5690,58.5087,58.5087,0.0000,0.0000,124.0603,0.0000,150.0000,182.5690,51.1193,34.7369,16.3824,32.05,100.00
2010-11-20 15:00:00,Davis,207.8486,35.2407,35.2407,0.0000,0.0000,172.6079,0.0000,150.0000,207.8486,58.1976,48.3302,9.8674,16.95,100.00
2010-11-20 16:00:00,Davis,191.7661,8.8019,8.8019,0.0000,0.0000,182.9642,0.0000,150.0000,191.7661,53.6945,51.2300,2.4645,4.59,100.00
2010-11-20 17:00:00,Davis,192.9612,8.5461,8.5461,0.0000,0.0000,184.4151,0.0000,150.0000,192.9612,54.0291,51.6362,2.3929,4.43,100.00
2010-11-20 18:00:00,Davis,213.9880,6.5306,6.5306,0.0000,0.0000,207.4574,0.0000,150.0000,213.9880,59.9166,58.0881,1.8286,3.05,100.00
2010-11-20 19:00:00,Davis,242.3810,6.3248,6.3248,0.0000,0.0000,236.0562,0.0000,150.0000,242.3810,67.8667,66.0957,1.7709,2.61,100.00
2010-11-20 20:00:00,Davis,196.7140,6.4760,6.4760,0.0000,0.0000,190.2380,0.0000,150.0000,196.7140,55.0799,53.2666,1.8133,3.29,100.00
2010-11-20 21:00:00,Davis,179.5125,13.9983,13.9983,0.0000,0.0000,165.5142,0.0000,150.0000,179.5125,50.2635,46.3440,3.9195,7.80,100.00
2010-11-20 22:00:00,Davis,197.9646,17.5354,17.5354,0.0000,0.0000,180.4292,0.0000,150.0000,197.9646,55.4301,50.5202,4.9099,8.86,100.00
2010-11-20 23:00:00,Davis,177.3499,11.7372,11.7372,0.0000,0.0000,165.6127,0.0000,150.0000,177.3499,49.6580,46.3716,3.2864,6.62,100.00
2010-11-21 00:00:00,Davis,177.6166,24.0133,24.0133,0.0000,0.0000,153.6033,0.0000,150.0000,177.6166,49.7326,43.0089,6.7237,13.52,100.00
2010-11-21 01:00:00,Davis,202.5120,38.9157,38.9157,0.0000,0.0000,163.5963,0.0000,150.0000,202.5120,56.7034,45.8070,10.8964,19.22,100.00
2010-11-21 02:00:00,Davis,212.2612,25.4463,25.4463,0.0000,0.0000,186.8149,0.0000,150.0000,212.2612,59.4331,52.3082,7.1250,11.99,100.00
2010-11-21 03:00:00,Davis,190.0267,26.1999,26.1999,0.0000,0.0000,163.8268,0.0000,150.0000,190.0267,53.2075,45.8715,7.3360,13.79,100.00
2010-11-21 04:00:00,Davis,219.8263,28.1284,28.1284,0.0000,0.0000,191.6979,0.0000,150.0000,219.8263,61.5514,53.6754,7.8760,12.80,100.00
2010-11-21 05:00:00,Davis,176.6824,4.6971,4.6971,0.0000,0.0000,171.9853,0.0000,150.0000,176.6824,49.4711,48.1559,1.3152,2.66,100.00
2010-11-21 06:00:00,Davis,213.9159,3.8183,3.8183,0.0000,0.0000,210.0976,0.0000,150.0000,213.9159,59.8965,58.8273,1.0691,1.78,100.00
2010-11-21 07:00:00,Davis,192.0617,7.3549,7.3549,0.0000,0.0000,184.7068,0.0000,150.0000,192.0617,53.7773,51.7179,2.0594,3.83,100.00
2010-11-21 08:00:00,Davis,185.9158,14.7368,14.7368,0.0000,0.0000,171.1790,0.0000,150.0000,185.9158,52.0564,47.9301,4.1263,7.93,100.00
2010-11-21 09:00:00,Davis,185.3084,30.2523,30.2523,0.0000,0.0000,155.0561,0.0000,150.0000,185.3084,51.8864,43.4157,8.4706,16.33,100.00
2010-11-21 10:00:00,Davis,221.4821,70.1045,70.1045,0.0000,0.0000,151.3776,0.0000,150.0000,221.4821,62.0150,42.3857,19.6293,31.65,100.00
2010-11-21 11:00:00,Davis,218.5249,75.5960,75.5960,0.0000,0.0000,142.9289,0.0000,150.0000,218.5249,61.1870,40.0201,21.1669,34.59,100.00
2010-11-21 12:00:00,Davis,235.7541,65.9939,65.9939,0.0000,0.0000,169.7602,0.0000,150.0000,235.7541,66.0111,47.5329,18.4783,27.99,100.00
2010-11-21 13:00:00,Davis,204.4772,64.7279,64.7279,0.0000,0.0000,139.7493,0.0000,150.0000,204.4772,57.2536,39.1298,18.1238,31.66,100.00
2010-11-21 14:00:00,Davis,182.8044,52.3974,52.3974,0.0000,0.0000,130.4070,0.0000,150.0000,182.8044,51.1852,36.5140,14.6713,28.66,100.00
2010-11-21 15:00:00,Davis,211.2972,23.8662,23.8662,0.0000,0.0000,187.4310,0.0000,150.0000,211.2972,59.1632,52.4807,6.6825,11.30,100.00
2010-11-21 16:00:00,Davis,240.8008,12.4496,12.4496,0.0000,0.0000,228.3512,0.0000,150.0000,240.8008,67.4242,63.9383,3.4859,5.17,100.00
2010-11-21 17:00:00,Davis,203.1547,11.2676,11.2676,0.0000,0.0000,191.8871,0.0000,150.0000,203.1547,56.8833,53.7284,3.1549,5.55,100.00
2010-11-21 18:00:00,Davis,231.1296,7.1723,7.1723,0.0000,0.0000,223.9573,0.0000,150.0000,231.1296,64.7163,62.7080,2.0082,3.10,100.00
2010-11-21 19:00:00,Davis,215.9554,14.3081,14.3081,0.0000,0.0000,201.6473,0.0000,150.0000,215.9554,60.4675,56.4612,4.0063,6.63,100.00
2010-11-21 20:00:00,Davis,191.6556,17.5390,17.5390,0.0000,0.0000,174.1166,0.0000,150.0000,191.6556,53.6636,48.7526,4.9109,9.15,100.00
2010-11-21 21:00:00,Davis,224.2795,4.4040,4.4040,0.0000,0.0000,219.8755,0.0000,150.0000,224.2795,62.7983,61.5651,1.2331,1.96,100.00
2010-11-21 22:00:00,Davis,173.0466,4.3935,4.3935,0.0000,0.0000,168.6531,0.0000,150.0000,173.0466,48.4530,47.2229,1.2302,2.54,100.00
2010-11-21 23:00:00,Davis,185.7409,17.7440,17.7440,0.0000,0.0000,167.9969,0.0000,150.0000,185.7409,52.0075,47.0391,4.9683,9.55,100.00
2010-11-22 00:00:00,Davis,223.3970,18.7853,18.7853,0.0000,0.0000,204.6117,0.0000,150.0000,223.3970,62.5512,57.2913,5.2599,8.41,100.00
2010-11-22 01:00:00,Davis,183.8997,26.8152,26.8152,0.0000,0.0000,157.0845,0.0000,150.0000,183.8997,51.4919,43.9837,7.5083,14.58,100.00
2010-11-22 02:00:00,Davis,175.8953,46.7173,46.7173,0.0000,0.0000,129.1780,0.0000,150.0000,175.8953,49.2507,36.1698,13.0808,26.56,100.00
2010-11-22 03:00:00,Davis,212.3960,10.2279,10.2279,0.0000,0.0000,202.1681,0.0000,150.0000,212.3960,59.4709,56.6071,2.8638,4.82,100.00
2010-11-22 04:00:00,Davis,182.2492,38.9425,38.9425,0.0000,0.0000,143.3067,0.0000,150.0000,182.2492,51.0298,40.1259,10.9039,21.37,100.00
2010-11-22 05:00:00,Davis,202.7939,47.9576,47.9576,0.0000,0.0000,154.8363,0.0000,150.0000,202.7939,56.7823,43.3542,13.4281,23.65,100.00
2010-11-22 06:00:00,Davis,206.7684,15.5708,15.5708,0.0000,0.0000,191.1976,0.0000,150.0000,206.7684,57.8952,53.5353,4.3598,7.53,100.00
2010-11-22 07:00:00,Davis,176.7781,8.8601,8.8601,0.0000,0.0000,167.9180,0.0000,150.0000,176.7781,49.4979,47.0170,2.4808,5.01,100.00
2010-11-22 08:00:00,Davis,211.5353,14.9389,14.9389,0.0000,0.0000,196.5964,0.0000,150.0000,211.5353,59.2299,55.0470,4.1829,7.06,100.00
2010-11-22 09:00:00,Davis,209.7750,33.5431,33.5431,0.0000,0.0000,176.2319,0.0000,150.0000,209.7750,58.7370,49.3449,9.3921,15.99,100.00
2010-11-22 10:00:00,Davis,201.4325,48.3969,48.3969,0.0000,0.0000,153.0356,0.0000,150.0000,201.4325,56.4011,42.8500,13.5511,24.03,100.00
2010-11-22 11:00:00,Davis,192.9312,80.8628,80.8628,0.0000,0.0000,112.0684,0.0000,150.0000,192.9312,54.0207,31.3792,22.6416,41.91,100.00
2010-11-22 12:00:00,Davis,192.2805,87.7751,87.7751,0.0000,0.0000,104.5054,0.0000,150.0000,192.2805,53.8385,29.2615,24.5770,45.65,100.00
2010-11-22 13:00:00,Davis,196.0149,64.7906,64.7906,0.0000,0.0000,131.2243,0.0000,150.0000,196.0149,54.8842,36.7428,18.1414,33.05,100.00
2010-11-22 14:00:00,Davis,215.7480,53.8895,53.8895,0.0000,0.0000,161.8585,0.0000,150.0000,215.7480,60.4094,45.3204,15.0891,24.98,100.00
2010-11-22 15:00:00,Davis,231.6285,26.6109,26.6109,0.0000,0.0000,205.0176,0.0000,150.0000,231.6285,64.8560,57.4049,7.4511,11.49,100.00
2010-11-22 16:00:00,Davis,203.5645,21.1294,21.1294,0.0000,0.0000,182.4351,0.0000,150.0000,203.5645,56.9981,51.0818,5.9162,10.38,100.00
2010-11-22 17:00:00,Davis,214.4800,7.6019,7.6019,0.0000,0.0000,206.8781,0.0000,150.0000,214.4800,60.0544,57.9259,2.1285,3.54,100.00
2010-11-22 18:00:00,Davis,229.2469,7.5895,7.5895,0.0000,0.0000,221.6574,0.0000,150.0000,229.2469,64.1891,62.0641,2.1251,3.31,100.00
2010-11-22 19:00:00,Davis,205.3787,9.8373,9.8373,0.0000,0.0000,195.5414,0.0000,150.0000,205.3787,57.5060,54.7516,2.7544,4.79,100.00
2010-11-22 20:00:00,Davis,201.2033,24.2174,24.2174,0.0000,0.0000,176.9859,0.0000,150.0000,201.2033,56.3369,49.5561,6.7809,12.04,100.00
2010-11-22 21:00:00,Davis,203.2448,10.5660,10.5660,0.0000,0.0000,192.6788,0.0000,150.0000,203.2448,56.9085,53.9501,2.9585,5.20,100.00
2010-11-22 22:00:00,Davis,207.4462,8.7785,8.7785,0.0000,0.0000,198.6677,0.0000,150.0000,207.4462,58.0849,55.6270,2.4580,4.23,100.00
2010-11-22 23:00:00,Davis,186.6317,11.3835,11.3835,0.0000,0.0000,175.2482,0.0000,150.0000,186.6317,52.2569,49.0695,3.1874,6.10,100.00
2010-11-23 00:00:00,Davis,186.8256,29.7355,29.7355,0.0000,0.0000,157.0901,0.0000,150.0000,186.8256,52.3112,43.9852,8.3259,15.92,100.00
2010-11-23 01:00:00,Davis,189.6681,20.6412,20.6412,0.0000,0.0000,169.0269,0.0000,150.0000,189.6681,53.1071,47.3275,5.7795,10.88,100.00
2010-11-23 02:00:00,Davis,195.5680,18.3895,18.3895,0.0000,0.0000,177.1785,0.0000,150.0000,195.5680,54.7590,49.6100,5.1491,9.40,100.00
2010-11-23 03:00:00,Davis,182.5640,18.8121,18.8121,0.0000,0.0000,163.7519,0.0000,150.0000,182.5640,51.1179,45.8505,5.2674,10.30,100.00
2010-11-23 04:00:00,Davis,203.5237,12.0393,12.0393,0.0000,0.0000,191.4844,0.0000,150.0000,203.5237,56.9866,53.6156,3.3710,5.92,100.00
2010-11-23 05:00:00,Davis,198.8716,24.0090,24.0090,0.0000,0.0000,174.8626,0.0000,150.0000,198.8716,55.6840,48.9615,6.7225,12.07,100.00
2010-11-23 06:00:00,Davis,216.6227,29.0997,29.0997,0.0000,0.0000,187.5230,0.0000,150.0000,216.6227,60.6544,52.5064,8.1479,13.43,100.00
2010-11-23 07:00:00,Davis,196.4581,22.3996,22.3996,0.0000,0.0000,174.0585,0.0000,150.0000,196.4581,55.0083,48.7364,6.2719,11.40,100.00
2010-11-23 08:00:00,Davis,207.6402,22.8559,22.8559,0.0000,0.0000,184.7843,0.0000,150.0000,207.6402,58.1393,51.7396,6.3997,11.01,100.00
2010-11-23 09:00:00,Davis,212.5856,25.7383,25.7383,0.0000,0.0000,186.8473,0.0000,150.0000,212.5856,59.5240,52.3172,7.2067,12.11,100.00
2010-11-23 10:00:00,Davis,202.1005,58.4758,58.4758,0.0000,0.0000,143.6247,0.0000,150.0000,202.1005,56.5881,40.2149,16.3732,28.93,100.00
2010-11-23 11:00:00,Davis,204.4234,79.3412,79.3412,0.0000,0.0000,125.0822,0.0000,150.0000,204.4234,57.2386,35.0230,22.2155,38.81,100.00
2010-11-23 12:00:00,Davis,213.1650,77.6907,77.6907,0.0000,0.0000,135.4743,0.0000,150.0000,213.1650,59.6862,37.9328,21.7534,36.45,100.00
2010-11-23 13:00:00,Davis,198.9143,61.6839,61.6839,0.0000,0.0000,137.2304,0.0000,150.0000,198.9143,55.6960,38.4245,17.2715,31.01,100.00
2010-11-23 14:00:00,Davis,194.7636,55.2211,55.2211,0.0000,0.0000,139.5425,0.0000,150.0000,194.7636,54.5338,39.0719,15.4619,28.35,100.00
2010-11-23 15:00:00,Davis,179.7089,22.6364,22.6364,0.0000,0.0000,157.0725,0.0000,150.0000,179.7089,50.3185,43.9803,6.3382,12.60,100.00
2010-11-23 16:00:00,Davis,215.8553,7.5140,7.5140,0.0000,0.0000,208.3413,0.0000,150.0000,215.8553,60.4395,58.3356,2.1039,3.48,100.00
2010-11-23 17:00:00,Davis,224.0051,8.7616,8.7616,0.0000,0.0000,215.2435,0.0000,150.0000,224.0051,62.7214,60.2682,2.4532,3.91,100.00
2010-11-23 18:00:00,Davis,203.9408,15.0854,15.0854,0.0000,0.0000,188.8554,0.0000,150.0000,203.9408,57.1034,52.8795,4.2239,7.40,100.00
2010-11-23 19:00:00,Davis,222.3765,15.9409,15.9409,0.0000,0.0000,206.4356,0.0000,150.0000,222.3765,62.2654,57.8020,4.4635,7.17,100.00
2010-11-23 20:00:00,Davis,231.4332,13.2917,13.2917,0.0000,0.0000,218.1415,0.0000,150.0000,231.4332,64.8013,61.0796,3.7217,5.74,100.00
2010-11-23 21:00:00,Davis,200.7073,8.9260,8.9260,0.0000,0.0000,191.7813,0.0000,150.0000,200.7073,56.1980,53.6988,2.4993,4.45,100.00
2010-11-23 22:00:00,Davis,194.9361,9.6010,9.6010,0.0000,0.0000,185.3351,0.0000,150.0000,194.9361,54.5821,51.8938,2.6883,4.93,100.00
2010-11-23 23:00:00,Davis,187.2389,28.0291,28.0291,0.0000,0.0000,159.2098,0.0000,150.0000,187.2389,52.4269,44.5787,7.8481,14.97,100.00
2010-11-24 00:00:00,Davis,159.8547,29.0035,29.0035,0.0000,0.0000,130.8512,0.0000,150.0000,159.8547,44.7593,36.6383,8.1210,18.14,100.00
2010-11-24 01:00:00,Davis,192.3666,16.7892,16.7892,0.0000,0.0000,175.5774,0.0000,150.0000,192.3666,53.8626,49.1617,4.7010,8.73,100.00
2010-11-24 02:00:00,Davis,195.5429,31.5139,31.5139,0.0000,0.0000,164.0290,0.0000,150.0000,195.5429,54.7520,45.9281,8.8239,16.12,100.00
2010-11-24 03:00:00,Davis,201.3763,44.3547,44.3547,0.0000,0.0000,157.0216,0.0000,150.0000,201.3763,56.3854,43.9660,12.4193,22.03,100.00
2010-11-24 04:00:00,Davis,213.5340,14.7276,14.7276,0.0000,0.0000,198.8064,0.0000,150.0000,213.5340,59.7895,55.6658,4.1237,6.90,100.00
2010-11-24 05:00:00,Davis,194.7470,30.0162,30.0162,0.0000,0.0000,164.7308,0.0000,150.0000,194.7470,54.5292,46.1246,8.4045,15.41,100.00
2010-11-24 06:00:00,Davis,187.3063,19.0048,19.0048,0.0000,0.0000,168.3015,0.0000,150.0000,187.3063,52.4458,47.1244,5.3213,10.15,100.00
2010-11-24 07:00:00,Davis,188.1410,12.6327,12.6327,0.0000,0.0000,175.5083,0.0000,150.0000,188.1410,52.6795,49.1423,3.5372,6.71,100.00
2010-11-24 08:00:00,Davis,227.5727,27.7934,27.7934,0.0000,0.0000,199.7793,0.0000,150.0000,227.5727,63.7204,55.9382,7.7822,12.21,100.00
2010-11-24 09:00:00,Davis,207.7084,32.1181,32.1181,0.0000,0.0000,175.5903,0.0000,150.0000,207.7084,58.1584,49.1653,8.9931,15.46,100.00
2010-11-24 10:00:00,Davis,196.0675,49.9450,49.9450,0.0000,0.0000,146.1225,0.0000,150.0000,196.0675,54.8989,40.9143,13.9846,25.47,100.00
2010-11-24 11:00:00,Davis,207.7990,75.0559,75.0559,0.0000,0.0000,132.7431,0.0000,150.0000,207.7990,58.1837,37.1681,21.0157,36.12,100.00
2010-11-24 12:00:00,Davis,198.7653,75.1641,75.1641,0.0000,0.0000,123.6012,0.0000,150.0000,198.7653,55.6543,34.6083,21.0459,37.82,100.00
2010-11-24 13:00:00,Davis,198.4619,74.9181,74.9181,0.0000,0.0000,123.5438,0.0000,150.0000,198.4619,55.5693,34.5923,20.9771,37.75,100.00
2010-11-24 14:00:00,Davis,190.3794,53.8079,53.8079,0.0000,0.0000,136.5715,0.0000,150.0000,190.3794,53.3062,38.2400,15.0662,28.26,100.00
2010-11-24 15:00:00,Davis,184.6892,22.9694,22.9694,0.0000,0.0000,161.7198,0.0000,150.0000,184.6892,51.7130,45.2815,6.4314,12.44,100.00
2010-11-24 16:00:00,Davis,225.1401,16.7350,16.7350,0.0000,0.0000,208.4051,0.0000,150.0000,225.1401,63.0392,58.3534,4.6858,7.43,100.00
2010-11-24 17:00:00,Davis,187.5652,19.9170,19.9170,0.0000,0.0000,167.6482,0.0000,150.0000,187.5652,52.5183,46.9415,5.5768,10.62,100.00
2010-11-24 18:00:00,Davis,215.0865,15.9087,15.9087,0.0000,0.0000,199.1778,0.0000,150.0000,215.0865,60.2242,55.7698,4.4544,7.40,100.00
2010-11-24 19:00:00,Davis,233.6179,9.1855,9.1855,0.0000,0.0000,224.4324,0.0000,150.0000,233.6179,65.4130,62.8411,2.5719,3.93,100.00
2010-11-24 20:00:00,Davis,223.5325,0.0000,0.0000,0.0000,0.0000,223.5325,0.0000,150.0000,223.5325,62.5891,62.5891,0.0000,0.00,100.00
2010-11-24 21:00:00,Davis,229.4038,0.0000,0.0000,0.0000,0.0000,229.4038,0.0000,150.0000,229.4038,64.2331,64.2331,0.0000,0.00,100.00
2010-11-24 22:00:00,Davis,182.5953,11.3015,11.3015,0.0000,0.0000,171.2938,0.0000,150.0000,182.5953,51.1267,47.9623,3.1644,6.19,100.00
2010-11-24 23:00:00,Davis,191.5518,17.6310,17.6310,0.0000,0.0000,173.9208,0.0000,150.0000,191.5518,53.6345,48.6978,4.9367,9.20,100.00
2010-11-25 00:00:00,Davis,171.2150,19.5546,19.5546,0.0000,0.0000,151.6604,0.0000,150.0000,171.2150,47.9402,42.4649,5.4753,11.42,100.00
2010-11-25 01:00:00,Davis,200.1663,15.2530,15.2530,0.0000,0.0000,184.9133,0.0000,150.0000,200.1663,56.0466,51.7757,4.2708,7.62,100.00
2010-11-25 02:00:00,Davis,225.3998,26.3789,26.3789,0.0000,0.0000,199.0209,0.0000,150.0000,225.3998,63.1119,55.7259,7.3861,11.70,100.00
2010-11-25 03:00:00,Davis,177.9773,39.0507,39.0507,0.0000,0.0000,138.9266,0.0000,150.0000,177.9773,49.8336,38.8994,10.9342,21.94,100.00
2010-11-25 04:00:00,Davis,242.4991,42.0900,42.0900,0.0000,0.0000,200.4091,0.0000,150.0000,242.4991,67.8997,56.1145,11.7852,17.36,100.00
2010-11-25 05:00:00,Davis,186.7284,18.5624,18.5624,0.0000,0.0000,168.1660,0.0000,150.0000,186.7284,52.2840,47.0865,5.1975,9.94,100.00
2010-11-25 06:00:00,Davis,217.3697,10.4196,10.4196,0.0000,0.0000,206.9501,0.0000,150.0000,217.3697,60.8635,57.9460,2.9175,4.79,100.00
2010-11-25 07:00:00,Davis,198.5819,11.7442,11.7442,0.0000,0.0000,186.8377,0.0000,150.0000,198.5819,55.6029,52.3146,3.2884,5.91,100.00
2010-11-25 08:00:00,Davis,194.3942,24.3232,24.3232,0.0000,0.0000,170.0710,0.0000,150.0000,194.3942,54.4304,47.6199,6.8105,12.51,100.00
2010-11-25 09:00:00,Davis,190.0140,29.0202,29.0202,0.0000,0.0000,160.9938,0.0000,150.0000,190.0140,53.2039,45.0783,8.1257,15.27,100.00
2010-11-25 10:00:00,Davis,217.7890,55.5091,55.5091,0.0000,0.0000,162.2799,0.0000,150.0000,217.7890,60.9809,45.4384,15.5425,25.49,100.00
2010-11-25 11:00:00,Davis,226.9444,66.4265,66.4265,0.0000,0.0000,160.5179,0.0000,150.0000,226.9444,63.5444,44.9450,18.5994,29.27,100.00
2010-11-25 12:00:00,Davis,223.8965,73.7250,73.7250,0.0000,0.0000,150.1715,0.0000,150.0000,223.8965,62.6910,42.0480,20.6430,32.93,100.00
2010-11-25 13:00:00,Davis,207.4564,64.3907,64.3907,0.0000,0.0000,143.0657,0.0000,150.0000,207.4564,58.0878,40.0584,18.0294,31.04,100.00
2010-11-25 14:00:00,Davis,181.2089,61.3509,61.3509,0.0000,0.0000,119.8580,0.0000,150.0000,181.2089,50.7385,33.5602,17.1783,33.86,100.00
2010-11-25 15:00:00,Davis,179.0800,22.9694,22.9694,0.0000,0.0000,156.1106,0.0000,150.0000,179.0800,50.1424,43.7110,6.4314,12.83,100.00
2010-11-25 16:00:00,Davis,198.6720,5.8609,5.8609,0.0000,0.0000,192.8111,0.0000,150.0000,198.6720,55.6282,53.9871,1.6411,2.95,100.00
2010-11-25 17:00:00,Davis,232.2859,0.0000,0.0000,0.0000,0.0000,232.2859,0.0000,150.0000,232.2859,65.0401,65.0401,0.0000,0.00,100.00
2010-11-25 18:00:00,Davis,223.7783,0.5874,0.5874,0.0000,0.0000,223.1909,0.0000,150.0000,223.7783,62.6579,62.4935,0.1645,0.26,100.00
2010-11-25 19:00:00,Davis,235.3313,12.4084,12.4084,0.0000,0.0000,222.9229,0.0000,150.0000,235.3313,65.8928,62.4184,3.4744,5.27,100.00
2010-11-25 20:00:00,Davis,184.0252,10.9293,10.9293,0.0000,0.0000,173.0959,0.0000,150.0000,184.0252,51.5271,48.4669,3.0602,5.94,100.00
2010-11-25 21:00:00,Davis,193.6976,8.1141,8.1141,0.0000,0.0000,185.5835,0.0000,150.0000,193.6976,54.2353,51.9634,2.2719,4.19,100.00
2010-11-25 22:00:00,Davis,191.0309,17.5147,17.5147,0.0000,0.0000,173.5162,0.0000,150.0000,191.0309,53.4887,48.5845,4.9041,9.17,100.00
2010-11-25 23:00:00,Davis,179.0166,15.0435,15.0435,0.0000,0.0000,163.9731,0.0000,150.0000,179.0166,50.1246,45.9125,4.2122,8.40,100.00
2010-11-26 00:00:00,Davis,176.5497,28.5348,28.5348,0.0000,0.0000,148.0149,0.0000,150.0000,176.5497,49.4339,41.4442,7.9897,16.16,100.00
2010-11-26 01:00:00,Davis,193.1650,27.2320,27.2320,0.0000,0.0000,165.9330,0.0000,150.0000,193.1650,54.0862,46.4612,7.6250,14.10,100.00
2010-11-26 02:00:00,Davis,208.0702,12.6831,12.6831,0.0000,0.0000,195.3871,0.0000,150.0000,208.0702,58.2597,54.7084,3.5513,6.10,100.00
2010-11-26 03:00:00,Davis,238.6656,31.4712,31.4712,0.0000,0.0000,207.1944,0.0000,150.0000,238.6656,66.8264,58.0144,8.8119,13.19,100.00
2010-11-26 04:00:00,Davis,184.6186,4.0827,4.0827,0.0000,0.0000,180.5359,0.0000,150.0000,184.6186,51.6932,50.5501,1.1432,2.21,100.00
2010-11-26 05:00:00,Davis,230.4888,36.6188,36.6188,0.0000,0.0000,193.8700,0.0000,150.0000,230.4888,64.5369,54.2836,10.2533,15.89,100.00
2010-11-26 06:00:00,Davis,171.8434,10.4196,10.4196,0.0000,0.0000,161.4238,0.0000,150.0000,171.8434,48.1162,45.1987,2.9175,6.06,100.00
2010-11-26 07:00:00,Davis,214.0282,16.2298,16.2298,0.0000,0.0000,197.7984,0.0000,150.0000,214.0282,59.9279,55.3836,4.5443,7.58,100.00
2010-11-26 08:00:00,Davis,198.6761,9.3822,9.3822,0.0000,0.0000,189.2939,0.0000,150.0000,198.6761,55.6293,53.0023,2.6270,4.72,100.00
2010-11-26 09:00:00,Davis,198.5829,24.0974,24.0974,0.0000,0.0000,174.4855,0.0000,150.0000,198.5829,55.6032,48.8559,6.7473,12.13,100.00
2010-11-26 10:00:00,Davis,198.5601,56.7482,56.7482,0.0000,0.0000,141.8119,0.0000,150.0000,198.5601,55.5968,39.7073,15.8895,28.58,100.00
2010-11-26 11:00:00,Davis,187.3446,78.2086,78.2086,0.0000,0.0000,109.1360,0.0000,150.0000,187.3446,52.4565,30.5581,21.8984,41.75,100.00
2010-11-26 12:00:00,Davis,190.4139,77.3625,77.3625,0.0000,0.0000,113.0514,0.0000,150.0000,190.4139,53.3159,31.6544,21.6615,40.63,100.00
2010-11-26 13:00:00,Davis,222.6836,75.7416,75.7416,0.0000,0.0000,146.9420,0.0000,150.0000,222.6836,62.3514,41.1438,21.2076,34.01,100.00
2010-11-26 14:00:00,Davis,194.4786,50.0351,50.0351,0.0000,0.0000,144.4435,0.0000,150.0000,194.4786,54.4540,40.4442,14.0098,25.73,100.00
2010-11-26 15:00:00,Davis,189.6097,35.4238,35.4238,0.0000,0.0000,154.1859,0.0000,150.0000,189.6097,53.0907,43.1721,9.9187,18.68,100.00
2010-11-26 16:00:00,Davis,204.3429,14.8105,14.8105,0.0000,0.0000,189.5324,0.0000,150.0000,204.3429,57.2160,53.0691,4.1469,7.25,100.00
2010-11-26 17:00:00,Davis,231.2709,21.4314,21.4314,0.0000,0.0000,209.8395,0.0000,150.0000,231.2709,64.7559,58.7551,6.0008,9.27,100.00
2010-11-26 18:00:00,Davis,234.1166,6.5306,6.5306,0.0000,0.0000,227.5860,0.0000,150.0000,234.1166,65.5526,63.7241,1.8286,2.79,100.00
2010-11-26 19:00:00,Davis,215.1690,2.2989,2.2989,0.0000,0.0000,212.8701,0.0000,150.0000,215.1690,60.2473,59.6036,0.6437,1.07,100.00
2010-11-26 20:00:00,Davis,186.5028,1.0067,1.0067,0.0000,0.0000,185.4961,0.0000,150.0000,186.5028,52.2208,51.9389,0.2819,0.54,100.00
2010-11-26 21:00:00,Davis,188.7618,11.3074,11.3074,0.0000,0.0000,177.4544,0.0000,150.0000,188.7618,52.8533,49.6872,3.1661,5.99,100.00
2010-11-26 22:00:00,Davis,214.9090,23.4278,23.4278,0.0000,0.0000,191.4812,0.0000,150.0000,214.9090,60.1745,53.6147,6.5598,10.90,100.00
2010-11-26 23:00:00,Davis,180.7644,11.3835,11.3835,0.0000,0.0000,169.3809,0.0000,150.0000,180.7644,50.6140,47.4267,3.1874,6.30,100.00
2010-11-27 00:00:00,Davis,176.5804,33.6847,33.6847,0.0000,0.0000,142.8957,0.0000,150.0000,176.5804,49.4425,40.0108,9.4317,19.08,100.00
2010-11-27 01:00:00,Davis,179.7533,19.5028,19.5028,0.0000,0.0000,160.2505,0.0000,150.0000,179.7533,50.3309,44.8701,5.4608,10.85,100.00
2010-11-27 02:00:00,Davis,183.7824,83.1709,83.1709,0.0000,0.0000,100.6115,0.0000,150.0000,183.7824,51.4591,28.1712,23.2879,45.26,100.00
2010-11-27 03:00:00,Davis,198.1947,37.8657,37.8657,0.0000,0.0000,160.3290,0.0000,150.0000,198.1947,55.4945,44.8921,10.6024,19.11,100.00
2010-11-27 04:00:00,Davis,212.4958,27.5301,27.5301,0.0000,0.0000,184.9657,0.0000,150.0000,212.4958,59.4988,51.7904,7.7084,12.96,100.00
2010-11-27 05:00:00,Davis,191.8614,29.9872,29.9872,0.0000,0.0000,161.8742,0.0000,150.0000,191.8614,53.7212,45.3248,8.3964,15.63,100.00
2010-11-27 06:00:00,Davis,218.2248,68.2160,68.2160,0.0000,0.0000,150.0088,0.0000,150.0000,218.2248,61.1029,42.0025,19.1005,31.26,100.00
2010-11-27 07:00:00,Davis,180.3887,17.6784,17.6784,0.0000,0.0000,162.7103,0.0000,150.0000,180.3887,50.5088,45.5589,4.9500,9.80,100.00
2010-11-27 08:00:00,Davis,180.8427,11.8464,11.8464,0.0000,0.0000,168.9963,0.0000,150.0000,180.8427,50.6360,47.3190,3.3170,6.55,100.00
2010-11-27 09:00:00,Davis,201.8267,36.9072,36.9072,0.0000,0.0000,164.9195,0.0000,150.0000,201.8267,56.5115,46.1775,10.3340,18.29,100.00
2010-11-27 10:00:00,Davis,190.7102,57.3019,57.3019,0.0000,0.0000,133.4083,0.0000,150.0000,190.7102,53.3989,37.3543,16.0445,30.05,100.00
2010-11-27 11:00:00,Davis,209.3754,63.0530,63.0530,0.0000,0.0000,146.3224,0.0000,150.0000,209.3754,58.6251,40.9703,17.6548,30.11,100.00
2010-11-27 12:00:00,Davis,203.5948,72.8879,72.8879,0.0000,0.0000,130.7069,0.0000,150.0000,203.5948,57.0065,36.5979,20.4086,35.80,100.00
2010-11-27 13:00:00,Davis,201.1373,68.3666,68.3666,0.0000,0.0000,132.7707,0.0000,150.0000,201.1373,56.3184,37.1758,19.1426,33.99,100.00
2010-11-27 14:00:00,Davis,176.7119,41.2201,41.2201,0.0000,0.0000,135.4918,0.0000,150.0000,176.7119,49.4793,37.9377,11.5416,23.33,100.00
2010-11-27 15:00:00,Davis,192.5941,35.1480,35.1480,0.0000,0.0000,157.4461,0.0000,150.0000,192.5941,53.9263,44.0849,9.8414,18.25,100.00
2010-11-27 16:00:00,Davis,216.4060,7.5886,7.5886,0.0000,0.0000,208.8174,0.0000,150.0000,216.4060,60.5937,58.4689,2.1248,3.51,100.00
2010-11-27 17:00:00,Davis,239.9477,11.8351,11.8351,0.0000,0.0000,228.1126,0.0000,150.0000,239.9477,67.1854,63.8715,3.3138,4.93,100.00
2010-11-27 18:00:00,Davis,224.8482,6.8918,6.8918,0.0000,0.0000,217.9564,0.0000,150.0000,224.8482,62.9575,61.0278,1.9297,3.07,100.00
2010-11-27 19:00:00,Davis,223.7677,10.5925,10.5925,0.0000,0.0000,213.1752,0.0000,150.0000,223.7677,62.6550,59.6891,2.9659,4.73,100.00
2010-11-27 20:00:00,Davis,204.6274,2.8364,2.8364,0.0000,0.0000,201.7910,0.0000,150.0000,204.6274,57.2957,56.5015,0.7942,1.39,100.00
2010-11-27 21:00:00,Davis,239.8578,5.3014,5.3014,0.0000,0.0000,234.5564,0.0000,150.0000,239.8578,67.1602,65.6758,1.4844,2.21,100.00
2010-11-27 22:00:00,Davis,217.3259,11.7457,11.7457,0.0000,0.0000,205.5802,0.0000,150.0000,217.3259,60.8513,57.5625,3.2888,5.40,100.00
2010-11-27 23:00:00,Davis,204.2086,16.9245,16.9245,0.0000,0.0000,187.2841,0.0000,150.0000,204.2086,57.1784,52.4395,4.7389,8.29,100.00
2010-11-28 00:00:00,Davis,205.6585,20.2365,20.2365,0.0000,0.0000,185.4220,0.0000,150.0000,205.6585,57.5844,51.9182,5.6662,9.84,100.00
2010-11-28 01:00:00,Davis,213.2662,11.6368,11.6368,0.0000,0.0000,201.6294,0.0000,150.0000,213.2662,59.7145,56.4562,3.2583,5.46,100.00
2010-11-28 02:00:00,Davis,217.5903,24.8091,24.8091,0.0000,0.0000,192.7812,0.0000,150.0000,217.5903,60.9253,53.9787,6.9465,11.40,100.00
2010-11-28 03:00:00,Davis,197.8739,8.2286,8.2286,0.0000,0.0000,189.6453,0.0000,150.0000,197.8739,55.4047,53.1007,2.3040,4.16,100.00
2010-11-28 04:00:00,Davis,219.5876,29.9985,29.9985,0.0000,0.0000,189.5891,0.0000,150.0000,219.5876,61.4845,53.0849,8.3996,13.66,100.00
2010-11-28 05:00:00,Davis,198.4011,24.7742,24.7742,0.0000,0.0000,173.6269,0.0000,150.0000,198.4011,55.5523,48.6155,6.9368,12.49,100.00
2010-11-28 06:00:00,Davis,206.7778,23.8754,23.8754,0.0000,0.0000,182.9024,0.0000,150.0000,206.7778,57.8978,51.2127,6.6851,11.55,100.00
2010-11-28 07:00:00,Davis,188.5295,20.9483,20.9483,0.0000,0.0000,167.5812,0.0000,150.0000,188.5295,52.7883,46.9227,5.8655,11.11,100.00
2010-11-28 08:00:00,Davis,175.6203,23.7786,23.7786,0.0000,0.0000,151.8417,0.0000,150.0000,175.6203,49.1737,42.5157,6.6580,13.54,100.00
2010-11-28 09:00:00,Davis,199.9762,40.0889,40.0889,0.0000,0.0000,159.8873,0.0000,150.0000,199.9762,55.9933,44.7684,11.2249,20.05,100.00
2010-11-28 10:00:00,Davis,196.4058,55.2400,55.2400,0.0000,0.0000,141.1658,0.0000,150.0000,196.4058,54.9936,39.5264,15.4672,28.13,100.00
2010-11-28 11:00:00,Davis,210.5616,61.2957,61.2957,0.0000,0.0000,149.2659,0.0000,150.0000,210.5616,58.9572,41.7945,17.1628,29.11,100.00
2010-11-28 12:00:00,Davis,205.6550,73.6241,73.6241,0.0000,0.0000,132.0309,0.0000,150.0000,205.6550,57.5834,36.9687,20.6147,35.80,100.00
2010-11-28 13:00:00,Davis,195.0829,64.1498,64.1498,0.0000,0.0000,130.9331,0.0000,150.0000,195.0829,54.6232,36.6613,17.9619,32.88,100.00
2010-11-28 14:00:00,Davis,189.2135,52.0644,52.0644,0.0000,0.0000,137.1491,0.0000,150.0000,189.2135,52.9798,38.4017,14.5780,27.52,100.00
2010-11-28 15:00:00,Davis,205.1161,31.3003,31.3003,0.0000,0.0000,173.8158,0.0000,150.0000,205.1161,57.4325,48.6684,8.7641,15.26,100.00
2010-11-28 16:00:00,Davis,223.1201,4.6773,4.6773,0.0000,0.0000,218.4428,0.0000,150.0000,223.1201,62.4736,61.1640,1.3096,2.10,100.00
2010-11-28 17:00:00,Davis,223.8169,6.1965,6.1965,0.0000,0.0000,217.6204,0.0000,150.0000,223.8169,62.6687,60.9337,1.7350,2.77,100.00
2010-11-28 18:00:00,Davis,242.9973,6.4602,6.4602,0.0000,0.0000,236.5371,0.0000,150.0000,242.9973,68.0392,66.2304,1.8089,2.66,100.00
2010-11-28 19:00:00,Davis,221.1708,11.1282,11.1282,0.0000,0.0000,210.0426,0.0000,150.0000,221.1708,61.9278,58.8119,3.1159,5.03,100.00
2010-11-28 20:00:00,Davis,194.1749,12.3212,12.3212,0.0000,0.0000,181.8537,0.0000,150.0000,194.1749,54.3690,50.9190,3.4499,6.35,100.00
2010-11-28 21:00:00,Davis,187.1121,8.8318,8.8318,0.0000,0.0000,178.2803,0.0000,150.0000,187.1121,52.3914,49.9185,2.4729,4.72,100.00
2010-11-28 22:00:00,Davis,189.3359,11.3015,11.3015,0.0000,0.0000,178.0344,0.0000,150.0000,189.3359,53.0141,49.8496,3.1644,5.97,100.00
2010-11-28 23:00:00,Davis,174.1389,26.8432,26.8432,0.0000,0.0000,147.2957,0.0000,150.0000,174.1389,48.7589,41.2428,7.5161,15.41,100.00
2010-11-29 00:00:00,Davis,214.1513,25.4034,25.4034,0.0000,0.0000,188.7479,0.0000,150.0000,214.1513,59.9624,52.8494,7.1130,11.86,100.00
2010-11-29 01:00:00,Davis,187.0384,28.8106,28.8106,0.0000,0.0000,158.2278,0.0000,150.0000,187.0384,52.3708,44.3038,8.0670,15.40,100.00
2010-11-29 02:00:00,Davis,172.6565,8.9892,8.9892,0.0000,0.0000,163.6673,0.0000,150.0000,172.6565,48.3438,45.8268,2.5170,5.21,100.00
2010-11-29 03:00:00,Davis,206.5413,20.8545,20.8545,0.0000,0.0000,185.6868,0.0000,150.0000,206.5413,57.8316,51.9923,5.8393,10.10,100.00
2010-11-29 04:00:00,Davis,192.8720,47.4365,47.4365,0.0000,0.0000,145.4355,0.0000,150.0000,192.8720,54.0042,40.7219,13.2822,24.59,100.00
2010-11-29 05:00:00,Davis,233.9936,4.2834,4.2834,0.0000,0.0000,229.7102,0.0000,150.0000,233.9936,65.5182,64.3189,1.1994,1.83,100.00
2010-11-29 06:00:00,Davis,219.7508,44.1452,44.1452,0.0000,0.0000,175.6056,0.0000,150.0000,219.7508,61.5302,49.1696,12.3607,20.09,100.00
2010-11-29 07:00:00,Davis,209.1461,5.4271,5.4271,0.0000,0.0000,203.7190,0.0000,150.0000,209.1461,58.5609,57.0413,1.5196,2.59,100.00
2010-11-29 08:00:00,Davis,200.0404,9.6081,9.6081,0.0000,0.0000,190.4323,0.0000,150.0000,200.0404,56.0113,53.3210,2.6903,4.80,100.00
2010-11-29 09:00:00,Davis,201.0583,33.0197,33.0197,0.0000,0.0000,168.0386,0.0000,150.0000,201.0583,56.2963,47.0508,9.2455,16.42,100.00
2010-11-29 10:00:00,Davis,216.8302,48.3396,48.3396,0.0000,0.0000,168.4906,0.0000,150.0000,216.8302,60.7125,47.1774,13.5351,22.29,100.00
2010-11-29 11:00:00,Davis,207.9907,63.1611,63.1611,0.0000,0.0000,144.8296,0.0000,150.0000,207.9907,58.2374,40.5523,17.6851,30.37,100.00
2010-11-29 12:00:00,Davis,201.1365,62.0672,62.0672,0.0000,0.0000,139.0693,0.0000,150.0000,201.1365,56.3182,38.9394,17.3788,30.86,100.00
2010-11-29 13:00:00,Davis,198.7272,68.4389,68.4389,0.0000,0.0000,130.2883,0.0000,150.0000,198.7272,55.6436,36.4807,19.1629,34.44,100.00
2010-11-29 14:00:00,Davis,184.3692,53.6345,53.6345,0.0000,0.0000,130.7347,0.0000,150.0000,184.3692,51.6234,36.6057,15.0177,29.09,100.00
2010-11-29 15:00:00,Davis,212.4369,24.8996,24.8996,0.0000,0.0000,187.5373,0.0000,150.0000,212.4369,59.4823,52.5104,6.9719,11.72,100.00
2010-11-29 16:00:00,Davis,224.7974,9.1013,9.1013,0.0000,0.0000,215.6961,0.0000,150.0000,224.7974,62.9433,60.3949,2.5484,4.05,100.00
2010-11-29 17:00:00,Davis,226.3058,4.8436,4.8436,0.0000,0.0000,221.4622,0.0000,150.0000,226.3058,63.3656,62.0094,1.3562,2.14,100.00
2010-11-29 18:00:00,Davis,185.1763,3.4528,3.4528,0.0000,0.0000,181.7235,0.0000,150.0000,185.1763,51.8494,50.8826,0.9668,1.86,100.00
2010-11-29 19:00:00,Davis,208.8568,9.3085,9.3085,0.0000,0.0000,199.5483,0.0000,150.0000,208.8568,58.4799,55.8735,2.6064,4.46,100.00
2010-11-29 20:00:00,Davis,196.8344,0.0000,0.0000,0.0000,0.0000,196.8344,0.0000,150.0000,196.8344,55.1136,55.1136,0.0000,0.00,100.00
2010-11-29 21:00:00,Davis,181.9143,16.1165,16.1165,0.0000,0.0000,165.7978,0.0000,150.0000,181.9143,50.9360,46.4234,4.5126,8.86,100.00
2010-11-29 22:00:00,Davis,174.1342,7.6677,7.6677,0.0000,0.0000,166.4665,0.0000,150.0000,174.1342,48.7576,46.6106,2.1470,4.40,100.00
2010-11-29 23:00:00,Davis,191.2772,15.7446,15.7446,0.0000,0.0000,175.5326,0.0000,150.0000,191.2772,53.5576,49.1491,4.4085,8.23,100.00
2010-11-30 00:00:00,Davis,198.4838,33.8605,33.8605,0.0000,0.0000,164.6233,0.0000,150.0000,198.4838,55.5755,46.0945,9.4809,17.06,100.00
2010-11-30 01:00:00,Davis,196.9138,7.0720,7.0720,0.0000,0.0000,189.8418,0.0000,150.0000,196.9138,55.1359,53.1557,1.9802,3.59,100.00
2010-11-30 02:00:00,Davis,207.3427,8.4280,8.4280,0.0000,0.0000,198.9147,0.0000,150.0000,207.3427,58.0560,55.6961,2.3598,4.06,100.00
2010-11-30 03:00:00,Davis,195.9129,15.7362,15.7362,0.0000,0.0000,180.1767,0.0000,150.0000,195.9129,54.8556,50.4495,4.4061,8.03,100.00
2010-11-30 04:00:00,Davis,237.2295,40.7223,40.7223,0.0000,0.0000,196.5072,0.0000,150.0000,237.2295,66.4243,55.0220,11.4022,17.17,100.00
2010-11-30 05:00:00,Davis,198.3797,50.1847,50.1847,0.0000,0.0000,148.1950,0.0000,150.0000,198.3797,55.5463,41.4946,14.0517,25.30,100.00
2010-11-30 06:00:00,Davis,191.0046,17.7652,17.7652,0.0000,0.0000,173.2394,0.0000,150.0000,191.0046,53.4813,48.5070,4.9743,9.30,100.00
2010-11-30 07:00:00,Davis,219.4320,42.1792,42.1792,0.0000,0.0000,177.2528,0.0000,150.0000,219.4320,61.4410,49.6308,11.8102,19.22,100.00
2010-11-30 08:00:00,Davis,170.8983,11.8152,11.8152,0.0000,0.0000,159.0831,0.0000,150.0000,170.8983,47.8515,44.5433,3.3083,6.91,100.00
2010-11-30 09:00:00,Davis,213.2604,27.8277,27.8277,0.0000,0.0000,185.4327,0.0000,150.0000,213.2604,59.7129,51.9212,7.7918,13.05,100.00
2010-11-30 10:00:00,Davis,209.8715,54.7077,54.7077,0.0000,0.0000,155.1638,0.0000,150.0000,209.8715,58.7640,43.4459,15.3182,26.07,100.00
2010-11-30 11:00:00,Davis,227.2842,71.5293,71.5293,0.0000,0.0000,155.7549,0.0000,150.0000,227.2842,63.6396,43.6114,20.0282,31.47,100.00
2010-11-30 12:00:00,Davis,189.4117,79.0654,79.0654,0.0000,0.0000,110.3463,0.0000,150.0000,189.4117,53.0353,30.8970,22.1383,41.74,100.00
2010-11-30 13:00:00,Davis,199.0552,76.7341,76.7341,0.0000,0.0000,122.3211,0.0000,150.0000,199.0552,55.7355,34.2499,21.4855,38.55,100.00
2010-11-30 14:00:00,Davis,195.1793,51.2643,51.2643,0.0000,0.0000,143.9150,0.0000,150.0000,195.1793,54.6502,40.2962,14.3540,26.27,100.00
2010-11-30 15:00:00,Davis,187.5858,23.0799,23.0799,0.0000,0.0000,164.5059,0.0000,150.0000,187.5858,52.5240,46.0617,6.4624,12.30,100.00
2010-11-30 16:00:00,Davis,198.4226,7.7932,7.7932,0.0000,0.0000,190.6294,0.0000,150.0000,198.4226,55.5583,53.3762,2.1821,3.93,100.00
2010-11-30 17:00:00,Davis,256.6670,33.2979,33.2979,0.0000,0.0000,223.3691,0.0000,150.0000,256.6670,71.8668,62.5433,9.3234,12.97,100.00
2010-11-30 18:00:00,Davis,193.6406,14.1083,14.1083,0.0000,0.0000,179.5323,0.0000,150.0000,193.6406,54.2194,50.2690,3.9503,7.29,100.00
2010-11-30 19:00:00,Davis,212.4499,14.2759,14.2759,0.0000,0.0000,198.1740,0.0000,150.0000,212.4499,59.4860,55.4887,3.9973,6.72,100.00
2010-11-30 20:00:00,Davis,178.1216,12.3046,12.3046,0.0000,0.0000,165.8170,0.0000,150.0000,178.1216,49.8740,46.4288,3.4453,6.91,100.00
2010-11-30 21:00:00,Davis,183.3798,9.2525,9.2525,0.0000,0.0000,174.1273,0.0000,150.0000,183.3798,51.3463,48.7556,2.5907,5.05,100.00
2010-11-30 22:00:00,Davis,212.8731,29.7187,29.7187,0.0000,0.0000,183.1544,0.0000,150.0000,212.8731,59.6045,51.2832,8.3212,13.96,100.00
2010-11-30 23:00:00,Davis,171.1339,14.2503,14.2503,0.0000,0.0000,156.8836,0.0000,150.0000,171.1339,47.9175,43.9274,3.9901,8.33,100.00
2010-12-01 00:00:00,Davis,210.7609,38.5732,38.5732,0.0000,0.0000,172.1877,0.0000,150.0000,210.7609,59.0131,48.2126,10.8005,18.30,100.00
2010-12-01 01:00:00,Davis,204.2379,9.1427,9.1427,0.0000,0.0000,195.0952,0.0000,150.0000,204.2379,57.1866,54.6267,2.5600,4.48,100.00
2010-12-01 02:00:00,Davis,186.7161,12.6676,12.6676,0.0000,0.0000,174.0485,0.0000,150.0000,186.7161,52.2805,48.7336,3.5469,6.78,100.00
2010-12-01 03:00:00,Davis,162.3064,10.1377,10.1377,0.0000,0.0000,152.1687,0.0000,150.0000,162.3064,45.4458,42.6072,2.8386,6.25,100.00
2010-12-01 04:00:00,Davis,184.9248,34.3032,34.3032,0.0000,0.0000,150.6216,0.0000,150.0000,184.9248,51.7789,42.1740,9.6049,18.55,100.00
2010-12-01 05:00:00,Davis,204.1466,10.9500,10.9500,0.0000,0.0000,193.1966,0.0000,150.0000,204.1466,57.1610,54.0950,3.0660,5.36,100.00
2010-12-01 06:00:00,Davis,198.9645,16.1692,16.1692,0.0000,0.0000,182.7953,0.0000,150.0000,198.9645,55.7101,51.1827,4.5274,8.13,100.00
2010-12-01 07:00:00,Davis,175.9459,9.1578,9.1578,0.0000,0.0000,166.7881,0.0000,150.0000,175.9459,49.2649,46.7007,2.5642,5.20,100.00
2010-12-01 08:00:00,Davis,187.2067,24.9151,24.9151,0.0000,0.0000,162.2916,0.0000,150.0000,187.2067,52.4179,45.4416,6.9762,13.31,100.00
2010-12-01 09:00:00,Davis,195.8972,6.5393,6.5393,0.0000,0.0000,189.3579,0.0000,150.0000,195.8972,54.8512,53.0202,1.8310,3.34,100.00
2010-12-01 10:00:00,Davis,196.3729,10.0072,10.0072,0.0000,0.0000,186.3657,0.0000,150.0000,196.3729,54.9844,52.1824,2.8020,5.10,100.00
2010-12-01 11:00:00,Davis,199.6803,16.9159,16.9159,0.0000,0.0000,182.7644,0.0000,150.0000,199.6803,55.9105,51.1740,4.7365,8.47,100.00
2010-12-01 12:00:00,Davis,180.8016,36.0177,36.0177,0.0000,0.0000,144.7839,0.0000,150.0000,180.8016,50.6244,40.5395,10.0850,19.92,100.00
2010-12-01 13:00:00,Davis,191.3695,1.3348,1.3348,0.0000,0.0000,190.0347,0.0000,150.0000,191.3695,53.5835,53.2097,0.3737,0.70,100.00
2010-12-01 14:00:00,Davis,201.4667,1.8367,1.8367,0.0000,0.0000,199.6300,0.0000,150.0000,201.4667,56.4107,55.8964,0.5143,0.91,100.00
2010-12-01 15:00:00,Davis,188.6766,14.3426,14.3426,0.0000,0.0000,174.3340,0.0000,150.0000,188.6766,52.8294,48.8135,4.0159,7.60,100.00
2010-12-01 16:00:00,Davis,187.4946,31.0074,31.0074,0.0000,0.0000,156.4872,0.0000,150.0000,187.4946,52.4985,43.8164,8.6821,16.54,100.00
2010-12-01 17:00:00,Davis,210.5758,0.3482,0.3482,0.0000,0.0000,210.2276,0.0000,150.0000,210.5758,58.9612,58.8637,0.0975,0.17,100.00
2010-12-01 18:00:00,Davis,219.3879,5.7185,5.7185,0.0000,0.0000,213.6694,0.0000,150.0000,219.3879,61.4286,59.8274,1.6012,2.61,100.00
2010-12-01 19:00:00,Davis,212.5084,0.0000,0.0000,0.0000,0.0000,212.5084,0.0000,150.0000,212.5084,59.5024,59.5024,0.0000,0.00,100.00
2010-12-01 20:00:00,Davis,195.3355,8.8185,8.8185,0.0000,0.0000,186.5170,0.0000,150.0000,195.3355,54.6939,52.2248,2.4692,4.51,100.00
2010-12-01 21:00:00,Davis,193.3671,3.9275,3.9275,0.0000,0.0000,189.4396,0.0000,150.0000,193.3671,54.1428,53.0431,1.0997,2.03,100.00
2010-12-01 22:00:00,Davis,182.9795,0.0000,0.0000,0.0000,0.0000,182.9795,0.0000,150.0000,182.9795,51.2343,51.2343,0.0000,0.00,100.00
2010-12-01 23:00:00,Davis,162.2972,16.3508,16.3508,0.0000,0.0000,145.9464,0.0000,150.0000,162.2972,45.4432,40.8650,4.5782,10.07,100.00
2010-12-02 00:00:00,Davis,195.7194,42.8612,42.8612,0.0000,0.0000,152.8582,0.0000,150.0000,195.7194,54.8014,42.8003,12.0011,21.90,100.00
2010-12-02 01:00:00,Davis,178.4259,13.9928,13.9928,0.0000,0.0000,164.4331,0.0000,150.0000,178.4259,49.9593,46.0413,3.9180,7.84,100.00
2010-12-02 02:00:00,Davis,170.6059,11.6401,11.6401,0.0000,0.0000,158.9658,0.0000,150.0000,170.6059,47.7697,44.5104,3.2592,6.82,100.00
2010-12-02 03:00:00,Davis,178.4853,2.8102,2.8102,0.0000,0.0000,175.6751,0.0000,150.0000,178.4853,49.9759,49.1890,0.7869,1.57,100.00
2010-12-02 04:00:00,Davis,194.4469,24.9618,24.9618,0.0000,0.0000,169.4851,0.0000,150.0000,194.4469,54.4451,47.4558,6.9893,12.84,100.00
2010-12-02 05:00:00,Davis,178.5811,17.2943,17.2943,0.0000,0.0000,161.2868,0.0000,150.0000,178.5811,50.0027,45.1603,4.8424,9.68,100.00
2010-12-02 06:00:00,Davis,212.1380,15.0846,15.0846,0.0000,0.0000,197.0534,0.0000,150.0000,212.1380,59.3986,55.1750,4.2237,7.11,100.00
2010-12-02 07:00:00,Davis,177.9039,42.1229,42.1229,0.0000,0.0000,135.7810,0.0000,150.0000,177.9039,49.8131,38.0187,11.7944,23.68,100.00
2010-12-02 08:00:00,Davis,205.8448,24.1530,24.1530,0.0000,0.0000,181.6918,0.0000,150.0000,205.8448,57.6365,50.8737,6.7628,11.73,100.00
2010-12-02 09:00:00,Davis,195.6753,12.6709,12.6709,0.0000,0.0000,183.0044,0.0000,150.0000,195.6753,54.7891,51.2412,3.5479,6.48,100.00
2010-12-02 10:00:00,Davis,195.4453,9.2881,9.2881,0.0000,0.0000,186.1572,0.0000,150.0000,195.4453,54.7247,52.1240,2.6007,4.75,100.00
2010-12-02 11:00:00,Davis,168.5817,15.8148,15.8148,0.0000,0.0000,152.7669,0.0000,150.0000,168.5817,47.2029,42.7747,4.4281,9.38,100.00
2010-12-02 12:00:00,Davis,214.9869,33.2288,33.2288,0.0000,0.0000,181.7581,0.0000,150.0000,214.9869,60.1963,50.8923,9.3041,15.46,100.00
2010-12-02 13:00:00,Davis,193.9726,10.1567,10.1567,0.0000,0.0000,183.8159,0.0000,150.0000,193.9726,54.3123,51.4685,2.8439,5.24,100.00
2010-12-02 14:00:00,Davis,177.9785,0.0000,0.0000,0.0000,0.0000,177.9785,0.0000,150.0000,177.9785,49.8340,49.8340,0.0000,0.00,100.00
2010-12-02 15:00:00,Davis,184.4019,10.5354,10.5354,0.0000,0.0000,173.8665,0.0000,150.0000,184.4019,51.6325,48.6826,2.9499,5.71,100.00
2010-12-02 16:00:00,Davis,202.6613,46.9989,46.9989,0.0000,0.0000,155.6624,0.0000,150.0000,202.6613,56.7452,43.5855,13.1597,23.19,100.00
2010-12-02 17:00:00,Davis,224.3633,5.5345,5.5345,0.0000,0.0000,218.8288,0.0000,150.0000,224.3633,62.8217,61.2721,1.5497,2.47,100.00
2010-12-02 18:00:00,Davis,249.7566,1.3232,1.3232,0.0000,0.0000,248.4334,0.0000,150.0000,249.7566,69.9318,69.5614,0.3705,0.53,100.00
2010-12-02 19:00:00,Davis,211.1905,13.5323,13.5323,0.0000,0.0000,197.6582,0.0000,150.0000,211.1905,59.1333,55.3443,3.7890,6.41,100.00
2010-12-02 20:00:00,Davis,197.6089,21.2440,21.2440,0.0000,0.0000,176.3649,0.0000,150.0000,197.6089,55.3305,49.3822,5.9483,10.75,100.00
2010-12-02 21:00:00,Davis,197.6806,9.4780,9.4780,0.0000,0.0000,188.2026,0.0000,150.0000,197.6806,55.3506,52.6967,2.6538,4.79,100.00
2010-12-02 22:00:00,Davis,219.3497,9.5246,9.5246,0.0000,0.0000,209.8251,0.0000,150.0000,219.3497,61.4179,58.7510,2.6669,4.34,100.00
2010-12-02 23:00:00,Davis,205.4673,8.9417,8.9417,0.0000,0.0000,196.5256,0.0000,150.0000,205.4673,57.5308,55.0272,2.5037,4.35,100.00
2010-12-03 00:00:00,Davis,181.7640,57.6050,57.6050,0.0000,0.0000,124.1590,0.0000,150.0000,181.7640,50.8939,34.7645,16.1294,31.69,100.00
2010-12-03 01:00:00,Davis,216.3521,46.7097,46.7097,0.0000,0.0000,169.6424,0.0000,150.0000,216.3521,60.5786,47.4999,13.0787,21.59,100.00
2010-12-03 02:00:00,Davis,177.0210,3.3266,3.3266,0.0000,0.0000,173.6944,0.0000,150.0000,177.0210,49.5659,48.6344,0.9314,1.88,100.00
2010-12-03 03:00:00,Davis,169.9225,21.3689,21.3689,0.0000,0.0000,148.5536,0.0000,150.0000,169.9225,47.5783,41.5950,5.9833,12.58,100.00
2010-12-03 04:00:00,Davis,180.4179,44.7654,44.7654,0.0000,0.0000,135.6525,0.0000,150.0000,180.4179,50.5170,37.9827,12.5343,24.81,100.00
2010-12-03 05:00:00,Davis,172.0337,9.3502,9.3502,0.0000,0.0000,162.6835,0.0000,150.0000,172.0337,48.1694,45.5514,2.6181,5.44,100.00
2010-12-03 06:00:00,Davis,199.5701,31.4081,31.4081,0.0000,0.0000,168.1620,0.0000,150.0000,199.5701,55.8796,47.0854,8.7943,15.74,100.00
2010-12-03 07:00:00,Davis,175.9368,16.6805,16.6805,0.0000,0.0000,159.2563,0.0000,150.0000,175.9368,49.2623,44.5918,4.6705,9.48,100.00
2010-12-03 08:00:00,Davis,188.6830,31.2041,31.2041,0.0000,0.0000,157.4789,0.0000,150.0000,188.6830,52.8312,44.0941,8.7371,16.54,100.00
2010-12-03 09:00:00,Davis,202.1598,6.2244,6.2244,0.0000,0.0000,195.9354,0.0000,150.0000,202.1598,56.6047,54.8619,1.7428,3.08,100.00
2010-12-03 10:00:00,Davis,178.6729,6.2710,6.2710,0.0000,0.0000,172.4019,0.0000,150.0000,178.6729,50.0284,48.2725,1.7559,3.51,100.00
2010-12-03 11:00:00,Davis,188.0613,11.6130,11.6130,0.0000,0.0000,176.4483,0.0000,150.0000,188.0613,52.6572,49.4055,3.2516,6.18,100.00
2010-12-03 12:00:00,Davis,196.8770,27.7493,27.7493,0.0000,0.0000,169.1277,0.0000,150.0000,196.8770,55.1256,47.3558,7.7698,14.09,100.00
2010-12-03 13:00:00,Davis,176.2198,21.6849,21.6849,0.0000,0.0000,154.5349,0.0000,150.0000,176.2198,49.3415,43.2698,6.0718,12.31,100.00
2010-12-03 14:00:00,Davis,181.9534,5.4791,5.4791,0.0000,0.0000,176.4743,0.0000,150.0000,181.9534,50.9470,49.4128,1.5341,3.01,100.00
2010-12-03 15:00:00,Davis,195.0682,7.3040,7.3040,0.0000,0.0000,187.7642,0.0000,150.0000,195.0682,54.6191,52.5740,2.0451,3.74,100.00
2010-12-03 16:00:00,Davis,191.7720,24.0537,24.0537,0.0000,0.0000,167.7183,0.0000,150.0000,191.7720,53.6962,46.9611,6.7350,12.54,100.00
2010-12-03 17:00:00,Davis,196.9908,10.0814,10.0814,0.0000,0.0000,186.9094,0.0000,150.0000,196.9908,55.1574,52.3346,2.8228,5.12,100.00
2010-12-03 18:00:00,Davis,218.9060,4.6893,4.6893,0.0000,0.0000,214.2167,0.0000,150.0000,218.9060,61.2937,59.9807,1.3130,2.14,100.00
2010-12-03 19:00:00,Davis,200.1758,7.1135,7.1135,0.0000,0.0000,193.0623,0.0000,150.0000,200.1758,56.0492,54.0574,1.9918,3.55,100.00
2010-12-03 20:00:00,Davis,191.1089,35.2122,35.2122,0.0000,0.0000,155.8967,0.0000,150.0000,191.1089,53.5105,43.6511,9.8594,18.43,100.00
2010-12-03 21:00:00,Davis,190.0945,9.3942,9.3942,0.0000,0.0000,180.7003,0.0000,150.0000,190.0945,53.2265,50.5961,2.6304,4.94,100.00
2010-12-03 22:00:00,Davis,174.9177,3.2628,3.2628,0.0000,0.0000,171.6549,0.0000,150.0000,174.9177,48.9770,48.0634,0.9136,1.87,100.00
2010-12-03 23:00:00,Davis,165.6690,13.4820,13.4820,0.0000,0.0000,152.1870,0.0000,150.0000,165.6690,46.3873,42.6124,3.7750,8.14,100.00
2010-12-04 00:00:00,Davis,174.3763,43.4088,43.4088,0.0000,0.0000,130.9675,0.0000,150.0000,174.3763,48.8254,36.6709,12.1545,24.89,100.00
2010-12-04 01:00:00,Davis,181.5469,10.5021,10.5021,0.0000,0.0000,171.0448,0.0000,150.0000,181.5469,50.8331,47.8925,2.9406,5.78,100.00
2010-12-04 02:00:00,Davis,182.2793,43.0141,43.0141,0.0000,0.0000,139.2652,0.0000,150.0000,182.2793,51.0382,38.9943,12.0439,23.60,100.00
2010-12-04 03:00:00,Davis,174.5667,2.9518,2.9518,0.0000,0.0000,171.6149,0.0000,150.0000,174.5667,48.8787,48.0522,0.8265,1.69,100.00
2010-12-04 04:00:00,Davis,168.8034,41.6824,41.6824,0.0000,0.0000,127.1210,0.0000,150.0000,168.8034,47.2650,35.5939,11.6711,24.69,100.00
2010-12-04 05:00:00,Davis,179.7087,34.1208,34.1208,0.0000,0.0000,145.5879,0.0000,150.0000,179.7087,50.3184,40.7646,9.5538,18.99,100.00
2010-12-04 06:00:00,Davis,179.5515,24.0473,24.0473,0.0000,0.0000,155.5042,0.0000,150.0000,179.5515,50.2744,43.5412,6.7332,13.39,100.00
2010-12-04 07:00:00,Davis,183.7725,11.3297,11.3297,0.0000,0.0000,172.4428,0.0000,150.0000,183.7725,51.4563,48.2840,3.1723,6.17,100.00
2010-12-04 08:00:00,Davis,188.3154,81.5207,81.5207,0.0000,0.0000,106.7947,0.0000,150.0000,188.3154,52.7283,29.9025,22.8258,43.29,100.00
2010-12-04 09:00:00,Davis,194.9434,4.4527,4.4527,0.0000,0.0000,190.4907,0.0000,150.0000,194.9434,54.5842,53.3374,1.2468,2.28,100.00
2010-12-04 10:00:00,Davis,201.2246,16.2632,16.2632,0.0000,0.0000,184.9614,0.0000,150.0000,201.2246,56.3429,51.7892,4.5537,8.08,100.00
2010-12-04 11:00:00,Davis,174.3916,5.3643,5.3643,0.0000,0.0000,169.0273,0.0000,150.0000,174.3916,48.8296,47.3276,1.5020,3.08,100.00
2010-12-04 12:00:00,Davis,209.9269,41.2495,41.2495,0.0000,0.0000,168.6774,0.0000,150.0000,209.9269,58.7795,47.2297,11.5499,19.65,100.00
2010-12-04 13:00:00,Davis,193.7115,18.7208,18.7208,0.0000,0.0000,174.9907,0.0000,150.0000,193.7115,54.2392,48.9974,5.2418,9.66,100.00
2010-12-04 14:00:00,Davis,177.2176,4.7635,4.7635,0.0000,0.0000,172.4541,0.0000,150.0000,177.2176,49.6209,48.2871,1.3338,2.69,100.00
2010-12-04 15:00:00,Davis,172.9881,0.0000,0.0000,0.0000,0.0000,172.9881,0.0000,150.0000,172.9881,48.4367,48.4367,0.0000,0.00,100.00
2010-12-04 16:00:00,Davis,178.0266,27.7379,27.7379,0.0000,0.0000,150.2887,0.0000,150.0000,178.0266,49.8474,42.0808,7.7666,15.58,100.00
2010-12-04 17:00:00,Davis,189.2019,0.4991,0.4991,0.0000,0.0000,188.7028,0.0000,150.0000,189.2019,52.9765,52.8368,0.1397,0.26,100.00
2010-12-04 18:00:00,Davis,187.4195,0.0153,0.0153,0.0000,0.0000,187.4042,0.0000,150.0000,187.4195,52.4775,52.4732,0.0043,0.01,100.00
2010-12-04 19:00:00,Davis,205.3787,0.0415,0.0415,0.0000,0.0000,205.3372,0.0000,150.0000,205.3787,57.5060,57.4944,0.0116,0.02,100.00
2010-12-04 20:00:00,Davis,174.2791,28.2052,28.2052,0.0000,0.0000,146.0739,0.0000,150.0000,174.2791,48.7981,40.9007,7.8975,16.18,100.00
2010-12-04 21:00:00,Davis,184.0506,48.4798,48.4798,0.0000,0.0000,135.5708,0.0000,150.0000,184.0506,51.5342,37.9598,13.5743,26.34,100.00
2010-12-04 22:00:00,Davis,186.0286,0.9832,0.9832,0.0000,0.0000,185.0454,0.0000,150.0000,186.0286,52.0880,51.8127,0.2753,0.53,100.00
2010-12-04 23:00:00,Davis,181.5046,9.7179,9.7179,0.0000,0.0000,171.7867,0.0000,150.0000,181.5046,50.8213,48.1003,2.7210,5.35,100.00
2010-12-05 00:00:00,Davis,183.6011,30.0361,30.0361,0.0000,0.0000,153.5650,0.0000,150.0000,183.6011,51.4083,42.9982,8.4101,16.36,100.00
2010-12-05 01:00:00,Davis,186.6142,18.5801,18.5801,0.0000,0.0000,168.0341,0.0000,150.0000,186.6142,52.2520,47.0495,5.2024,9.96,100.00
2010-12-05 02:00:00,Davis,208.3827,17.6733,17.6733,0.0000,0.0000,190.7094,0.0000,150.0000,208.3827,58.3472,53.3986,4.9485,8.48,100.00
2010-12-05 03:00:00,Davis,176.4383,12.1124,12.1124,0.0000,0.0000,164.3259,0.0000,150.0000,176.4383,49.4027,46.0113,3.3915,6.86,100.00
2010-12-05 04:00:00,Davis,192.0814,27.2374,27.2374,0.0000,0.0000,164.8440,0.0000,150.0000,192.0814,53.7828,46.1563,7.6265,14.18,100.00
2010-12-05 05:00:00,Davis,189.2017,32.7330,32.7330,0.0000,0.0000,156.4687,0.0000,150.0000,189.2017,52.9765,43.8112,9.1652,17.30,100.00
2010-12-05 06:00:00,Davis,179.5174,11.4930,11.4930,0.0000,0.0000,168.0244,0.0000,150.0000,179.5174,50.2649,47.0468,3.2180,6.40,100.00
2010-12-05 07:00:00,Davis,191.1999,23.4239,23.4239,0.0000,0.0000,167.7760,0.0000,150.0000,191.1999,53.5360,46.9773,6.5587,12.25,100.00
2010-12-05 08:00:00,Davis,197.3280,24.1530,24.1530,0.0000,0.0000,173.1750,0.0000,150.0000,197.3280,55.2518,48.4890,6.7628,12.24,100.00
2010-12-05 09:00:00,Davis,186.0755,16.3500,16.3500,0.0000,0.0000,169.7255,0.0000,150.0000,186.0755,52.1011,47.5231,4.5780,8.79,100.00
2010-12-05 10:00:00,Davis,207.0535,9.0718,9.0718,0.0000,0.0000,197.9817,0.0000,150.0000,207.0535,57.9750,55.4349,2.5401,4.38,100.00
2010-12-05 11:00:00,Davis,205.6727,18.3188,18.3188,0.0000,0.0000,187.3539,0.0000,150.0000,205.6727,57.5884,52.4591,5.1293,8.91,100.00
2010-12-05 12:00:00,Davis,199.3270,40.2460,40.2460,0.0000,0.0000,159.0810,0.0000,150.0000,199.3270,55.8116,44.5427,11.2689,20.19,100.00
2010-12-05 13:00:00,Davis,201.0546,1.0779,1.0779,0.0000,0.0000,199.9767,0.0000,150.0000,201.0546,56.2953,55.9935,0.3018,0.54,100.00
2010-12-05 14:00:00,Davis,182.8531,4.6888,4.6888,0.0000,0.0000,178.1643,0.0000,150.0000,182.8531,51.1989,49.8860,1.3129,2.56,100.00
2010-12-05 15:00:00,Davis,183.5164,0.0000,0.0000,0.0000,0.0000,183.5164,0.0000,150.0000,183.5164,51.3846,51.3846,0.0000,0.00,100.00
2010-12-05 16:00:00,Davis,204.6640,37.9972,37.9972,0.0000,0.0000,166.6668,0.0000,150.0000,204.6640,57.3059,46.6667,10.6392,18.57,100.00
2010-12-05 17:00:00,Davis,196.5568,2.8378,2.8378,0.0000,0.0000,193.7190,0.0000,150.0000,196.5568,55.0359,54.2413,0.7946,1.44,100.00
2010-12-05 18:00:00,Davis,222.6479,4.9541,4.9541,0.0000,0.0000,217.6938,0.0000,150.0000,222.6479,62.3414,60.9543,1.3871,2.23,100.00
2010-12-05 19:00:00,Davis,201.2230,0.0000,0.0000,0.0000,0.0000,201.2230,0.0000,150.0000,201.2230,56.3424,56.3424,0.0000,0.00,100.00
2010-12-05 20:00:00,Davis,215.1098,26.8762,26.8762,0.0000,0.0000,188.2336,0.0000,150.0000,215.1098,60.2307,52.7054,7.5253,12.49,100.00
2010-12-05 21:00:00,Davis,186.8350,0.3247,0.3247,0.0000,0.0000,186.5103,0.0000,150.0000,186.8350,52.3138,52.2229,0.0909,0.17,100.00
2010-12-05 22:00:00,Davis,199.4849,1.3479,1.3479,0.0000,0.0000,198.1370,0.0000,150.0000,199.4849,55.8558,55.4784,0.3774,0.68,100.00
2010-12-05 23:00:00,Davis,161.7758,26.2008,26.2008,0.0000,0.0000,135.5750,0.0000,150.0000,161.7758,45.2972,37.9610,7.3362,16.20,100.00
2010-12-06 00:00:00,Davis,156.6724,32.4214,32.4214,0.0000,0.0000,124.2510,0.0000,150.0000,156.6724,43.8683,34.7903,9.0780,20.69,100.00
2010-12-06 01:00:00,Davis,182.8824,24.5476,24.5476,0.0000,0.0000,158.3348,0.0000,150.0000,182.8824,51.2071,44.3337,6.8733,13.42,100.00
2010-12-06 02:00:00,Davis,196.9710,12.5005,12.5005,0.0000,0.0000,184.4705,0.0000,150.0000,196.9710,55.1519,51.6517,3.5001,6.35,100.00
2010-12-06 03:00:00,Davis,188.1482,15.4180,15.4180,0.0000,0.0000,172.7302,0.0000,150.0000,188.1482,52.6815,48.3645,4.3170,8.19,100.00
2010-12-06 04:00:00,Davis,178.5453,43.6925,43.6925,0.0000,0.0000,134.8528,0.0000,150.0000,178.5453,49.9927,37.7588,12.2339,24.47,100.00
2010-12-06 05:00:00,Davis,193.3293,18.6444,18.6444,0.0000,0.0000,174.6849,0.0000,150.0000,193.3293,54.1322,48.9118,5.2204,9.64,100.00
2010-12-06 06:00:00,Davis,198.8180,4.7322,4.7322,0.0000,0.0000,194.0858,0.0000,150.0000,198.8180,55.6690,54.3440,1.3250,2.38,100.00
2010-12-06 07:00:00,Davis,188.0122,31.8666,31.8666,0.0000,0.0000,156.1456,0.0000,150.0000,188.0122,52.6434,43.7208,8.9226,16.95,100.00
2010-12-06 08:00:00,Davis,173.6585,44.4856,44.4856,0.0000,0.0000,129.1729,0.0000,150.0000,173.6585,48.6244,36.1684,12.4560,25.62,100.00
2010-12-06 09:00:00,Davis,203.0900,28.7444,28.7444,0.0000,0.0000,174.3456,0.0000,150.0000,203.0900,56.8652,48.8168,8.0484,14.15,100.00
2010-12-06 10:00:00,Davis,224.4572,25.0250,25.0250,0.0000,0.0000,199.4322,0.0000,150.0000,224.4572,62.8480,55.8410,7.0070,11.15,100.00
2010-12-06 11:00:00,Davis,189.2715,9.3432,9.3432,0.0000,0.0000,179.9283,0.0000,150.0000,189.2715,52.9960,50.3799,2.6161,4.94,100.00
2010-12-06 12:00:00,Davis,220.0318,51.2862,51.2862,0.0000,0.0000,168.7456,0.0000,150.0000,220.0318,61.6089,47.2488,14.3601,23.31,100.00
2010-12-06 13:00:00,Davis,182.2013,7.7330,7.7330,0.0000,0.0000,174.4683,0.0000,150.0000,182.2013,51.0164,48.8511,2.1652,4.24,100.00
2010-12-06 14:00:00,Davis,194.0969,3.0986,3.0986,0.0000,0.0000,190.9983,0.0000,150.0000,194.0969,54.3471,53.4795,0.8676,1.60,100.00
2010-12-06 15:00:00,Davis,162.3129,0.5686,0.5686,0.0000,0.0000,161.7443,0.0000,150.0000,162.3129,45.4476,45.2884,0.1592,0.35,100.00
2010-12-06 16:00:00,Davis,196.2178,31.4256,31.4256,0.0000,0.0000,164.7922,0.0000,150.0000,196.2178,54.9410,46.1418,8.7992,16.02,100.00
2010-12-06 17:00:00,Davis,208.2401,5.6207,5.6207,0.0000,0.0000,202.6194,0.0000,150.0000,208.2401,58.3072,56.7334,1.5738,2.70,100.00
2010-12-06 18:00:00,Davis,209.4322,0.0000,0.0000,0.0000,0.0000,209.4322,0.0000,150.0000,209.4322,58.6410,58.6410,0.0000,0.00,100.00
2010-12-06 19:00:00,Davis,183.6978,0.0000,0.0000,0.0000,0.0000,183.6978,0.0000,150.0000,183.6978,51.4354,51.4354,0.0000,0.00,100.00
2010-12-06 20:00:00,Davis,201.4954,31.7370,31.7370,0.0000,0.0000,169.7584,0.0000,150.0000,201.4954,56.4187,47.5324,8.8864,15.75,100.00
2010-12-06 21:00:00,Davis,176.5233,10.0304,10.0304,0.0000,0.0000,166.4929,0.0000,150.0000,176.5233,49.4265,46.6180,2.8085,5.68,100.00
2010-12-06 22:00:00,Davis,191.6993,15.6487,15.6487,0.0000,0.0000,176.0506,0.0000,150.0000,191.6993,53.6758,49.2942,4.3816,8.16,100.00
2010-12-06 23:00:00,Davis,159.7947,17.3216,17.3216,0.0000,0.0000,142.4731,0.0000,150.0000,159.7947,44.7425,39.8925,4.8500,10.84,100.00
2010-12-07 00:00:00,Davis,173.6923,38.6097,38.6097,0.0000,0.0000,135.0826,0.0000,150.0000,173.6923,48.6338,37.8231,10.8107,22.23,100.00
2010-12-07 01:00:00,Davis,169.5679,15.9312,15.9312,0.0000,0.0000,153.6367,0.0000,150.0000,169.5679,47.4790,43.0183,4.4607,9.40,100.00
2010-12-07 02:00:00,Davis,190.5022,33.4234,33.4234,0.0000,0.0000,157.0788,0.0000,150.0000,190.5022,53.3406,43.9821,9.3586,17.54,100.00
2010-12-07 03:00:00,Davis,180.4882,6.2763,6.2763,0.0000,0.0000,174.2119,0.0000,150.0000,180.4882,50.5367,48.7793,1.7574,3.48,100.00
2010-12-07 04:00:00,Davis,206.1624,42.0207,42.0207,0.0000,0.0000,164.1417,0.0000,150.0000,206.1624,57.7255,45.9597,11.7658,20.38,100.00
2010-12-07 05:00:00,Davis,155.5379,18.1020,18.1020,0.0000,0.0000,137.4359,0.0000,150.0000,155.5379,43.5506,38.4821,5.0686,11.64,100.00
2010-12-07 06:00:00,Davis,183.6900,4.9237,4.9237,0.0000,0.0000,178.7663,0.0000,150.0000,183.6900,51.4332,50.0546,1.3786,2.68,100.00
2010-12-07 07:00:00,Davis,180.0484,16.3153,16.3153,0.0000,0.0000,163.7331,0.0000,150.0000,180.0484,50.4136,45.8453,4.5683,9.06,100.00
2010-12-07 08:00:00,Davis,195.9112,21.1755,21.1755,0.0000,0.0000,174.7357,0.0000,150.0000,195.9112,54.8551,48.9260,5.9291,10.81,100.00
2010-12-07 09:00:00,Davis,208.6603,4.0443,4.0443,0.0000,0.0000,204.6160,0.0000,150.0000,208.6603,58.4249,57.2925,1.1324,1.94,100.00
2010-12-07 10:00:00,Davis,181.7817,9.7018,9.7018,0.0000,0.0000,172.0799,0.0000,150.0000,181.7817,50.8989,48.1824,2.7165,5.34,100.00
2010-12-07 11:00:00,Davis,210.5673,30.6988,30.6988,0.0000,0.0000,179.8685,0.0000,150.0000,210.5673,58.9588,50.3632,8.5957,14.58,100.00
2010-12-07 12:00:00,Davis,223.1393,31.4269,31.4269,0.0000,0.0000,191.7124,0.0000,150.0000,223.1393,62.4790,53.6795,8.7995,14.08,100.00
2010-12-07 13:00:00,Davis,207.2472,9.1437,9.1437,0.0000,0.0000,198.1035,0.0000,150.0000,207.2472,58.0292,55.4690,2.5602,4.41,100.00
2010-12-07 14:00:00,Davis,206.5271,7.8698,7.8698,0.0000,0.0000,198.6573,0.0000,150.0000,206.5271,57.8276,55.6240,2.2035,3.81,100.00
2010-12-07 15:00:00,Davis,178.5711,11.8743,11.8743,0.0000,0.0000,166.6968,0.0000,150.0000,178.5711,49.9999,46.6751,3.3248,6.65,100.00
2010-12-07 16:00:00,Davis,205.6824,18.5110,18.5110,0.0000,0.0000,187.1714,0.0000,150.0000,205.6824,57.5911,52.4080,5.1831,9.00,100.00
2010-12-07 17:00:00,Davis,193.3226,1.9100,1.9100,0.0000,0.0000,191.4126,0.0000,150.0000,193.3226,54.1303,53.5955,0.5348,0.99,100.00
2010-12-07 18:00:00,Davis,198.0859,5.6668,5.6668,0.0000,0.0000,192.4191,0.0000,150.0000,198.0859,55.4641,53.8773,1.5867,2.86,100.00
2010-12-07 19:00:00,Davis,196.7560,3.0252,3.0252,0.0000,0.0000,193.7308,0.0000,150.0000,196.7560,55.0917,54.2446,0.8471,1.54,100.00
2010-12-07 20:00:00,Davis,208.1629,9.8081,9.8081,0.0000,0.0000,198.3548,0.0000,150.0000,208.1629,58.2856,55.5393,2.7463,4.71,100.00
2010-12-07 21:00:00,Davis,160.8959,3.9275,3.9275,0.0000,0.0000,156.9684,0.0000,150.0000,160.8959,45.0509,43.9512,1.0997,2.44,100.00
2010-12-07 22:00:00,Davis,206.7565,6.3751,6.3751,0.0000,0.0000,200.3814,0.0000,150.0000,206.7565,57.8918,56.1068,1.7850,3.08,100.00
2010-12-07 23:00:00,Davis,165.8807,28.3790,28.3790,0.0000,0.0000,137.5017,0.0000,150.0000,165.8807,46.4466,38.5005,7.9461,17.11,100.00
2010-12-08 00:00:00,Davis,191.5815,32.9777,32.9777,0.0000,0.0000,158.6038,0.0000,150.0000,191.5815,53.6428,44.4091,9.2338,17.21,100.00
2010-12-08 01:00:00,Davis,197.0497,11.2981,11.2981,0.0000,0.0000,185.7516,0.0000,150.0000,197.0497,55.1739,52.0104,3.1635,5.73,100.00
2010-12-08 02:00:00,Davis,182.6630,0.0000,0.0000,0.0000,0.0000,182.6630,0.0000,150.0000,182.6630,51.1456,51.1456,0.0000,0.00,100.00
2010-12-08 03:00:00,Davis,225.6459,15.4127,15.4127,0.0000,0.0000,210.2332,0.0000,150.0000,225.6459,63.1809,58.8653,4.3156,6.83,100.00
2010-12-08 04:00:00,Davis,203.5618,35.3435,35.3435,0.0000,0.0000,168.2183,0.0000,150.0000,203.5618,56.9973,47.1011,9.8962,17.36,100.00
2010-12-08 05:00:00,Davis,193.9793,25.2352,25.2352,0.0000,0.0000,168.7441,0.0000,150.0000,193.9793,54.3142,47.2483,7.0659,13.01,100.00
2010-12-08 06:00:00,Davis,218.0064,7.6938,7.6938,0.0000,0.0000,210.3126,0.0000,150.0000,218.0064,61.0418,58.8875,2.1543,3.53,100.00
2010-12-08 07:00:00,Davis,176.1892,7.8992,7.8992,0.0000,0.0000,168.2900,0.0000,150.0000,176.1892,49.3330,47.1212,2.2118,4.48,100.00
2010-12-08 08:00:00,Davis,185.7954,35.9679,35.9679,0.0000,0.0000,149.8275,0.0000,150.0000,185.7954,52.0227,41.9517,10.0710,19.36,100.00
2010-12-08 09:00:00,Davis,201.0165,12.4307,12.4307,0.0000,0.0000,188.5858,0.0000,150.0000,201.0165,56.2846,52.8040,3.4806,6.18,100.00
2010-12-08 10:00:00,Davis,193.7314,16.2915,16.2915,0.0000,0.0000,177.4399,0.0000,150.0000,193.7314,54.2448,49.6832,4.5616,8.41,100.00
2010-12-08 11:00:00,Davis,181.0586,8.1532,8.1532,0.0000,0.0000,172.9054,0.0000,150.0000,181.0586,50.6964,48.4135,2.2829,4.50,100.00
2010-12-08 12:00:00,Davis,236.4487,40.8299,40.8299,0.0000,0.0000,195.6188,0.0000,150.0000,236.4487,66.2056,54.7733,11.4324,17.27,100.00
2010-12-08 13:00:00,Davis,200.6493,9.2607,9.2607,0.0000,0.0000,191.3886,0.0000,150.0000,200.6493,56.1818,53.5888,2.5930,4.62,100.00
2010-12-08 14:00:00,Davis,214.9444,17.7657,17.7657,0.0000,0.0000,197.1787,0.0000,150.0000,214.9444,60.1844,55.2100,4.9744,8.27,100.00
2010-12-08 15:00:00,Davis,191.8806,6.6118,6.6118,0.0000,0.0000,185.2688,0.0000,150.0000,191.8806,53.7266,51.8753,1.8513,3.45,100.00
2010-12-08 16:00:00,Davis,199.3217,26.9040,26.9040,0.0000,0.0000,172.4177,0.0000,150.0000,199.3217,55.8101,48.2770,7.5331,13.50,100.00
2010-12-08 17:00:00,Davis,198.2561,8.7765,8.7765,0.0000,0.0000,189.4796,0.0000,150.0000,198.2561,55.5117,53.0543,2.4574,4.43,100.00
2010-12-08 18:00:00,Davis,212.4514,7.0853,7.0853,0.0000,0.0000,205.3661,0.0000,150.0000,212.4514,59.4864,57.5025,1.9839,3.34,100.00
2010-12-08 19:00:00,Davis,203.4772,0.0000,0.0000,0.0000,0.0000,203.4772,0.0000,150.0000,203.4772,56.9736,56.9736,0.0000,0.00,100.00
2010-12-08 20:00:00,Davis,187.5719,23.9927,23.9927,0.0000,0.0000,163.5792,0.0000,150.0000,187.5719,52.5201,45.8022,6.7180,12.79,100.00
2010-12-08 21:00:00,Davis,214.0191,18.7150,18.7150,0.0000,0.0000,195.3041,0.0000,150.0000,214.0191,59.9253,54.6851,5.2402,8.74,100.00
2010-12-08 22:00:00,Davis,190.6416,6.9085,6.9085,0.0000,0.0000,183.7331,0.0000,150.0000,190.6416,53.3796,51.4453,1.9344,3.62,100.00
2010-12-08 23:00:00,Davis,185.9354,27.5955,27.5955,0.0000,0.0000,158.3399,0.0000,150.0000,185.9354,52.0619,44.3352,7.7267,14.84,100.00
2010-12-09 00:00:00,Davis,187.5011,35.6029,35.6029,0.0000,0.0000,151.8982,0.0000,150.0000,187.5011,52.5003,42.5315,9.9688,18.99,100.00
2010-12-09 01:00:00,Davis,186.1290,12.5319,12.5319,0.0000,0.0000,173.5971,0.0000,150.0000,186.1290,52.1161,48.6072,3.5089,6.73,100.00
2010-12-09 02:00:00,Davis,186.5426,19.2526,19.2526,0.0000,0.0000,167.2900,0.0000,150.0000,186.5426,52.2319,46.8412,5.3907,10.32,100.00
2010-12-09 03:00:00,Davis,174.7482,24.8697,24.8697,0.0000,0.0000,149.8785,0.0000,150.0000,174.7482,48.9295,41.9660,6.9635,14.23,100.00
2010-12-09 04:00:00,Davis,188.9729,38.3755,38.3755,0.0000,0.0000,150.5974,0.0000,150.0000,188.9729,52.9124,42.1673,10.7451,20.31,100.00
2010-12-09 05:00:00,Davis,199.3897,11.3892,11.3892,0.0000,0.0000,188.0005,0.0000,150.0000,199.3897,55.8291,52.6401,3.1890,5.71,100.00
2010-12-09 06:00:00,Davis,195.2317,13.0504,13.0504,0.0000,0.0000,182.1813,0.0000,150.0000,195.2317,54.6649,51.0108,3.6541,6.68,100.00
2010-12-09 07:00:00,Davis,185.0102,17.5289,17.5289,0.0000,0.0000,167.4813,0.0000,150.0000,185.0102,51.8029,46.8948,4.9081,9.47,100.00
2010-12-09 08:00:00,Davis,178.0042,37.1334,37.1334,0.0000,0.0000,140.8708,0.0000,150.0000,178.0042,49.8412,39.4438,10.3974,20.86,100.00
2010-12-09 09:00:00,Davis,192.6828,18.5557,18.5557,0.0000,0.0000,174.1271,0.0000,150.0000,192.6828,53.9512,48.7556,5.1956,9.63,100.00
2010-12-09 10:00:00,Davis,213.7990,23.4914,23.4914,0.0000,0.0000,190.3076,0.0000,150.0000,213.7990,59.8637,53.2861,6.5776,10.99,100.00
2010-12-09 11:00:00,Davis,193.5938,9.6534,9.6534,0.0000,0.0000,183.9404,0.0000,150.0000,193.5938,54.2063,51.5033,2.7030,4.99,100.00
2010-12-09 12:00:00,Davis,197.0173,36.3216,36.3216,0.0000,0.0000,160.6957,0.0000,150.0000,197.0173,55.1648,44.9948,10.1700,18.44,100.00
2010-12-09 13:00:00,Davis,189.1243,6.9988,6.9988,0.0000,0.0000,182.1255,0.0000,150.0000,189.1243,52.9548,50.9951,1.9597,3.70,100.00
2010-12-09 14:00:00,Davis,187.0390,10.4771,10.4771,0.0000,0.0000,176.5619,0.0000,150.0000,187.0390,52.3709,49.4373,2.9336,5.60,100.00
2010-12-09 15:00:00,Davis,225.4980,8.0067,8.0067,0.0000,0.0000,217.4913,0.0000,150.0000,225.4980,63.1394,60.8976,2.2419,3.55,100.00
2010-12-09 16:00:00,Davis,200.8431,25.9138,25.9138,0.0000,0.0000,174.9293,0.0000,150.0000,200.8431,56.2361,48.9802,7.2559,12.90,100.00
2010-12-09 17:00:00,Davis,186.6919,4.0404,4.0404,0.0000,0.0000,182.6515,0.0000,150.0000,186.6919,52.2737,51.1424,1.1313,2.16,100.00
2010-12-09 18:00:00,Davis,216.6869,0.0351,0.0351,0.0000,0.0000,216.6518,0.0000,150.0000,216.6869,60.6723,60.6625,0.0098,0.02,100.00
2010-12-09 19:00:00,Davis,209.2523,0.4092,0.4092,0.0000,0.0000,208.8431,0.0000,150.0000,209.2523,58.5906,58.4761,0.1146,0.20,100.00
2010-12-09 20:00:00,Davis,194.4487,15.2082,15.2082,0.0000,0.0000,179.2405,0.0000,150.0000,194.4487,54.4456,50.1873,4.2583,7.82,100.00
2010-12-09 21:00:00,Davis,178.0195,26.9014,26.9014,0.0000,0.0000,151.1181,0.0000,150.0000,178.0195,49.8455,42.3131,7.5324,15.11,100.00
2010-12-09 22:00:00,Davis,192.4737,8.8045,8.8045,0.0000,0.0000,183.6692,0.0000,150.0000,192.4737,53.8926,51.4274,2.4653,4.57,100.00
2010-12-09 23:00:00,Davis,186.9410,23.4570,23.4570,0.0000,0.0000,163.4840,0.0000,150.0000,186.9410,52.3435,45.7755,6.5680,12.55,100.00
2010-12-10 00:00:00,Davis,191.4461,51.4333,51.4333,0.0000,0.0000,140.0128,0.0000,150.0000,191.4461,53.6049,39.2036,14.4013,26.87,100.00
2010-12-10 01:00:00,Davis,157.4151,23.2310,23.2310,0.0000,0.0000,134.1841,0.0000,150.0000,157.4151,44.0762,37.5715,6.5047,14.76,100.00
2010-12-10 02:00:00,Davis,153.4666,29.5664,29.5664,0.0000,0.0000,123.9002,0.0000,150.0000,153.4666,42.9706,34.6921,8.2786,19.27,100.00
2010-12-10 03:00:00,Davis,171.3591,10.2595,10.2595,0.0000,0.0000,161.0996,0.0000,150.0000,171.3591,47.9805,45.1079,2.8727,5.99,100.00
2010-12-10 04:00:00,Davis,182.3391,32.0230,32.0230,0.0000,0.0000,150.3161,0.0000,150.0000,182.3391,51.0549,42.0885,8.9664,17.56,100.00
2010-12-10 05:00:00,Davis,180.1456,32.1636,32.1636,0.0000,0.0000,147.9820,0.0000,150.0000,180.1456,50.4408,41.4350,9.0058,17.85,100.00
2010-12-10 06:00:00,Davis,173.6654,25.8359,25.8359,0.0000,0.0000,147.8295,0.0000,150.0000,173.6654,48.6263,41.3923,7.2341,14.88,100.00
2010-12-10 07:00:00,Davis,198.7362,8.9608,8.9608,0.0000,0.0000,189.7754,0.0000,150.0000,198.7362,55.6461,53.1371,2.5090,4.51,100.00
2010-12-10 08:00:00,Davis,164.3306,30.6787,30.6787,0.0000,0.0000,133.6519,0.0000,150.0000,164.3306,46.0126,37.4225,8.5900,18.67,100.00
2010-12-10 09:00:00,Davis,196.0560,9.1783,9.1783,0.0000,0.0000,186.8777,0.0000,150.0000,196.0560,54.8957,52.3258,2.5699,4.68,100.00
2010-12-10 10:00:00,Davis,189.3241,5.1574,5.1574,0.0000,0.0000,184.1667,0.0000,150.0000,189.3241,53.0107,51.5667,1.4441,2.72,100.00
2010-12-10 11:00:00,Davis,191.6941,24.4669,24.4669,0.0000,0.0000,167.2272,0.0000,150.0000,191.6941,53.6743,46.8236,6.8507,12.76,100.00
2010-12-10 12:00:00,Davis,168.6435,37.2442,37.2442,0.0000,0.0000,131.3993,0.0000,150.0000,168.6435,47.2202,36.7918,10.4284,22.08,100.00
2010-12-10 13:00:00,Davis,195.6358,19.3626,19.3626,0.0000,0.0000,176.2732,0.0000,150.0000,195.6358,54.7780,49.3565,5.4215,9.90,100.00
2010-12-10 14:00:00,Davis,179.2091,17.9487,17.9487,0.0000,0.0000,161.2604,0.0000,150.0000,179.2091,50.1785,45.1529,5.0256,10.02,100.00
2010-12-10 15:00:00,Davis,179.0005,7.1660,7.1660,0.0000,0.0000,171.8345,0.0000,150.0000,179.0005,50.1201,48.1137,2.0065,4.00,100.00
2010-12-10 16:00:00,Davis,227.5596,13.2664,13.2664,0.0000,0.0000,214.2932,0.0000,150.0000,227.5596,63.7167,60.0021,3.7146,5.83,100.00
2010-12-10 17:00:00,Davis,192.6307,4.1161,4.1161,0.0000,0.0000,188.5146,0.0000,150.0000,192.6307,53.9366,52.7841,1.1525,2.14,100.00
2010-12-10 18:00:00,Davis,233.1587,0.0000,0.0000,0.0000,0.0000,233.1587,0.0000,150.0000,233.1587,65.2844,65.2844,0.0000,0.00,100.00
2010-12-10 19:00:00,Davis,214.2338,0.0000,0.0000,0.0000,0.0000,214.2338,0.0000,150.0000,214.2338,59.9855,59.9855,0.0000,0.00,100.00
2010-12-10 20:00:00,Davis,200.6334,19.8902,19.8902,0.0000,0.0000,180.7432,0.0000,150.0000,200.6334,56.1774,50.6081,5.5693,9.91,100.00
2010-12-10 21:00:00,Davis,195.0626,7.0826,7.0826,0.0000,0.0000,187.9800,0.0000,150.0000,195.0626,54.6175,52.6344,1.9831,3.63,100.00
2010-12-10 22:00:00,Davis,209.2593,21.8600,21.8600,0.0000,0.0000,187.3993,0.0000,150.0000,209.2593,58.5926,52.4718,6.1208,10.45,100.00
2010-12-10 23:00:00,Davis,176.0499,7.5413,7.5413,0.0000,0.0000,168.5086,0.0000,150.0000,176.0499,49.2940,47.1824,2.1116,4.28,100.00
2010-12-11 00:00:00,Davis,180.9819,49.8429,49.8429,0.0000,0.0000,131.1390,0.0000,150.0000,180.9819,50.6749,36.7189,13.9560,27.54,100.00
2010-12-11 01:00:00,Davis,181.6075,32.0687,32.0687,0.0000,0.0000,149.5388,0.0000,150.0000,181.6075,50.8501,41.8709,8.9792,17.66,100.00
2010-12-11 02:00:00,Davis,175.1743,1.9487,1.9487,0.0000,0.0000,173.2256,0.0000,150.0000,175.1743,49.0488,48.5032,0.5456,1.11,100.00
2010-12-11 03:00:00,Davis,181.1292,15.6257,15.6257,0.0000,0.0000,165.5035,0.0000,150.0000,181.1292,50.7162,46.3410,4.3752,8.63,100.00
2010-12-11 04:00:00,Davis,181.4384,49.6302,49.6302,0.0000,0.0000,131.8082,0.0000,150.0000,181.4384,50.8028,36.9063,13.8965,27.35,100.00
2010-12-11 05:00:00,Davis,163.7219,10.9052,10.9052,0.0000,0.0000,152.8167,0.0000,150.0000,163.7219,45.8421,42.7887,3.0535,6.66,100.00
2010-12-11 06:00:00,Davis,192.5555,6.4940,6.4940,0.0000,0.0000,186.0615,0.0000,150.0000,192.5555,53.9155,52.0972,1.8183,3.37,100.00
2010-12-11 07:00:00,Davis,201.8246,27.5524,27.5524,0.0000,0.0000,174.2722,0.0000,150.0000,201.8246,56.5109,48.7962,7.7147,13.65,100.00
2010-12-11 08:00:00,Davis,178.8623,37.1076,37.1076,0.0000,0.0000,141.7547,0.0000,150.0000,178.8623,50.0814,39.6913,10.3901,20.75,100.00
2010-12-11 09:00:00,Davis,175.7116,14.7823,14.7823,0.0000,0.0000,160.9293,0.0000,150.0000,175.7116,49.1992,45.0602,4.1390,8.41,100.00
2010-12-11 10:00:00,Davis,204.2639,33.7288,33.7288,0.0000,0.0000,170.5351,0.0000,150.0000,204.2639,57.1939,47.7498,9.4441,16.51,100.00
2010-12-11 11:00:00,Davis,181.7079,11.2706,11.2706,0.0000,0.0000,170.4373,0.0000,150.0000,181.7079,50.8782,47.7224,3.1558,6.20,100.00
2010-12-11 12:00:00,Davis,194.4812,33.5618,33.5618,0.0000,0.0000,160.9194,0.0000,150.0000,194.4812,54.4547,45.0574,9.3973,17.26,100.00
2010-12-11 13:00:00,Davis,187.6416,4.6835,4.6835,0.0000,0.0000,182.9581,0.0000,150.0000,187.6416,52.5396,51.2283,1.3114,2.50,100.00
2010-12-11 14:00:00,Davis,195.3499,8.6938,8.6938,0.0000,0.0000,186.6561,0.0000,150.0000,195.3499,54.6980,52.2637,2.4343,4.45,100.00
2010-12-11 15:00:00,Davis,220.2981,1.8340,1.8340,0.0000,0.0000,218.4641,0.0000,150.0000,220.2981,61.6835,61.1699,0.5135,0.83,100.00
2010-12-11 16:00:00,Davis,190.7141,27.7005,27.7005,0.0000,0.0000,163.0136,0.0000,150.0000,190.7141,53.3999,45.6438,7.7561,14.52,100.00
2010-12-11 17:00:00,Davis,209.1232,0.0913,0.0913,0.0000,0.0000,209.0319,0.0000,150.0000,209.1232,58.5545,58.5289,0.0256,0.04,100.00
2010-12-11 18:00:00,Davis,203.5332,2.2875,2.2875,0.0000,0.0000,201.2457,0.0000,150.0000,203.5332,56.9893,56.3488,0.6405,1.12,100.00
2010-12-11 19:00:00,Davis,207.4917,2.3542,2.3542,0.0000,0.0000,205.1375,0.0000,150.0000,207.4917,58.0977,57.4385,0.6592,1.13,100.00
2010-12-11 20:00:00,Davis,217.7796,19.7151,19.7151,0.0000,0.0000,198.0645,0.0000,150.0000,217.7796,60.9783,55.4581,5.5202,9.05,100.00
2010-12-11 21:00:00,Davis,177.2010,6.6937,6.6937,0.0000,0.0000,170.5073,0.0000,150.0000,177.2010,49.6163,47.7420,1.8742,3.78,100.00
2010-12-11 22:00:00,Davis,200.8365,14.5835,14.5835,0.0000,0.0000,186.2530,0.0000,150.0000,200.8365,56.2342,52.1508,4.0834,7.26,100.00
2010-12-11 23:00:00,Davis,189.3446,12.4323,12.4323,0.0000,0.0000,176.9123,0.0000,150.0000,189.3446,53.0165,49.5354,3.4810,6.57,100.00
2010-12-12 00:00:00,Davis,191.8089,24.1139,24.1139,0.0000,0.0000,167.6950,0.0000,150.0000,191.8089,53.7065,46.9546,6.7519,12.57,100.00
2010-12-12 01:00:00,Davis,186.4885,0.0846,0.0846,0.0000,0.0000,186.4039,0.0000,150.0000,186.4885,52.2168,52.1931,0.0237,0.05,100.00
2010-12-12 02:00:00,Davis,175.2722,7.3074,7.3074,0.0000,0.0000,167.9648,0.0000,150.0000,175.2722,49.0762,47.0301,2.0461,4.17,100.00
2010-12-12 03:00:00,Davis,187.3629,13.1797,13.1797,0.0000,0.0000,174.1832,0.0000,150.0000,187.3629,52.4616,48.7713,3.6903,7.03,100.00
2010-12-12 04:00:00,Davis,188.6648,32.0412,32.0412,0.0000,0.0000,156.6236,0.0000,150.0000,188.6648,52.8261,43.8546,8.9715,16.98,100.00
2010-12-12 05:00:00,Davis,159.0842,9.9487,9.9487,0.0000,0.0000,149.1355,0.0000,150.0000,159.0842,44.5436,41.7579,2.7856,6.25,100.00
2010-12-12 06:00:00,Davis,206.4883,31.9053,31.9053,0.0000,0.0000,174.5830,0.0000,150.0000,206.4883,57.8167,48.8832,8.9335,15.45,100.00
2010-12-12 07:00:00,Davis,195.3608,8.2640,8.2640,0.0000,0.0000,187.0968,0.0000,150.0000,195.3608,54.7010,52.3871,2.3139,4.23,100.00
2010-12-12 08:00:00,Davis,172.3859,48.1731,48.1731,0.0000,0.0000,124.2128,0.0000,150.0000,172.3859,48.2681,34.7796,13.4885,27.94,100.00
2010-12-12 09:00:00,Davis,204.2733,20.0381,20.0381,0.0000,0.0000,184.2352,0.0000,150.0000,204.2733,57.1965,51.5859,5.6107,9.81,100.00
2010-12-12 10:00:00,Davis,192.5888,11.3397,11.3397,0.0000,0.0000,181.2491,0.0000,150.0000,192.5888,53.9249,50.7497,3.1751,5.89,100.00
2010-12-12 11:00:00,Davis,190.7518,9.4869,9.4869,0.0000,0.0000,181.2649,0.0000,150.0000,190.7518,53.4105,50.7542,2.6563,4.97,100.00
2010-12-12 12:00:00,Davis,179.6429,36.2809,36.2809,0.0000,0.0000,143.3620,0.0000,150.0000,179.6429,50.3000,40.1414,10.1587,20.20,100.00
2010-12-12 13:00:00,Davis,202.2518,12.1399,12.1399,0.0000,0.0000,190.1119,0.0000,150.0000,202.2518,56.6305,53.2313,3.3992,6.00,100.00
2010-12-12 14:00:00,Davis,187.8636,5.4312,5.4312,0.0000,0.0000,182.4324,0.0000,150.0000,187.8636,52.6018,51.0811,1.5207,2.89,100.00
2010-12-12 15:00:00,Davis,179.8323,8.7180,8.7180,0.0000,0.0000,171.1143,0.0000,150.0000,179.8323,50.3530,47.9120,2.4410,4.85,100.00
2010-12-12 16:00:00,Davis,171.7003,19.9332,19.9332,0.0000,0.0000,151.7671,0.0000,150.0000,171.7003,48.0761,42.4948,5.5813,11.61,100.00
2010-12-12 17:00:00,Davis,196.7360,5.9144,5.9144,0.0000,0.0000,190.8216,0.0000,150.0000,196.7360,55.0861,53.4300,1.6560,3.01,100.00
2010-12-12 18:00:00,Davis,235.4391,6.3606,6.3606,0.0000,0.0000,229.0785,0.0000,150.0000,235.4391,65.9229,64.1420,1.7810,2.70,100.00
2010-12-12 19:00:00,Davis,207.0996,0.0000,0.0000,0.0000,0.0000,207.0996,0.0000,150.0000,207.0996,57.9879,57.9879,0.0000,0.00,100.00
2010-12-12 20:00:00,Davis,174.5850,21.8314,21.8314,0.0000,0.0000,152.7536,0.0000,150.0000,174.5850,48.8838,42.7710,6.1128,12.50,100.00
2010-12-12 21:00:00,Davis,206.0302,2.2312,2.2312,0.0000,0.0000,203.7990,0.0000,150.0000,206.0302,57.6885,57.0637,0.6247,1.08,100.00
2010-12-12 22:00:00,Davis,183.7718,0.9307,0.9307,0.0000,0.0000,182.8411,0.0000,150.0000,183.7718,51.4561,51.1955,0.2606,0.51,100.00
2010-12-12 23:00:00,Davis,201.4098,4.3735,4.3735,0.0000,0.0000,197.0363,0.0000,150.0000,201.4098,56.3947,55.1702,1.2246,2.17,100.00
2010-12-13 00:00:00,Davis,163.1451,24.4282,24.4282,0.0000,0.0000,138.7169,0.0000,150.0000,163.1451,45.6806,38.8407,6.8399,14.97,100.00
2010-12-13 01:00:00,Davis,171.6795,0.5110,0.5110,0.0000,0.0000,171.1685,0.0000,150.0000,171.6795,48.0703,47.9272,0.1431,0.30,100.00
2010-12-13 02:00:00,Davis,194.1696,27.2074,27.2074,0.0000,0.0000,166.9622,0.0000,150.0000,194.1696,54.3675,46.7494,7.6181,14.01,100.00
2010-12-13 03:00:00,Davis,159.3276,10.8297,10.8297,0.0000,0.0000,148.4979,0.0000,150.0000,159.3276,44.6117,41.5794,3.0323,6.80,100.00
2010-12-13 04:00:00,Davis,212.7654,21.5150,21.5150,0.0000,0.0000,191.2504,0.0000,150.0000,212.7654,59.5743,53.5501,6.0242,10.11,100.00
2010-12-13 05:00:00,Davis,173.0254,17.4102,17.4102,0.0000,0.0000,155.6152,0.0000,150.0000,173.0254,48.4471,43.5723,4.8749,10.06,100.00
2010-12-13 06:00:00,Davis,192.8130,13.8341,13.8341,0.0000,0.0000,178.9789,0.0000,150.0000,192.8130,53.9876,50.1141,3.8735,7.17,100.00
2010-12-13 07:00:00,Davis,197.1875,5.4271,5.4271,0.0000,0.0000,191.7604,0.0000,150.0000,197.1875,55.2125,53.6929,1.5196,2.75,100.00
2010-12-13 08:00:00,Davis,195.7345,34.3629,34.3629,0.0000,0.0000,161.3716,0.0000,150.0000,195.7345,54.8057,45.1840,9.6216,17.56,100.00
2010-12-13 09:00:00,Davis,213.8813,13.2799,13.2799,0.0000,0.0000,200.6014,0.0000,150.0000,213.8813,59.8868,56.1684,3.7184,6.21,100.00
2010-12-13 10:00:00,Davis,195.7336,12.3729,12.3729,0.0000,0.0000,183.3607,0.0000,150.0000,195.7336,54.8054,51.3410,3.4644,6.32,100.00
2010-12-13 11:00:00,Davis,185.9909,9.0723,9.0723,0.0000,0.0000,176.9186,0.0000,150.0000,185.9909,52.0775,49.5372,2.5402,4.88,100.00
2010-12-13 12:00:00,Davis,182.7114,36.1176,36.1176,0.0000,0.0000,146.5938,0.0000,150.0000,182.7114,51.1592,41.0463,10.1129,19.77,100.00
2010-12-13 13:00:00,Davis,188.5998,9.8506,9.8506,0.0000,0.0000,178.7492,0.0000,150.0000,188.5998,52.8079,50.0498,2.7582,5.22,100.00
2010-12-13 14:00:00,Davis,182.3029,4.2577,4.2577,0.0000,0.0000,178.0452,0.0000,150.0000,182.3029,51.0448,49.8527,1.1922,2.34,100.00
2010-12-13 15:00:00,Davis,200.2413,0.4615,0.4615,0.0000,0.0000,199.7798,0.0000,150.0000,200.2413,56.0676,55.9383,0.1292,0.23,100.00
2010-12-13 16:00:00,Davis,180.9374,24.0635,24.0635,0.0000,0.0000,156.8739,0.0000,150.0000,180.9374,50.6625,43.9247,6.7378,13.30,100.00
2010-12-13 17:00:00,Davis,220.4541,0.4558,0.4558,0.0000,0.0000,219.9983,0.0000,150.0000,220.4541,61.7271,61.5995,0.1276,0.21,100.00
2010-12-13 18:00:00,Davis,199.9036,0.5770,0.5770,0.0000,0.0000,199.3266,0.0000,150.0000,199.9036,55.9730,55.8114,0.1616,0.29,100.00
2010-12-13 19:00:00,Davis,196.9298,0.1691,0.1691,0.0000,0.0000,196.7607,0.0000,150.0000,196.9298,55.1403,55.0930,0.0473,0.09,100.00
2010-12-13 20:00:00,Davis,228.6359,25.6034,25.6034,0.0000,0.0000,203.0325,0.0000,150.0000,228.6359,64.0181,56.8491,7.1690,11.20,100.00
2010-12-13 21:00:00,Davis,188.5989,1.2034,1.2034,0.0000,0.0000,187.3955,0.0000,150.0000,188.5989,52.8077,52.4707,0.3370,0.64,100.00
2010-12-13 22:00:00,Davis,178.1963,14.7629,14.7629,0.0000,0.0000,163.4334,0.0000,150.0000,178.1963,49.8950,45.7614,4.1336,8.28,100.00
2010-12-13 23:00:00,Davis,175.0418,39.3454,39.3454,0.0000,0.0000,135.6964,0.0000,150.0000,175.0418,49.0117,37.9950,11.0167,22.48,100.00
2010-12-14 00:00:00,Davis,182.1972,31.6113,31.6113,0.0000,0.0000,150.5859,0.0000,150.0000,182.1972,51.0152,42.1641,8.8512,17.35,100.00
2010-12-14 01:00:00,Davis,170.8605,9.8571,9.8571,0.0000,0.0000,161.0034,0.0000,150.0000,170.8605,47.8409,45.0810,2.7600,5.77,100.00
2010-12-14 02:00:00,Davis,193.1920,11.3940,11.3940,0.0000,0.0000,181.7980,0.0000,150.0000,193.1920,54.0938,50.9034,3.1903,5.90,100.00
2010-12-14 03:00:00,Davis,184.9813,16.6758,16.6758,0.0000,0.0000,168.3055,0.0000,150.0000,184.9813,51.7948,47.1255,4.6692,9.01,100.00
2010-12-14 04:00:00,Davis,187.6660,36.5678,36.5678,0.0000,0.0000,151.0982,0.0000,150.0000,187.6660,52.5465,42.3075,10.2390,19.49,100.00
2010-12-14 05:00:00,Davis,182.6279,15.4089,15.4089,0.0000,0.0000,167.2190,0.0000,150.0000,182.6279,51.1358,46.8213,4.3145,8.44,100.00
2010-12-14 06:00:00,Davis,199.8377,21.7304,21.7304,0.0000,0.0000,178.1073,0.0000,150.0000,199.8377,55.9546,49.8700,6.0845,10.87,100.00
2010-12-14 07:00:00,Davis,192.5182,3.2861,3.2861,0.0000,0.0000,189.2321,0.0000,150.0000,192.5182,53.9051,52.9850,0.9201,1.71,100.00
2010-12-14 08:00:00,Davis,224.5921,38.5195,38.5195,0.0000,0.0000,186.0726,0.0000,150.0000,224.5921,62.8858,52.1003,10.7855,17.15,100.00
2010-12-14 09:00:00,Davis,180.5083,5.6614,5.6614,0.0000,0.0000,174.8469,0.0000,150.0000,180.5083,50.5423,48.9571,1.5852,3.14,100.00
2010-12-14 10:00:00,Davis,217.5402,17.1537,17.1537,0.0000,0.0000,200.3865,0.0000,150.0000,217.5402,60.9113,56.1082,4.8030,7.89,100.00
2010-12-14 11:00:00,Davis,179.8047,2.8121,2.8121,0.0000,0.0000,176.9926,0.0000,150.0000,179.8047,50.3453,49.5579,0.7874,1.56,100.00
2010-12-14 12:00:00,Davis,203.1230,37.9858,37.9858,0.0000,0.0000,165.1372,0.0000,150.0000,203.1230,56.8744,46.2384,10.6360,18.70,100.00
2010-12-14 13:00:00,Davis,224.6152,10.4719,10.4719,0.0000,0.0000,214.1433,0.0000,150.0000,224.6152,62.8923,59.9601,2.9321,4.66,100.00
2010-12-14 14:00:00,Davis,177.8705,10.2521,10.2521,0.0000,0.0000,167.6184,0.0000,150.0000,177.8705,49.8037,46.9332,2.8706,5.76,100.00
2010-12-14 15:00:00,Davis,200.4222,0.0000,0.0000,0.0000,0.0000,200.4222,0.0000,150.0000,200.4222,56.1182,56.1182,0.0000,0.00,100.00
2010-12-14 16:00:00,Davis,211.2994,33.8474,33.8474,0.0000,0.0000,177.4520,0.0000,150.0000,211.2994,59.1638,49.6866,9.4773,16.02,100.00
2010-12-14 17:00:00,Davis,204.0070,3.8637,3.8637,0.0000,0.0000,200.1433,0.0000,150.0000,204.0070,57.1220,56.0401,1.0818,1.89,100.00
2010-12-14 18:00:00,Davis,200.6808,4.5453,4.5453,0.0000,0.0000,196.1355,0.0000,150.0000,200.6808,56.1906,54.9179,1.2727,2.26,100.00
2010-12-14 19:00:00,Davis,183.2111,4.9560,4.9560,0.0000,0.0000,178.2551,0.0000,150.0000,183.2111,51.2991,49.9114,1.3877,2.71,100.00
2010-12-14 20:00:00,Davis,190.1143,14.9044,14.9044,0.0000,0.0000,175.2099,0.0000,150.0000,190.1143,53.2320,49.0588,4.1732,7.84,100.00
2010-12-14 21:00:00,Davis,215.3097,2.9668,2.9668,0.0000,0.0000,212.3429,0.0000,150.0000,215.3097,60.2867,59.4560,0.8307,1.38,100.00
2010-12-14 22:00:00,Davis,191.4603,7.7515,7.7515,0.0000,0.0000,183.7088,0.0000,150.0000,191.4603,53.6089,51.4385,2.1704,4.05,100.00
2010-12-14 23:00:00,Davis,172.2047,9.8893,9.8893,0.0000,0.0000,162.3154,0.0000,150.0000,172.2047,48.2173,45.4483,2.7690,5.74,100.00
2010-12-15 00:00:00,Davis,156.7161,40.8362,40.8362,0.0000,0.0000,115.8799,0.0000,150.0000,156.7161,43.8805,32.4464,11.4341,26.06,100.00
2010-12-15 01:00:00,Davis,189.0372,13.2900,13.2900,0.0000,0.0000,175.7472,0.0000,150.0000,189.0372,52.9304,49.2092,3.7212,7.03,100.00
2010-12-15 02:00:00,Davis,179.7472,16.2887,16.2887,0.0000,0.0000,163.4585,0.0000,150.0000,179.7472,50.3292,45.7684,4.5608,9.06,100.00
2010-12-15 03:00:00,Davis,178.8017,7.5026,7.5026,0.0000,0.0000,171.2991,0.0000,150.0000,178.8017,50.0645,47.9637,2.1007,4.20,100.00
2010-12-15 04:00:00,Davis,179.5862,60.7834,60.7834,0.0000,0.0000,118.8028,0.0000,150.0000,179.5862,50.2841,33.2648,17.0194,33.85,100.00
2010-12-15 05:00:00,Davis,188.7033,21.0357,21.0357,0.0000,0.0000,167.6676,0.0000,150.0000,188.7033,52.8369,46.9469,5.8900,11.15,100.00
2010-12-15 06:00:00,Davis,208.4924,25.5323,25.5323,0.0000,0.0000,182.9601,0.0000,150.0000,208.4924,58.3779,51.2288,7.1490,12.25,100.00
2010-12-15 07:00:00,Davis,186.6110,22.4224,22.4224,0.0000,0.0000,164.1886,0.0000,150.0000,186.6110,52.2511,45.9728,6.2783,12.02,100.00
2010-12-15 08:00:00,Davis,193.3006,29.4659,29.4659,0.0000,0.0000,163.8347,0.0000,150.0000,193.3006,54.1242,45.8737,8.2505,15.24,100.00
2010-12-15 09:00:00,Davis,175.6591,5.3656,5.3656,0.0000,0.0000,170.2935,0.0000,150.0000,175.6591,49.1845,47.6822,1.5024,3.05,100.00
2010-12-15 10:00:00,Davis,205.3178,24.3202,24.3202,0.0000,0.0000,180.9976,0.0000,150.0000,205.3178,57.4890,50.6793,6.8097,11.85,100.00
2010-12-15 11:00:00,Davis,176.4128,15.1882,15.1882,0.0000,0.0000,161.2246,0.0000,150.0000,176.4128,49.3956,45.1429,4.2527,8.61,100.00
2010-12-15 12:00:00,Davis,196.9832,36.3066,36.3066,0.0000,0.0000,160.6766,0.0000,150.0000,196.9832,55.1553,44.9894,10.1658,18.43,100.00
2010-12-15 13:00:00,Davis,185.1750,5.4312,5.4312,0.0000,0.0000,179.7438,0.0000,150.0000,185.1750,51.8490,50.3283,1.5207,2.93,100.00
2010-12-15 14:00:00,Davis,186.3993,1.4125,1.4125,0.0000,0.0000,184.9868,0.0000,150.0000,186.3993,52.1918,51.7963,0.3955,0.76,100.00
2010-12-15 15:00:00,Davis,176.1870,1.9441,1.9441,0.0000,0.0000,174.2429,0.0000,150.0000,176.1870,49.3324,48.7880,0.5443,1.10,100.00
2010-12-15 16:00:00,Davis,199.2365,38.3440,38.3440,0.0000,0.0000,160.8925,0.0000,150.0000,199.2365,55.7862,45.0499,10.7363,19.25,100.00
2010-12-15 17:00:00,Davis,213.1414,0.9358,0.9358,0.0000,0.0000,212.2056,0.0000,150.0000,213.1414,59.6796,59.4176,0.2620,0.44,100.00
2010-12-15 18:00:00,Davis,186.7802,7.4892,7.4892,0.0000,0.0000,179.2910,0.0000,150.0000,186.7802,52.2985,50.2015,2.0970,4.01,100.00
2010-12-15 19:00:00,Davis,207.6959,2.7580,2.7580,0.0000,0.0000,204.9379,0.0000,150.0000,207.6959,58.1549,57.3826,0.7722,1.33,100.00
2010-12-15 20:00:00,Davis,182.2852,26.8752,26.8752,0.0000,0.0000,155.4100,0.0000,150.0000,182.2852,51.0399,43.5148,7.5251,14.74,100.00
2010-12-15 21:00:00,Davis,197.4600,0.0000,0.0000,0.0000,0.0000,197.4600,0.0000,150.0000,197.4600,55.2888,55.2888,0.0000,0.00,100.00
2010-12-15 22:00:00,Davis,213.2609,3.1384,3.1384,0.0000,0.0000,210.1225,0.0000,150.0000,213.2609,59.7131,58.8343,0.8788,1.47,100.00
2010-12-15 23:00:00,Davis,166.6787,21.2643,21.2643,0.0000,0.0000,145.4144,0.0000,150.0000,166.6787,46.6700,40.7160,5.9540,12.76,100.00
2010-12-16 00:00:00,Davis,177.0482,26.0614,26.0614,0.0000,0.0000,150.9868,0.0000,150.0000,177.0482,49.5735,42.2763,7.2972,14.72,100.00
2010-12-16 01:00:00,Davis,163.7481,28.7517,28.7517,0.0000,0.0000,134.9964,0.0000,150.0000,163.7481,45.8495,37.7990,8.0505,17.56,100.00
2010-12-16 02:00:00,Davis,195.3850,27.6257,27.6257,0.0000,0.0000,167.7593,0.0000,150.0000,195.3850,54.7078,46.9726,7.7352,14.14,100.00
2010-12-16 03:00:00,Davis,185.2177,33.9473,33.9473,0.0000,0.0000,151.2704,0.0000,150.0000,185.2177,51.8610,42.3557,9.5052,18.33,100.00
2010-12-16 04:00:00,Davis,190.4019,35.4407,35.4407,0.0000,0.0000,154.9612,0.0000,150.0000,190.4019,53.3125,43.3891,9.9234,18.61,100.00
2010-12-16 05:00:00,Davis,197.8198,30.0162,30.0162,0.0000,0.0000,167.8036,0.0000,150.0000,197.8198,55.3895,46.9850,8.4045,15.17,100.00
2010-12-16 06:00:00,Davis,197.7230,12.7319,12.7319,0.0000,0.0000,184.9911,0.0000,150.0000,197.7230,55.3624,51.7975,3.5649,6.44,100.00
2010-12-16 07:00:00,Davis,184.1923,19.8095,19.8095,0.0000,0.0000,164.3828,0.0000,150.0000,184.1923,51.5738,46.0272,5.5467,10.75,100.00
2010-12-16 08:00:00,Davis,195.0777,24.9151,24.9151,0.0000,0.0000,170.1626,0.0000,150.0000,195.0777,54.6218,47.6455,6.9762,12.77,100.00
2010-12-16 09:00:00,Davis,226.2366,24.8425,24.8425,0.0000,0.0000,201.3941,0.0000,150.0000,226.2366,63.3462,56.3903,6.9559,10.98,100.00
2010-12-16 10:00:00,Davis,166.8035,11.1722,11.1722,0.0000,0.0000,155.6313,0.0000,150.0000,166.8035,46.7050,43.5768,3.1282,6.70,100.00
2010-12-16 11:00:00,Davis,208.6729,15.8049,15.8049,0.0000,0.0000,192.8680,0.0000,150.0000,208.6729,58.4284,54.0030,4.4254,7.57,100.00
2010-12-16 12:00:00,Davis,215.3675,33.4332,33.4332,0.0000,0.0000,181.9343,0.0000,150.0000,215.3675,60.3029,50.9416,9.3613,15.52,100.00
2010-12-16 13:00:00,Davis,203.2640,10.5890,10.5890,0.0000,0.0000,192.6750,0.0000,150.0000,203.2640,56.9139,53.9490,2.9649,5.21,100.00
2010-12-16 14:00:00,Davis,191.3894,8.4564,8.4564,0.0000,0.0000,182.9330,0.0000,150.0000,191.3894,53.5890,51.2212,2.3678,4.42,100.00
2010-12-16 15:00:00,Davis,179.0893,10.9651,10.9651,0.0000,0.0000,168.1242,0.0000,150.0000,179.0893,50.1450,47.0748,3.0702,6.12,100.00
2010-12-16 16:00:00,Davis,215.3944,25.3618,25.3618,0.0000,0.0000,190.0326,0.0000,150.0000,215.3944,60.3104,53.2091,7.1013,11.77,100.00
2010-12-16 17:00:00,Davis,207.8525,0.9358,0.9358,0.0000,0.0000,206.9167,0.0000,150.0000,207.8525,58.1987,57.9367,0.2620,0.45,100.00
2010-12-16 18:00:00,Davis,207.2520,19.6912,19.6912,0.0000,0.0000,187.5608,0.0000,150.0000,207.2520,58.0306,52.5170,5.5135,9.50,100.00
2010-12-16 19:00:00,Davis,226.7973,0.0000,0.0000,0.0000,0.0000,226.7973,0.0000,150.0000,226.7973,63.5032,63.5032,0.0000,0.00,100.00
2010-12-16 20:00:00,Davis,201.0129,26.9609,26.9609,0.0000,0.0000,174.0520,0.0000,150.0000,201.0129,56.2836,48.7346,7.5491,13.41,100.00
2010-12-16 21:00:00,Davis,191.5782,12.1430,12.1430,0.0000,0.0000,179.4352,0.0000,150.0000,191.5782,53.6419,50.2419,3.4000,6.34,100.00
2010-12-16 22:00:00,Davis,168.5811,12.0853,12.0853,0.0000,0.0000,156.4958,0.0000,150.0000,168.5811,47.2027,43.8188,3.3839,7.17,100.00
2010-12-16 23:00:00,Davis,168.3038,29.5188,29.5188,0.0000,0.0000,138.7850,0.0000,150.0000,168.3038,47.1251,38.8598,8.2653,17.54,100.00
2010-12-17 00:00:00,Davis,238.5237,39.8078,39.8078,0.0000,0.0000,198.7159,0.0000,150.0000,238.5237,66.7866,55.6405,11.1462,16.69,100.00
2010-12-17 01:00:00,Davis,153.3170,29.0917,29.0917,0.0000,0.0000,124.2253,0.0000,150.0000,153.3170,42.9288,34.7831,8.1457,18.97,100.00
2010-12-17 02:00:00,Davis,167.4652,56.3147,56.3147,0.0000,0.0000,111.1505,0.0000,150.0000,167.4652,46.8903,31.1221,15.7681,33.63,100.00
2010-12-17 03:00:00,Davis,192.5223,37.4794,37.4794,0.0000,0.0000,155.0429,0.0000,150.0000,192.5223,53.9062,43.4120,10.4942,19.47,100.00
2010-12-17 04:00:00,Davis,183.0677,45.8124,45.8124,0.0000,0.0000,137.2553,0.0000,150.0000,183.0677,51.2590,38.4315,12.8275,25.02,100.00
2010-12-17 05:00:00,Davis,178.2136,23.2009,23.2009,0.0000,0.0000,155.0127,0.0000,150.0000,178.2136,49.8998,43.4036,6.4963,13.02,100.00
2010-12-17 06:00:00,Davis,181.8332,29.1423,29.1423,0.0000,0.0000,152.6909,0.0000,150.0000,181.8332,50.9133,42.7535,8.1598,16.03,100.00
2010-12-17 07:00:00,Davis,176.5394,16.6805,16.6805,0.0000,0.0000,159.8589,0.0000,150.0000,176.5394,49.4310,44.7605,4.6705,9.45,100.00
2010-12-17 08:00:00,Davis,164.0896,25.2127,25.2127,0.0000,0.0000,138.8769,0.0000,150.0000,164.0896,45.9451,38.8855,7.0596,15.37,100.00
2010-12-17 09:00:00,Davis,213.0692,17.6559,17.6559,0.0000,0.0000,195.4133,0.0000,150.0000,213.0692,59.6594,54.7157,4.9437,8.29,100.00
2010-12-17 10:00:00,Davis,204.1756,8.7811,8.7811,0.0000,0.0000,195.3945,0.0000,150.0000,204.1756,57.1692,54.7105,2.4587,4.30,100.00
2010-12-17 11:00:00,Davis,203.2771,16.6989,16.6989,0.0000,0.0000,186.5782,0.0000,150.0000,203.2771,56.9176,52.2419,4.6757,8.21,100.00
2010-12-17 12:00:00,Davis,177.9061,38.2801,38.2801,0.0000,0.0000,139.6260,0.0000,150.0000,177.9061,49.8137,39.0953,10.7184,21.52,100.00
2010-12-17 13:00:00,Davis,187.8276,6.7419,6.7419,0.0000,0.0000,181.0857,0.0000,150.0000,187.8276,52.5917,50.7040,1.8877,3.59,100.00
2010-12-17 14:00:00,Davis,188.5105,26.1973,26.1973,0.0000,0.0000,162.3132,0.0000,150.0000,188.5105,52.7829,45.4477,7.3352,13.90,100.00
2010-12-17 15:00:00,Davis,204.0015,1.3117,1.3117,0.0000,0.0000,202.6898,0.0000,150.0000,204.0015,57.1204,56.7531,0.3673,0.64,100.00
2010-12-17 16:00:00,Davis,174.1251,27.6016,27.6016,0.0000,0.0000,146.5235,0.0000,150.0000,174.1251,48.7550,41.0266,7.7284,15.85,100.00
2010-12-17 17:00:00,Davis,205.9888,1.9100,1.9100,0.0000,0.0000,204.0788,0.0000,150.0000,205.9888,57.6769,57.1421,0.5348,0.93,100.00
2010-12-17 18:00:00,Davis,206.1545,2.5412,2.5412,0.0000,0.0000,203.6133,0.0000,150.0000,206.1545,57.7233,57.0117,0.7115,1.23,100.00
2010-12-17 19:00:00,Davis,215.4515,1.7053,1.7053,0.0000,0.0000,213.7462,0.0000,150.0000,215.4515,60.3264,59.8489,0.4775,0.79,100.00
2010-12-17 20:00:00,Davis,188.2957,12.4024,12.4024,0.0000,0.0000,175.8933,0.0000,150.0000,188.2957,52.7228,49.2501,3.4727,6.59,100.00
2010-12-17 21:00:00,Davis,189.3514,0.0000,0.0000,0.0000,0.0000,189.3514,0.0000,150.0000,189.3514,53.0184,53.0184,0.0000,0.00,100.00
2010-12-17 22:00:00,Davis,174.4999,14.7181,14.7181,0.0000,0.0000,159.7818,0.0000,150.0000,174.4999,48.8600,44.7389,4.1211,8.43,100.00
2010-12-17 23:00:00,Davis,168.4436,9.0492,9.0492,0.0000,0.0000,159.3944,0.0000,150.0000,168.4436,47.1642,44.6304,2.5338,5.37,100.00
2010-12-18 00:00:00,Davis,168.4703,30.9578,30.9578,0.0000,0.0000,137.5125,0.0000,150.0000,168.4703,47.1717,38.5035,8.6682,18.38,100.00
2010-12-18 01:00:00,Davis,182.7566,1.7976,1.7976,0.0000,0.0000,180.9590,0.0000,150.0000,182.7566,51.1718,50.6685,0.5033,0.98,100.00
2010-12-18 02:00:00,Davis,202.6553,19.3397,19.3397,0.0000,0.0000,183.3156,0.0000,150.0000,202.6553,56.7435,51.3284,5.4151,9.54,100.00
2010-12-18 03:00:00,Davis,205.3234,14.8281,14.8281,0.0000,0.0000,190.4953,0.0000,150.0000,205.3234,57.4906,53.3387,4.1519,7.22,100.00
2010-12-18 04:00:00,Davis,168.1035,28.6069,28.6069,0.0000,0.0000,139.4966,0.0000,150.0000,168.1035,47.0690,39.0590,8.0099,17.02,100.00
2010-12-18 05:00:00,Davis,162.5993,9.5224,9.5224,0.0000,0.0000,153.0769,0.0000,150.0000,162.5993,45.5278,42.8615,2.6663,5.86,100.00
2010-12-18 06:00:00,Davis,206.4296,5.8594,5.8594,0.0000,0.0000,200.5702,0.0000,150.0000,206.4296,57.8003,56.1597,1.6406,2.84,100.00
2010-12-18 07:00:00,Davis,177.7693,5.6926,5.6926,0.0000,0.0000,172.0767,0.0000,150.0000,177.7693,49.7754,48.1815,1.5939,3.20,100.00
2010-12-18 08:00:00,Davis,178.7260,38.6240,38.6240,0.0000,0.0000,140.1020,0.0000,150.0000,178.7260,50.0433,39.2286,10.8147,21.61,100.00
2010-12-18 09:00:00,Davis,189.6699,5.5345,5.5345,0.0000,0.0000,184.1354,0.0000,150.0000,189.6699,53.1076,51.5579,1.5497,2.92,100.00
2010-12-18 10:00:00,Davis,189.7906,20.7422,20.7422,0.0000,0.0000,169.0484,0.0000,150.0000,189.7906,53.1414,47.3336,5.8078,10.93,100.00
2010-12-18 11:00:00,Davis,210.5282,9.9528,9.9528,0.0000,0.0000,200.5754,0.0000,150.0000,210.5282,58.9479,56.1611,2.7868,4.73,100.00
2010-12-18 12:00:00,Davis,175.3565,34.3174,34.3174,0.0000,0.0000,141.0391,0.0000,150.0000,175.3565,49.0998,39.4909,9.6089,19.57,100.00
2010-12-18 13:00:00,Davis,178.2148,4.2257,4.2257,0.0000,0.0000,173.9891,0.0000,150.0000,178.2148,49.9001,48.7169,1.1832,2.37,100.00
2010-12-18 14:00:00,Davis,188.1599,1.2420,1.2420,0.0000,0.0000,186.9179,0.0000,150.0000,188.1599,52.6848,52.3370,0.3478,0.66,100.00
2010-12-18 15:00:00,Davis,170.3122,6.9436,6.9436,0.0000,0.0000,163.3686,0.0000,150.0000,170.3122,47.6874,45.7432,1.9442,4.08,100.00
2010-12-18 16:00:00,Davis,213.1257,18.5110,18.5110,0.0000,0.0000,194.6147,0.0000,150.0000,213.1257,59.6752,54.4921,5.1831,8.69,100.00
2010-12-18 17:00:00,Davis,222.5646,12.2627,12.2627,0.0000,0.0000,210.3019,0.0000,150.0000,222.5646,62.3181,58.8845,3.4336,5.51,100.00
2010-12-18 18:00:00,Davis,222.5850,8.4884,8.4884,0.0000,0.0000,214.0966,0.0000,150.0000,222.5850,62.3238,59.9470,2.3768,3.81,100.00
2010-12-18 19:00:00,Davis,221.3891,0.0000,0.0000,0.0000,0.0000,221.3891,0.0000,150.0000,221.3891,61.9889,61.9889,0.0000,0.00,100.00
2010-12-18 20:00:00,Davis,170.2565,27.6457,27.6457,0.0000,0.0000,142.6108,0.0000,150.0000,170.2565,47.6718,39.9310,7.7408,16.24,100.00
2010-12-18 21:00:00,Davis,207.2702,1.0365,1.0365,0.0000,0.0000,206.2337,0.0000,150.0000,207.2702,58.0357,57.7454,0.2902,0.50,100.00
2010-12-18 22:00:00,Davis,193.3937,9.3928,9.3928,0.0000,0.0000,184.0009,0.0000,150.0000,193.3937,54.1502,51.5203,2.6300,4.86,100.00
2010-12-18 23:00:00,Davis,174.0127,15.2466,15.2466,0.0000,0.0000,158.7661,0.0000,150.0000,174.0127,48.7236,44.4545,4.2690,8.76,100.00
2010-12-19 00:00:00,Davis,155.0509,34.4415,34.4415,0.0000,0.0000,120.6094,0.0000,150.0000,155.0509,43.4143,33.7706,9.6436,22.21,100.00
2010-12-19 01:00:00,Davis,197.2829,81.7368,81.7368,0.0000,0.0000,115.5461,0.0000,150.0000,197.2829,55.2392,32.3529,22.8863,41.43,100.00
2010-12-19 02:00:00,Davis,194.9910,24.1936,24.1936,0.0000,0.0000,170.7974,0.0000,150.0000,194.9910,54.5975,47.8233,6.7742,12.41,100.00
2010-12-19 03:00:00,Davis,202.3509,39.5973,39.5973,0.0000,0.0000,162.7536,0.0000,150.0000,202.3509,56.6583,45.5710,11.0872,19.57,100.00
2010-12-19 04:00:00,Davis,188.4438,37.5797,37.5797,0.0000,0.0000,150.8641,0.0000,150.0000,188.4438,52.7643,42.2419,10.5223,19.94,100.00
2010-12-19 05:00:00,Davis,179.7395,45.4711,45.4711,0.0000,0.0000,134.2684,0.0000,150.0000,179.7395,50.3271,37.5952,12.7319,25.30,100.00
2010-12-19 06:00:00,Davis,190.1425,13.7322,13.7322,0.0000,0.0000,176.4103,0.0000,150.0000,190.1425,53.2399,49.3949,3.8450,7.22,100.00
2010-12-19 07:00:00,Davis,185.6041,26.7852,26.7852,0.0000,0.0000,158.8189,0.0000,150.0000,185.6041,51.9691,44.4693,7.4999,14.43,100.00
2010-12-19 08:00:00,Davis,179.0005,36.8861,36.8861,0.0000,0.0000,142.1144,0.0000,150.0000,179.0005,50.1201,39.7920,10.3281,20.61,100.00
2010-12-19 09:00:00,Davis,192.3198,5.4568,5.4568,0.0000,0.0000,186.8630,0.0000,150.0000,192.3198,53.8495,52.3216,1.5279,2.84,100.00
2010-12-19 10:00:00,Davis,187.8520,14.7318,14.7318,0.0000,0.0000,173.1202,0.0000,150.0000,187.8520,52.5986,48.4737,4.1249,7.84,100.00
2010-12-19 11:00:00,Davis,197.0194,16.1659,16.1659,0.0000,0.0000,180.8535,0.0000,150.0000,197.0194,55.1654,50.6390,4.5265,8.21,100.00
2010-12-19 12:00:00,Davis,189.7619,34.4167,34.4167,0.0000,0.0000,155.3452,0.0000,150.0000,189.7619,53.1333,43.4967,9.6367,18.14,100.00
2010-12-19 13:00:00,Davis,211.5600,3.3448,3.3448,0.0000,0.0000,208.2152,0.0000,150.0000,211.5600,59.2368,58.3003,0.9365,1.58,100.00
2010-12-19 14:00:00,Davis,204.5564,8.8285,8.8285,0.0000,0.0000,195.7279,0.0000,150.0000,204.5564,57.2758,54.8038,2.4720,4.32,100.00
2010-12-19 15:00:00,Davis,204.6970,1.1972,1.1972,0.0000,0.0000,203.4998,0.0000,150.0000,204.6970,57.3152,56.9799,0.3352,0.58,100.00
2010-12-19 16:00:00,Davis,203.4426,33.1089,33.1089,0.0000,0.0000,170.3337,0.0000,150.0000,203.4426,56.9639,47.6934,9.2705,16.27,100.00
2010-12-19 17:00:00,Davis,204.4013,0.6225,0.6225,0.0000,0.0000,203.7788,0.0000,150.0000,204.4013,57.2324,57.0581,0.1743,0.30,100.00
2010-12-19 18:00:00,Davis,209.2340,3.1439,3.1439,0.0000,0.0000,206.0901,0.0000,150.0000,209.2340,58.5855,57.7052,0.8803,1.50,100.00
2010-12-19 19:00:00,Davis,230.5097,0.0000,0.0000,0.0000,0.0000,230.5097,0.0000,150.0000,230.5097,64.5427,64.5427,0.0000,0.00,100.00
2010-12-19 20:00:00,Davis,190.4155,32.4445,32.4445,0.0000,0.0000,157.9710,0.0000,150.0000,190.4155,53.3163,44.2319,9.0845,17.04,100.00
2010-12-19 21:00:00,Davis,186.6203,0.0000,0.0000,0.0000,0.0000,186.6203,0.0000,150.0000,186.6203,52.2537,52.2537,0.0000,0.00,100.00
2010-12-19 22:00:00,Davis,155.8439,10.6901,10.6901,0.0000,0.0000,145.1538,0.0000,150.0000,155.8439,43.6363,40.6431,2.9932,6.86,100.00
2010-12-19 23:00:00,Davis,178.9870,14.5793,14.5793,0.0000,0.0000,164.4077,0.0000,150.0000,178.9870,50.1164,46.0342,4.0822,8.15,100.00
2010-12-20 00:00:00,Davis,170.8981,19.7859,19.7859,0.0000,0.0000,151.1122,0.0000,150.0000,170.8981,47.8515,42.3114,5.5401,11.58,100.00
2010-12-20 01:00:00,Davis,158.3499,26.0536,26.0536,0.0000,0.0000,132.2963,0.0000,150.0000,158.3499,44.3380,37.0430,7.2950,16.45,100.00
2010-12-20 02:00:00,Davis,179.0593,36.5047,36.5047,0.0000,0.0000,142.5546,0.0000,150.0000,179.0593,50.1366,39.9153,10.2213,20.39,100.00
2010-12-20 03:00:00,Davis,204.3873,6.8407,6.8407,0.0000,0.0000,197.5466,0.0000,150.0000,204.3873,57.2284,55.3130,1.9154,3.35,100.00
2010-12-20 04:00:00,Davis,181.0663,33.0655,33.0655,0.0000,0.0000,148.0008,0.0000,150.0000,181.0663,50.6986,41.4402,9.2583,18.26,100.00
2010-12-20 05:00:00,Davis,170.4582,7.1583,7.1583,0.0000,0.0000,163.2999,0.0000,150.0000,170.4582,47.7283,45.7240,2.0043,4.20,100.00
2010-12-20 06:00:00,Davis,189.1365,15.1336,15.1336,0.0000,0.0000,174.0029,0.0000,150.0000,189.1365,52.9582,48.7208,4.2374,8.00,100.00
2010-12-20 07:00:00,Davis,170.1712,17.2334,17.2334,0.0000,0.0000,152.9378,0.0000,150.0000,170.1712,47.6479,42.8226,4.8254,10.13,100.00
2010-12-20 08:00:00,Davis,224.3960,39.8002,39.8002,0.0000,0.0000,184.5958,0.0000,150.0000,224.3960,62.8309,51.6868,11.1441,17.74,100.00
2010-12-20 09:00:00,Davis,179.8156,9.1093,9.1093,0.0000,0.0000,170.7063,0.0000,150.0000,179.8156,50.3484,47.7978,2.5506,5.07,100.00
2010-12-20 10:00:00,Davis,215.1267,9.7018,9.7018,0.0000,0.0000,205.4249,0.0000,150.0000,215.1267,60.2355,57.5190,2.7165,4.51,100.00
2010-12-20 11:00:00,Davis,198.3021,9.0190,9.0190,0.0000,0.0000,189.2831,0.0000,150.0000,198.3021,55.5246,52.9993,2.5253,4.55,100.00
2010-12-20 12:00:00,Davis,181.1466,34.8156,34.8156,0.0000,0.0000,146.3310,0.0000,150.0000,181.1466,50.7210,40.9727,9.7484,19.22,100.00
2010-12-20 13:00:00,Davis,195.4154,9.4606,9.4606,0.0000,0.0000,185.9548,0.0000,150.0000,195.4154,54.7163,52.0673,2.6490,4.84,100.00
2010-12-20 14:00:00,Davis,182.2609,14.1884,14.1884,0.0000,0.0000,168.0725,0.0000,150.0000,182.2609,51.0331,47.0603,3.9728,7.78,100.00
2010-12-20 15:00:00,Davis,215.4834,3.0290,3.0290,0.0000,0.0000,212.4544,0.0000,150.0000,215.4834,60.3354,59.4872,0.8481,1.41,100.00
2010-12-20 16:00:00,Davis,174.9345,28.9355,28.9355,0.0000,0.0000,145.9990,0.0000,150.0000,174.9345,48.9817,40.8797,8.1019,16.54,100.00
2010-12-20 17:00:00,Davis,198.6422,5.9909,5.9909,0.0000,0.0000,192.6513,0.0000,150.0000,198.6422,55.6198,53.9424,1.6775,3.02,100.00
2010-12-20 18:00:00,Davis,210.9533,1.1957,1.1957,0.0000,0.0000,209.7576,0.0000,150.0000,210.9533,59.0669,58.7321,0.3348,0.57,100.00
2010-12-20 19:00:00,Davis,174.9287,4.9166,4.9166,0.0000,0.0000,170.0121,0.0000,150.0000,174.9287,48.9800,47.6034,1.3766,2.81,100.00
2010-12-20 20:00:00,Davis,182.4962,9.2391,9.2391,0.0000,0.0000,173.2571,0.0000,150.0000,182.4962,51.0989,48.5120,2.5869,5.06,100.00
2010-12-20 21:00:00,Davis,186.2028,8.4407,8.4407,0.0000,0.0000,177.7621,0.0000,150.0000,186.2028,52.1368,49.7734,2.3634,4.53,100.00
2010-12-20 22:00:00,Davis,194.6309,7.2557,7.2557,0.0000,0.0000,187.3752,0.0000,150.0000,194.6309,54.4967,52.4651,2.0316,3.73,100.00
2010-12-20 23:00:00,Davis,171.0900,1.9403,1.9403,0.0000,0.0000,169.1497,0.0000,150.0000,171.0900,47.9052,47.3619,0.5433,1.13,100.00
2010-12-21 00:00:00,Davis,167.3215,31.3471,31.3471,0.0000,0.0000,135.9744,0.0000,150.0000,167.3215,46.8500,38.0728,8.7772,18.73,100.00
2010-12-21 01:00:00,Davis,191.4298,27.8066,27.8066,0.0000,0.0000,163.6232,0.0000,150.0000,191.4298,53.6003,45.8145,7.7858,14.53,100.00
2010-12-21 02:00:00,Davis,170.8805,12.8956,12.8956,0.0000,0.0000,157.9849,0.0000,150.0000,170.8805,47.8465,44.2358,3.6108,7.55,100.00
2010-12-21 03:00:00,Davis,179.6511,19.3455,19.3455,0.0000,0.0000,160.3056,0.0000,150.0000,179.6511,50.3023,44.8856,5.4167,10.77,100.00
2010-12-21 04:00:00,Davis,182.3387,33.0676,33.0676,0.0000,0.0000,149.2711,0.0000,150.0000,182.3387,51.0548,41.7959,9.2589,18.14,100.00
2010-12-21 05:00:00,Davis,182.4526,32.5313,32.5313,0.0000,0.0000,149.9213,0.0000,150.0000,182.4526,51.0867,41.9780,9.1088,17.83,100.00
2010-12-21 06:00:00,Davis,204.6117,12.3685,12.3685,0.0000,0.0000,192.2432,0.0000,150.0000,204.6117,57.2913,53.8281,3.4632,6.04,100.00
2010-12-21 07:00:00,Davis,200.1329,18.2232,18.2232,0.0000,0.0000,181.9097,0.0000,150.0000,200.1329,56.0372,50.9347,5.1025,9.11,100.00
2010-12-21 08:00:00,Davis,204.9670,33.2115,33.2115,0.0000,0.0000,171.7555,0.0000,150.0000,204.9670,57.3908,48.0915,9.2992,16.20,100.00
2010-12-21 09:00:00,Davis,177.5895,16.6618,16.6618,0.0000,0.0000,160.9277,0.0000,150.0000,177.5895,49.7251,45.0598,4.6653,9.38,100.00
2010-12-21 10:00:00,Davis,202.4618,18.4379,18.4379,0.0000,0.0000,184.0239,0.0000,150.0000,202.4618,56.6893,51.5267,5.1626,9.11,100.00
2010-12-21 11:00:00,Davis,198.1504,20.7020,20.7020,0.0000,0.0000,177.4484,0.0000,150.0000,198.1504,55.4821,49.6856,5.7966,10.45,100.00
2010-12-21 12:00:00,Davis,230.7024,30.7943,30.7943,0.0000,0.0000,199.9081,0.0000,150.0000,230.7024,64.5967,55.9743,8.6224,13.35,100.00
2010-12-21 13:00:00,Davis,175.4480,6.7521,6.7521,0.0000,0.0000,168.6959,0.0000,150.0000,175.4480,49.1254,47.2349,1.8906,3.85,100.00
2010-12-21 14:00:00,Davis,203.4979,1.8141,1.8141,0.0000,0.0000,201.6838,0.0000,150.0000,203.4979,56.9794,56.4715,0.5079,0.89,100.00
2010-12-21 15:00:00,Davis,184.7105,14.3419,14.3419,0.0000,0.0000,170.3686,0.0000,150.0000,184.7105,51.7189,47.7032,4.0157,7.76,100.00
2010-12-21 16:00:00,Davis,199.9873,38.5173,38.5173,0.0000,0.0000,161.4700,0.0000,150.0000,199.9873,55.9964,45.2116,10.7848,19.26,100.00
2010-12-21 17:00:00,Davis,213.1574,8.3591,8.3591,0.0000,0.0000,204.7983,0.0000,150.0000,213.1574,59.6841,57.3435,2.3405,3.92,100.00
2010-12-21 18:00:00,Davis,205.0029,0.5955,0.5955,0.0000,0.0000,204.4074,0.0000,150.0000,205.0029,57.4008,57.2341,0.1667,0.29,100.00
2010-12-21 19:00:00,Davis,175.4812,0.0000,0.0000,0.0000,0.0000,175.4812,0.0000,150.0000,175.4812,49.1347,49.1347,0.0000,0.00,100.00
2010-12-21 20:00:00,Davis,203.1234,21.4316,21.4316,0.0000,0.0000,181.6918,0.0000,150.0000,203.1234,56.8746,50.8737,6.0008,10.55,100.00
2010-12-21 21:00:00,Davis,177.0100,9.8523,9.8523,0.0000,0.0000,167.1577,0.0000,150.0000,177.0100,49.5628,46.8042,2.7586,5.57,100.00
2010-12-21 22:00:00,Davis,196.4614,8.9126,8.9126,0.0000,0.0000,187.5488,0.0000,150.0000,196.4614,55.0092,52.5137,2.4955,4.54,100.00
2010-12-21 23:00:00,Davis,188.3580,25.3829,25.3829,0.0000,0.0000,162.9751,0.0000,150.0000,188.3580,52.7402,45.6330,7.1072,13.48,100.00
2010-12-22 00:00:00,Davis,156.3628,23.2612,23.2612,0.0000,0.0000,133.1016,0.0000,150.0000,156.3628,43.7816,37.2684,6.5131,14.88,100.00
2010-12-22 01:00:00,Davis,211.5836,9.1751,9.1751,0.0000,0.0000,202.4085,0.0000,150.0000,211.5836,59.2434,56.6744,2.5690,4.34,100.00
2010-12-22 02:00:00,Davis,179.4738,7.1610,7.1610,0.0000,0.0000,172.3128,0.0000,150.0000,179.4738,50.2527,48.2476,2.0051,3.99,100.00
2010-12-22 03:00:00,Davis,185.3797,12.6729,12.6729,0.0000,0.0000,172.7068,0.0000,150.0000,185.3797,51.9063,48.3579,3.5484,6.84,100.00
2010-12-22 04:00:00,Davis,174.0182,37.4946,37.4946,0.0000,0.0000,136.5236,0.0000,150.0000,174.0182,48.7251,38.2266,10.4985,21.55,100.00
2010-12-22 05:00:00,Davis,191.3080,10.4710,10.4710,0.0000,0.0000,180.8370,0.0000,150.0000,191.3080,53.5662,50.6344,2.9319,5.47,100.00
2010-12-22 06:00:00,Davis,164.3127,16.3929,16.3929,0.0000,0.0000,147.9198,0.0000,150.0000,164.3127,46.0076,41.4175,4.5900,9.98,100.00
2010-12-22 07:00:00,Davis,192.4603,15.5431,15.5431,0.0000,0.0000,176.9172,0.0000,150.0000,192.4603,53.8889,49.5368,4.3521,8.08,100.00
2010-12-22 08:00:00,Davis,181.5426,33.7766,33.7766,0.0000,0.0000,147.7660,0.0000,150.0000,181.5426,50.8319,41.3745,9.4574,18.61,100.00
2010-12-22 09:00:00,Davis,183.2417,15.8841,15.8841,0.0000,0.0000,167.3576,0.0000,150.0000,183.2417,51.3077,46.8601,4.4475,8.67,100.00
2010-12-22 10:00:00,Davis,196.2575,31.8972,31.8972,0.0000,0.0000,164.3603,0.0000,150.0000,196.2575,54.9521,46.0209,8.9312,16.25,100.00
2010-12-22 11:00:00,Davis,220.0634,13.3710,13.3710,0.0000,0.0000,206.6924,0.0000,150.0000,220.0634,61.6178,57.8739,3.7439,6.08,100.00
2010-12-22 12:00:00,Davis,222.3477,32.5629,32.5629,0.0000,0.0000,189.7848,0.0000,150.0000,222.3477,62.2574,53.1397,9.1176,14.65,100.00
2010-12-22 13:00:00,Davis,186.9272,4.9119,4.9119,0.0000,0.0000,182.0153,0.0000,150.0000,186.9272,52.3396,50.9643,1.3753,2.63,100.00
2010-12-22 14:00:00,Davis,208.2422,3.1449,3.1449,0.0000,0.0000,205.0973,0.0000,150.0000,208.2422,58.3078,57.4272,0.8806,1.51,100.00
2010-12-22 15:00:00,Davis,178.8093,0.0000,0.0000,0.0000,0.0000,178.8093,0.0000,150.0000,178.8093,50.0666,50.0666,0.0000,0.00,100.00
2010-12-22 16:00:00,Davis,195.8958,23.7464,23.7464,0.0000,0.0000,172.1494,0.0000,150.0000,195.8958,54.8508,48.2018,6.6490,12.12,100.00
2010-12-22 17:00:00,Davis,206.8405,3.3591,3.3591,0.0000,0.0000,203.4814,0.0000,150.0000,206.8405,57.9153,56.9748,0.9405,1.62,100.00
2010-12-22 18:00:00,Davis,227.7126,17.3744,17.3744,0.0000,0.0000,210.3382,0.0000,150.0000,227.7126,63.7595,58.8947,4.8648,7.63,100.00
2010-12-22 19:00:00,Davis,212.6294,8.6646,8.6646,0.0000,0.0000,203.9648,0.0000,150.0000,212.6294,59.5362,57.1101,2.4261,4.07,100.00
2010-12-22 20:00:00,Davis,176.7700,13.7248,13.7248,0.0000,0.0000,163.0452,0.0000,150.0000,176.7700,49.4956,45.6527,3.8429,7.76,100.00
2010-12-22 21:00:00,Davis,197.3072,0.8471,0.8471,0.0000,0.0000,196.4601,0.0000,150.0000,197.3072,55.2460,55.0088,0.2372,0.43,100.00
2010-12-22 22:00:00,Davis,187.8248,1.7512,1.7512,0.0000,0.0000,186.0736,0.0000,150.0000,187.8248,52.5909,52.1006,0.4903,0.93,100.00
2010-12-22 23:00:00,Davis,191.6292,16.1517,16.1517,0.0000,0.0000,175.4775,0.0000,150.0000,191.6292,53.6562,49.1337,4.5225,8.43,100.00
2010-12-23 00:00:00,Davis,181.8568,38.3820,38.3820,0.0000,0.0000,143.4748,0.0000,150.0000,181.8568,50.9199,40.1729,10.7470,21.11,100.00
2010-12-23 01:00:00,Davis,175.6799,26.1926,26.1926,0.0000,0.0000,149.4873,0.0000,150.0000,175.6799,49.1904,41.8564,7.3339,14.91,100.00
2010-12-23 02:00:00,Davis,176.2344,38.2011,38.2011,0.0000,0.0000,138.0333,0.0000,150.0000,176.2344,49.3456,38.6493,10.6963,21.68,100.00
2010-12-23 03:00:00,Davis,174.2130,18.5913,18.5913,0.0000,0.0000,155.6217,0.0000,150.0000,174.2130,48.7796,43.5741,5.2056,10.67,100.00
2010-12-23 04:00:00,Davis,183.2718,47.7582,47.7582,0.0000,0.0000,135.5136,0.0000,150.0000,183.2718,51.3161,37.9438,13.3723,26.06,100.00
2010-12-23 05:00:00,Davis,171.5188,21.0357,21.0357,0.0000,0.0000,150.4831,0.0000,150.0000,171.5188,48.0253,42.1353,5.8900,12.26,100.00
2010-12-23 06:00:00,Davis,187.3259,26.8546,26.8546,0.0000,0.0000,160.4713,0.0000,150.0000,187.3259,52.4513,44.9320,7.5193,14.34,100.00
2010-12-23 07:00:00,Davis,182.8513,5.7037,5.7037,0.0000,0.0000,177.1476,0.0000,150.0000,182.8513,51.1984,49.6013,1.5970,3.12,100.00
2010-12-23 08:00:00,Davis,210.0107,41.6175,41.6175,0.0000,0.0000,168.3932,0.0000,150.0000,210.0107,58.8030,47.1501,11.6529,19.82,100.00
2010-12-23 09:00:00,Davis,175.1841,5.8360,5.8360,0.0000,0.0000,169.3481,0.0000,150.0000,175.1841,49.0515,47.4175,1.6341,3.33,100.00
2010-12-23 10:00:00,Davis,186.2998,17.4287,17.4287,0.0000,0.0000,168.8711,0.0000,150.0000,186.2998,52.1639,47.2839,4.8800,9.36,100.00
2010-12-23 11:00:00,Davis,183.7257,11.2706,11.2706,0.0000,0.0000,172.4551,0.0000,150.0000,183.7257,51.4432,48.2874,3.1558,6.13,100.00
2010-12-23 12:00:00,Davis,192.1414,40.3652,40.3652,0.0000,0.0000,151.7762,0.0000,150.0000,192.1414,53.7996,42.4973,11.3023,21.01,100.00
2010-12-23 13:00:00,Davis,183.7245,10.3932,10.3932,0.0000,0.0000,173.3313,0.0000,150.0000,183.7245,51.4429,48.5328,2.9101,5.66,100.00
2010-12-23 14:00:00,Davis,197.2686,9.8235,9.8235,0.0000,0.0000,187.4451,0.0000,150.0000,197.2686,55.2352,52.4846,2.7506,4.98,100.00
2010-12-23 15:00:00,Davis,181.0885,13.2373,13.2373,0.0000,0.0000,167.8512,0.0000,150.0000,181.0885,50.7048,46.9983,3.7064,7.31,100.00
2010-12-23 16:00:00,Davis,187.8959,33.5799,33.5799,0.0000,0.0000,154.3160,0.0000,150.0000,187.8959,52.6109,43.2085,9.4024,17.87,100.00
2010-12-23 17:00:00,Davis,217.6147,1.7831,1.7831,0.0000,0.0000,215.8316,0.0000,150.0000,217.6147,60.9321,60.4328,0.4993,0.82,100.00
2010-12-23 18:00:00,Davis,211.8969,1.2633,1.2633,0.0000,0.0000,210.6336,0.0000,150.0000,211.8969,59.3311,58.9774,0.3537,0.60,100.00
2010-12-23 19:00:00,Davis,187.4820,9.4450,9.4450,0.0000,0.0000,178.0370,0.0000,150.0000,187.4820,52.4950,49.8504,2.6446,5.04,100.00
2010-12-23 20:00:00,Davis,187.7385,16.5393,16.5393,0.0000,0.0000,171.1992,0.0000,150.0000,187.7385,52.5668,47.9358,4.6310,8.81,100.00
2010-12-23 21:00:00,Davis,202.7835,15.0466,15.0466,0.0000,0.0000,187.7369,0.0000,150.0000,202.7835,56.7794,52.5663,4.2130,7.42,100.00
2010-12-23 22:00:00,Davis,166.1045,0.1805,0.1805,0.0000,0.0000,165.9240,0.0000,150.0000,166.1045,46.5093,46.4587,0.0505,0.11,100.00
2010-12-23 23:00:00,Davis,165.8496,10.0890,10.0890,0.0000,0.0000,155.7606,0.0000,150.0000,165.8496,46.4379,43.6130,2.8249,6.08,100.00
2010-12-24 00:00:00,Davis,168.3623,39.0683,39.0683,0.0000,0.0000,129.2940,0.0000,150.0000,168.3623,47.1414,36.2023,10.9391,23.20,100.00
2010-12-24 01:00:00,Davis,185.3671,27.7426,27.7426,0.0000,0.0000,157.6245,0.0000,150.0000,185.3671,51.9028,44.1349,7.7679,14.97,100.00
2010-12-24 02:00:00,Davis,195.5959,11.1042,11.1042,0.0000,0.0000,184.4917,0.0000,150.0000,195.5959,54.7669,51.6577,3.1092,5.68,100.00
2010-12-24 03:00:00,Davis,169.9006,35.1831,35.1831,0.0000,0.0000,134.7175,0.0000,150.0000,169.9006,47.5722,37.7209,9.8513,20.71,100.00
2010-12-24 04:00:00,Davis,186.1862,38.3549,38.3549,0.0000,0.0000,147.8313,0.0000,150.0000,186.1862,52.1321,41.3928,10.7394,20.60,100.00
2010-12-24 05:00:00,Davis,186.5424,23.2009,23.2009,0.0000,0.0000,163.3415,0.0000,150.0000,186.5424,52.2319,45.7356,6.4963,12.44,100.00
2010-12-24 06:00:00,Davis,174.1017,22.6002,22.6002,0.0000,0.0000,151.5015,0.0000,150.0000,174.1017,48.7485,42.4204,6.3281,12.98,100.00
2010-12-24 07:00:00,Davis,186.1806,17.1034,17.1034,0.0000,0.0000,169.0772,0.0000,150.0000,186.1806,52.1306,47.3416,4.7890,9.19,100.00
2010-12-24 08:00:00,Davis,171.7886,44.6151,44.6151,0.0000,0.0000,127.1735,0.0000,150.0000,171.7886,48.1008,35.6086,12.4922,25.97,100.00
2010-12-24 09:00:00,Davis,202.4502,14.1029,14.1029,0.0000,0.0000,188.3473,0.0000,150.0000,202.4502,56.6861,52.7372,3.9488,6.97,100.00
2010-12-24 10:00:00,Davis,178.9743,17.1898,17.1898,0.0000,0.0000,161.7845,0.0000,150.0000,178.9743,50.1128,45.2997,4.8131,9.60,100.00
2010-12-24 11:00:00,Davis,207.2762,11.2706,11.2706,0.0000,0.0000,196.0056,0.0000,150.0000,207.2762,58.0373,54.8816,3.1558,5.44,100.00
2010-12-24 12:00:00,Davis,180.7794,44.0320,44.0320,0.0000,0.0000,136.7474,0.0000,150.0000,180.7794,50.6182,38.2893,12.3290,24.36,100.00
2010-12-24 13:00:00,Davis,187.2571,9.6328,9.6328,0.0000,0.0000,177.6243,0.0000,150.0000,187.2571,52.4320,49.7348,2.6972,5.14,100.00
2010-12-24 14:00:00,Davis,167.5131,3.0402,3.0402,0.0000,0.0000,164.4729,0.0000,150.0000,167.5131,46.9037,46.0524,0.8513,1.81,100.00
2010-12-24 15:00:00,Davis,170.1708,7.3040,7.3040,0.0000,0.0000,162.8668,0.0000,150.0000,170.1708,47.6478,45.6027,2.0451,4.29,100.00
2010-12-24 16:00:00,Davis,211.0984,27.7005,27.7005,0.0000,0.0000,183.3979,0.0000,150.0000,211.0984,59.1076,51.3514,7.7561,13.12,100.00
2010-12-24 17:00:00,Davis,210.9079,2.0979,2.0979,0.0000,0.0000,208.8100,0.0000,150.0000,210.9079,59.0542,58.4668,0.5874,0.99,100.00
2010-12-24 18:00:00,Davis,233.0736,8.0604,8.0604,0.0000,0.0000,225.0132,0.0000,150.0000,233.0736,65.2606,63.0037,2.2569,3.46,100.00
2010-12-24 19:00:00,Davis,222.4889,3.3121,3.3121,0.0000,0.0000,219.1768,0.0000,150.0000,222.4889,62.2969,61.3695,0.9274,1.49,100.00
2010-12-24 20:00:00,Davis,177.3396,19.2740,19.2740,0.0000,0.0000,158.0656,0.0000,150.0000,177.3396,49.6551,44.2584,5.3967,10.87,100.00
2010-12-24 21:00:00,Davis,174.6429,13.1395,13.1395,0.0000,0.0000,161.5034,0.0000,150.0000,174.6429,48.9000,45.2210,3.6791,7.52,100.00
2010-12-24 22:00:00,Davis,189.5133,7.0050,7.0050,0.0000,0.0000,182.5083,0.0000,150.0000,189.5133,53.0637,51.1023,1.9614,3.70,100.00
2010-12-24 23:00:00,Davis,175.6552,23.9063,23.9063,0.0000,0.0000,151.7489,0.0000,150.0000,175.6552,49.1835,42.4897,6.6938,13.61,100.00
2010-12-25 00:00:00,Davis,185.0660,38.5277,38.5277,0.0000,0.0000,146.5383,0.0000,150.0000,185.0660,51.8185,41.0307,10.7878,20.82,100.00
2010-12-25 01:00:00,Davis,180.8089,9.0356,9.0356,0.0000,0.0000,171.7733,0.0000,150.0000,180.8089,50.6265,48.0965,2.5300,5.00,100.00
2010-12-25 02:00:00,Davis,199.9094,14.4632,14.4632,0.0000,0.0000,185.4462,0.0000,150.0000,199.9094,55.9746,51.9249,4.0497,7.23,100.00
2010-12-25 03:00:00,Davis,149.0727,42.6892,42.6892,0.0000,0.0000,106.3835,0.0000,150.0000,149.0727,41.7404,29.7874,11.9530,28.64,100.00
2010-12-25 04:00:00,Davis,192.4058,35.2775,35.2775,0.0000,0.0000,157.1283,0.0000,150.0000,192.4058,53.8736,43.9959,9.8777,18.33,100.00
2010-12-25 05:00:00,Davis,175.9669,15.4089,15.4089,0.0000,0.0000,160.5580,0.0000,150.0000,175.9669,49.2707,44.9562,4.3145,8.76,100.00
2010-12-25 06:00:00,Davis,203.0204,15.0846,15.0846,0.0000,0.0000,187.9358,0.0000,150.0000,203.0204,56.8457,52.6220,4.2237,7.43,100.00
2010-12-25 07:00:00,Davis,192.6971,24.9831,24.9831,0.0000,0.0000,167.7140,0.0000,150.0000,192.6971,53.9552,46.9599,6.9953,12.96,100.00
2010-12-25 08:00:00,Davis,187.8654,31.8710,31.8710,0.0000,0.0000,155.9944,0.0000,150.0000,187.8654,52.6023,43.6784,8.9239,16.96,100.00
2010-12-25 09:00:00,Davis,181.6457,8.2802,8.2802,0.0000,0.0000,173.3655,0.0000,150.0000,181.6457,50.8608,48.5423,2.3185,4.56,100.00
2010-12-25 10:00:00,Davis,196.9015,5.1530,5.1530,0.0000,0.0000,191.7485,0.0000,150.0000,196.9015,55.1324,53.6896,1.4428,2.62,100.00
2010-12-25 11:00:00,Davis,209.3606,15.6132,15.6132,0.0000,0.0000,193.7474,0.0000,150.0000,209.3606,58.6210,54.2493,4.3717,7.46,100.00
2010-12-25 12:00:00,Davis,188.3972,25.7510,25.7510,0.0000,0.0000,162.6462,0.0000,150.0000,188.3972,52.7512,45.5409,7.2103,13.67,100.00
2010-12-25 13:00:00,Davis,176.3862,4.2922,4.2922,0.0000,0.0000,172.0940,0.0000,150.0000,176.3862,49.3881,48.1863,1.2018,2.43,100.00
2010-12-25 14:00:00,Davis,167.3964,8.1738,8.1738,0.0000,0.0000,159.2226,0.0000,150.0000,167.3964,46.8710,44.5823,2.2887,4.88,100.00
2010-12-25 15:00:00,Davis,215.8030,0.0000,0.0000,0.0000,0.0000,215.8030,0.0000,150.0000,215.8030,60.4248,60.4248,0.0000,0.00,100.00
2010-12-25 16:00:00,Davis,193.1627,14.1546,14.1546,0.0000,0.0000,179.0081,0.0000,150.0000,193.1627,54.0856,50.1223,3.9633,7.33,100.00
2010-12-25 17:00:00,Davis,214.4982,3.3288,3.3288,0.0000,0.0000,211.1694,0.0000,150.0000,214.4982,60.0595,59.1274,0.9321,1.55,100.00
2010-12-25 18:00:00,Davis,223.7512,7.4611,7.4611,0.0000,0.0000,216.2901,0.0000,150.0000,223.7512,62.6503,60.5612,2.0891,3.33,100.00
2010-12-25 19:00:00,Davis,207.8325,2.5403,2.5403,0.0000,0.0000,205.2922,0.0000,150.0000,207.8325,58.1931,57.4818,0.7113,1.22,100.00
2010-12-25 20:00:00,Davis,186.2853,32.6537,32.6537,0.0000,0.0000,153.6316,0.0000,150.0000,186.2853,52.1599,43.0168,9.1430,17.53,100.00
2010-12-25 21:00:00,Davis,188.5067,4.5835,4.5835,0.0000,0.0000,183.9232,0.0000,150.0000,188.5067,52.7819,51.4985,1.2834,2.43,100.00
2010-12-25 22:00:00,Davis,185.0838,1.2571,1.2571,0.0000,0.0000,183.8267,0.0000,150.0000,185.0838,51.8235,51.4715,0.3520,0.68,100.00
2010-12-25 23:00:00,Davis,202.1412,44.1862,44.1862,0.0000,0.0000,157.9550,0.0000,150.0000,202.1412,56.5995,44.2274,12.3721,21.86,100.00
2010-12-26 00:00:00,Davis,185.5163,27.5461,27.5461,0.0000,0.0000,157.9702,0.0000,150.0000,185.5163,51.9446,44.2317,7.7129,14.85,100.00
2010-12-26 01:00:00,Davis,206.1816,11.1618,11.1618,0.0000,0.0000,195.0198,0.0000,150.0000,206.1816,57.7308,54.6055,3.1253,5.41,100.00
2010-12-26 02:00:00,Davis,169.1924,9.3103,9.3103,0.0000,0.0000,159.8821,0.0000,150.0000,169.1924,47.3739,44.7670,2.6069,5.50,100.00
2010-12-26 03:00:00,Davis,175.0754,13.0783,13.0783,0.0000,0.0000,161.9971,0.0000,150.0000,175.0754,49.0211,45.3592,3.6619,7.47,100.00
2010-12-26 04:00:00,Davis,215.0454,30.0039,30.0039,0.0000,0.0000,185.0415,0.0000,150.0000,215.0454,60.2127,51.8116,8.4011,13.95,100.00
2010-12-26 05:00:00,Davis,168.4680,17.2943,17.2943,0.0000,0.0000,151.1737,0.0000,150.0000,168.4680,47.1710,42.3286,4.8424,10.27,100.00
2010-12-26 06:00:00,Davis,184.1594,19.1044,19.1044,0.0000,0.0000,165.0550,0.0000,150.0000,184.1594,51.5646,46.2154,5.3492,10.37,100.00
2010-12-26 07:00:00,Davis,180.9245,4.4661,4.4661,0.0000,0.0000,176.4584,0.0000,150.0000,180.9245,50.6589,49.4084,1.2505,2.47,100.00
2010-12-26 08:00:00,Davis,178.9295,32.0632,32.0632,0.0000,0.0000,146.8663,0.0000,150.0000,178.9295,50.1003,41.1226,8.9777,17.92,100.00
2010-12-26 09:00:00,Davis,190.9021,13.8140,13.8140,0.0000,0.0000,177.0881,0.0000,150.0000,190.9021,53.4526,49.5847,3.8679,7.24,100.00
2010-12-26 10:00:00,Davis,222.8085,9.6348,9.6348,0.0000,0.0000,213.1737,0.0000,150.0000,222.8085,62.3864,59.6886,2.6977,4.32,100.00
2010-12-26 11:00:00,Davis,213.8007,8.0681,8.0681,0.0000,0.0000,205.7326,0.0000,150.0000,213.8007,59.8642,57.6051,2.2591,3.77,100.00
2010-12-26 12:00:00,Davis,163.9360,42.6883,42.6883,0.0000,0.0000,121.2477,0.0000,150.0000,163.9360,45.9021,33.9494,11.9527,26.04,100.00
2010-12-26 13:00:00,Davis,177.6311,21.2445,21.2445,0.0000,0.0000,156.3866,0.0000,150.0000,177.6311,49.7367,43.7882,5.9485,11.96,100.00
2010-12-26 14:00:00,Davis,165.2139,5.8049,5.8049,0.0000,0.0000,159.4090,0.0000,150.0000,165.2139,46.2599,44.6345,1.6254,3.51,100.00
2010-12-26 15:00:00,Davis,208.7410,10.4746,10.4746,0.0000,0.0000,198.2664,0.0000,150.0000,208.7410,58.4475,55.5146,2.9329,5.02,100.00
2010-12-26 16:00:00,Davis,211.4477,19.9771,19.9771,0.0000,0.0000,191.4706,0.0000,150.0000,211.4477,59.2054,53.6118,5.5936,9.45,100.00
2010-12-26 17:00:00,Davis,209.9104,2.4821,2.4821,0.0000,0.0000,207.4283,0.0000,150.0000,209.9104,58.7749,58.0799,0.6950,1.18,100.00
2010-12-26 18:00:00,Davis,210.5293,2.7981,2.7981,0.0000,0.0000,207.7312,0.0000,150.0000,210.5293,58.9482,58.1647,0.7835,1.33,100.00
2010-12-26 19:00:00,Davis,189.0254,0.3564,0.3564,0.0000,0.0000,188.6690,0.0000,150.0000,189.0254,52.9271,52.8273,0.0998,0.19,100.00
2010-12-26 20:00:00,Davis,207.3631,32.2991,32.2991,0.0000,0.0000,175.0640,0.0000,150.0000,207.3631,58.0617,49.0179,9.0437,15.58,100.00
2010-12-26 21:00:00,Davis,205.4912,5.2308,5.2308,0.0000,0.0000,200.2604,0.0000,150.0000,205.4912,57.5375,56.0729,1.4646,2.55,100.00
2010-12-26 22:00:00,Davis,175.3382,8.3414,8.3414,0.0000,0.0000,166.9968,0.0000,150.0000,175.3382,49.0947,46.7591,2.3356,4.76,100.00
2010-12-26 23:00:00,Davis,167.7589,9.7282,9.7282,0.0000,0.0000,158.0307,0.0000,150.0000,167.7589,46.9725,44.2486,2.7239,5.80,100.00
2010-12-27 00:00:00,Davis,193.4052,42.1887,42.1887,0.0000,0.0000,151.2165,0.0000,150.0000,193.4052,54.1535,42.3406,11.8128,21.81,100.00
2010-12-27 01:00:00,Davis,167.1343,11.3382,11.3382,0.0000,0.0000,155.7961,0.0000,150.0000,167.1343,46.7976,43.6229,3.1747,6.78,100.00
2010-12-27 02:00:00,Davis,170.1113,20.1885,20.1885,0.0000,0.0000,149.9228,0.0000,150.0000,170.1113,47.6312,41.9784,5.6528,11.87,100.00
2010-12-27 03:00:00,Davis,171.7918,19.9088,19.9088,0.0000,0.0000,151.8830,0.0000,150.0000,171.7918,48.1017,42.5272,5.5745,11.59,100.00
2010-12-27 04:00:00,Davis,178.5588,33.4135,33.4135,0.0000,0.0000,145.1453,0.0000,150.0000,178.5588,49.9965,40.6407,9.3558,18.71,100.00
2010-12-27 05:00:00,Davis,168.5661,8.7974,8.7974,0.0000,0.0000,159.7687,0.0000,150.0000,168.5661,47.1985,44.7352,2.4633,5.22,100.00
2010-12-27 06:00:00,Davis,182.9417,21.5875,21.5875,0.0000,0.0000,161.3542,0.0000,150.0000,182.9417,51.2237,45.1792,6.0445,11.80,100.00
2010-12-27 07:00:00,Davis,198.2587,14.8561,14.8561,0.0000,0.0000,183.4026,0.0000,150.0000,198.2587,55.5124,51.3527,4.1597,7.49,100.00
2010-12-27 08:00:00,Davis,206.3996,39.9365,39.9365,0.0000,0.0000,166.4631,0.0000,150.0000,206.3996,57.7919,46.6097,11.1822,19.35,100.00
2010-12-27 09:00:00,Davis,192.0792,6.1586,6.1586,0.0000,0.0000,185.9206,0.0000,150.0000,192.0792,53.7822,52.0578,1.7244,3.21,100.00
2010-12-27 10:00:00,Davis,192.5173,12.6230,12.6230,0.0000,0.0000,179.8943,0.0000,150.0000,192.5173,53.9048,50.3704,3.5344,6.56,100.00
2010-12-27 11:00:00,Davis,228.7715,11.9578,11.9578,0.0000,0.0000,216.8137,0.0000,150.0000,228.7715,64.0560,60.7078,3.3482,5.23,100.00
2010-12-27 12:00:00,Davis,220.1555,33.7377,33.7377,0.0000,0.0000,186.4178,0.0000,150.0000,220.1555,61.6435,52.1970,9.4466,15.32,100.00
2010-12-27 13:00:00,Davis,193.8192,9.7222,9.7222,0.0000,0.0000,184.0970,0.0000,150.0000,193.8192,54.2694,51.5472,2.7222,5.02,100.00
2010-12-27 14:00:00,Davis,178.0891,9.5490,9.5490,0.0000,0.0000,168.5401,0.0000,150.0000,178.0891,49.8649,47.1912,2.6737,5.36,100.00
2010-12-27 15:00:00,Davis,203.0556,0.4027,0.4027,0.0000,0.0000,202.6529,0.0000,150.0000,203.0556,56.8556,56.7428,0.1128,0.20,100.00
2010-12-27 16:00:00,Davis,195.1777,38.2515,38.2515,0.0000,0.0000,156.9262,0.0000,150.0000,195.1777,54.6498,43.9393,10.7104,19.60,100.00
2010-12-27 17:00:00,Davis,211.0204,2.0961,2.0961,0.0000,0.0000,208.9243,0.0000,150.0000,211.0204,59.0857,58.4988,0.5869,0.99,100.00
2010-12-27 18:00:00,Davis,234.1169,17.4370,17.4370,0.0000,0.0000,216.6799,0.0000,150.0000,234.1169,65.5527,60.6704,4.8824,7.45,100.00
2010-12-27 19:00:00,Davis,206.8021,1.7264,1.7264,0.0000,0.0000,205.0757,0.0000,150.0000,206.8021,57.9046,57.4212,0.4834,0.83,100.00
2010-12-27 20:00:00,Davis,197.2889,18.9117,18.9117,0.0000,0.0000,178.3772,0.0000,150.0000,197.2889,55.2409,49.9456,5.2953,9.59,100.00
2010-12-27 21:00:00,Davis,183.6050,11.2295,11.2295,0.0000,0.0000,172.3755,0.0000,150.0000,183.6050,51.4094,48.2651,3.1443,6.12,100.00
2010-12-27 22:00:00,Davis,162.7623,4.1844,4.1844,0.0000,0.0000,158.5779,0.0000,150.0000,162.7623,45.5734,44.4018,1.1716,2.57,100.00
2010-12-27 23:00:00,Davis,188.3571,6.0721,6.0721,0.0000,0.0000,182.2850,0.0000,150.0000,188.3571,52.7400,51.0398,1.7002,3.22,100.00
2010-12-28 00:00:00,Davis,190.1870,25.7391,25.7391,0.0000,0.0000,164.4479,0.0000,150.0000,190.1870,53.2524,46.0454,7.2069,13.53,100.00
2010-12-28 01:00:00,Davis,170.1787,6.4740,6.4740,0.0000,0.0000,163.7047,0.0000,150.0000,170.1787,47.6500,45.8373,1.8127,3.80,100.00
2010-12-28 02:00:00,Davis,155.4224,35.6185,35.6185,0.0000,0.0000,119.8039,0.0000,150.0000,155.4224,43.5183,33.5451,9.9732,22.92,100.00
2010-12-28 03:00:00,Davis,191.1300,18.6819,18.6819,0.0000,0.0000,172.4481,0.0000,150.0000,191.1300,53.5164,48.2855,5.2309,9.77,100.00
2010-12-28 04:00:00,Davis,190.8279,34.8822,34.8822,0.0000,0.0000,155.9457,0.0000,150.0000,190.8279,53.4318,43.6648,9.7670,18.28,100.00
2010-12-28 05:00:00,Davis,186.5776,17.5988,17.5988,0.0000,0.0000,168.9788,0.0000,150.0000,186.5776,52.2417,47.3141,4.9277,9.43,100.00
2010-12-28 06:00:00,Davis,186.2838,13.7460,13.7460,0.0000,0.0000,172.5378,0.0000,150.0000,186.2838,52.1595,48.3106,3.8489,7.38,100.00
2010-12-28 07:00:00,Davis,178.9252,8.3745,8.3745,0.0000,0.0000,170.5507,0.0000,150.0000,178.9252,50.0991,47.7542,2.3449,4.68,100.00
2010-12-28 08:00:00,Davis,182.2531,36.8188,36.8188,0.0000,0.0000,145.4343,0.0000,150.0000,182.2531,51.0309,40.7216,10.3093,20.20,100.00
2010-12-28 09:00:00,Davis,195.7443,7.7568,7.7568,0.0000,0.0000,187.9875,0.0000,150.0000,195.7443,54.8084,52.6365,2.1719,3.96,100.00
2010-12-28 10:00:00,Davis,196.4298,20.9059,20.9059,0.0000,0.0000,175.5239,0.0000,150.0000,196.4298,55.0003,49.1467,5.8537,10.64,100.00
2010-12-28 11:00:00,Davis,213.5606,17.9260,17.9260,0.0000,0.0000,195.6346,0.0000,150.0000,213.5606,59.7970,54.7777,5.0193,8.39,100.00
2010-12-28 12:00:00,Davis,184.9782,37.0507,37.0507,0.0000,0.0000,147.9275,0.0000,150.0000,184.9782,51.7939,41.4197,10.3742,20.03,100.00
2010-12-28 13:00:00,Davis,175.1638,3.6600,3.6600,0.0000,0.0000,171.5038,0.0000,150.0000,175.1638,49.0459,48.0211,1.0248,2.09,100.00
2010-12-28 14:00:00,Davis,187.6768,6.2731,6.2731,0.0000,0.0000,181.4037,0.0000,150.0000,187.6768,52.5495,50.7930,1.7565,3.34,100.00
2010-12-28 15:00:00,Davis,182.2087,10.2052,10.2052,0.0000,0.0000,172.0035,0.0000,150.0000,182.2087,51.0184,48.1610,2.8575,5.60,100.00
2010-12-28 16:00:00,Davis,169.2819,31.6019,31.6019,0.0000,0.0000,137.6800,0.0000,150.0000,169.2819,47.3989,38.5504,8.8485,18.67,100.00
2010-12-28 17:00:00,Davis,226.1248,5.1662,5.1662,0.0000,0.0000,220.9586,0.0000,150.0000,226.1248,63.3149,61.8684,1.4465,2.28,100.00
2010-12-28 18:00:00,Davis,198.1565,7.8855,7.8855,0.0000,0.0000,190.2710,0.0000,150.0000,198.1565,55.4838,53.2759,2.2079,3.98,100.00
2010-12-28 19:00:00,Davis,205.3651,0.0000,0.0000,0.0000,0.0000,205.3651,0.0000,150.0000,205.3651,57.5022,57.5022,0.0000,0.00,100.00
2010-12-28 20:00:00,Davis,188.6372,22.4677,22.4677,0.0000,0.0000,166.1695,0.0000,150.0000,188.6372,52.8184,46.5275,6.2910,11.91,100.00
2010-12-28 21:00:00,Davis,182.0998,4.5316,4.5316,0.0000,0.0000,177.5682,0.0000,150.0000,182.0998,50.9879,49.7191,1.2688,2.49,100.00
2010-12-28 22:00:00,Davis,173.7007,0.0000,0.0000,0.0000,0.0000,173.7007,0.0000,150.0000,173.7007,48.6362,48.6362,0.0000,0.00,100.00
2010-12-28 23:00:00,Davis,183.7847,14.9078,14.9078,0.0000,0.0000,168.8769,0.0000,150.0000,183.7847,51.4597,47.2855,4.1742,8.11,100.00
2010-12-29 00:00:00,Davis,186.8832,47.5763,47.5763,0.0000,0.0000,139.3069,0.0000,150.0000,186.8832,52.3273,39.0059,13.3214,25.46,100.00
2010-12-29 01:00:00,Davis,170.5337,27.8569,27.8569,0.0000,0.0000,142.6768,0.0000,150.0000,170.5337,47.7494,39.9495,7.7999,16.34,100.00
2010-12-29 02:00:00,Davis,167.7038,88.1829,88.1829,0.0000,0.0000,79.5209,0.0000,150.0000,167.7038,46.9571,22.2659,24.6912,52.58,100.00
2010-12-29 03:00:00,Davis,187.9930,16.2695,16.2695,0.0000,0.0000,171.7235,0.0000,150.0000,187.9930,52.6380,48.0826,4.5555,8.65,100.00
2010-12-29 04:00:00,Davis,201.8740,30.1401,30.1401,0.0000,0.0000,171.7339,0.0000,150.0000,201.8740,56.5247,48.0855,8.4392,14.93,100.00
2010-12-29 05:00:00,Davis,190.5996,34.2521,34.2521,0.0000,0.0000,156.3475,0.0000,150.0000,190.5996,53.3679,43.7773,9.5906,17.97,100.00
2010-12-29 06:00:00,Davis,192.5252,7.0094,7.0094,0.0000,0.0000,185.5158,0.0000,150.0000,192.5252,53.9071,51.9444,1.9626,3.64,100.00
2010-12-29 07:00:00,Davis,186.8871,15.7204,15.7204,0.0000,0.0000,171.1667,0.0000,150.0000,186.8871,52.3284,47.9267,4.4017,8.41,100.00
2010-12-29 08:00:00,Davis,173.8807,40.1779,40.1779,0.0000,0.0000,133.7028,0.0000,150.0000,173.8807,48.6866,37.4368,11.2498,23.11,100.00
2010-12-29 09:00:00,Davis,186.5228,14.4981,14.4981,0.0000,0.0000,172.0247,0.0000,150.0000,186.5228,52.2264,48.1669,4.0595,7.77,100.00
2010-12-29 10:00:00,Davis,181.5113,11.1591,11.1591,0.0000,0.0000,170.3522,0.0000,150.0000,181.5113,50.8232,47.6986,3.1245,6.15,100.00
2010-12-29 11:00:00,Davis,214.5516,8.3822,8.3822,0.0000,0.0000,206.1694,0.0000,150.0000,214.5516,60.0744,57.7274,2.3470,3.91,100.00
2010-12-29 12:00:00,Davis,189.5044,21.5191,21.5191,0.0000,0.0000,167.9853,0.0000,150.0000,189.5044,53.0612,47.0359,6.0253,11.36,100.00
2010-12-29 13:00:00,Davis,170.2219,11.4036,11.4036,0.0000,0.0000,158.8183,0.0000,150.0000,170.2219,47.6621,44.4691,3.1930,6.70,100.00
2010-12-29 14:00:00,Davis,179.7757,12.3770,12.3770,0.0000,0.0000,167.3987,0.0000,150.0000,179.7757,50.3372,46.8716,3.4656,6.88,100.00
2010-12-29 15:00:00,Davis,185.6722,1.0901,1.0901,0.0000,0.0000,184.5821,0.0000,150.0000,185.6722,51.9882,51.6830,0.3052,0.59,100.00
2010-12-29 16:00:00,Davis,228.8552,17.6142,17.6142,0.0000,0.0000,211.2410,0.0000,150.0000,228.8552,64.0795,59.1475,4.9320,7.70,100.00
2010-12-29 17:00:00,Davis,205.4372,0.0000,0.0000,0.0000,0.0000,205.4372,0.0000,150.0000,205.4372,57.5224,57.5224,0.0000,0.00,100.00
2010-12-29 18:00:00,Davis,220.2251,5.9437,5.9437,0.0000,0.0000,214.2814,0.0000,150.0000,220.2251,61.6630,59.9988,1.6642,2.70,100.00
2010-12-29 19:00:00,Davis,205.1069,0.0000,0.0000,0.0000,0.0000,205.1069,0.0000,150.0000,205.1069,57.4299,57.4299,0.0000,0.00,100.00
2010-12-29 20:00:00,Davis,177.0654,40.8712,40.8712,0.0000,0.0000,136.1942,0.0000,150.0000,177.0654,49.5783,38.1344,11.4439,23.08,100.00
2010-12-29 21:00:00,Davis,184.0819,13.6330,13.6330,0.0000,0.0000,170.4489,0.0000,150.0000,184.0819,51.5429,47.7257,3.8172,7.41,100.00
2010-12-29 22:00:00,Davis,186.6281,10.2777,10.2777,0.0000,0.0000,176.3504,0.0000,150.0000,186.6281,52.2559,49.3781,2.8778,5.51,100.00
2010-12-29 23:00:00,Davis,162.0838,13.0820,13.0820,0.0000,0.0000,149.0018,0.0000,150.0000,162.0838,45.3835,41.7205,3.6630,8.07,100.00
2010-12-30 00:00:00,Davis,153.1800,28.0927,28.0927,0.0000,0.0000,125.0873,0.0000,150.0000,153.1800,42.8904,35.0244,7.8660,18.34,100.00
2010-12-30 01:00:00,Davis,185.4905,34.5887,34.5887,0.0000,0.0000,150.9018,0.0000,150.0000,185.4905,51.9373,42.2525,9.6848,18.65,100.00
2010-12-30 02:00:00,Davis,174.4788,18.9284,18.9284,0.0000,0.0000,155.5504,0.0000,150.0000,174.4788,48.8541,43.5541,5.3000,10.85,100.00
2010-12-30 03:00:00,Davis,188.2668,15.6257,15.6257,0.0000,0.0000,172.6411,0.0000,150.0000,188.2668,52.7147,48.3395,4.3752,8.30,100.00
2010-12-30 04:00:00,Davis,186.6177,38.9828,38.9828,0.0000,0.0000,147.6349,0.0000,150.0000,186.6177,52.2530,41.3378,10.9152,20.89,100.00
2010-12-30 05:00:00,Davis,193.6722,21.2284,21.2284,0.0000,0.0000,172.4438,0.0000,150.0000,193.6722,54.2282,48.2843,5.9440,10.96,100.00
2010-12-30 06:00:00,Davis,161.3142,12.6453,12.6453,0.0000,0.0000,148.6689,0.0000,150.0000,161.3142,45.1680,41.6273,3.5407,7.84,100.00
2010-12-30 07:00:00,Davis,174.1744,7.3786,7.3786,0.0000,0.0000,166.7958,0.0000,150.0000,174.1744,48.7688,46.7028,2.0660,4.24,100.00
2010-12-30 08:00:00,Davis,180.6213,27.4441,27.4441,0.0000,0.0000,153.1772,0.0000,150.0000,180.6213,50.5740,42.8896,7.6843,15.19,100.00
2010-12-30 09:00:00,Davis,216.5294,23.0949,23.0949,0.0000,0.0000,193.4345,0.0000,150.0000,216.5294,60.6282,54.1617,6.4666,10.67,100.00
2010-12-30 10:00:00,Davis,184.5498,8.6101,8.6101,0.0000,0.0000,175.9397,0.0000,150.0000,184.5498,51.6739,49.2631,2.4108,4.67,100.00
2010-12-30 11:00:00,Davis,182.7293,7.8530,7.8530,0.0000,0.0000,174.8763,0.0000,150.0000,182.7293,51.1642,48.9654,2.1988,4.30,100.00
2010-12-30 12:00:00,Davis,179.7934,33.4350,33.4350,0.0000,0.0000,146.3584,0.0000,150.0000,179.7934,50.3422,40.9804,9.3618,18.60,100.00
2010-12-30 13:00:00,Davis,168.4526,22.7699,22.7699,0.0000,0.0000,145.6827,0.0000,150.0000,168.4526,47.1667,40.7912,6.3756,13.52,100.00
2010-12-30 14:00:00,Davis,199.4234,1.3919,1.3919,0.0000,0.0000,198.0315,0.0000,150.0000,199.4234,55.8386,55.4488,0.3897,0.70,100.00
2010-12-30 15:00:00,Davis,180.6051,2.9954,2.9954,0.0000,0.0000,177.6097,0.0000,150.0000,180.6051,50.5694,49.7307,0.8387,1.66,100.00
2010-12-30 16:00:00,Davis,198.3377,42.4719,42.4719,0.0000,0.0000,155.8658,0.0000,150.0000,198.3377,55.5346,43.6424,11.8921,21.41,100.00
2010-12-30 17:00:00,Davis,186.3645,13.9757,13.9757,0.0000,0.0000,172.3888,0.0000,150.0000,186.3645,52.1821,48.2689,3.9132,7.50,100.00
2010-12-30 18:00:00,Davis,237.3178,1.8918,1.8918,0.0000,0.0000,235.4260,0.0000,150.0000,237.3178,66.4490,65.9193,0.5297,0.80,100.00
2010-12-30 19:00:00,Davis,209.7826,2.5265,2.5265,0.0000,0.0000,207.2561,0.0000,150.0000,209.7826,58.7391,58.0317,0.7074,1.20,100.00
2010-12-30 20:00:00,Davis,194.9098,11.6593,11.6593,0.0000,0.0000,183.2505,0.0000,150.0000,194.9098,54.5747,51.3101,3.2646,5.98,100.00
2010-12-30 21:00:00,Davis,185.9082,3.4267,3.4267,0.0000,0.0000,182.4815,0.0000,150.0000,185.9082,52.0543,51.0948,0.9595,1.84,100.00
2010-12-30 22:00:00,Davis,171.4612,0.3338,0.3338,0.0000,0.0000,171.1274,0.0000,150.0000,171.4612,48.0091,47.9157,0.0935,0.19,100.00
2010-12-30 23:00:00,Davis,212.5799,0.1249,0.1249,0.0000,0.0000,212.4550,0.0000,150.0000,212.5799,59.5224,59.4874,0.0350,0.06,100.00
2010-12-31 00:00:00,Davis,185.5124,46.4505,46.4505,0.0000,0.0000,139.0619,0.0000,150.0000,185.5124,51.9435,38.9373,13.0061,25.04,100.00
2010-12-31 01:00:00,Davis,154.5045,31.1652,31.1652,0.0000,0.0000,123.3393,0.0000,150.0000,154.5045,43.2613,34.5350,8.7263,20.17,100.00
2010-12-31 02:00:00,Davis,161.2205,10.4862,10.4862,0.0000,0.0000,150.7343,0.0000,150.0000,161.2205,45.1417,42.2056,2.9361,6.50,100.00
2010-12-31 03:00:00,Davis,175.6426,27.0162,27.0162,0.0000,0.0000,148.6264,0.0000,150.0000,175.6426,49.1799,41.6154,7.5645,15.38,100.00
2010-12-31 04:00:00,Davis,188.8483,18.4929,18.4929,0.0000,0.0000,170.3554,0.0000,150.0000,188.8483,52.8775,47.6995,5.1780,9.79,100.00
2010-12-31 05:00:00,Davis,178.8148,9.4607,9.4607,0.0000,0.0000,169.3541,0.0000,150.0000,178.8148,50.0681,47.4191,2.6490,5.29,100.00
2010-12-31 06:00:00,Davis,183.7276,20.5983,20.5983,0.0000,0.0000,163.1293,0.0000,150.0000,183.7276,51.4437,45.6762,5.7675,11.21,100.00
2010-12-31 07:00:00,Davis,188.7014,20.1948,20.1948,0.0000,0.0000,168.5066,0.0000,150.0000,188.7014,52.8364,47.1818,5.6545,10.70,100.00
2010-12-31 08:00:00,Davis,176.8866,33.2370,33.2370,0.0000,0.0000,143.6496,0.0000,150.0000,176.8866,49.5282,40.2219,9.3064,18.79,100.00
2010-12-31 09:00:00,Davis,218.0817,8.1757,8.1757,0.0000,0.0000,209.9060,0.0000,150.0000,218.0817,61.0629,58.7737,2.2892,3.75,100.00
2010-12-31 10:00:00,Davis,178.8663,9.6920,9.6920,0.0000,0.0000,169.1743,0.0000,150.0000,178.8663,50.0826,47.3688,2.7138,5.42,100.00
2010-12-31 11:00:00,Davis,190.2804,11.8762,11.8762,0.0000,0.0000,178.4042,0.0000,150.0000,190.2804,53.2785,49.9532,3.3253,6.24,100.00
2010-12-31 12:00:00,Davis,208.6903,47.8218,47.8218,0.0000,0.0000,160.8685,0.0000,150.0000,208.6903,58.4333,45.0432,13.3901,22.92,100.00
2010-12-31 13:00:00,Davis,177.2058,14.9454,14.9454,0.0000,0.0000,162.2604,0.0000,150.0000,177.2058,49.6176,45.4329,4.1847,8.43,100.00
2010-12-31 14:00:00,Davis,181.2929,3.1449,3.1449,0.0000,0.0000,178.1480,0.0000,150.0000,181.2929,50.7620,49.8814,0.8806,1.73,100.00
2010-12-31 15:00:00,Davis,223.9067,0.0000,0.0000,0.0000,0.0000,223.9067,0.0000,150.0000,223.9067,62.6939,62.6939,0.0000,0.00,100.00
2010-12-31 16:00:00,Davis,185.6712,28.8314,28.8314,0.0000,0.0000,156.8398,0.0000,150.0000,185.6712,51.9879,43.9151,8.0728,15.53,100.00
2010-12-31 17:00:00,Davis,207.4537,0.3482,0.3482,0.0000,0.0000,207.1055,0.0000,150.0000,207.4537,58.0870,57.9895,0.0975,0.17,100.00
2010-12-31 18:00:00,Davis,198.6542,3.8252,3.8252,0.0000,0.0000,194.8290,0.0000,150.0000,198.6542,55.6232,54.5521,1.0711,1.93,100.00
2010-12-31 19:00:00,Davis,218.8312,3.4592,3.4592,0.0000,0.0000,215.3720,0.0000,150.0000,218.8312,61.2727,60.3042,0.9686,1.58,100.00
2010-12-31 20:00:00,Davis,176.0553,27.1620,27.1620,0.0000,0.0000,148.8933,0.0000,150.0000,176.0553,49.2955,41.6901,7.6054,15.43,100.00
2010-12-31 21:00:00,Davis,179.1407,0.0000,0.0000,0.0000,0.0000,179.1407,0.0000,150.0000,179.1407,50.1594,50.1594,0.0000,0.00,100.00
2010-12-31 22:00:00,Davis,200.7948,0.0596,0.0596,0.0000,0.0000,200.7352,0.0000,150.0000,200.7948,56.2225,56.2059,0.0167,0.03,100.00
2010-10-21 08:00:00,Macquarie Island,61.4077,52.1615,52.1615,0.0000,9.2462,0.0000,0.0000,740.2672,61.4077,17.1942,0.0000,17.1942,100.00,100.00
2010-10-21 09:00:00,Macquarie Island,61.2288,63.3573,61.2288,2.1285,0.0000,0.0000,0.0000,742.2892,61.2288,17.1441,0.0000,17.1441,100.00,100.00
2010-10-21 10:00:00,Macquarie Island,51.5733,70.4969,51.5733,18.9236,0.0000,0.0000,0.0000,760.2667,51.5733,14.4405,0.0000,14.4405,100.00,100.00
2010-10-21 11:00:00,Macquarie Island,57.1015,98.4045,57.1015,41.3030,0.0000,0.0000,0.0000,799.5045,57.1015,15.9884,0.0000,15.9884,100.00,100.00
2010-10-21 12:00:00,Macquarie Island,63.2840,85.4070,63.2840,22.1230,0.0000,0.0000,0.0000,820.5214,63.2840,17.7195,0.0000,17.7195,100.00,100.00
2010-10-21 13:00:00,Macquarie Island,52.9330,110.8875,52.9330,57.9545,0.0000,0.0000,0.0000,875.5781,52.9330,14.8212,0.0000,14.8212,100.00,100.00
2010-10-21 14:00:00,Macquarie Island,52.9387,44.6015,44.6015,0.0000,8.3372,0.0000,0.0000,866.8021,52.9387,14.8228,0.0000,14.8228,100.00,100.00
2010-10-21 15:00:00,Macquarie Island,61.7494,46.5005,46.5005,0.0000,15.2489,0.0000,0.0000,850.7507,61.7494,17.2898,0.0000,17.2898,100.00,100.00
2010-10-21 16:00:00,Macquarie Island,59.0681,67.1206,59.0681,8.0525,0.0000,0.0000,0.0000,858.4005,59.0681,16.5391,0.0000,16.5391,100.00,100.00
2010-10-21 17:00:00,Macquarie Island,58.5175,20.4526,20.4526,0.0000,38.0649,0.0000,0.0000,818.3322,58.5175,16.3849,0.0000,16.3849,100.00,100.00
2010-10-21 18:00:00,Macquarie Island,56.6350,19.4522,19.4522,0.0000,37.1828,0.0000,0.0000,779.1924,56.6350,15.8578,0.0000,15.8578,100.00,100.00
2010-10-21 19:00:00,Macquarie Island,70.4103,36.2195,36.2195,0.0000,34.1908,0.0000,0.0000,743.2021,70.4103,19.7149,0.0000,19.7149,100.00,100.00
2010-10-21 20:00:00,Macquarie Island,65.3819,55.0580,55.0580,0.0000,10.3239,0.0000,0.0000,732.3348,65.3819,18.3069,0.0000,18.3069,100.00,100.00
2010-10-21 21:00:00,Macquarie Island,62.1865,57.7314,57.7314,0.0000,4.4551,0.0000,0.0000,727.6453,62.1865,17.4122,0.0000,17.4122,100.00,100.00
2010-10-21 22:00:00,Macquarie Island,56.2958,41.7821,41.7821,0.0000,14.5137,0.0000,0.0000,712.3677,56.2958,15.7628,0.0000,15.7628,100.00,100.00
2010-10-21 23:00:00,Macquarie Island,57.0018,34.0996,34.0996,0.0000,22.9022,0.0000,0.0000,688.2601,57.0018,15.9605,0.0000,15.9605,100.00,100.00
2010-10-22 00:00:00,Macquarie Island,53.0909,50.6492,50.6492,0.0000,2.4417,0.0000,0.0000,685.6899,53.0909,14.8655,0.0000,14.8655,100.00,100.00
2010-10-22 01:00:00,Macquarie Island,50.5356,39.1670,39.1670,0.0000,11.3686,0.0000,0.0000,673.7230,50.5356,14.1500,0.0000,14.1500,100.00,100.00
2010-10-22 02:00:00,Macquarie Island,57.7600,46.7101,46.7101,0.0000,11.0499,0.0000,0.0000,662.0915,57.7600,16.1728,0.0000,16.1728,100.00,100.00
2010-10-22 03:00:00,Macquarie Island,54.4813,61.7607,54.4813,7.2794,0.0000,0.0000,0.0000,669.0069,54.4813,15.2548,0.0000,15.2548,100.00,100.00
2010-10-22 04:00:00,Macquarie Island,66.4123,64.1304,64.1304,0.0000,2.2819,0.0000,0.0000,666.6049,66.4123,18.5954,0.0000,18.5954,100.00,100.00
2010-10-22 05:00:00,Macquarie Island,52.9646,56.2338,52.9646,3.2692,0.0000,0.0000,0.0000,669.7106,52.9646,14.8301,0.0000,14.8301,100.00,100.00
2010-10-22 06:00:00,Macquarie Island,56.5110,55.1257,55.1257,0.0000,1.3853,0.0000,0.0000,668.2524,56.5110,15.8231,0.0000,15.8231,100.00,100.00
2010-10-22 07:00:00,Macquarie Island,62.5966,65.4989,62.5966,2.9023,0.0000,0.0000,0.0000,671.0096,62.5966,17.5270,0.0000,17.5270,100.00,100.00
2010-10-22 08:00:00,Macquarie Island,58.8925,39.8986,39.8986,0.0000,18.9939,0.0000,0.0000,651.0160,58.8925,16.4899,0.0000,16.4899,100.00,100.00
2010-10-22 09:00:00,Macquarie Island,49.9612,61.7522,49.9612,11.7910,0.0000,0.0000,0.0000,662.2175,49.9612,13.9891,0.0000,13.9891,100.00,100.00
2010-10-22 10:00:00,Macquarie Island,67.2431,52.0642,52.0642,0.0000,15.1789,0.0000,0.0000,646.2397,67.2431,18.8281,0.0000,18.8281,100.00,100.00
2010-10-22 11:00:00,Macquarie Island,63.7991,74.8077,63.7991,11.0086,0.0000,0.0000,0.0000,656.6979,63.7991,17.8637,0.0000,17.8637,100.00,100.00
2010-10-22 12:00:00,Macquarie Island,60.7803,51.3701,51.3701,0.0000,9.4102,0.0000,0.0000,646.7924,60.7803,17.0185,0.0000,17.0185,100.00,100.00
2010-10-22 13:00:00,Macquarie Island,54.8998,54.8153,54.8153,0.0000,0.0845,0.0000,0.0000,646.7035,54.8998,15.3719,0.0000,15.3719,100.00,100.00
2010-10-22 14:00:00,Macquarie Island,57.5294,56.5238,56.5238,0.0000,1.0056,0.0000,0.0000,645.6449,57.5294,16.1082,0.0000,16.1082,100.00,100.00
2010-10-22 15:00:00,Macquarie Island,62.8215,46.0688,46.0688,0.0000,16.7527,0.0000,0.0000,628.0105,62.8215,17.5900,0.0000,17.5900,100.00,100.00
2010-10-22 16:00:00,Macquarie Island,55.2936,32.2814,32.2814,0.0000,23.0122,0.0000,0.0000,603.7871,55.2936,15.4822,0.0000,15.4822,100.00,100.00
2010-10-22 17:00:00,Macquarie Island,65.6417,43.8455,43.8455,0.0000,21.7962,0.0000,0.0000,580.8438,65.6417,18.3797,0.0000,18.3797,100.00,100.00
2010-10-22 18:00:00,Macquarie Island,59.7171,38.8089,38.8089,0.0000,20.9082,0.0000,0.0000,558.8351,59.7171,16.7208,0.0000,16.7208,100.00,100.00
2010-10-22 19:00:00,Macquarie Island,63.4060,15.6672,15.6672,0.0000,47.7388,0.0000,0.0000,508.5838,63.4060,17.7537,0.0000,17.7537,100.00,100.00
2010-10-22 20:00:00,Macquarie Island,59.6460,42.8289,42.8289,0.0000,16.8171,0.0000,0.0000,490.8816,59.6460,16.7009,0.0000,16.7009,100.00,100.00
2010-10-22 21:00:00,Macquarie Island,60.9783,47.7535,47.7535,0.0000,13.2248,0.0000,0.0000,476.9607,60.9783,17.0739,0.0000,17.0739,100.00,100.00
2010-10-22 22:00:00,Macquarie Island,61.7618,48.1025,48.1025,0.0000,13.6593,0.0000,0.0000,462.5825,61.7618,17.2933,0.0000,17.2933,100.00,100.00
2010-10-22 23:00:00,Macquarie Island,52.9942,63.0758,52.9942,10.0816,0.0000,0.0000,0.0000,472.1600,52.9942,14.8384,0.0000,14.8384,100.00,100.00
2010-10-23 00:00:00,Macquarie Island,52.1264,58.5502,52.1264,6.4238,0.0000,0.0000,0.0000,478.2626,52.1264,14.5954,0.0000,14.5954,100.00,100.00
2010-10-23 01:00:00,Macquarie Island,56.5268,46.1054,46.1054,0.0000,10.4214,0.0000,0.0000,467.2927,56.5268,15.8275,0.0000,15.8275,100.00,100.00
2010-10-23 02:00:00,Macquarie Island,52.0203,37.2431,37.2431,0.0000,14.7772,0.0000,0.0000,451.7378,52.0203,14.5657,0.0000,14.5657,100.00,100.00
2010-10-23 03:00:00,Macquarie Island,58.2775,46.9369,46.9369,0.0000,11.3406,0.0000,0.0000,439.8003,58.2775,16.3177,0.0000,16.3177,100.00,100.00
2010-10-23 04:00:00,Macquarie Island,59.3274,33.3142,33.3142,0.0000,26.0132,0.0000,0.0000,412.4180,59.3274,16.6117,0.0000,16.6117,100.00,100.00
2010-10-23 05:00:00,Macquarie Island,51.4231,45.6490,45.6490,0.0000,5.7741,0.0000,0.0000,406.3400,51.4231,14.3985,0.0000,14.3985,100.00,100.00
2010-10-23 06:00:00,Macquarie Island,63.0272,50.7927,50.7927,0.0000,12.2345,0.0000,0.0000,393.4616,63.0272,17.6476,0.0000,17.6476,100.00,100.00
2010-10-23 07:00:00,Macquarie Island,59.2881,70.4957,59.2881,11.2076,0.0000,0.0000,0.0000,404.1088,59.2881,16.6007,0.0000,16.6007,100.00,100.00
2010-10-23 08:00:00,Macquarie Island,64.2271,55.2106,55.2106,0.0000,9.0165,0.0000,0.0000,394.6177,64.2271,17.9836,0.0000,17.9836,100.00,100.00
2010-10-23 09:00:00,Macquarie Island,60.1450,74.6022,60.1450,14.4572,0.0000,0.0000,0.0000,408.3521,60.1450,16.8406,0.0000,16.8406,100.00,100.00
2010-10-23 10:00:00,Macquarie Island,52.6222,58.1981,52.6222,5.5759,0.0000,0.0000,0.0000,413.6492,52.6222,14.7342,0.0000,14.7342,100.00,100.00
2010-10-23 11:00:00,Macquarie Island,61.8361,67.1624,61.8361,5.3263,0.0000,0.0000,0.0000,418.7092,61.8361,17.3141,0.0000,17.3141,100.00,100.00
2010-10-23 12:00:00,Macquarie Island,57.5469,48.5618,48.5618,0.0000,8.9851,0.0000,0.0000,409.2512,57.5469,16.1131,0.0000,16.1131,100.00,100.00
2010-10-23 13:00:00,Macquarie Island,52.3975,49.0151,49.0151,0.0000,3.3824,0.0000,0.0000,405.6908,52.3975,14.6713,0.0000,14.6713,100.00,100.00
2010-10-23 14:00:00,Macquarie Island,52.0348,53.6632,52.0348,1.6284,0.0000,0.0000,0.0000,407.2377,52.0348,14.5697,0.0000,14.5697,100.00,100.00
2010-10-23 15:00:00,Macquarie Island,50.2360,43.6196,43.6196,0.0000,6.6164,0.0000,0.0000,400.2731,50.2360,14.0661,0.0000,14.0661,100.00,100.00
2010-10-23 16:00:00,Macquarie Island,57.2038,40.9909,40.9909,0.0000,16.2129,0.0000,0.0000,383.2069,57.2038,16.0171,0.0000,16.0171,100.00,100.00
2010-10-23 17:00:00,Macquarie Island,81.0867,32.5413,32.5413,0.0000,48.5454,0.0000,0.0000,332.1065,81.0867,22.7043,0.0000,22.7043,100.00,100.00
2010-10-23 18:00:00,Macquarie Island,67.8531,22.9596,22.9596,0.0000,44.8935,0.0000,0.0000,284.8502,67.8531,18.9989,0.0000,18.9989,100.00,100.00
2010-10-23 19:00:00,Macquarie Island,63.2426,44.4009,44.4009,0.0000,18.8417,0.0000,0.0000,265.0168,63.2426,17.7079,0.0000,17.7079,100.00,100.00
2010-10-23 20:00:00,Macquarie Island,59.9202,16.5086,16.5086,0.0000,43.4116,0.0000,0.0000,219.3204,59.9202,16.7777,0.0000,16.7777,100.00,100.00
2010-10-23 21:00:00,Macquarie Island,68.0969,44.8204,44.8204,0.0000,23.2765,0.0000,0.0000,194.8188,68.0969,19.0671,0.0000,19.0671,100.00,100.00
2010-10-23 22:00:00,Macquarie Island,59.8174,21.2348,21.2348,0.0000,38.5826,0.0000,0.0000,154.2055,59.8174,16.7489,0.0000,16.7489,100.00,100.00
2010-10-23 23:00:00,Macquarie Island,55.7330,49.8271,49.8271,0.0000,3.9953,1.9106,0.0000,150.0000,55.7330,15.6052,0.5350,15.0703,96.57,100.00
2010-10-24 00:00:00,Macquarie Island,58.3389,54.0102,54.0102,0.0000,0.0000,4.3287,0.0000,150.0000,58.3389,16.3349,1.2120,15.1229,92.58,100.00
2010-10-24 01:00:00,Macquarie Island,53.2632,55.0863,53.2632,1.8231,0.0000,0.0000,0.0000,151.7319,53.2632,14.9137,0.0000,14.9137,100.00,100.00
2010-10-24 02:00:00,Macquarie Island,60.3480,59.9592,59.9592,0.0000,0.3888,0.0000,0.0000,151.3227,60.3480,16.8974,0.0000,16.8974,100.00,100.00
2010-10-24 03:00:00,Macquarie Island,54.4879,58.4739,54.4879,3.9860,0.0000,0.0000,0.0000,155.1094,54.4879,15.2566,0.0000,15.2566,100.00,100.00
2010-10-24 04:00:00,Macquarie Island,58.5158,55.3674,55.3674,0.0000,3.1484,0.0000,0.0000,151.7953,58.5158,16.3844,0.0000,16.3844,100.00,100.00
2010-10-24 05:00:00,Macquarie Island,59.8318,38.3274,38.3274,0.0000,1.7055,19.7989,0.0000,150.0000,59.8318,16.7529,5.5437,11.2092,66.91,100.00
2010-10-24 06:00:00,Macquarie Island,56.4652,39.9512,39.9512,0.0000,0.0000,16.5140,0.0000,150.0000,56.4652,15.8103,4.6239,11.1863,70.75,100.00
2010-10-24 07:00:00,Macquarie Island,60.7057,34.1850,34.1850,0.0000,0.0000,26.5207,0.0000,150.0000,60.7057,16.9976,7.4258,9.5718,56.31,100.00
2010-10-24 08:00:00,Macquarie Island,57.3860,80.5788,57.3860,23.1928,0.0000,0.0000,0.0000,172.0332,57.3860,16.0681,0.0000,16.0681,100.00,100.00
2010-10-24 09:00:00,Macquarie Island,57.5330,55.3038,55.3038,0.0000,2.2292,0.0000,0.0000,169.6866,57.5330,16.1092,0.0000,16.1092,100.00,100.00
2010-10-24 10:00:00,Macquarie Island,61.4265,45.7103,45.7103,0.0000,15.7162,0.0000,0.0000,153.1433,61.4265,17.1994,0.0000,17.1994,100.00,100.00
2010-10-24 11:00:00,Macquarie Island,68.4084,66.9197,66.9197,0.0000,1.4887,0.0000,0.0000,151.5762,68.4084,19.1544,0.0000,19.1544,100.00,100.00
2010-10-24 12:00:00,Macquarie Island,62.1740,49.7937,49.7937,0.0000,1.4974,10.8829,0.0000,150.0000,62.1740,17.4087,3.0472,14.3615,82.50,100.00
2010-10-24 13:00:00,Macquarie Island,66.1292,72.9698,66.1292,6.8406,0.0000,0.0000,0.0000,156.4986,66.1292,18.5162,0.0000,18.5162,100.00,100.00
2010-10-24 14:00:00,Macquarie Island,60.7766,65.8835,60.7766,5.1069,0.0000,0.0000,0.0000,161.3501,60.7766,17.0174,0.0000,17.0174,100.00,100.00
2010-10-24 15:00:00,Macquarie Island,68.6463,41.8120,41.8120,0.0000,10.7826,16.0517,0.0000,150.0000,68.6463,19.2210,4.4945,14.7265,76.62,100.00
2010-10-24 16:00:00,Macquarie Island,61.5035,36.5918,36.5918,0.0000,0.0000,24.9117,0.0000,150.0000,61.5035,17.2210,6.9753,10.2457,59.50,100.00
2010-10-24 17:00:00,Macquarie Island,57.9844,41.7177,41.7177,0.0000,0.0000,16.2667,0.0000,150.0000,57.9844,16.2356,4.5547,11.6810,71.95,100.00
2010-10-24 18:00:00,Macquarie Island,64.1386,57.1332,57.1332,0.0000,0.0000,7.0054,0.0000,150.0000,64.1386,17.9588,1.9615,15.9973,89.08,100.00
2010-10-24 19:00:00,Macquarie Island,69.4358,11.5111,11.5111,0.0000,0.0000,57.9247,0.0000,150.0000,69.4358,19.4420,16.2189,3.2231,16.58,100.00
2010-10-24 20:00:00,Macquarie Island,62.2657,44.7801,44.7801,0.0000,0.0000,17.4856,0.0000,150.0000,62.2657,17.4344,4.8960,12.5384,71.92,100.00
2010-10-24 21:00:00,Macquarie Island,61.0120,38.9899,38.9899,0.0000,0.0000,22.0221,0.0000,150.0000,61.0120,17.0834,6.1662,10.9172,63.91,100.00
2010-10-24 22:00:00,Macquarie Island,61.5431,38.5634,38.5634,0.0000,0.0000,22.9797,0.0000,150.0000,61.5431,17.2321,6.4343,10.7978,62.66,100.00
2010-10-24 23:00:00,Macquarie Island,54.8349,74.2442,54.8349,19.4093,0.0000,0.0000,0.0000,168.4388,54.8349,15.3538,0.0000,15.3538,100.00,100.00
2010-10-25 00:00:00,Macquarie Island,53.9956,59.1390,53.9956,5.1434,0.0000,0.0000,0.0000,173.3251,53.9956,15.1188,0.0000,15.1188,100.00,100.00
2010-10-25 01:00:00,Macquarie Island,54.6940,57.7313,54.6940,3.0373,0.0000,0.0000,0.0000,176.2105,54.6940,15.3143,0.0000,15.3143,100.00,100.00
2010-10-25 02:00:00,Macquarie Island,52.2006,38.4048,38.4048,0.0000,13.7958,0.0000,0.0000,161.6886,52.2006,14.6162,0.0000,14.6162,100.00,100.00
2010-10-25 03:00:00,Macquarie Island,51.0967,68.3489,51.0967,17.2522,0.0000,0.0000,0.0000,178.0782,51.0967,14.3071,0.0000,14.3071,100.00,100.00
2010-10-25 04:00:00,Macquarie Island,53.2130,71.6241,53.2130,18.4111,0.0000,0.0000,0.0000,195.5687,53.2130,14.8996,0.0000,14.8996,100.00,100.00
2010-10-25 05:00:00,Macquarie Island,61.7822,77.6464,61.7822,15.8642,0.0000,0.0000,0.0000,210.6397,61.7822,17.2990,0.0000,17.2990,100.00,100.00
2010-10-25 06:00:00,Macquarie Island,52.4873,33.8166,33.8166,0.0000,18.6707,0.0000,0.0000,190.9864,52.4873,14.6964,0.0000,14.6964,100.00,100.00
2010-10-25 07:00:00,Macquarie Island,57.9429,83.0614,57.9429,25.1185,0.0000,0.0000,0.0000,214.8489,57.9429,16.2240,0.0000,16.2240,100.00,100.00
2010-10-25 08:00:00,Macquarie Island,55.8974,70.9138,55.8974,15.0164,0.0000,0.0000,0.0000,229.1145,55.8974,15.6513,0.0000,15.6513,100.00,100.00
2010-10-25 09:00:00,Macquarie Island,64.8045,75.2669,64.8045,10.4624,0.0000,0.0000,0.0000,239.0538,64.8045,18.1453,0.0000,18.1453,100.00,100.00
2010-10-25 10:00:00,Macquarie Island,65.7673,66.8018,65.7673,1.0345,0.0000,0.0000,0.0000,240.0366,65.7673,18.4148,0.0000,18.4148,100.00,100.00
2010-10-25 11:00:00,Macquarie Island,54.1108,54.9206,54.1108,0.8098,0.0000,0.0000,0.0000,240.8059,54.1108,15.1510,0.0000,15.1510,100.00,100.00
2010-10-25 12:00:00,Macquarie Island,62.4422,62.6843,62.4422,0.2421,0.0000,0.0000,0.0000,241.0359,62.4422,17.4838,0.0000,17.4838,100.00,100.00
2010-10-25 13:00:00,Macquarie Island,62.2990,57.5133,57.5133,0.0000,4.7857,0.0000,0.0000,235.9983,62.2990,17.4437,0.0000,17.4437,100.00,100.00
2010-10-25 14:00:00,Macquarie Island,57.3879,45.7184,45.7184,0.0000,11.6695,0.0000,0.0000,223.7146,57.3879,16.0686,0.0000,16.0686,100.00,100.00
2010-10-25 15:00:00,Macquarie Island,59.7465,49.3641,49.3641,0.0000,10.3824,0.0000,0.0000,212.7858,59.7465,16.7290,0.0000,16.7290,100.00,100.00
2010-10-25 16:00:00,Macquarie Island,64.5764,37.2596,37.2596,0.0000,27.3168,0.0000,0.0000,184.0312,64.5764,18.0814,0.0000,18.0814,100.00,100.00
2010-10-25 17:00:00,Macquarie Island,61.4110,35.4192,35.4192,0.0000,25.9918,0.0000,0.0000,156.6715,61.4110,17.1951,0.0000,17.1951,100.00,100.00
2010-10-25 18:00:00,Macquarie Island,69.9142,21.6129,21.6129,0.0000,6.3379,41.9634,0.0000,150.0000,69.9142,19.5760,11.7498,7.8262,39.98,100.00
2010-10-25 19:00:00,Macquarie Island,56.0174,43.1038,43.1038,0.0000,0.0000,12.9136,0.0000,150.0000,56.0174,15.6849,3.6158,12.0691,76.95,100.00
2010-10-25 20:00:00,Macquarie Island,59.0283,36.7804,36.7804,0.0000,0.0000,22.2479,0.0000,150.0000,59.0283,16.5279,6.2294,10.2985,62.31,100.00
2010-10-25 21:00:00,Macquarie Island,61.8893,50.1195,50.1195,0.0000,0.0000,11.7698,0.0000,150.0000,61.8893,17.3290,3.2955,14.0335,80.98,100.00
2010-10-25 22:00:00,Macquarie Island,51.9227,46.1906,46.1906,0.0000,0.0000,5.7321,0.0000,150.0000,51.9227,14.5384,1.6050,12.9334,88.96,100.00
2010-10-25 23:00:00,Macquarie Island,59.6167,44.5119,44.5119,0.0000,0.0000,15.1048,0.0000,150.0000,59.6167,16.6927,4.2293,12.4633,74.66,100.00
2010-10-26 00:00:00,Macquarie Island,53.3799,48.2687,48.2687,0.0000,0.0000,5.1112,0.0000,150.0000,53.3799,14.9464,1.4311,13.5152,90.42,100.00
2010-10-26 01:00:00,Macquarie Island,55.8575,39.4478,39.4478,0.0000,0.0000,16.4097,0.0000,150.0000,55.8575,15.6401,4.5947,11.0454,70.62,100.00
2010-10-26 02:00:00,Macquarie Island,57.1942,65.5158,57.1942,8.3216,0.0000,0.0000,0.0000,157.9055,57.1942,16.0144,0.0000,16.0144,100.00,100.00
2010-10-26 03:00:00,Macquarie Island,52.7853,42.6478,42.6478,0.0000,7.5102,2.6273,0.0000,150.0000,52.7853,14.7799,0.7356,14.0443,95.02,100.00
2010-10-26 04:00:00,Macquarie Island,61.1581,37.2750,37.2750,0.0000,0.0000,23.8831,0.0000,150.0000,61.1581,17.1243,6.6873,10.4370,60.95,100.00
2010-10-26 05:00:00,Macquarie Island,71.6912,55.2762,55.2762,0.0000,0.0000,16.4150,0.0000,150.0000,71.6912,20.0735,4.5962,15.4773,77.10,100.00
2010-10-26 06:00:00,Macquarie Island,54.5241,49.8314,49.8314,0.0000,0.0000,4.6927,0.0000,150.0000,54.5241,15.2667,1.3140,13.9528,91.39,100.00
2010-10-26 07:00:00,Macquarie Island,65.1480,48.7515,48.7515,0.0000,0.0000,16.3965,0.0000,150.0000,65.1480,18.2414,4.5910,13.6504,74.83,100.00
2010-10-26 08:00:00,Macquarie Island,58.7969,71.6432,58.7969,12.8463,0.0000,0.0000,0.0000,162.2040,58.7969,16.4631,0.0000,16.4631,100.00,100.00
2010-10-26 09:00:00,Macquarie Island,58.6521,59.9416,58.6521,1.2895,0.0000,0.0000,0.0000,163.4290,58.6521,16.4226,0.0000,16.4226,100.00,100.00
2010-10-26 10:00:00,Macquarie Island,61.5525,71.6095,61.5525,10.0570,0.0000,0.0000,0.0000,172.9832,61.5525,17.2347,0.0000,17.2347,100.00,100.00
2010-10-26 11:00:00,Macquarie Island,62.0487,64.4792,62.0487,2.4305,0.0000,0.0000,0.0000,175.2921,62.0487,17.3736,0.0000,17.3736,100.00,100.00
2010-10-26 12:00:00,Macquarie Island,60.9398,55.3480,55.3480,0.0000,5.5918,0.0000,0.0000,169.4060,60.9398,17.0631,0.0000,17.0631,100.00,100.00
2010-10-26 13:00:00,Macquarie Island,52.5898,54.7852,52.5898,2.1954,0.0000,0.0000,0.0000,171.4917,52.5898,14.7251,0.0000,14.7251,100.00,100.00
2010-10-26 14:00:00,Macquarie Island,61.5568,52.9910,52.9910,0.0000,8.5658,0.0000,0.0000,162.4750,61.5568,17.2359,0.0000,17.2359,100.00,100.00
2010-10-26 15:00:00,Macquarie Island,57.7253,46.2246,46.2246,0.0000,11.5007,0.0000,0.0000,150.3690,57.7253,16.1631,0.0000,16.1631,100.00,100.00
2010-10-26 16:00:00,Macquarie Island,62.1650,33.4879,33.4879,0.0000,0.3506,28.3265,0.0000,150.0000,62.1650,17.4062,7.9314,9.4748,54.43,100.00
2010-10-26 17:00:00,Macquarie Island,68.3735,22.4935,22.4935,0.0000,0.0000,45.8800,0.0000,150.0000,68.3735,19.1446,12.8464,6.2982,32.90,100.00
2010-10-26 18:00:00,Macquarie Island,62.4389,37.2515,37.2515,0.0000,0.0000,25.1874,0.0000,150.0000,62.4389,17.4829,7.0525,10.4304,59.66,100.00
2010-10-26 19:00:00,Macquarie Island,64.2399,5.4193,5.4193,0.0000,0.0000,58.8206,0.0000,150.0000,64.2399,17.9872,16.4698,1.5174,8.44,100.00
2010-10-26 20:00:00,Macquarie Island,58.2030,53.6605,53.6605,0.0000,0.0000,4.5425,0.0000,150.0000,58.2030,16.2968,1.2719,15.0249,92.20,100.00
2010-10-26 21:00:00,Macquarie Island,68.7979,48.7535,48.7535,0.0000,0.0000,20.0444,0.0000,150.0000,68.7979,19.2634,5.6124,13.6510,70.86,100.00
2010-10-26 22:00:00,Macquarie Island,63.4813,50.3858,50.3858,0.0000,0.0000,13.0955,0.0000,150.0000,63.4813,17.7748,3.6667,14.1080,79.37,100.00
2010-10-26 23:00:00,Macquarie Island,53.7779,37.1169,37.1169,0.0000,0.0000,16.6610,0.0000,150.0000,53.7779,15.0578,4.6651,10.3927,69.02,100.00
2010-10-27 00:00:00,Macquarie Island,55.2129,54.6577,54.6577,0.0000,0.0000,0.5552,0.0000,150.0000,55.2129,15.4596,0.1555,15.3042,98.99,100.00
2010-10-27 01:00:00,Macquarie Island,55.9652,23.2031,23.2031,0.0000,0.0000,32.7621,0.0000,150.0000,55.9652,15.6703,9.1734,6.4969,41.46,100.00
2010-10-27 02:00:00,Macquarie Island,58.7336,46.2192,46.2192,0.0000,0.0000,12.5144,0.0000,150.0000,58.7336,16.4454,3.5040,12.9414,78.69,100.00
2010-10-27 03:00:00,Macquarie Island,61.8364,44.9352,44.9352,0.0000,0.0000,16.9012,0.0000,150.0000,61.8364,17.3142,4.7323,12.5819,72.67,100.00
2010-10-27 04:00:00,Macquarie Island,54.6786,57.9825,54.6786,3.3039,0.0000,0.0000,0.0000,153.1387,54.6786,15.3100,0.0000,15.3100,100.00,100.00
2010-10-27 05:00:00,Macquarie Island,58.9246,52.6729,52.6729,0.0000,2.9818,3.2699,0.0000,150.0000,58.9246,16.4989,0.9156,15.5833,94.45,100.00
2010-10-27 06:00:00,Macquarie Island,54.1406,58.5822,54.1406,4.4416,0.0000,0.0000,0.0000,154.2195,54.1406,15.1594,0.0000,15.1594,100.00,100.00
2010-10-27 07:00:00,Macquarie Island,63.2599,61.6681,61.6681,0.0000,1.5918,0.0000,0.0000,152.5439,63.2599,17.7128,0.0000,17.7128,100.00,100.00
2010-10-27 08:00:00,Macquarie Island,57.9085,40.8035,40.8035,0.0000,2.4167,14.6883,0.0000,150.0000,57.9085,16.2144,4.1127,12.1017,74.64,100.00
2010-10-27 09:00:00,Macquarie Island,69.6379,73.9219,69.6379,4.2840,0.0000,0.0000,0.0000,154.0698,69.6379,19.4986,0.0000,19.4986,100.00,100.00
2010-10-27 10:00:00,Macquarie Island,69.0490,72.9135,69.0490,3.8645,0.0000,0.0000,0.0000,157.7411,69.0490,19.3337,0.0000,19.3337,100.00,100.00
2010-10-27 11:00:00,Macquarie Island,62.9131,56.6465,56.6465,0.0000,6.2666,0.0000,0.0000,151.1447,62.9131,17.6157,0.0000,17.6157,100.00,100.00
2010-10-27 12:00:00,Macquarie Island,54.2075,60.4139,54.2075,6.2064,0.0000,0.0000,0.0000,157.0407,54.2075,15.1781,0.0000,15.1781,100.00,100.00
2010-10-27 13:00:00,Macquarie Island,50.1839,66.2843,50.1839,16.1004,0.0000,0.0000,0.0000,172.3361,50.1839,14.0515,0.0000,14.0515,100.00,100.00
2010-10-27 14:00:00,Macquarie Island,62.0864,51.3982,51.3982,0.0000,10.6882,0.0000,0.0000,161.0854,62.0864,17.3842,0.0000,17.3842,100.00,100.00
2010-10-27 15:00:00,Macquarie Island,62.7653,56.0126,56.0126,0.0000,6.7527,0.0000,0.0000,153.9773,62.7653,17.5743,0.0000,17.5743,100.00,100.00
2010-10-27 16:00:00,Macquarie Island,58.6782,43.4971,43.4971,0.0000,3.7784,11.4027,0.0000,150.0000,58.6782,16.4299,3.1928,13.2371,80.57,100.00
2010-10-27 17:00:00,Macquarie Island,77.0234,35.6015,35.6015,0.0000,0.0000,41.4219,0.0000,150.0000,77.0234,21.5666,11.5981,9.9684,46.22,100.00
2010-10-27 18:00:00,Macquarie Island,66.4411,29.8900,29.8900,0.0000,0.0000,36.5511,0.0000,150.0000,66.4411,18.6035,10.2343,8.3692,44.99,100.00
2010-10-27 19:00:00,Macquarie Island,67.3280,34.7807,34.7807,0.0000,0.0000,32.5473,0.0000,150.0000,67.3280,18.8518,9.1132,9.7386,51.66,100.00
2010-10-27 20:00:00,Macquarie Island,60.7105,31.0594,31.0594,0.0000,0.0000,29.6511,0.0000,150.0000,60.7105,16.9989,8.3023,8.6966,51.16,100.00
2010-10-27 21:00:00,Macquarie Island,71.9250,23.7908,23.7908,0.0000,0.0000,48.1342,0.0000,150.0000,71.9250,20.1390,13.4776,6.6614,33.08,100.00
2010-10-27 22:00:00,Macquarie Island,57.7877,43.3376,43.3376,0.0000,0.0000,14.4501,0.0000,150.0000,57.7877,16.1806,4.0460,12.1345,74.99,100.00
2010-10-27 23:00:00,Macquarie Island,51.7254,52.2880,51.7254,0.5626,0.0000,0.0000,0.0000,150.5345,51.7254,14.4831,0.0000,14.4831,100.00,100.00
2010-10-28 00:00:00,Macquarie Island,59.1819,45.6872,45.6872,0.0000,0.5077,12.9870,0.0000,150.0000,59.1819,16.5709,3.6363,12.9346,78.06,100.00
2010-10-28 01:00:00,Macquarie Island,57.8468,54.4101,54.4101,0.0000,0.0000,3.4367,0.0000,150.0000,57.8468,16.1971,0.9623,15.2348,94.06,100.00
2010-10-28 02:00:00,Macquarie Island,53.2170,49.5224,49.5224,0.0000,0.0000,3.6946,0.0000,150.0000,53.2170,14.9008,1.0345,13.8663,93.06,100.00
2010-10-28 03:00:00,Macquarie Island,54.7394,57.6428,54.7394,2.9034,0.0000,0.0000,0.0000,152.7582,54.7394,15.3270,0.0000,15.3270,100.00,100.00
2010-10-28 04:00:00,Macquarie Island,61.2854,34.7723,34.7723,0.0000,2.6203,23.8928,0.0000,150.0000,61.2854,17.1599,6.6900,10.4699,61.01,100.00
2010-10-28 05:00:00,Macquarie Island,63.3943,43.8022,43.8022,0.0000,0.0000,19.5921,0.0000,150.0000,63.3943,17.7504,5.4858,12.2646,69.09,100.00
2010-10-28 06:00:00,Macquarie Island,57.6741,162.5882,57.6741,104.9141,0.0000,0.0000,0.0000,249.6684,57.6741,16.1487,0.0000,16.1487,100.00,100.00
2010-10-28 07:00:00,Macquarie Island,66.2917,49.0268,49.0268,0.0000,17.2649,0.0000,0.0000,231.4948,66.2917,18.5617,0.0000,18.5617,100.00,100.00
2010-10-28 08:00:00,Macquarie Island,53.6470,46.1018,46.1018,0.0000,7.5452,0.0000,0.0000,223.5525,53.6470,15.0212,0.0000,15.0212,100.00,100.00
2010-10-28 09:00:00,Macquarie Island,62.6889,78.7398,62.6889,16.0509,0.0000,0.0000,0.0000,238.8009,62.6889,17.5529,0.0000,17.5529,100.00,100.00
2010-10-28 10:00:00,Macquarie Island,53.7512,71.6342,53.7512,17.8830,0.0000,0.0000,0.0000,255.7897,53.7512,15.0503,0.0000,15.0503,100.00,100.00
2010-10-28 11:00:00,Macquarie Island,67.3274,75.1279,67.3274,7.8005,0.0000,0.0000,0.0000,263.2002,67.3274,18.8517,0.0000,18.8517,100.00,100.00
2010-10-28 12:00:00,Macquarie Island,62.5916,53.6036,53.6036,0.0000,8.9880,0.0000,0.0000,253.7391,62.5916,17.5256,0.0000,17.5256,100.00,100.00
2010-10-28 13:00:00,Macquarie Island,59.4668,54.9724,54.9724,0.0000,4.4944,0.0000,0.0000,249.0082,59.4668,16.6507,0.0000,16.6507,100.00,100.00
2010-10-28 14:00:00,Macquarie Island,59.8503,50.9277,50.9277,0.0000,8.9226,0.0000,0.0000,239.6160,59.8503,16.7581,0.0000,16.7581,100.00,100.00
2010-10-28 15:00:00,Macquarie Island,65.4288,42.4490,42.4490,0.0000,22.9798,0.0000,0.0000,215.4267,65.4288,18.3201,0.0000,18.3201,100.00,100.00
2010-10-28 16:00:00,Macquarie Island,60.9966,39.8582,39.8582,0.0000,21.1384,0.0000,0.0000,193.1758,60.9966,17.0790,0.0000,17.0790,100.00,100.00
2010-10-28 17:00:00,Macquarie Island,55.0513,31.9168,31.9168,0.0000,23.1345,0.0000,0.0000,168.8237,55.0513,15.4144,0.0000,15.4144,100.00,100.00
2010-10-28 18:00:00,Macquarie Island,67.9722,59.7167,59.7167,0.0000,8.2555,0.0000,0.0000,160.1337,67.9722,19.0322,0.0000,19.0322,100.00,100.00
2010-10-28 19:00:00,Macquarie Island,65.5912,29.8261,29.8261,0.0000,9.6270,26.1381,0.0000,150.0000,65.5912,18.3655,7.3187,11.0469,60.15,100.00
2010-10-28 20:00:00,Macquarie Island,55.5393,9.9679,9.9679,0.0000,0.0000,45.5714,0.0000,150.0000,55.5393,15.5510,12.7600,2.7910,17.95,100.00
2010-10-28 21:00:00,Macquarie Island,55.7582,39.8282,39.8282,0.0000,0.0000,15.9300,0.0000,150.0000,55.7582,15.6123,4.4604,11.1519,71.43,100.00
2010-10-28 22:00:00,Macquarie Island,64.8155,54.2256,54.2256,0.0000,0.0000,10.5899,0.0000,150.0000,64.8155,18.1483,2.9652,15.1832,83.66,100.00
2010-10-28 23:00:00,Macquarie Island,57.2730,63.7714,57.2730,6.4984,0.0000,0.0000,0.0000,156.1735,57.2730,16.0364,0.0000,16.0364,100.00,100.00
2010-10-29 00:00:00,Macquarie Island,52.4503,58.5502,52.4503,6.0999,0.0000,0.0000,0.0000,161.9684,52.4503,14.6861,0.0000,14.6861,100.00,100.00
2010-10-29 01:00:00,Macquarie Island,52.1981,49.8700,49.8700,0.0000,2.3281,0.0000,0.0000,159.5178,52.1981,14.6155,0.0000,14.6155,100.00,100.00
2010-10-29 02:00:00,Macquarie Island,51.8961,54.8940,51.8961,2.9979,0.0000,0.0000,0.0000,162.3658,51.8961,14.5309,0.0000,14.5309,100.00,100.00
2010-10-29 03:00:00,Macquarie Island,57.5250,57.5454,57.5250,0.0204,0.0000,0.0000,0.0000,162.3851,57.5250,16.1070,0.0000,16.1070,100.00,100.00
2010-10-29 04:00:00,Macquarie Island,57.9096,76.0591,57.9096,18.1495,0.0000,0.0000,0.0000,179.6272,57.9096,16.2147,0.0000,16.2147,100.00,100.00
2010-10-29 05:00:00,Macquarie Island,58.5639,37.2689,37.2689,0.0000,21.2950,0.0000,0.0000,157.2114,58.5639,16.3979,0.0000,16.3979,100.00,100.00
2010-10-29 06:00:00,Macquarie Island,60.9365,61.6017,60.9365,0.6652,0.0000,0.0000,0.0000,157.8433,60.9365,17.0622,0.0000,17.0622,100.00,100.00
2010-10-29 07:00:00,Macquarie Island,56.9326,83.0614,56.9326,26.1288,0.0000,0.0000,0.0000,182.6657,56.9326,15.9411,0.0000,15.9411,100.00,100.00
2010-10-29 08:00:00,Macquarie Island,60.9518,57.3025,57.3025,0.0000,3.6493,0.0000,0.0000,178.8243,60.9518,17.0665,0.0000,17.0665,100.00,100.00
2010-10-29 09:00:00,Macquarie Island,55.0470,65.9341,55.0470,10.8871,0.0000,0.0000,0.0000,189.1671,55.0470,15.4132,0.0000,15.4132,100.00,100.00
2010-10-29 10:00:00,Macquarie Island,66.6327,70.4723,66.6327,3.8396,0.0000,0.0000,0.0000,192.8147,66.6327,18.6572,0.0000,18.6572,100.00,100.00
2010-10-29 11:00:00,Macquarie Island,64.3704,76.8137,64.3704,12.4433,0.0000,0.0000,0.0000,204.6358,64.3704,18.0237,0.0000,18.0237,100.00,100.00
2010-10-29 12:00:00,Macquarie Island,58.0536,59.7546,58.0536,1.7010,0.0000,0.0000,0.0000,206.2518,58.0536,16.2550,0.0000,16.2550,100.00,100.00
2010-10-29 13:00:00,Macquarie Island,59.6818,64.7287,59.6818,5.0469,0.0000,0.0000,0.0000,211.0463,59.6818,16.7109,0.0000,16.7109,100.00,100.00
2010-10-29 14:00:00,Macquarie Island,60.4419,55.2592,55.2592,0.0000,5.1827,0.0000,0.0000,205.5908,60.4419,16.9237,0.0000,16.9237,100.00,100.00
2010-10-29 15:00:00,Macquarie Island,55.5802,35.6215,35.6215,0.0000,19.9587,0.0000,0.0000,184.5817,55.5802,15.5625,0.0000,15.5625,100.00,100.00
2010-10-29 16:00:00,Macquarie Island,61.3881,57.3283,57.3283,0.0000,4.0598,0.0000,0.0000,180.3082,61.3881,17.1887,0.0000,17.1887,100.00,100.00
2010-10-29 17:00:00,Macquarie Island,56.5747,29.6337,29.6337,0.0000,26.9410,0.0000,0.0000,151.9493,56.5747,15.8409,0.0000,15.8409,100.00,100.00
2010-10-29 18:00:00,Macquarie Island,59.0222,29.4856,29.4856,0.0000,1.8518,27.6848,0.0000,150.0000,59.0222,16.5262,7.7517,8.7745,53.09,100.00
2010-10-29 19:00:00,Macquarie Island,68.9328,32.0384,32.0384,0.0000,0.0000,36.8944,0.0000,150.0000,68.9328,19.3012,10.3304,8.9708,46.48,100.00
2010-10-29 20:00:00,Macquarie Island,61.9844,44.2217,44.2217,0.0000,0.0000,17.7627,0.0000,150.0000,61.9844,17.3556,4.9736,12.3821,71.34,100.00
2010-10-29 21:00:00,Macquarie Island,52.2851,48.1806,48.1806,0.0000,0.0000,4.1045,0.0000,150.0000,52.2851,14.6398,1.1493,13.4906,92.15,100.00
2010-10-29 22:00:00,Macquarie Island,59.3048,39.1327,39.1327,0.0000,0.0000,20.1721,0.0000,150.0000,59.3048,16.6053,5.6482,10.9572,65.99,100.00
2010-10-29 23:00:00,Macquarie Island,59.9395,45.0756,45.0756,0.0000,0.0000,14.8639,0.0000,150.0000,59.9395,16.7831,4.1619,12.6212,75.20,100.00
2010-10-30 00:00:00,Macquarie Island,53.3690,54.4809,53.3690,1.1119,0.0000,0.0000,0.0000,151.0563,53.3690,14.9433,0.0000,14.9433,100.00,100.00
2010-10-30 01:00:00,Macquarie Island,63.8589,58.6189,58.6189,0.0000,1.0035,4.2365,0.0000,150.0000,63.8589,17.8805,1.1862,16.6943,93.37,100.00
2010-10-30 02:00:00,Macquarie Island,58.2334,58.8585,58.2334,0.6251,0.0000,0.0000,0.0000,150.5938,58.2334,16.3054,0.0000,16.3054,100.00,100.00
2010-10-30 03:00:00,Macquarie Island,57.9780,56.3118,56.3118,0.0000,0.5642,1.1020,0.0000,150.0000,57.9780,16.2338,0.3086,15.9253,98.10,100.00
2010-10-30 04:00:00,Macquarie Island,54.1180,61.1925,54.1180,7.0745,0.0000,0.0000,0.0000,156.7208,54.1180,15.1530,0.0000,15.1530,100.00,100.00
2010-10-30 05:00:00,Macquarie Island,67.5808,57.9023,57.9023,0.0000,6.3847,3.2938,0.0000,150.0000,67.5808,18.9226,0.9223,18.0004,95.13,100.00
2010-10-30 06:00:00,Macquarie Island,60.9421,37.7734,37.7734,0.0000,0.0000,23.1687,0.0000,150.0000,60.9421,17.0638,6.4872,10.5766,61.98,100.00
2010-10-30 07:00:00,Macquarie Island,61.7175,44.1558,44.1558,0.0000,0.0000,17.5617,0.0000,150.0000,61.7175,17.2809,4.9173,12.3636,71.55,100.00
2010-10-30 08:00:00,Macquarie Island,66.9490,57.0512,57.0512,0.0000,0.0000,9.8978,0.0000,150.0000,66.9490,18.7457,2.7714,15.9743,85.22,100.00
2010-10-30 09:00:00,Macquarie Island,58.2913,48.7879,48.7879,0.0000,0.0000,9.5034,0.0000,150.0000,58.2913,16.3216,2.6610,13.6606,83.70,100.00
2010-10-30 10:00:00,Macquarie Island,66.7024,57.1990,57.1990,0.0000,0.0000,9.5034,0.0000,150.0000,66.7024,18.6767,2.6610,16.0157,85.75,100.00
2010-10-30 11:00:00,Macquarie Island,66.5668,59.4751,59.4751,0.0000,0.0000,7.0917,0.0000,150.0000,66.5668,18.6387,1.9857,16.6530,89.35,100.00
2010-10-30 12:00:00,Macquarie Island,60.4912,58.9559,58.9559,0.0000,0.0000,1.5353,0.0000,150.0000,60.4912,16.9375,0.4299,16.5077,97.46,100.00
2010-10-30 13:00:00,Macquarie Island,58.9782,51.4337,51.4337,0.0000,0.0000,7.5445,0.0000,150.0000,58.9782,16.5139,2.1125,14.4014,87.21,100.00
2010-10-30 14:00:00,Macquarie Island,64.9777,70.1167,64.9777,5.1390,0.0000,0.0000,0.0000,154.8820,64.9777,18.1938,0.0000,18.1938,100.00,100.00
2010-10-30 15:00:00,Macquarie Island,63.4371,48.4587,48.4587,0.0000,4.6379,10.3405,0.0000,150.0000,63.4371,17.7624,2.8953,14.8671,83.70,100.00
2010-10-30 16:00:00,Macquarie Island,59.9077,47.3628,47.3628,0.0000,0.0000,12.5449,0.0000,150.0000,59.9077,16.7742,3.5126,13.2616,79.06,100.00
2010-10-30 17:00:00,Macquarie Island,70.0419,21.1327,21.1327,0.0000,0.0000,48.9092,0.0000,150.0000,70.0419,19.6117,13.6946,5.9172,30.17,100.00
2010-10-30 18:00:00,Macquarie Island,63.4901,11.2851,11.2851,0.0000,0.0000,52.2050,0.0000,150.0000,63.4901,17.7772,14.6174,3.1598,17.77,100.00
2010-10-30 19:00:00,Macquarie Island,57.7698,8.4061,8.4061,0.0000,0.0000,49.3637,0.0000,150.0000,57.7698,16.1755,13.8218,2.3537,14.55,100.00
2010-10-30 20:00:00,Macquarie Island,53.1696,26.6888,26.6888,0.0000,0.0000,26.4808,0.0000,150.0000,53.1696,14.8875,7.4146,7.4729,50.20,100.00
2010-10-30 21:00:00,Macquarie Island,64.8173,49.7557,49.7557,0.0000,0.0000,15.0616,0.0000,150.0000,64.8173,18.1488,4.2172,13.9316,76.76,100.00
2010-10-30 22:00:00,Macquarie Island,61.2914,22.0904,22.0904,0.0000,0.0000,39.2010,0.0000,150.0000,61.2914,17.1616,10.9763,6.1853,36.04,100.00
2010-10-30 23:00:00,Macquarie Island,53.6795,34.6216,34.6216,0.0000,0.0000,19.0579,0.0000,150.0000,53.6795,15.0303,5.3362,9.6940,64.50,100.00
2010-10-31 00:00:00,Macquarie Island,51.3380,25.0229,25.0229,0.0000,0.0000,26.3151,0.0000,150.0000,51.3380,14.3746,7.3682,7.0064,48.74,100.00
2010-10-31 01:00:00,Macquarie Island,51.3879,53.2485,51.3879,1.8606,0.0000,0.0000,0.0000,151.7676,51.3879,14.3886,0.0000,14.3886,100.00,100.00
2010-10-31 02:00:00,Macquarie Island,60.0160,35.2294,35.2294,0.0000,1.6792,23.1074,0.0000,150.0000,60.0160,16.8045,6.4701,10.3344,61.50,100.00
2010-10-31 03:00:00,Macquarie Island,59.3601,58.5075,58.5075,0.0000,0.0000,0.8526,0.0000,150.0000,59.3601,16.6208,0.2387,16.3821,98.56,100.00
2010-10-31 04:00:00,Macquarie Island,57.3916,67.2705,57.3916,9.8789,0.0000,0.0000,0.0000,159.3850,57.3916,16.0696,0.0000,16.0696,100.00,100.00
2010-10-31 05:00:00,Macquarie Island,60.8360,55.2389,55.2389,0.0000,5.5971,0.0000,0.0000,153.4933,60.8360,17.0341,0.0000,17.0341,100.00,100.00
2010-10-31 06:00:00,Macquarie Island,62.2492,23.4823,23.4823,0.0000,3.3186,35.4483,0.0000,150.0000,62.2492,17.4298,9.9255,7.5043,43.05,100.00
2010-10-31 07:00:00,Macquarie Island,58.7178,58.8335,58.7178,0.1157,0.0000,0.0000,0.0000,150.1099,58.7178,16.4410,0.0000,16.4410,100.00,100.00
2010-10-31 08:00:00,Macquarie Island,57.3698,78.7068,57.3698,21.3370,0.0000,0.0000,0.0000,170.3801,57.3698,16.0635,0.0000,16.0635,100.00,100.00
2010-10-31 09:00:00,Macquarie Island,56.9644,80.0943,56.9644,23.1299,0.0000,0.0000,0.0000,192.3535,56.9644,15.9500,0.0000,15.9500,100.00,100.00
2010-10-31 10:00:00,Macquarie Island,57.5486,72.9135,57.5486,15.3649,0.0000,0.0000,0.0000,206.9501,57.5486,16.1136,0.0000,16.1136,100.00,100.00
2010-10-31 11:00:00,Macquarie Island,61.6120,58.5373,58.5373,0.0000,3.0747,0.0000,0.0000,203.7136,61.6120,17.2514,0.0000,17.2514,100.00,100.00
2010-10-31 12:00:00,Macquarie Island,63.5626,64.0458,63.5626,0.4832,0.0000,0.0000,0.0000,204.1726,63.5626,17.7975,0.0000,17.7975,100.00,100.00
2010-10-31 13:00:00,Macquarie Island,56.9677,53.6364,53.6364,0.0000,3.3313,0.0000,0.0000,200.6660,56.9677,15.9510,0.0000,15.9510,100.00,100.00
2010-10-31 14:00:00,Macquarie Island,63.0026,44.0084,44.0084,0.0000,18.9942,0.0000,0.0000,180.6721,63.0026,17.6407,0.0000,17.6407,100.00,100.00
2010-10-31 15:00:00,Macquarie Island,60.7451,35.3090,35.3090,0.0000,25.4361,0.0000,0.0000,153.8973,60.7451,17.0086,0.0000,17.0086,100.00,100.00
2010-10-31 16:00:00,Macquarie Island,59.3607,63.8904,59.3607,4.5297,0.0000,0.0000,0.0000,158.2005,59.3607,16.6210,0.0000,16.6210,100.00,100.00
2010-10-31 17:00:00,Macquarie Island,53.0067,25.4493,25.4493,0.0000,7.7905,19.7669,0.0000,150.0000,53.0067,14.8419,5.5347,9.3071,62.71,100.00
2010-10-31 18:00:00,Macquarie Island,60.2587,35.1130,35.1130,0.0000,0.0000,25.1457,0.0000,150.0000,60.2587,16.8724,7.0408,9.8316,58.27,100.00
2010-10-31 19:00:00,Macquarie Island,76.5623,29.6897,29.6897,0.0000,0.0000,46.8726,0.0000,150.0000,76.5623,21.4374,13.1243,8.3131,38.78,100.00
2010-10-31 20:00:00,Macquarie Island,60.8273,47.9614,47.9614,0.0000,0.0000,12.8659,0.0000,150.0000,60.8273,17.0316,3.6025,13.4292,78.85,100.00
2010-10-31 21:00:00,Macquarie Island,62.9177,65.9865,62.9177,3.0688,0.0000,0.0000,0.0000,152.9154,62.9177,17.6170,0.0000,17.6170,100.00,100.00
2010-10-31 22:00:00,Macquarie Island,55.5725,45.4290,45.4290,0.0000,2.7696,7.3739,0.0000,150.0000,55.5725,15.5603,2.0647,13.4956,86.73,100.00
2010-10-31 23:00:00,Macquarie Island,51.6030,27.4637,27.4637,0.0000,0.0000,24.1393,0.0000,150.0000,51.6030,14.4488,6.7590,7.6898,53.22,100.00
2010-11-01 00:00:00,Macquarie Island,51.9892,64.9770,51.9892,12.9878,0.0000,0.0000,0.0000,162.3384,51.9892,14.5570,0.0000,14.5570,100.00,100.00
2010-11-01 01:00:00,Macquarie Island,57.0127,50.8271,50.8271,0.0000,6.1856,0.0000,0.0000,155.8273,57.0127,15.9636,0.0000,15.9636,100.00,100.00
2010-11-01 02:00:00,Macquarie Island,59.6877,59.4063,59.4063,0.0000,0.2814,0.0000,0.0000,155.5310,59.6877,16.7126,0.0000,16.7126,100.00,100.00
2010-11-01 03:00:00,Macquarie Island,53.0142,52.6386,52.6386,0.0000,0.3756,0.0000,0.0000,155.1357,53.0142,14.8440,0.0000,14.8440,100.00,100.00
2010-11-01 04:00:00,Macquarie Island,55.6271,25.7567,25.7567,0.0000,4.8789,24.9915,0.0000,150.0000,55.6271,15.5756,6.9976,8.5780,55.07,100.00
2010-11-01 05:00:00,Macquarie Island,62.1766,44.4101,44.4101,0.0000,0.0000,17.7665,0.0000,150.0000,62.1766,17.4094,4.9746,12.4348,71.43,100.00
2010-11-01 06:00:00,Macquarie Island,57.3490,74.9029,57.3490,17.5539,0.0000,0.0000,0.0000,166.6762,57.3490,16.0577,0.0000,16.0577,100.00,100.00
2010-11-01 07:00:00,Macquarie Island,59.3679,55.2636,55.2636,0.0000,4.1043,0.0000,0.0000,162.3559,59.3679,16.6230,0.0000,16.6230,100.00,100.00
2010-11-01 08:00:00,Macquarie Island,57.4505,47.8170,47.8170,0.0000,9.6335,0.0000,0.0000,152.2154,57.4505,16.0861,0.0000,16.0861,100.00,100.00
2010-11-01 09:00:00,Macquarie Island,55.8392,34.3620,34.3620,0.0000,2.1046,19.3726,0.0000,150.0000,55.8392,15.6350,5.4243,10.2106,65.31,100.00
2010-11-01 10:00:00,Macquarie Island,66.2552,75.7461,66.2552,9.4909,0.0000,0.0000,0.0000,159.0164,66.2552,18.5515,0.0000,18.5515,100.00,100.00
2010-11-01 11:00:00,Macquarie Island,52.9564,75.5925,52.9564,22.6361,0.0000,0.0000,0.0000,180.5206,52.9564,14.8278,0.0000,14.8278,100.00,100.00
2010-11-01 12:00:00,Macquarie Island,63.6790,46.5773,46.5773,0.0000,17.1017,0.0000,0.0000,162.5189,63.6790,17.8301,0.0000,17.8301,100.00,100.00
2010-11-01 13:00:00,Macquarie Island,50.4617,40.0399,40.0399,0.0000,10.4218,0.0000,0.0000,151.5485,50.4617,14.1293,0.0000,14.1293,100.00,100.00
2010-11-01 14:00:00,Macquarie Island,52.7470,74.9846,52.7470,22.2376,0.0000,0.0000,0.0000,172.6743,52.7470,14.7692,0.0000,14.7692,100.00,100.00
2010-11-01 15:00:00,Macquarie Island,57.5889,26.0075,26.0075,0.0000,21.5406,10.0408,0.0000,150.0000,57.5889,16.1249,2.8114,13.3135,82.56,100.00
2010-11-01 16:00:00,Macquarie Island,57.0466,37.5979,37.5979,0.0000,0.0000,19.4487,0.0000,150.0000,57.0466,15.9730,5.4456,10.5274,65.91,100.00
2010-11-01 17:00:00,Macquarie Island,67.6143,26.9338,26.9338,0.0000,0.0000,40.6805,0.0000,150.0000,67.6143,18.9320,11.3905,7.5415,39.83,100.00
2010-11-01 18:00:00,Macquarie Island,66.6179,45.9920,45.9920,0.0000,0.0000,20.6259,0.0000,150.0000,66.6179,18.6530,5.7753,12.8778,69.04,100.00
2010-11-01 19:00:00,Macquarie Island,52.4501,35.0220,35.0220,0.0000,0.0000,17.4281,0.0000,150.0000,52.4501,14.6860,4.8799,9.8062,66.77,100.00
2010-11-01 20:00:00,Macquarie Island,59.7212,48.6850,48.6850,0.0000,0.0000,11.0362,0.0000,150.0000,59.7212,16.7219,3.0901,13.6318,81.52,100.00
2010-11-01 21:00:00,Macquarie Island,47.3146,47.1824,47.1824,0.0000,0.0000,0.1322,0.0000,150.0000,47.3146,13.2481,0.0370,13.2111,99.72,100.00
2010-11-01 22:00:00,Macquarie Island,55.3267,30.0532,30.0532,0.0000,0.0000,25.2735,0.0000,150.0000,55.3267,15.4915,7.0766,8.4149,54.32,100.00
2010-11-01 23:00:00,Macquarie Island,56.6626,27.0601,27.0601,0.0000,0.0000,29.6025,0.0000,150.0000,56.6626,15.8655,8.2887,7.5768,47.76,100.00
2010-11-02 00:00:00,Macquarie Island,50.4425,61.4855,50.4425,11.0430,0.0000,0.0000,0.0000,160.4908,50.4425,14.1239,0.0000,14.1239,100.00,100.00
2010-11-02 01:00:00,Macquarie Island,48.5909,53.3585,48.5909,4.7676,0.0000,0.0000,0.0000,165.0201,48.5909,13.6055,0.0000,13.6055,100.00,100.00
2010-11-02 02:00:00,Macquarie Island,53.9160,58.9366,53.9160,5.0206,0.0000,0.0000,0.0000,169.7896,53.9160,15.0965,0.0000,15.0965,100.00,100.00
2010-11-02 03:00:00,Macquarie Island,55.3473,43.7000,43.7000,0.0000,11.6473,0.0000,0.0000,157.5293,55.3473,15.4972,0.0000,15.4972,100.00,100.00
2010-11-02 04:00:00,Macquarie Island,62.2913,58.7079,58.7079,0.0000,3.5834,0.0000,0.0000,153.7573,62.2913,17.4416,0.0000,17.4416,100.00,100.00
2010-11-02 05:00:00,Macquarie Island,55.6090,34.4005,34.4005,0.0000,3.5695,17.6390,0.0000,150.0000,55.6090,15.5705,4.9389,10.6316,68.28,100.00
2010-11-02 06:00:00,Macquarie Island,53.3886,49.1431,49.1431,0.0000,0.0000,4.2455,0.0000,150.0000,53.3886,14.9488,1.1887,13.7601,92.05,100.00
2010-11-02 07:00:00,Macquarie Island,58.0109,27.1947,27.1947,0.0000,0.0000,30.8162,0.0000,150.0000,58.0109,16.2431,8.6285,7.6145,46.88,100.00
2010-11-02 08:00:00,Macquarie Island,54.3715,59.3856,54.3715,5.0141,0.0000,0.0000,0.0000,154.7634,54.3715,15.2240,0.0000,15.2240,100.00,100.00
2010-11-02 09:00:00,Macquarie Island,62.9520,34.1950,34.1950,0.0000,4.5252,24.2318,0.0000,150.0000,62.9520,17.6266,6.7849,10.8417,61.51,100.00
2010-11-02 10:00:00,Macquarie Island,61.7630,63.2534,61.7630,1.4904,0.0000,0.0000,0.0000,151.4159,61.7630,17.2936,0.0000,17.2936,100.00,100.00
2010-11-02 11:00:00,Macquarie Island,65.5407,35.6843,35.6843,0.0000,1.3451,28.5113,0.0000,150.0000,65.5407,18.3514,7.9832,10.3682,56.50,100.00
2010-11-02 12:00:00,Macquarie Island,52.8225,42.3411,42.3411,0.0000,0.0000,10.4814,0.0000,150.0000,52.8225,14.7903,2.9348,11.8555,80.16,100.00
2010-11-02 13:00:00,Macquarie Island,58.4838,34.8783,34.8783,0.0000,0.0000,23.6055,0.0000,150.0000,58.4838,16.3755,6.6095,9.7659,59.64,100.00
2010-11-02 14:00:00,Macquarie Island,62.5687,34.0923,34.0923,0.0000,0.0000,28.4764,0.0000,150.0000,62.5687,17.5192,7.9734,9.5458,54.49,100.00
2010-11-02 15:00:00,Macquarie Island,55.6880,29.6603,29.6603,0.0000,0.0000,26.0277,0.0000,150.0000,55.6880,15.5926,7.2878,8.3049,53.26,100.00
2010-11-02 16:00:00,Macquarie Island,58.7492,4.1858,4.1858,0.0000,0.0000,54.5634,0.0000,150.0000,58.7492,16.4498,15.2778,1.1720,7.12,100.00
2010-11-02 17:00:00,Macquarie Island,69.6491,20.5280,20.5280,0.0000,0.0000,49.1211,0.0000,150.0000,69.6491,19.5017,13.7539,5.7478,29.47,100.00
2010-11-02 18:00:00,Macquarie Island,66.6329,40.9424,40.9424,0.0000,0.0000,25.6905,0.0000,150.0000,66.6329,18.6572,7.1933,11.4639,61.44,100.00
2010-11-02 19:00:00,Macquarie Island,58.9934,41.4946,41.4946,0.0000,0.0000,17.4988,0.0000,150.0000,58.9934,16.5182,4.8997,11.6185,70.34,100.00
2010-11-02 20:00:00,Macquarie Island,55.6365,48.6848,48.6848,0.0000,0.0000,6.9517,0.0000,150.0000,55.6365,15.5782,1.9465,13.6317,87.51,100.00
2010-11-02 21:00:00,Macquarie Island,52.7828,33.2042,33.2042,0.0000,0.0000,19.5786,0.0000,150.0000,52.7828,14.7792,5.4820,9.2972,62.91,100.00
2010-11-02 22:00:00,Macquarie Island,55.2359,50.4870,50.4870,0.0000,0.0000,4.7489,0.0000,150.0000,55.2359,15.4661,1.3297,14.1364,91.40,100.00
2010-11-02 23:00:00,Macquarie Island,49.2435,60.8449,49.2435,11.6014,0.0000,0.0000,0.0000,161.0213,49.2435,13.7882,0.0000,13.7882,100.00,100.00
2010-11-03 00:00:00,Macquarie Island,49.8654,49.9786,49.8654,0.1132,0.0000,0.0000,0.0000,161.1289,49.8654,13.9623,0.0000,13.9623,100.00,100.00
2010-11-03 01:00:00,Macquarie Island,53.8827,36.3191,36.3191,0.0000,10.5724,6.9912,0.0000,150.0000,53.8827,15.0872,1.9575,13.1296,87.03,100.00
2010-11-03 02:00:00,Macquarie Island,59.2790,36.7815,36.7815,0.0000,0.0000,22.4975,0.0000,150.0000,59.2790,16.5981,6.2993,10.2988,62.05,100.00
2010-11-03 03:00:00,Macquarie Island,53.9615,59.8753,53.9615,5.9138,0.0000,0.0000,0.0000,155.6181,53.9615,15.1092,0.0000,15.1092,100.00,100.00
2010-11-03 04:00:00,Macquarie Island,56.5326,51.1234,51.1234,0.0000,5.3372,0.0720,0.0000,150.0000,56.5326,15.8291,0.0202,15.8090,99.87,100.00
2010-11-03 05:00:00,Macquarie Island,56.5419,58.3422,56.5419,1.8003,0.0000,0.0000,0.0000,151.7103,56.5419,15.8317,0.0000,15.8317,100.00,100.00
2010-11-03 06:00:00,Macquarie Island,61.4923,40.6758,40.6758,0.0000,1.6248,19.1917,0.0000,150.0000,61.4923,17.2178,5.3737,11.8442,68.79,100.00
2010-11-03 07:00:00,Macquarie Island,62.0890,50.3319,50.3319,0.0000,0.0000,11.7571,0.0000,150.0000,62.0890,17.3849,3.2920,14.0929,81.06,100.00
2010-11-03 08:00:00,Macquarie Island,59.9819,25.6648,25.6648,0.0000,0.0000,34.3171,0.0000,150.0000,59.9819,16.7949,9.6088,7.1861,42.79,100.00
2010-11-03 09:00:00,Macquarie Island,54.1495,25.6390,25.6390,0.0000,0.0000,28.5105,0.0000,150.0000,54.1495,15.1619,7.9829,7.1789,47.35,100.00
2010-11-03 10:00:00,Macquarie Island,55.6706,36.6883,36.6883,0.0000,0.0000,18.9823,0.0000,150.0000,55.6706,15.5878,5.3150,10.2727,65.90,100.00
2010-11-03 11:00:00,Macquarie Island,63.3567,45.4609,45.4609,0.0000,0.0000,17.8958,0.0000,150.0000,63.3567,17.7399,5.0108,12.7291,71.75,100.00
2010-11-03 12:00:00,Macquarie Island,59.5365,58.5652,58.5652,0.0000,0.0000,0.9713,0.0000,150.0000,59.5365,16.6702,0.2720,16.3983,98.37,100.00
2010-11-03 13:00:00,Macquarie Island,54.5124,40.0590,40.0590,0.0000,0.0000,14.4534,0.0000,150.0000,54.5124,15.2635,4.0470,11.2165,73.49,100.00
2010-11-03 14:00:00,Macquarie Island,56.4022,31.8909,31.8909,0.0000,0.0000,24.5113,0.0000,150.0000,56.4022,15.7926,6.8632,8.9295,56.54,100.00
2010-11-03 15:00:00,Macquarie Island,61.4070,47.0309,47.0309,0.0000,0.0000,14.3761,0.0000,150.0000,61.4070,17.1940,4.0253,13.1687,76.59,100.00
2010-11-03 16:00:00,Macquarie Island,55.1166,17.3750,17.3750,0.0000,0.0000,37.7416,0.0000,150.0000,55.1166,15.4326,10.5676,4.8650,31.52,100.00
2010-11-03 17:00:00,Macquarie Island,64.1811,17.1777,17.1777,0.0000,0.0000,47.0034,0.0000,150.0000,64.1811,17.9707,13.1610,4.8098,26.76,100.00
2010-11-03 18:00:00,Macquarie Island,58.2682,17.3527,17.3527,0.0000,0.0000,40.9155,0.0000,150.0000,58.2682,16.3151,11.4563,4.8588,29.78,100.00
2010-11-03 19:00:00,Macquarie Island,66.3351,48.6338,48.6338,0.0000,0.0000,17.7013,0.0000,150.0000,66.3351,18.5738,4.9564,13.6175,73.32,100.00
2010-11-03 20:00:00,Macquarie Island,56.5426,47.2953,47.2953,0.0000,0.0000,9.2473,0.0000,150.0000,56.5426,15.8319,2.5892,13.2427,83.65,100.00
2010-11-03 21:00:00,Macquarie Island,55.1980,48.8897,48.8897,0.0000,0.0000,6.3083,0.0000,150.0000,55.1980,15.4554,1.7663,13.6891,88.57,100.00
2010-11-03 22:00:00,Macquarie Island,60.3526,43.9321,43.9321,0.0000,0.0000,16.4205,0.0000,150.0000,60.3526,16.8987,4.5977,12.3010,72.79,100.00
2010-11-03 23:00:00,Macquarie Island,52.2452,19.0564,19.0564,0.0000,0.0000,33.1888,0.0000,150.0000,52.2452,14.6287,9.2929,5.3358,36.47,100.00
2010-11-04 00:00:00,Macquarie Island,56.5546,34.1212,34.1212,0.0000,0.0000,22.4334,0.0000,150.0000,56.5546,15.8353,6.2814,9.5539,60.33,100.00
2010-11-04 01:00:00,Macquarie Island,51.6843,58.1268,51.6843,6.4425,0.0000,0.0000,0.0000,156.1204,51.6843,14.4716,0.0000,14.4716,100.00,100.00
2010-11-04 02:00:00,Macquarie Island,59.9163,58.7809,58.7809,0.0000,1.1354,0.0000,0.0000,154.9252,59.9163,16.7766,0.0000,16.7766,100.00,100.00
2010-11-04 03:00:00,Macquarie Island,64.2013,52.5009,52.5009,0.0000,4.6790,7.0214,0.0000,150.0000,64.2013,17.9764,1.9660,16.0104,89.06,100.00
2010-11-04 04:00:00,Macquarie Island,58.4053,74.2102,58.4053,15.8049,0.0000,0.0000,0.0000,165.0147,58.4053,16.3535,0.0000,16.3535,100.00,100.00
2010-11-04 05:00:00,Macquarie Island,58.5161,36.8134,36.8134,0.0000,14.2639,7.4388,0.0000,150.0000,58.5161,16.3845,2.0829,14.3017,87.29,100.00
2010-11-04 06:00:00,Macquarie Island,56.3466,36.1470,36.1470,0.0000,0.0000,20.1996,0.0000,150.0000,56.3466,15.7770,5.6559,10.1212,64.15,100.00
2010-11-04 07:00:00,Macquarie Island,59.3383,32.5971,32.5971,0.0000,0.0000,26.7412,0.0000,150.0000,59.3383,16.6147,7.4875,9.1272,54.93,100.00
2010-11-04 08:00:00,Macquarie Island,57.8876,68.0657,57.8876,10.1781,0.0000,0.0000,0.0000,159.6692,57.8876,16.2085,0.0000,16.2085,100.00,100.00
2010-11-04 09:00:00,Macquarie Island,57.7991,21.1419,21.1419,0.0000,9.1857,27.4715,0.0000,150.0000,57.7991,16.1837,7.6920,8.4917,52.47,100.00
2010-11-04 10:00:00,Macquarie Island,63.3268,61.6306,61.6306,0.0000,0.0000,1.6962,0.0000,150.0000,63.3268,17.7315,0.4749,17.2566,97.32,100.00
2010-11-04 11:00:00,Macquarie Island,54.9537,32.2021,32.2021,0.0000,0.0000,22.7516,0.0000,150.0000,54.9537,15.3870,6.3704,9.0166,58.60,100.00
2010-11-04 12:00:00,Macquarie Island,61.3051,55.2713,55.2713,0.0000,0.0000,6.0338,0.0000,150.0000,61.3051,17.1654,1.6895,15.4760,90.16,100.00
2010-11-04 13:00:00,Macquarie Island,58.8872,37.3721,37.3721,0.0000,0.0000,21.5151,0.0000,150.0000,58.8872,16.4884,6.0242,10.4642,63.46,100.00
2010-11-04 14:00:00,Macquarie Island,56.5686,61.9188,56.5686,5.3502,0.0000,0.0000,0.0000,155.0827,56.5686,15.8392,0.0000,15.8392,100.00,100.00
2010-11-04 15:00:00,Macquarie Island,65.2010,30.2488,30.2488,0.0000,4.8286,30.1236,0.0000,150.0000,65.2010,18.2563,8.4346,9.8217,53.80,100.00
2010-11-04 16:00:00,Macquarie Island,57.7785,34.2780,34.2780,0.0000,0.0000,23.5005,0.0000,150.0000,57.7785,16.1780,6.5801,9.5978,59.33,100.00
2010-11-04 17:00:00,Macquarie Island,70.2173,20.2519,20.2519,0.0000,0.0000,49.9654,0.0000,150.0000,70.2173,19.6608,13.9903,5.6705,28.84,100.00
2010-11-04 18:00:00,Macquarie Island,73.2471,12.3490,12.3490,0.0000,0.0000,60.8981,0.0000,150.0000,73.2471,20.5092,17.0515,3.4577,16.86,100.00
2010-11-04 19:00:00,Macquarie Island,71.6791,16.4889,16.4889,0.0000,0.0000,55.1902,0.0000,150.0000,71.6791,20.0701,15.4533,4.6169,23.00,100.00
2010-11-04 20:00:00,Macquarie Island,65.0576,60.3044,60.3044,0.0000,0.0000,4.7532,0.0000,150.0000,65.0576,18.2161,1.3309,16.8852,92.69,100.00
2010-11-04 21:00:00,Macquarie Island,61.4539,16.9844,16.9844,0.0000,0.0000,44.4695,0.0000,150.0000,61.4539,17.2071,12.4515,4.7556,27.64,100.00
2010-11-04 22:00:00,Macquarie Island,58.3916,17.9928,17.9928,0.0000,0.0000,40.3988,0.0000,150.0000,58.3916,16.3496,11.3117,5.0380,30.81,100.00
2010-11-04 23:00:00,Macquarie Island,49.1013,22.0340,22.0340,0.0000,0.0000,27.0673,0.0000,150.0000,49.1013,13.7484,7.5788,6.1695,44.87,100.00
2010-11-05 00:00:00,Macquarie Island,51.8257,47.7967,47.7967,0.0000,0.0000,4.0290,0.0000,150.0000,51.8257,14.5112,1.1281,13.3831,92.23,100.00
2010-11-05 01:00:00,Macquarie Island,55.9640,59.6910,55.9640,3.7270,0.0000,0.0000,0.0000,153.5406,55.9640,15.6699,0.0000,15.6699,100.00,100.00
2010-11-05 02:00:00,Macquarie Island,50.6156,30.0919,30.0919,0.0000,3.3636,17.1601,0.0000,150.0000,50.6156,14.1724,4.8048,9.3675,66.10,100.00
2010-11-05 03:00:00,Macquarie Island,60.3021,56.1273,56.1273,0.0000,0.0000,4.1748,0.0000,150.0000,60.3021,16.8846,1.1689,15.7156,93.08,100.00
2010-11-05 04:00:00,Macquarie Island,53.3679,52.2592,52.2592,0.0000,0.0000,1.1087,0.0000,150.0000,53.3679,14.9430,0.3104,14.6326,97.92,100.00
2010-11-05 05:00:00,Macquarie Island,54.3088,39.5802,39.5802,0.0000,0.0000,14.7286,0.0000,150.0000,54.3088,15.2065,4.1240,11.0825,72.88,100.00
2010-11-05 06:00:00,Macquarie Island,57.8969,42.1367,42.1367,0.0000,0.0000,15.7602,0.0000,150.0000,57.8969,16.2111,4.4129,11.7983,72.78,100.00
2010-11-05 07:00:00,Macquarie Island,53.0340,65.5657,53.0340,12.5317,0.0000,0.0000,0.0000,161.9051,53.0340,14.8495,0.0000,14.8495,100.00,100.00
2010-11-05 08:00:00,Macquarie Island,54.4046,44.9331,44.9331,0.0000,9.4715,0.0000,0.0000,151.9351,54.4046,15.2333,0.0000,15.2333,100.00,100.00
2010-11-05 09:00:00,Macquarie Island,54.8486,47.6267,47.6267,0.0000,1.8384,5.3835,0.0000,150.0000,54.8486,15.3576,1.5074,13.8502,90.18,100.00
2010-11-05 10:00:00,Macquarie Island,61.9326,53.7317,53.7317,0.0000,0.0000,8.2009,0.0000,150.0000,61.9326,17.3411,2.2963,15.0449,86.76,100.00
2010-11-05 11:00:00,Macquarie Island,62.3049,57.9652,57.9652,0.0000,0.0000,4.3397,0.0000,150.0000,62.3049,17.4454,1.2151,16.2303,93.03,100.00
2010-11-05 12:00:00,Macquarie Island,59.3824,38.4737,38.4737,0.0000,0.0000,20.9087,0.0000,150.0000,59.3824,16.6271,5.8544,10.7726,64.79,100.00
2010-11-05 13:00:00,Macquarie Island,57.6950,45.0724,45.0724,0.0000,0.0000,12.6226,0.0000,150.0000,57.6950,16.1546,3.5343,12.6203,78.12,100.00
2010-11-05 14:00:00,Macquarie Island,57.6411,37.7372,37.7372,0.0000,0.0000,19.9039,0.0000,150.0000,57.6411,16.1395,5.5731,10.5664,65.47,100.00
2010-11-05 15:00:00,Macquarie Island,63.3268,24.2837,24.2837,0.0000,0.0000,39.0431,0.0000,150.0000,63.3268,17.7315,10.9321,6.7994,38.35,100.00
2010-11-05 16:00:00,Macquarie Island,63.7352,20.2610,20.2610,0.0000,0.0000,43.4742,0.0000,150.0000,63.7352,17.8459,12.1728,5.6731,31.79,100.00
2010-11-05 17:00:00,Macquarie Island,64.9099,42.0178,42.0178,0.0000,0.0000,22.8921,0.0000,150.0000,64.9099,18.1748,6.4098,11.7650,64.73,100.00
2010-11-05 18:00:00,Macquarie Island,76.2438,26.7725,26.7725,0.0000,0.0000,49.4713,0.0000,150.0000,76.2438,21.3483,13.8520,7.4963,35.11,100.00
2010-11-05 19:00:00,Macquarie Island,70.1633,27.8236,27.8236,0.0000,0.0000,42.3397,0.0000,150.0000,70.1633,19.6457,11.8551,7.7906,39.66,100.00
2010-11-05 20:00:00,Macquarie Island,54.5831,48.9622,48.9622,0.0000,0.0000,5.6209,0.0000,150.0000,54.5831,15.2833,1.5739,13.7094,89.70,100.00
2010-11-05 21:00:00,Macquarie Island,60.6157,57.2888,57.2888,0.0000,0.0000,3.3269,0.0000,150.0000,60.6157,16.9724,0.9315,16.0409,94.51,100.00
2010-11-05 22:00:00,Macquarie Island,52.4625,50.4886,50.4886,0.0000,0.0000,1.9739,0.0000,150.0000,52.4625,14.6895,0.5527,14.1368,96.24,100.00
2010-11-05 23:00:00,Macquarie Island,48.7925,26.7686,26.7686,0.0000,0.0000,22.0239,0.0000,150.0000,48.7925,13.6619,6.1667,7.4952,54.86,100.00
2010-11-06 00:00:00,Macquarie Island,62.3274,54.0070,54.0070,0.0000,0.0000,8.3204,0.0000,150.0000,62.3274,17.4517,2.3297,15.1220,86.65,100.00
2010-11-06 01:00:00,Macquarie Island,55.3682,34.8282,34.8282,0.0000,0.0000,20.5400,0.0000,150.0000,55.3682,15.5031,5.7512,9.7519,62.90,100.00
2010-11-06 02:00:00,Macquarie Island,52.2533,46.9448,46.9448,0.0000,0.0000,5.3085,0.0000,150.0000,52.2533,14.6309,1.4864,13.1445,89.84,100.00
2010-11-06 03:00:00,Macquarie Island,58.1416,52.0002,52.0002,0.0000,0.0000,6.1414,0.0000,150.0000,58.1416,16.2796,1.7196,14.5601,89.44,100.00
2010-11-06 04:00:00,Macquarie Island,56.1169,49.2469,49.2469,0.0000,0.0000,6.8700,0.0000,150.0000,56.1169,15.7127,1.9236,13.7891,87.76,100.00
2010-11-06 05:00:00,Macquarie Island,51.9990,58.4026,51.9990,6.4036,0.0000,0.0000,0.0000,156.0834,51.9990,14.5597,0.0000,14.5597,100.00,100.00
2010-11-06 06:00:00,Macquarie Island,60.7547,39.5112,39.5112,0.0000,5.7792,15.4643,0.0000,150.0000,60.7547,17.0113,4.3300,12.6813,74.55,100.00
2010-11-06 07:00:00,Macquarie Island,57.1193,62.4053,57.1193,5.2860,0.0000,0.0000,0.0000,155.0217,57.1193,15.9934,0.0000,15.9934,100.00,100.00
2010-11-06 08:00:00,Macquarie Island,60.4910,52.1356,52.1356,0.0000,4.7706,3.5848,0.0000,150.0000,60.4910,16.9375,1.0037,15.9337,94.07,100.00
2010-11-06 09:00:00,Macquarie Island,63.2380,54.9391,54.9391,0.0000,0.0000,8.2989,0.0000,150.0000,63.2380,17.7066,2.3237,15.3829,86.88,100.00
2010-11-06 10:00:00,Macquarie Island,64.7131,48.3815,48.3815,0.0000,0.0000,16.3316,0.0000,150.0000,64.7131,18.1197,4.5728,13.5468,74.76,100.00
2010-11-06 11:00:00,Macquarie Island,65.2779,45.6438,45.6438,0.0000,0.0000,19.6341,0.0000,150.0000,65.2779,18.2778,5.4975,12.7803,69.92,100.00
2010-11-06 12:00:00,Macquarie Island,56.4437,85.0302,56.4437,28.5865,0.0000,0.0000,0.0000,177.1572,56.4437,15.8042,0.0000,15.8042,100.00,100.00
2010-11-06 13:00:00,Macquarie Island,60.1972,48.4051,48.4051,0.0000,11.7921,0.0000,0.0000,164.7444,60.1972,16.8552,0.0000,16.8552,100.00,100.00
2010-11-06 14:00:00,Macquarie Island,56.8538,29.6826,29.6826,0.0000,14.0072,13.1640,0.0000,150.0000,56.8538,15.9191,3.6859,12.2331,76.85,100.00
2010-11-06 15:00:00,Macquarie Island,62.0967,21.1084,21.1084,0.0000,0.0000,40.9883,0.0000,150.0000,62.0967,17.3871,11.4767,5.9104,33.99,100.00
2010-11-06 16:00:00,Macquarie Island,63.8002,28.0299,28.0299,0.0000,0.0000,35.7703,0.0000,150.0000,63.8002,17.8641,10.0157,7.8484,43.93,100.00
2010-11-06 17:00:00,Macquarie Island,57.7753,9.2863,9.2863,0.0000,0.0000,48.4890,0.0000,150.0000,57.7753,16.1771,13.5769,2.6002,16.07,100.00
2010-11-06 18:00:00,Macquarie Island,60.4895,24.9243,24.9243,0.0000,0.0000,35.5652,0.0000,150.0000,60.4895,16.9371,9.9583,6.9788,41.20,100.00
2010-11-06 19:00:00,Macquarie Island,53.9846,22.3159,22.3159,0.0000,0.0000,31.6687,0.0000,150.0000,53.9846,15.1157,8.8672,6.2485,41.34,100.00
2010-11-06 20:00:00,Macquarie Island,60.4648,32.5929,32.5929,0.0000,0.0000,27.8719,0.0000,150.0000,60.4648,16.9301,7.8041,9.1260,53.90,100.00
2010-11-06 21:00:00,Macquarie Island,60.9937,23.9103,23.9103,0.0000,0.0000,37.0834,0.0000,150.0000,60.9937,17.0782,10.3834,6.6949,39.20,100.00
2010-11-06 22:00:00,Macquarie Island,53.4257,48.2878,48.2878,0.0000,0.0000,5.1379,0.0000,150.0000,53.4257,14.9592,1.4386,13.5206,90.38,100.00
2010-11-06 23:00:00,Macquarie Island,55.4028,53.4363,53.4363,0.0000,0.0000,1.9665,0.0000,150.0000,55.4028,15.5128,0.5506,14.9622,96.45,100.00
2010-11-07 00:00:00,Macquarie Island,62.6003,52.0533,52.0533,0.0000,0.0000,10.5470,0.0000,150.0000,62.6003,17.5281,2.9532,14.5749,83.15,100.00
2010-11-07 01:00:00,Macquarie Island,50.2782,52.9797,50.2782,2.7015,0.0000,0.0000,0.0000,152.5664,50.2782,14.0779,0.0000,14.0779,100.00,100.00
2010-11-07 02:00:00,Macquarie Island,55.0272,58.2836,55.0272,3.2564,0.0000,0.0000,0.0000,155.6600,55.0272,15.4076,0.0000,15.4076,100.00,100.00
2010-11-07 03:00:00,Macquarie Island,54.4769,59.5604,54.4769,5.0835,0.0000,0.0000,0.0000,160.4893,54.4769,15.2535,0.0000,15.2535,100.00,100.00
2010-11-07 04:00:00,Macquarie Island,56.9112,58.6214,56.9112,1.7102,0.0000,0.0000,0.0000,162.1140,56.9112,15.9351,0.0000,15.9351,100.00,100.00
2010-11-07 05:00:00,Macquarie Island,53.9702,38.8592,38.8592,0.0000,11.5083,3.6027,0.0000,150.0000,53.9702,15.1117,1.0088,14.1029,93.32,100.00
2010-11-07 06:00:00,Macquarie Island,63.2668,58.6598,58.6598,0.0000,0.0000,4.6070,0.0000,150.0000,63.2668,17.7147,1.2900,16.4247,92.72,100.00
2010-11-07 07:00:00,Macquarie Island,53.3829,44.2403,44.2403,0.0000,0.0000,9.1426,0.0000,150.0000,53.3829,14.9472,2.5599,12.3873,82.87,100.00
2010-11-07 08:00:00,Macquarie Island,58.5581,54.3708,54.3708,0.0000,0.0000,4.1873,0.0000,150.0000,58.5581,16.3963,1.1724,15.2238,92.85,100.00
2010-11-07 09:00:00,Macquarie Island,53.8651,33.5381,33.5381,0.0000,0.0000,20.3270,0.0000,150.0000,53.8651,15.0822,5.6916,9.3907,62.26,100.00
2010-11-07 10:00:00,Macquarie Island,65.7871,36.2847,36.2847,0.0000,0.0000,29.5024,0.0000,150.0000,65.7871,18.4204,8.2607,10.1597,55.15,100.00
2010-11-07 11:00:00,Macquarie Island,53.8696,39.0117,39.0117,0.0000,0.0000,14.8579,0.0000,150.0000,53.8696,15.0835,4.1602,10.9233,72.42,100.00
2010-11-07 12:00:00,Macquarie Island,65.8799,42.8056,42.8056,0.0000,0.0000,23.0743,0.0000,150.0000,65.8799,18.4464,6.4608,11.9856,64.98,100.00
2010-11-07 13:00:00,Macquarie Island,59.5722,40.9689,40.9689,0.0000,0.0000,18.6033,0.0000,150.0000,59.5722,16.6802,5.2089,11.4713,68.77,100.00
2010-11-07 14:00:00,Macquarie Island,59.2839,33.3819,33.3819,0.0000,0.0000,25.9020,0.0000,150.0000,59.2839,16.5995,7.2526,9.3469,56.31,100.00
2010-11-07 15:00:00,Macquarie Island,66.3286,28.2357,28.2357,0.0000,0.0000,38.0929,0.0000,150.0000,66.3286,18.5720,10.6660,7.9060,42.57,100.00
2010-11-07 16:00:00,Macquarie Island,55.9044,28.5130,28.5130,0.0000,0.0000,27.3914,0.0000,150.0000,55.9044,15.6532,7.6696,7.9836,51.00,100.00
2010-11-07 17:00:00,Macquarie Island,63.1285,9.7959,9.7959,0.0000,0.0000,53.3326,0.0000,150.0000,63.1285,17.6760,14.9331,2.7429,15.52,100.00
2010-11-07 18:00:00,Macquarie Island,60.0298,20.1114,20.1114,0.0000,0.0000,39.9184,0.0000,150.0000,60.0298,16.8083,11.1772,5.6312,33.50,100.00
2010-11-07 19:00:00,Macquarie Island,59.1201,13.2808,13.2808,0.0000,0.0000,45.8393,0.0000,150.0000,59.1201,16.5536,12.8350,3.7186,22.46,100.00
2010-11-07 20:00:00,Macquarie Island,60.2000,7.4734,7.4734,0.0000,0.0000,52.7266,0.0000,150.0000,60.2000,16.8560,14.7634,2.0926,12.41,100.00
2010-11-07 21:00:00,Macquarie Island,56.9622,24.2438,24.2438,0.0000,0.0000,32.7184,0.0000,150.0000,56.9622,15.9494,9.1612,6.7883,42.56,100.00
2010-11-07 22:00:00,Macquarie Island,50.2522,46.4650,46.4650,0.0000,0.0000,3.7872,0.0000,150.0000,50.2522,14.0706,1.0604,13.0102,92.46,100.00
2010-11-07 23:00:00,Macquarie Island,52.7155,42.3332,42.3332,0.0000,0.0000,10.3823,0.0000,150.0000,52.7155,14.7603,2.9070,11.8533,80.31,100.00
2010-11-08 00:00:00,Macquarie Island,55.0683,52.9711,52.9711,0.0000,0.0000,2.0972,0.0000,150.0000,55.0683,15.4191,0.5872,14.8319,96.19,100.00
2010-11-08 01:00:00,Macquarie Island,54.5885,40.3848,40.3848,0.0000,0.0000,14.2037,0.0000,150.0000,54.5885,15.2848,3.9770,11.3077,73.98,100.00
2010-11-08 02:00:00,Macquarie Island,57.9061,41.1421,41.1421,0.0000,0.0000,16.7640,0.0000,150.0000,57.9061,16.2137,4.6939,11.5198,71.05,100.00
2010-11-08 03:00:00,Macquarie Island,53.3386,60.9471,53.3386,7.6085,0.0000,0.0000,0.0000,157.2281,53.3386,14.9348,0.0000,14.9348,100.00,100.00
2010-11-08 04:00:00,Macquarie Island,56.2153,43.8156,43.8156,0.0000,6.8667,5.5330,0.0000,150.0000,56.2153,15.7403,1.5492,14.1910,90.16,100.00
2010-11-08 05:00:00,Macquarie Island,56.2122,84.9133,56.2122,28.7011,0.0000,0.0000,0.0000,177.2660,56.2122,15.7394,0.0000,15.7394,100.00,100.00
2010-11-08 06:00:00,Macquarie Island,51.1388,66.1167,51.1388,14.9779,0.0000,0.0000,0.0000,191.4950,51.1388,14.3189,0.0000,14.3189,100.00,100.00
2010-11-08 07:00:00,Macquarie Island,52.6306,64.6488,52.6306,12.0182,0.0000,0.0000,0.0000,202.9123,52.6306,14.7366,0.0000,14.7366,100.00,100.00
2010-11-08 08:00:00,Macquarie Island,54.7531,27.3249,27.3249,0.0000,27.4282,0.0000,0.0000,174.0406,54.7531,15.3309,0.0000,15.3309,100.00,100.00
2010-11-08 09:00:00,Macquarie Island,56.1474,57.9053,56.1474,1.7579,0.0000,0.0000,0.0000,175.7106,56.1474,15.7213,0.0000,15.7213,100.00,100.00
2010-11-08 10:00:00,Macquarie Island,57.9062,63.0165,57.9062,5.1103,0.0000,0.0000,0.0000,180.5653,57.9062,16.2137,0.0000,16.2137,100.00,100.00
2010-11-08 11:00:00,Macquarie Island,54.6731,44.7295,44.7295,0.0000,9.9436,0.0000,0.0000,170.0984,54.6731,15.3085,0.0000,15.3085,100.00,100.00
2010-11-08 12:00:00,Macquarie Island,57.6592,34.4166,34.4166,0.0000,19.0935,4.1491,0.0000,150.0000,57.6592,16.1446,1.1618,14.9828,92.80,100.00
2010-11-08 13:00:00,Macquarie Island,55.9634,35.0851,35.0851,0.0000,0.0000,20.8783,0.0000,150.0000,55.9634,15.6698,5.8459,9.8238,62.69,100.00
2010-11-08 14:00:00,Macquarie Island,63.0301,43.1865,43.1865,0.0000,0.0000,19.8436,0.0000,150.0000,63.0301,17.6484,5.5562,12.0922,68.52,100.00
2010-11-08 15:00:00,Macquarie Island,60.4269,21.9151,21.9151,0.0000,0.0000,38.5118,0.0000,150.0000,60.4269,16.9195,10.7833,6.1362,36.27,100.00
2010-11-08 16:00:00,Macquarie Island,56.9752,37.5979,37.5979,0.0000,0.0000,19.3773,0.0000,150.0000,56.9752,15.9531,5.4256,10.5274,65.99,100.00
2010-11-08 17:00:00,Macquarie Island,56.8936,9.8046,9.8046,0.0000,0.0000,47.0890,0.0000,150.0000,56.8936,15.9302,13.1849,2.7453,17.23,100.00
2010-11-08 18:00:00,Macquarie Island,67.3527,26.7725,26.7725,0.0000,0.0000,40.5802,0.0000,150.0000,67.3527,18.8588,11.3625,7.4963,39.75,100.00
2010-11-08 19:00:00,Macquarie Island,61.3446,16.4313,16.4313,0.0000,0.0000,44.9133,0.0000,150.0000,61.3446,17.1765,12.5757,4.6008,26.79,100.00
2010-11-08 20:00:00,Macquarie Island,72.1360,4.7619,4.7619,0.0000,0.0000,67.3741,0.0000,150.0000,72.1360,20.1981,18.8647,1.3333,6.60,100.00
2010-11-08 21:00:00,Macquarie Island,58.3062,21.3841,21.3841,0.0000,0.0000,36.9221,0.0000,150.0000,58.3062,16.3257,10.3382,5.9875,36.68,100.00
2010-11-08 22:00:00,Macquarie Island,47.3672,49.6506,47.3672,2.2834,0.0000,0.0000,0.0000,152.1692,47.3672,13.2628,0.0000,13.2628,100.00,100.00
2010-11-08 23:00:00,Macquarie Island,55.1884,46.9739,46.9739,0.0000,2.0608,6.1537,0.0000,150.0000,55.1884,15.4528,1.7230,13.7297,88.85,100.00
2010-11-09 00:00:00,Macquarie Island,55.0000,48.4366,48.4366,0.0000,0.0000,6.5634,0.0000,150.0000,55.0000,15.4000,1.8378,13.5622,88.07,100.00
2010-11-09 01:00:00,Macquarie Island,54.5756,62.6656,54.5756,8.0900,0.0000,0.0000,0.0000,157.6855,54.5756,15.2812,0.0000,15.2812,100.00,100.00
2010-11-09 02:00:00,Macquarie Island,62.9073,56.9892,56.9892,0.0000,5.9181,0.0000,0.0000,151.4559,62.9073,17.6140,0.0000,17.6140,100.00,100.00
2010-11-09 03:00:00,Macquarie Island,57.3243,44.7060,44.7060,0.0000,1.3831,11.2352,0.0000,150.0000,57.3243,16.0508,3.1458,12.9050,80.40,100.00
2010-11-09 04:00:00,Macquarie Island,61.3803,57.9695,57.9695,0.0000,0.0000,3.4108,0.0000,150.0000,61.3803,17.1865,0.9550,16.2315,94.44,100.00
2010-11-09 05:00:00,Macquarie Island,53.8950,51.1974,51.1974,0.0000,0.0000,2.6976,0.0000,150.0000,53.8950,15.0906,0.7553,14.3353,94.99,100.00
2010-11-09 06:00:00,Macquarie Island,60.2804,49.2815,49.2815,0.0000,0.0000,10.9989,0.0000,150.0000,60.2804,16.8785,3.0797,13.7988,81.75,100.00
2010-11-09 07:00:00,Macquarie Island,58.5378,44.1094,44.1094,0.0000,0.0000,14.4284,0.0000,150.0000,58.5378,16.3906,4.0400,12.3506,75.35,100.00
2010-11-09 08:00:00,Macquarie Island,60.8468,59.7045,59.7045,0.0000,0.0000,1.1423,0.0000,150.0000,60.8468,17.0371,0.3198,16.7173,98.12,100.00
2010-11-09 09:00:00,Macquarie Island,59.6877,51.8976,51.8976,0.0000,0.0000,7.7901,0.0000,150.0000,59.6877,16.7126,2.1812,14.5313,86.95,100.00
2010-11-09 10:00:00,Macquarie Island,55.2784,55.9514,55.2784,0.6730,0.0000,0.0000,0.0000,150.6394,55.2784,15.4780,0.0000,15.4780,100.00,100.00
2010-11-09 11:00:00,Macquarie Island,55.6576,50.9094,50.9094,0.0000,0.6074,4.1408,0.0000,150.0000,55.6576,15.5841,1.1594,14.4247,92.56,100.00
2010-11-09 12:00:00,Macquarie Island,61.1374,44.3266,44.3266,0.0000,0.0000,16.8108,0.0000,150.0000,61.1374,17.1185,4.7070,12.4114,72.50,100.00
2010-11-09 13:00:00,Macquarie Island,60.7809,40.8890,40.8890,0.0000,0.0000,19.8919,0.0000,150.0000,60.7809,17.0187,5.5697,11.4489,67.27,100.00
2010-11-09 14:00:00,Macquarie Island,52.7335,39.9667,39.9667,0.0000,0.0000,12.7668,0.0000,150.0000,52.7335,14.7654,3.5747,11.1907,75.79,100.00
2010-11-09 15:00:00,Macquarie Island,54.2308,23.4507,23.4507,0.0000,0.0000,30.7801,0.0000,150.0000,54.2308,15.1846,8.6184,6.5662,43.24,100.00
2010-11-09 16:00:00,Macquarie Island,63.2826,21.3742,21.3742,0.0000,0.0000,41.9084,0.0000,150.0000,63.2826,17.7191,11.7344,5.9848,33.78,100.00
2010-11-09 17:00:00,Macquarie Island,70.9901,22.7226,22.7226,0.0000,0.0000,48.2675,0.0000,150.0000,70.9901,19.8772,13.5149,6.3623,32.01,100.00
2010-11-09 18:00:00,Macquarie Island,71.4417,32.5558,32.5558,0.0000,0.0000,38.8859,0.0000,150.0000,71.4417,20.0037,10.8881,9.1156,45.57,100.00
2010-11-09 19:00:00,Macquarie Island,60.5284,56.2579,56.2579,0.0000,0.0000,4.2705,0.0000,150.0000,60.5284,16.9480,1.1957,15.7522,92.94,100.00
2010-11-09 20:00:00,Macquarie Island,67.7844,30.6936,30.6936,0.0000,0.0000,37.0908,0.0000,150.0000,67.7844,18.9796,10.3854,8.5942,45.28,100.00
2010-11-09 21:00:00,Macquarie Island,67.2761,38.3917,38.3917,0.0000,0.0000,28.8844,0.0000,150.0000,67.2761,18.8373,8.0876,10.7497,57.07,100.00
2010-11-09 22:00:00,Macquarie Island,56.9389,21.2573,21.2573,0.0000,0.0000,35.6816,0.0000,150.0000,56.9389,15.9429,9.9908,5.9520,37.33,100.00
2010-11-09 23:00:00,Macquarie Island,52.4492,60.5068,52.4492,8.0576,0.0000,0.0000,0.0000,157.6547,52.4492,14.6858,0.0000,14.6858,100.00,100.00
2010-11-10 00:00:00,Macquarie Island,58.7327,59.3146,58.7327,0.5819,0.0000,0.0000,0.0000,158.2075,58.7327,16.4452,0.0000,16.4452,100.00,100.00
2010-11-10 01:00:00,Macquarie Island,53.0072,52.2752,52.2752,0.0000,0.7320,0.0000,0.0000,157.4370,53.0072,14.8420,0.0000,14.8420,100.00,100.00
2010-11-10 02:00:00,Macquarie Island,54.7728,50.2589,50.2589,0.0000,4.5139,0.0000,0.0000,152.6855,54.7728,15.3364,0.0000,15.3364,100.00,100.00
2010-11-10 03:00:00,Macquarie Island,59.2215,48.8702,48.8702,0.0000,2.5512,7.8001,0.0000,150.0000,59.2215,16.5820,2.1840,14.3980,86.83,100.00
2010-11-10 04:00:00,Macquarie Island,63.7785,40.0134,40.0134,0.0000,0.0000,23.7651,0.0000,150.0000,63.7785,17.8580,6.6542,11.2038,62.74,100.00
2010-11-10 05:00:00,Macquarie Island,57.2499,25.6640,25.6640,0.0000,0.0000,31.5859,0.0000,150.0000,57.2499,16.0300,8.8441,7.1859,44.83,100.00
2010-11-10 06:00:00,Macquarie Island,50.5269,59.3156,50.5269,8.7887,0.0000,0.0000,0.0000,158.3493,50.5269,14.1475,0.0000,14.1475,100.00,100.00
2010-11-10 07:00:00,Macquarie Island,60.0373,50.0925,50.0925,0.0000,7.9318,2.0130,0.0000,150.0000,60.0373,16.8104,0.5636,16.2468,96.65,100.00
2010-11-10 08:00:00,Macquarie Island,55.5239,31.6297,31.6297,0.0000,0.0000,23.8942,0.0000,150.0000,55.5239,15.5467,6.6904,8.8563,56.97,100.00
2010-11-10 09:00:00,Macquarie Island,61.4796,41.3100,41.3100,0.0000,0.0000,20.1696,0.0000,150.0000,61.4796,17.2143,5.6475,11.5668,67.19,100.00
2010-11-10 10:00:00,Macquarie Island,57.3304,34.8955,34.8955,0.0000,0.0000,22.4349,0.0000,150.0000,57.3304,16.0525,6.2818,9.7707,60.87,100.00
2010-11-10 11:00:00,Macquarie Island,56.2098,41.8807,41.8807,0.0000,0.0000,14.3291,0.0000,150.0000,56.2098,15.7387,4.0121,11.7266,74.51,100.00
2010-11-10 12:00:00,Macquarie Island,56.9224,36.5417,36.5417,0.0000,0.0000,20.3807,0.0000,150.0000,56.9224,15.9383,5.7066,10.2317,64.20,100.00
2010-11-10 13:00:00,Macquarie Island,59.5933,39.5996,39.5996,0.0000,0.0000,19.9937,0.0000,150.0000,59.5933,16.6861,5.5982,11.0879,66.45,100.00
2010-11-10 14:00:00,Macquarie Island,51.7157,31.8448,31.8448,0.0000,0.0000,19.8709,0.0000,150.0000,51.7157,14.4804,5.5639,8.9165,61.58,100.00
2010-11-10 15:00:00,Macquarie Island,56.6573,33.0067,33.0067,0.0000,0.0000,23.6506,0.0000,150.0000,56.6573,15.8640,6.6222,9.2419,58.26,100.00
2010-11-10 16:00:00,Macquarie Island,58.2828,23.3117,23.3117,0.0000,0.0000,34.9711,0.0000,150.0000,58.2828,16.3192,9.7919,6.5273,40.00,100.00
2010-11-10 17:00:00,Macquarie Island,64.0854,9.2014,9.2014,0.0000,0.0000,54.8840,0.0000,150.0000,64.0854,17.9439,15.3675,2.5764,14.36,100.00
2010-11-10 18:00:00,Macquarie Island,60.5101,37.8269,37.8269,0.0000,0.0000,22.6832,0.0000,150.0000,60.5101,16.9428,6.3513,10.5915,62.51,100.00
2010-11-10 19:00:00,Macquarie Island,67.2102,37.7001,37.7001,0.0000,0.0000,29.5101,0.0000,150.0000,67.2102,18.8189,8.2628,10.5560,56.09,100.00
2010-11-10 20:00:00,Macquarie Island,58.8616,29.1853,29.1853,0.0000,0.0000,29.6763,0.0000,150.0000,58.8616,16.4812,8.3094,8.1719,49.58,100.00
2010-11-10 21:00:00,Macquarie Island,52.7130,21.3841,21.3841,0.0000,0.0000,31.3289,0.0000,150.0000,52.7130,14.7596,8.7721,5.9875,40.57,100.00
2010-11-10 22:00:00,Macquarie Island,57.4071,30.6716,30.6716,0.0000,0.0000,26.7355,0.0000,150.0000,57.4071,16.0740,7.4859,8.5880,53.43,100.00
2010-11-10 23:00:00,Macquarie Island,55.5625,68.1760,55.5625,12.6135,0.0000,0.0000,0.0000,161.9828,55.5625,15.5575,0.0000,15.5575,100.00,100.00
2010-11-11 00:00:00,Macquarie Island,54.6086,51.3873,51.3873,0.0000,3.2213,0.0000,0.0000,158.5920,54.6086,15.2904,0.0000,15.2904,100.00,100.00
2010-11-11 01:00:00,Macquarie Island,55.5704,46.5907,46.5907,0.0000,8.1624,0.8173,0.0000,150.0000,55.5704,15.5597,0.2288,15.3309,98.53,100.00
2010-11-11 02:00:00,Macquarie Island,64.0400,60.5755,60.5755,0.0000,0.0000,3.4645,0.0000,150.0000,64.0400,17.9312,0.9701,16.9611,94.59,100.00
2010-11-11 03:00:00,Macquarie Island,67.8002,46.6655,46.6655,0.0000,0.0000,21.1347,0.0000,150.0000,67.8002,18.9841,5.9177,13.0663,68.83,100.00
2010-11-11 04:00:00,Macquarie Island,52.6815,39.4208,39.4208,0.0000,0.0000,13.2607,0.0000,150.0000,52.6815,14.7508,3.7130,11.0378,74.83,100.00
2010-11-11 05:00:00,Macquarie Island,55.8488,56.1385,55.8488,0.2897,0.0000,0.0000,0.0000,150.2752,55.8488,15.6377,0.0000,15.6377,100.00,100.00
2010-11-11 06:00:00,Macquarie Island,53.6511,39.2687,39.2687,0.0000,0.2615,14.1209,0.0000,150.0000,53.6511,15.0223,3.9539,11.0684,73.68,100.00
2010-11-11 07:00:00,Macquarie Island,56.9983,57.8104,56.9983,0.8121,0.0000,0.0000,0.0000,150.7715,56.9983,15.9595,0.0000,15.9595,100.00,100.00
2010-11-11 08:00:00,Macquarie Island,53.6338,68.8107,53.6338,15.1769,0.0000,0.0000,0.0000,165.1895,53.6338,15.0175,0.0000,15.0175,100.00,100.00
2010-11-11 09:00:00,Macquarie Island,55.2063,51.5736,51.5736,0.0000,3.6327,0.0000,0.0000,161.3657,55.2063,15.4578,0.0000,15.4578,100.00,100.00
2010-11-11 10:00:00,Macquarie Island,56.9122,41.3986,41.3986,0.0000,10.7974,4.7162,0.0000,150.0000,56.9122,15.9354,1.3205,14.6149,91.71,100.00
2010-11-11 11:00:00,Macquarie Island,53.2709,73.7416,53.2709,20.4707,0.0000,0.0000,0.0000,169.4472,53.2709,14.9159,0.0000,14.9159,100.00,100.00
2010-11-11 12:00:00,Macquarie Island,64.2241,39.6791,39.6791,0.0000,18.4748,6.0702,0.0000,150.0000,64.2241,17.9827,1.6997,16.2831,90.55,100.00
2010-11-11 13:00:00,Macquarie Island,55.5742,35.8186,35.8186,0.0000,0.0000,19.7556,0.0000,150.0000,55.5742,15.5608,5.5316,10.0292,64.45,100.00
2010-11-11 14:00:00,Macquarie Island,63.2376,30.7001,30.7001,0.0000,0.0000,32.5375,0.0000,150.0000,63.2376,17.7065,9.1105,8.5960,48.55,100.00
2010-11-11 15:00:00,Macquarie Island,60.5562,30.9083,30.9083,0.0000,0.0000,29.6479,0.0000,150.0000,60.5562,16.9557,8.3014,8.6543,51.04,100.00
2010-11-11 16:00:00,Macquarie Island,49.1495,19.0674,19.0674,0.0000,0.0000,30.0821,0.0000,150.0000,49.1495,13.7619,8.4230,5.3389,38.79,100.00
2010-11-11 17:00:00,Macquarie Island,71.2679,18.9931,18.9931,0.0000,0.0000,52.2748,0.0000,150.0000,71.2679,19.9550,14.6369,5.3181,26.65,100.00
2010-11-11 18:00:00,Macquarie Island,67.3251,13.7786,13.7786,0.0000,0.0000,53.5465,0.0000,150.0000,67.3251,18.8510,14.9930,3.8580,20.47,100.00
2010-11-11 19:00:00,Macquarie Island,61.9749,6.4401,6.4401,0.0000,0.0000,55.5348,0.0000,150.0000,61.9749,17.3530,15.5497,1.8032,10.39,100.00
2010-11-11 20:00:00,Macquarie Island,64.4327,41.7457,41.7457,0.0000,0.0000,22.6870,0.0000,150.0000,64.4327,18.0412,6.3524,11.6888,64.79,100.00
2010-11-11 21:00:00,Macquarie Island,59.1244,56.4014,56.4014,0.0000,0.0000,2.7230,0.0000,150.0000,59.1244,16.5548,0.7624,15.7924,95.39,100.00
2010-11-11 22:00:00,Macquarie Island,54.8670,21.2573,21.2573,0.0000,0.0000,33.6097,0.0000,150.0000,54.8670,15.3628,9.4107,5.9520,38.74,100.00
2010-11-11 23:00:00,Macquarie Island,49.9806,54.1409,49.9806,4.1603,0.0000,0.0000,0.0000,153.9523,49.9806,13.9946,0.0000,13.9946,100.00,100.00
2010-11-12 00:00:00,Macquarie Island,62.2760,51.8568,51.8568,0.0000,3.7547,6.6645,0.0000,150.0000,62.2760,17.4373,1.8661,15.5712,89.30,100.00
2010-11-12 01:00:00,Macquarie Island,58.8821,40.8101,40.8101,0.0000,0.0000,18.0720,0.0000,150.0000,58.8821,16.4870,5.0602,11.4268,69.31,100.00
2010-11-12 02:00:00,Macquarie Island,52.5363,51.8428,51.8428,0.0000,0.0000,0.6935,0.0000,150.0000,52.5363,14.7102,0.1942,14.5160,98.68,100.00
2010-11-12 03:00:00,Macquarie Island,54.6797,59.1038,54.6797,4.4241,0.0000,0.0000,0.0000,154.2029,54.6797,15.3103,0.0000,15.3103,100.00,100.00
2010-11-12 04:00:00,Macquarie Island,49.5805,49.0874,49.0874,0.0000,0.4931,0.0000,0.0000,153.6838,49.5805,13.8825,0.0000,13.8825,100.00,100.00
2010-11-12 05:00:00,Macquarie Island,54.4837,57.3299,54.4837,2.8462,0.0000,0.0000,0.0000,156.3877,54.4837,15.2554,0.0000,15.2554,100.00,100.00
2010-11-12 06:00:00,Macquarie Island,54.4376,44.9369,44.9369,0.0000,6.0683,3.4324,0.0000,150.0000,54.4376,15.2425,0.9611,14.2815,93.69,100.00
2010-11-12 07:00:00,Macquarie Island,54.5762,45.1784,45.1784,0.0000,0.0000,9.3978,0.0000,150.0000,54.5762,15.2813,2.6314,12.6500,82.78,100.00
2010-11-12 08:00:00,Macquarie Island,58.1649,84.5579,58.1649,26.3930,0.0000,0.0000,0.0000,175.0734,58.1649,16.2862,0.0000,16.2862,100.00,100.00
2010-11-12 09:00:00,Macquarie Island,59.5584,46.7412,46.7412,0.0000,12.8172,0.0000,0.0000,161.5816,59.5584,16.6764,0.0000,16.6764,100.00,100.00
2010-11-12 10:00:00,Macquarie Island,65.3016,37.1778,37.1778,0.0000,11.0025,17.1213,0.0000,150.0000,65.3016,18.2844,4.7940,13.4905,73.78,100.00
2010-11-12 11:00:00,Macquarie Island,55.7747,44.6608,44.6608,0.0000,0.0000,11.1139,0.0000,150.0000,55.7747,15.6169,3.1119,12.5050,80.07,100.00
2010-11-12 12:00:00,Macquarie Island,66.9410,51.7627,51.7627,0.0000,0.0000,15.1783,0.0000,150.0000,66.9410,18.7435,4.2499,14.4936,77.33,100.00
2010-11-12 13:00:00,Macquarie Island,57.0867,60.5703,57.0867,3.4836,0.0000,0.0000,0.0000,153.3094,57.0867,15.9843,0.0000,15.9843,100.00,100.00
2010-11-12 14:00:00,Macquarie Island,54.7551,31.8448,31.8448,0.0000,3.1439,19.7664,0.0000,150.0000,54.7551,15.3314,5.5346,9.7968,63.90,100.00
2010-11-12 15:00:00,Macquarie Island,65.8732,34.5497,34.5497,0.0000,0.0000,31.3235,0.0000,150.0000,65.8732,18.4445,8.7706,9.6739,52.45,100.00
2010-11-12 16:00:00,Macquarie Island,53.4781,17.7769,17.7769,0.0000,0.0000,35.7012,0.0000,150.0000,53.4781,14.9739,9.9963,4.9775,33.24,100.00
2010-11-12 17:00:00,Macquarie Island,67.0078,57.7245,57.7245,0.0000,0.0000,9.2833,0.0000,150.0000,67.0078,18.7622,2.5993,16.1629,86.15,100.00
2010-11-12 18:00:00,Macquarie Island,66.3144,13.3846,13.3846,0.0000,0.0000,52.9298,0.0000,150.0000,66.3144,18.5680,14.8203,3.7477,20.18,100.00
2010-11-12 19:00:00,Macquarie Island,63.5457,47.0041,47.0041,0.0000,0.0000,16.5416,0.0000,150.0000,63.5457,17.7928,4.6316,13.1611,73.97,100.00
2010-11-12 20:00:00,Macquarie Island,55.3883,35.5206,35.5206,0.0000,0.0000,19.8677,0.0000,150.0000,55.3883,15.5087,5.5630,9.9458,64.13,100.00
2010-11-12 21:00:00,Macquarie Island,56.7926,75.1349,56.7926,18.3423,0.0000,0.0000,0.0000,167.4252,56.7926,15.9019,0.0000,15.9019,100.00,100.00
2010-11-12 22:00:00,Macquarie Island,59.2772,71.5868,59.2772,12.3096,0.0000,0.0000,0.0000,179.1193,59.2772,16.5976,0.0000,16.5976,100.00,100.00
2010-11-12 23:00:00,Macquarie Island,52.8088,45.8240,45.8240,0.0000,6.9848,0.0000,0.0000,171.7669,52.8088,14.7865,0.0000,14.7865,100.00,100.00
2010-11-13 00:00:00,Macquarie Island,50.7213,50.7120,50.7120,0.0000,0.0093,0.0000,0.0000,171.7571,50.7213,14.2020,0.0000,14.2020,100.00,100.00
2010-11-13 01:00:00,Macquarie Island,56.6489,31.5092,31.5092,0.0000,20.6692,4.4705,0.0000,150.0000,56.6489,15.8617,1.2517,14.6100,92.11,100.00
2010-11-13 02:00:00,Macquarie Island,62.0626,58.3029,58.3029,0.0000,0.0000,3.7597,0.0000,150.0000,62.0626,17.3775,1.0527,16.3248,93.94,100.00
2010-11-13 03:00:00,Macquarie Island,52.7685,59.1328,52.7685,6.3643,0.0000,0.0000,0.0000,156.0461,52.7685,14.7752,0.0000,14.7752,100.00,100.00
2010-11-13 04:00:00,Macquarie Island,58.3207,58.0509,58.0509,0.0000,0.2698,0.0000,0.0000,155.7621,58.3207,16.3298,0.0000,16.3298,100.00,100.00
2010-11-13 05:00:00,Macquarie Island,55.4547,58.4279,55.4547,2.9732,0.0000,0.0000,0.0000,158.5866,55.4547,15.5273,0.0000,15.5273,100.00,100.00
2010-11-13 06:00:00,Macquarie Island,51.8920,48.6057,48.6057,0.0000,3.2863,0.0000,0.0000,155.1274,51.8920,14.5298,0.0000,14.5298,100.00,100.00
2010-11-13 07:00:00,Macquarie Island,57.7759,39.5979,39.5979,0.0000,4.8710,13.3070,0.0000,150.0000,57.7759,16.1773,3.7260,12.4513,76.97,100.00
2010-11-13 08:00:00,Macquarie Island,53.9367,48.7309,48.7309,0.0000,0.0000,5.2058,0.0000,150.0000,53.9367,15.1023,1.4576,13.6447,90.35,100.00
2010-11-13 09:00:00,Macquarie Island,58.2120,53.3742,53.3742,0.0000,0.0000,4.8378,0.0000,150.0000,58.2120,16.2994,1.3546,14.9448,91.69,100.00
2010-11-13 10:00:00,Macquarie Island,57.6969,56.8796,56.8796,0.0000,0.0000,0.8173,0.0000,150.0000,57.6969,16.1551,0.2288,15.9263,98.58,100.00
2010-11-13 11:00:00,Macquarie Island,60.1383,114.8895,60.1383,54.7512,0.0000,0.0000,0.0000,202.0136,60.1383,16.8387,0.0000,16.8387,100.00,100.00
2010-11-13 12:00:00,Macquarie Island,55.1377,79.0253,55.1377,23.8876,0.0000,0.0000,0.0000,224.7069,55.1377,15.4386,0.0000,15.4386,100.00,100.00
2010-11-13 13:00:00,Macquarie Island,60.1231,72.2745,60.1231,12.1514,0.0000,0.0000,0.0000,236.2507,60.1231,16.8345,0.0000,16.8345,100.00,100.00
2010-11-13 14:00:00,Macquarie Island,53.3584,34.7254,34.7254,0.0000,18.6330,0.0000,0.0000,216.6370,53.3584,14.9404,0.0000,14.9404,100.00,100.00
2010-11-13 15:00:00,Macquarie Island,55.9910,33.9031,33.9031,0.0000,22.0879,0.0000,0.0000,193.3866,55.9910,15.6775,0.0000,15.6775,100.00,100.00
2010-11-13 16:00:00,Macquarie Island,66.3582,53.1898,53.1898,0.0000,13.1684,0.0000,0.0000,179.5251,66.3582,18.5803,0.0000,18.5803,100.00,100.00
2010-11-13 17:00:00,Macquarie Island,63.6254,24.5386,24.5386,0.0000,28.0489,11.0379,0.0000,150.0000,63.6254,17.8151,3.0906,14.7245,82.65,100.00
2010-11-13 18:00:00,Macquarie Island,61.6614,27.2186,27.2186,0.0000,0.0000,34.4428,0.0000,150.0000,61.6614,17.2652,9.6440,7.6212,44.14,100.00
2010-11-13 19:00:00,Macquarie Island,62.0711,19.1542,19.1542,0.0000,0.0000,42.9169,0.0000,150.0000,62.0711,17.3799,12.0167,5.3632,30.86,100.00
2010-11-13 20:00:00,Macquarie Island,66.1494,46.0379,46.0379,0.0000,0.0000,20.1115,0.0000,150.0000,66.1494,18.5218,5.6312,12.8906,69.60,100.00
2010-11-13 21:00:00,Macquarie Island,56.4650,56.0851,56.0851,0.0000,0.0000,0.3799,0.0000,150.0000,56.4650,15.8102,0.1064,15.7038,99.33,100.00
2010-11-13 22:00:00,Macquarie Island,65.5506,30.6716,30.6716,0.0000,0.0000,34.8790,0.0000,150.0000,65.5506,18.3542,9.7661,8.5880,46.79,100.00
2010-11-13 23:00:00,Macquarie Island,52.2260,47.7937,47.7937,0.0000,0.0000,4.4323,0.0000,150.0000,52.2260,14.6233,1.2410,13.3822,91.51,100.00
2010-11-14 00:00:00,Macquarie Island,56.3685,59.6806,56.3685,3.3121,0.0000,0.0000,0.0000,153.1465,56.3685,15.7832,0.0000,15.7832,100.00,100.00
2010-11-14 01:00:00,Macquarie Island,52.8566,50.8271,50.8271,0.0000,2.0295,0.0000,0.0000,151.0102,52.8566,14.7998,0.0000,14.7998,100.00,100.00
2010-11-14 02:00:00,Macquarie Island,59.2859,38.3307,38.3307,0.0000,0.9597,19.9955,0.0000,150.0000,59.2859,16.6001,5.5987,11.0013,66.27,100.00
2010-11-14 03:00:00,Macquarie Island,56.5359,59.1750,56.5359,2.6391,0.0000,0.0000,0.0000,152.5071,56.5359,15.8301,0.0000,15.8301,100.00,100.00
2010-11-14 04:00:00,Macquarie Island,55.3540,47.2767,47.2767,0.0000,2.3818,5.6955,0.0000,150.0000,55.3540,15.4991,1.5947,13.9044,89.71,100.00
2010-11-14 05:00:00,Macquarie Island,53.6244,58.5404,53.6244,4.9160,0.0000,0.0000,0.0000,154.6702,53.6244,15.0148,0.0000,15.0148,100.00,100.00
2010-11-14 06:00:00,Macquarie Island,54.6360,50.8596,50.8596,0.0000,3.7764,0.0000,0.0000,150.6950,54.6360,15.2981,0.0000,15.2981,100.00,100.00
2010-11-14 07:00:00,Macquarie Island,56.5472,63.3856,56.5472,6.8384,0.0000,0.0000,0.0000,157.1915,56.5472,15.8332,0.0000,15.8332,100.00,100.00
2010-11-14 08:00:00,Macquarie Island,54.7265,60.3695,54.7265,5.6430,0.0000,0.0000,0.0000,162.5524,54.7265,15.3234,0.0000,15.3234,100.00,100.00
2010-11-14 09:00:00,Macquarie Island,55.8321,39.8019,39.8019,0.0000,11.9248,4.1054,0.0000,150.0000,55.8321,15.6330,1.1495,14.4835,92.65,100.00
2010-11-14 10:00:00,Macquarie Island,61.2882,59.2518,59.2518,0.0000,0.0000,2.0364,0.0000,150.0000,61.2882,17.1607,0.5702,16.5905,96.68,100.00
2010-11-14 11:00:00,Macquarie Island,57.7721,44.6823,44.6823,0.0000,0.0000,13.0898,0.0000,150.0000,57.7721,16.1762,3.6651,12.5110,77.34,100.00
2010-11-14 12:00:00,Macquarie Island,64.5474,41.0959,41.0959,0.0000,0.0000,23.4515,0.0000,150.0000,64.5474,18.0733,6.5664,11.5069,63.67,100.00
2010-11-14 13:00:00,Macquarie Island,59.3465,44.7897,44.7897,0.0000,0.0000,14.5568,0.0000,150.0000,59.3465,16.6170,4.0759,12.5411,75.47,100.00
2010-11-14 14:00:00,Macquarie Island,53.6116,36.8795,36.8795,0.0000,0.0000,16.7321,0.0000,150.0000,53.6116,15.0112,4.6850,10.3263,68.79,100.00
2010-11-14 15:00:00,Macquarie Island,58.0167,61.8984,58.0167,3.8817,0.0000,0.0000,0.0000,153.6876,58.0167,16.2447,0.0000,16.2447,100.00,100.00
2010-11-14 16:00:00,Macquarie Island,65.7417,32.5902,32.5902,0.0000,3.5032,29.6483,0.0000,150.0000,65.7417,18.4077,8.3015,10.1062,54.90,100.00
2010-11-14 17:00:00,Macquarie Island,64.7427,29.3660,29.3660,0.0000,0.0000,35.3767,0.0000,150.0000,64.7427,18.1280,9.9055,8.2225,45.36,100.00
2010-11-14 18:00:00,Macquarie Island,64.8473,18.8741,18.8741,0.0000,0.0000,45.9732,0.0000,150.0000,64.8473,18.1572,12.8725,5.2847,29.11,100.00
2010-11-14 19:00:00,Macquarie Island,61.7087,35.2167,35.2167,0.0000,0.0000,26.4920,0.0000,150.0000,61.7087,17.2784,7.4178,9.8607,57.07,100.00
2010-11-14 20:00:00,Macquarie Island,56.7617,54.7223,54.7223,0.0000,0.0000,2.0394,0.0000,150.0000,56.7617,15.8933,0.5710,15.3222,96.41,100.00
2010-11-14 21:00:00,Macquarie Island,60.2236,44.3114,44.3114,0.0000,0.0000,15.9122,0.0000,150.0000,60.2236,16.8626,4.4554,12.4072,73.58,100.00
2010-11-14 22:00:00,Macquarie Island,49.6191,27.6661,27.6661,0.0000,0.0000,21.9530,0.0000,150.0000,49.6191,13.8933,6.1468,7.7465,55.76,100.00
2010-11-14 23:00:00,Macquarie Island,54.2900,42.0199,42.0199,0.0000,0.0000,12.2701,0.0000,150.0000,54.2900,15.2012,3.4356,11.7656,77.40,100.00
2010-11-15 00:00:00,Macquarie Island,58.6304,33.0706,33.0706,0.0000,0.0000,25.5598,0.0000,150.0000,58.6304,16.4165,7.1567,9.2598,56.41,100.00
2010-11-15 01:00:00,Macquarie Island,59.3290,62.1406,59.3290,2.8116,0.0000,0.0000,0.0000,152.6710,59.3290,16.6121,0.0000,16.6121,100.00,100.00
2010-11-15 02:00:00,Macquarie Island,61.8594,58.2836,58.2836,0.0000,2.5375,1.0383,0.0000,150.0000,61.8594,17.3206,0.2907,17.0299,98.32,100.00
2010-11-15 03:00:00,Macquarie Island,59.3233,28.6235,28.6235,0.0000,0.0000,30.6998,0.0000,150.0000,59.3233,16.6105,8.5959,8.0146,48.25,100.00
2010-11-15 04:00:00,Macquarie Island,54.2650,58.0450,54.2650,3.7800,0.0000,0.0000,0.0000,153.5910,54.2650,15.1942,0.0000,15.1942,100.00,100.00
2010-11-15 05:00:00,Macquarie Island,58.3027,70.7839,58.3027,12.4812,0.0000,0.0000,0.0000,165.4481,58.3027,16.3248,0.0000,16.3248,100.00,100.00
2010-11-15 06:00:00,Macquarie Island,54.9974,48.8450,48.8450,0.0000,6.1524,0.0000,0.0000,158.9719,54.9974,15.3993,0.0000,15.3993,100.00,100.00
2010-11-15 07:00:00,Macquarie Island,57.3830,52.0223,52.0223,0.0000,5.3607,0.0000,0.0000,153.3291,57.3830,16.0672,0.0000,16.0672,100.00,100.00
2010-11-15 08:00:00,Macquarie Island,61.1735,47.0487,47.0487,0.0000,3.1626,10.9622,0.0000,150.0000,61.1735,17.1286,3.0694,14.0592,82.08,100.00
2010-11-15 09:00:00,Macquarie Island,64.5439,41.2095,41.2095,0.0000,0.0000,23.3344,0.0000,150.0000,64.5439,18.0723,6.5336,11.5387,63.85,100.00
2010-11-15 10:00:00,Macquarie Island,66.2661,59.8030,59.8030,0.0000,0.0000,6.4631,0.0000,150.0000,66.2661,18.5545,1.8097,16.7448,90.25,100.00
2010-11-15 11:00:00,Macquarie Island,72.9770,39.6255,39.6255,0.0000,0.0000,33.3515,0.0000,150.0000,72.9770,20.4336,9.3384,11.0951,54.30,100.00
2010-11-15 12:00:00,Macquarie Island,61.0901,67.2567,61.0901,6.1666,0.0000,0.0000,0.0000,155.8583,61.0901,17.1052,0.0000,17.1052,100.00,100.00
2010-11-15 13:00:00,Macquarie Island,58.9911,71.0392,58.9911,12.0481,0.0000,0.0000,0.0000,167.3040,58.9911,16.5175,0.0000,16.5175,100.00,100.00
2010-11-15 14:00:00,Macquarie Island,61.2909,28.9166,28.9166,0.0000,16.4388,15.9355,0.0000,150.0000,61.2909,17.1615,4.4619,12.6995,74.00,100.00
2010-11-15 15:00:00,Macquarie Island,52.4293,27.5248,27.5248,0.0000,0.0000,24.9045,0.0000,150.0000,52.4293,14.6802,6.9733,7.7069,52.50,100.00
2010-11-15 16:00:00,Macquarie Island,66.5300,17.5104,17.5104,0.0000,0.0000,49.0196,0.0000,150.0000,66.5300,18.6284,13.7255,4.9029,26.32,100.00
2010-11-15 17:00:00,Macquarie Island,71.4908,33.6311,33.6311,0.0000,0.0000,37.8597,0.0000,150.0000,71.4908,20.0174,10.6007,9.4167,47.04,100.00
2010-11-15 18:00:00,Macquarie Island,51.7331,29.5354,29.5354,0.0000,0.0000,22.1977,0.0000,150.0000,51.7331,14.4853,6.2154,8.2699,57.09,100.00
2010-11-15 19:00:00,Macquarie Island,63.0829,36.3121,36.3121,0.0000,0.0000,26.7708,0.0000,150.0000,63.0829,17.6632,7.4958,10.1674,57.56,100.00
2010-11-15 20:00:00,Macquarie Island,58.0291,61.1311,58.0291,3.1020,0.0000,0.0000,0.0000,152.9469,58.0291,16.2481,0.0000,16.2481,100.00,100.00
2010-11-15 21:00:00,Macquarie Island,62.3358,32.6859,32.6859,0.0000,2.7996,26.8503,0.0000,150.0000,62.3358,17.4540,7.5181,9.9359,56.93,100.00
2010-11-15 22:00:00,Macquarie Island,44.8943,45.7256,44.8943,0.8313,0.0000,0.0000,0.0000,150.7897,44.8943,12.5704,0.0000,12.5704,100.00,100.00
2010-11-15 23:00:00,Macquarie Island,48.2288,65.1643,48.2288,16.9355,0.0000,0.0000,0.0000,166.8785,48.2288,13.5041,0.0000,13.5041,100.00,100.00
2010-11-16 00:00:00,Macquarie Island,56.0597,60.3093,56.0597,4.2496,0.0000,0.0000,0.0000,170.9156,56.0597,15.6967,0.0000,15.6967,100.00,100.00
2010-11-16 01:00:00,Macquarie Island,53.5223,35.2707,35.2707,0.0000,18.2516,0.0000,0.0000,151.7034,53.5223,14.9862,0.0000,14.9862,100.00,100.00
2010-11-16 02:00:00,Macquarie Island,53.6264,59.6652,53.6264,6.0388,0.0000,0.0000,0.0000,157.4402,53.6264,15.0154,0.0000,15.0154,100.00,100.00
2010-11-16 03:00:00,Macquarie Island,59.3785,49.4083,49.4083,0.0000,7.0682,2.9020,0.0000,150.0000,59.3785,16.6260,0.8126,15.8134,95.11,100.00
2010-11-16 04:00:00,Macquarie Island,51.7268,55.4298,51.7268,3.7030,0.0000,0.0000,0.0000,153.5179,51.7268,14.4835,0.0000,14.4835,100.00,100.00
2010-11-16 05:00:00,Macquarie Island,57.7829,18.2750,18.2750,0.0000,3.3420,36.1659,0.0000,150.0000,57.7829,16.1792,10.1265,6.0527,37.41,100.00
2010-11-16 06:00:00,Macquarie Island,62.0746,40.4930,40.4930,0.0000,0.0000,21.5816,0.0000,150.0000,62.0746,17.3809,6.0428,11.3380,65.23,100.00
2010-11-16 07:00:00,Macquarie Island,53.1480,66.4106,53.1480,13.2626,0.0000,0.0000,0.0000,162.5995,53.1480,14.8814,0.0000,14.8814,100.00,100.00
2010-11-16 08:00:00,Macquarie Island,51.1381,50.4175,50.4175,0.0000,0.7206,0.0000,0.0000,161.8409,51.1381,14.3187,0.0000,14.3187,100.00,100.00
2010-11-16 09:00:00,Macquarie Island,60.8197,52.1645,52.1645,0.0000,8.6552,0.0000,0.0000,152.7302,60.8197,17.0295,0.0000,17.0295,100.00,100.00
2010-11-16 10:00:00,Macquarie Island,61.2685,55.8011,55.8011,0.0000,2.5937,2.8737,0.0000,150.0000,61.2685,17.1552,0.8046,16.3505,95.31,100.00
2010-11-16 11:00:00,Macquarie Island,64.9585,48.1259,48.1259,0.0000,0.0000,16.8326,0.0000,150.0000,64.9585,18.1884,4.7131,13.4753,74.09,100.00
2010-11-16 12:00:00,Macquarie Island,64.7325,35.2613,35.2613,0.0000,0.0000,29.4712,0.0000,150.0000,64.7325,18.1251,8.2519,9.8732,54.47,100.00
2010-11-16 13:00:00,Macquarie Island,56.4252,39.9441,39.9441,0.0000,0.0000,16.4811,0.0000,150.0000,56.4252,15.7991,4.6147,11.1843,70.79,100.00
2010-11-16 14:00:00,Macquarie Island,55.7501,37.2266,37.2266,0.0000,0.0000,18.5235,0.0000,150.0000,55.7501,15.6100,5.1866,10.4234,66.77,100.00
2010-11-16 15:00:00,Macquarie Island,50.3610,23.8256,23.8256,0.0000,0.0000,26.5354,0.0000,150.0000,50.3610,14.1011,7.4299,6.6712,47.31,100.00
2010-11-16 16:00:00,Macquarie Island,59.7810,31.1160,31.1160,0.0000,0.0000,28.6650,0.0000,150.0000,59.7810,16.7387,8.0262,8.7125,52.05,100.00
2010-11-16 17:00:00,Macquarie Island,66.2000,35.7142,35.7142,0.0000,0.0000,30.4858,0.0000,150.0000,66.2000,18.5360,8.5360,10.0000,53.95,100.00
2010-11-16 18:00:00,Macquarie Island,62.7286,9.4531,9.4531,0.0000,0.0000,53.2755,0.0000,150.0000,62.7286,17.5640,14.9171,2.6469,15.07,100.00
2010-11-16 19:00:00,Macquarie Island,58.0602,34.0346,34.0346,0.0000,0.0000,24.0256,0.0000,150.0000,58.0602,16.2569,6.7272,9.5297,58.62,100.00
2010-11-16 20:00:00,Macquarie Island,57.3473,50.0169,50.0169,0.0000,0.0000,7.3304,0.0000,150.0000,57.3473,16.0572,2.0525,14.0047,87.22,100.00
2010-11-16 21:00:00,Macquarie Island,54.4790,55.9682,54.4790,1.4892,0.0000,0.0000,0.0000,151.4147,54.4790,15.2541,0.0000,15.2541,100.00,100.00
2010-11-16 22:00:00,Macquarie Island,50.3539,49.2527,49.2527,0.0000,1.1012,0.0000,0.0000,150.2556,50.3539,14.0991,0.0000,14.0991,100.00,100.00
2010-11-16 23:00:00,Macquarie Island,47.8819,41.9328,41.9328,0.0000,0.2428,5.7063,0.0000,150.0000,47.8819,13.4069,1.5978,11.8092,88.08,100.00
2010-11-17 00:00:00,Macquarie Island,51.3220,59.0069,51.3220,7.6849,0.0000,0.0000,0.0000,157.3007,51.3220,14.3702,0.0000,14.3702,100.00,100.00
2010-11-17 01:00:00,Macquarie Island,57.3650,45.2981,45.2981,0.0000,6.9356,5.1313,0.0000,150.0000,57.3650,16.0622,1.4368,14.6254,91.06,100.00
2010-11-17 02:00:00,Macquarie Island,52.5428,68.0219,52.5428,15.4791,0.0000,0.0000,0.0000,164.7051,52.5428,14.7120,0.0000,14.7120,100.00,100.00
2010-11-17 03:00:00,Macquarie Island,55.4570,51.7871,51.7871,0.0000,3.6699,0.0000,0.0000,160.8421,55.4570,15.5280,0.0000,15.5280,100.00,100.00
2010-11-17 04:00:00,Macquarie Island,50.0279,59.1505,50.0279,9.1226,0.0000,0.0000,0.0000,169.5086,50.0279,14.0078,0.0000,14.0078,100.00,100.00
2010-11-17 05:00:00,Macquarie Island,59.1415,36.5408,36.5408,0.0000,18.5331,4.0676,0.0000,150.0000,59.1415,16.5596,1.1389,15.4207,93.12,100.00
2010-11-17 06:00:00,Macquarie Island,51.2692,46.7432,46.7432,0.0000,0.0000,4.5260,0.0000,150.0000,51.2692,14.3554,1.2673,13.0881,91.17,100.00
2010-11-17 07:00:00,Macquarie Island,52.7241,66.8996,52.7241,14.1755,0.0000,0.0000,0.0000,163.4667,52.7241,14.7627,0.0000,14.7627,100.00,100.00
2010-11-17 08:00:00,Macquarie Island,53.7876,56.3067,53.7876,2.5191,0.0000,0.0000,0.0000,165.8599,53.7876,15.0605,0.0000,15.0605,100.00,100.00
2010-11-17 09:00:00,Macquarie Island,58.3884,57.7858,57.7858,0.0000,0.6026,0.0000,0.0000,165.2256,58.3884,16.3488,0.0000,16.3488,100.00,100.00
2010-11-17 10:00:00,Macquarie Island,54.7869,41.1915,41.1915,0.0000,13.5954,0.0000,0.0000,150.9146,54.7869,15.3403,0.0000,15.3403,100.00,100.00
2010-11-17 11:00:00,Macquarie Island,61.8316,41.7241,41.7241,0.0000,0.8689,19.2386,0.0000,150.0000,61.8316,17.3128,5.3868,11.9260,68.89,100.00
2010-11-17 12:00:00,Macquarie Island,58.7401,64.8049,58.7401,6.0648,0.0000,0.0000,0.0000,155.7616,58.7401,16.4472,0.0000,16.4472,100.00,100.00
2010-11-17 13:00:00,Macquarie Island,50.2557,35.6798,35.6798,0.0000,5.4735,9.1024,0.0000,150.0000,50.2557,14.0716,2.5487,11.5229,81.89,100.00
2010-11-17 14:00:00,Macquarie Island,65.4173,35.7325,35.7325,0.0000,0.0000,29.6848,0.0000,150.0000,65.4173,18.3168,8.3117,10.0051,54.62,100.00
2010-11-17 15:00:00,Macquarie Island,55.2459,36.5974,36.5974,0.0000,0.0000,18.6485,0.0000,150.0000,55.2459,15.4689,5.2216,10.2473,66.24,100.00
2010-11-17 16:00:00,Macquarie Island,60.5286,17.4354,17.4354,0.0000,0.0000,43.0932,0.0000,150.0000,60.5286,16.9480,12.0661,4.8819,28.81,100.00
2010-11-17 17:00:00,Macquarie Island,67.9800,26.7019,26.7019,0.0000,0.0000,41.2781,0.0000,150.0000,67.9800,19.0344,11.5579,7.4765,39.28,100.00
2010-11-17 18:00:00,Macquarie Island,68.3768,66.4610,66.4610,0.0000,0.0000,1.9158,0.0000,150.0000,68.3768,19.1455,0.5364,18.6091,97.20,100.00
2010-11-17 19:00:00,Macquarie Island,65.0090,18.2507,18.2507,0.0000,0.0000,46.7583,0.0000,150.0000,65.0090,18.2025,13.0923,5.1102,28.07,100.00
2010-11-17 20:00:00,Macquarie Island,56.6066,61.9398,56.6066,5.3332,0.0000,0.0000,0.0000,155.0665,56.6066,15.8498,0.0000,15.8498,100.00,100.00
2010-11-17 21:00:00,Macquarie Island,56.6303,29.8778,29.8778,0.0000,4.8132,21.9393,0.0000,150.0000,56.6303,15.8565,6.1430,9.7135,61.26,100.00
2010-11-17 22:00:00,Macquarie Island,54.5921,50.7375,50.7375,0.0000,0.0000,3.8546,0.0000,150.0000,54.5921,15.2858,1.0793,14.2065,92.94,100.00
2010-11-17 23:00:00,Macquarie Island,55.6759,53.7408,53.7408,0.0000,0.0000,1.9351,0.0000,150.0000,55.6759,15.5893,0.5418,15.0474,96.52,100.00
2010-11-18 00:00:00,Macquarie Island,55.7593,54.6118,54.6118,0.0000,0.0000,1.1475,0.0000,150.0000,55.7593,15.6126,0.3213,15.2913,97.94,100.00
2010-11-18 01:00:00,Macquarie Island,61.7701,49.7036,49.7036,0.0000,0.0000,12.0665,0.0000,150.0000,61.7701,17.2956,3.3786,13.9170,80.47,100.00
2010-11-18 02:00:00,Macquarie Island,55.4310,39.4033,39.4033,0.0000,0.0000,16.0277,0.0000,150.0000,55.4310,15.5207,4.4878,11.0329,71.09,100.00
2010-11-18 03:00:00,Macquarie Island,58.6214,58.9057,58.6214,0.2843,0.0000,0.0000,0.0000,150.2701,58.6214,16.4140,0.0000,16.4140,100.00,100.00
2010-11-18 04:00:00,Macquarie Island,61.2594,44.7613,44.7613,0.0000,0.2566,16.2415,0.0000,150.0000,61.2594,17.1526,4.5476,12.6050,73.49,100.00
2010-11-18 05:00:00,Macquarie Island,58.8230,42.9909,42.9909,0.0000,0.0000,15.8321,0.0000,150.0000,58.8230,16.4704,4.4330,12.0375,73.09,100.00
2010-11-18 06:00:00,Macquarie Island,55.3493,58.3765,55.3493,3.0272,0.0000,0.0000,0.0000,152.8758,55.3493,15.4978,0.0000,15.4978,100.00,100.00
2010-11-18 07:00:00,Macquarie Island,58.6101,65.8628,58.6101,7.2527,0.0000,0.0000,0.0000,159.7659,58.6101,16.4108,0.0000,16.4108,100.00,100.00
2010-11-18 08:00:00,Macquarie Island,53.8572,55.1431,53.8572,1.2859,0.0000,0.0000,0.0000,160.9875,53.8572,15.0800,0.0000,15.0800,100.00,100.00
2010-11-18 09:00:00,Macquarie Island,52.6804,52.3253,52.3253,0.0000,0.3551,0.0000,0.0000,160.6137,52.6804,14.7505,0.0000,14.7505,100.00,100.00
2010-11-18 10:00:00,Macquarie Island,63.2011,56.1204,56.1204,0.0000,7.0807,0.0000,0.0000,153.1604,63.2011,17.6963,0.0000,17.6963,100.00,100.00
2010-11-18 11:00:00,Macquarie Island,65.7835,42.3175,42.3175,0.0000,3.0023,20.4637,0.0000,150.0000,65.7835,18.4194,5.7298,12.6896,68.89,100.00
2010-11-18 12:00:00,Macquarie Island,60.2385,43.0561,43.0561,0.0000,0.0000,17.1824,0.0000,150.0000,60.2385,16.8668,4.8111,12.0557,71.48,100.00
2010-11-18 13:00:00,Macquarie Island,57.9735,41.8696,41.8696,0.0000,0.0000,16.1039,0.0000,150.0000,57.9735,16.2326,4.5091,11.7235,72.22,100.00
2010-11-18 14:00:00,Macquarie Island,61.0397,29.4592,29.4592,0.0000,0.0000,31.5805,0.0000,150.0000,61.0397,17.0911,8.8425,8.2486,48.26,100.00
2010-11-18 15:00:00,Macquarie Island,59.0308,31.6859,31.6859,0.0000,0.0000,27.3449,0.0000,150.0000,59.0308,16.5286,7.6566,8.8721,53.68,100.00
2010-11-18 16:00:00,Macquarie Island,63.4198,38.5027,38.5027,0.0000,0.0000,24.9171,0.0000,150.0000,63.4198,17.7575,6.9768,10.7808,60.71,100.00
2010-11-18 17:00:00,Macquarie Island,57.8728,33.6960,33.6960,0.0000,0.0000,24.1768,0.0000,150.0000,57.8728,16.2044,6.7695,9.4349,58.22,100.00
2010-11-18 18:00:00,Macquarie Island,60.7557,67.9039,60.7557,7.1482,0.0000,0.0000,0.0000,156.7908,60.7557,17.0116,0.0000,17.0116,100.00,100.00
2010-11-18 19:00:00,Macquarie Island,66.1248,25.1755,25.1755,0.0000,6.4513,34.4980,0.0000,150.0000,66.1248,18.5149,9.6595,8.8555,47.83,100.00
2010-11-18 20:00:00,Macquarie Island,65.7262,21.6381,21.6381,0.0000,0.0000,44.0881,0.0000,150.0000,65.7262,18.4033,12.3447,6.0587,32.92,100.00
2010-11-18 21:00:00,Macquarie Island,58.1161,26.7500,26.7500,0.0000,0.0000,31.3661,0.0000,150.0000,58.1161,16.2725,8.7825,7.4900,46.03,100.00
2010-11-18 22:00:00,Macquarie Island,52.9661,48.9528,48.9528,0.0000,0.0000,4.0133,0.0000,150.0000,52.9661,14.8305,1.1237,13.7068,92.42,100.00
2010-11-18 23:00:00,Macquarie Island,52.8002,59.6456,52.8002,6.8454,0.0000,0.0000,0.0000,156.5031,52.8002,14.7841,0.0000,14.7841,100.00,100.00
2010-11-19 00:00:00,Macquarie Island,54.8620,52.0533,52.0533,0.0000,2.8087,0.0000,0.0000,153.5466,54.8620,15.3614,0.0000,15.3614,100.00,100.00
2010-11-19 01:00:00,Macquarie Island,53.7825,37.1160,37.1160,0.0000,3.3693,13.2972,0.0000,150.0000,53.7825,15.0591,3.7232,11.3359,75.28,100.00
2010-11-19 02:00:00,Macquarie Island,57.0656,52.8091,52.8091,0.0000,0.0000,4.2565,0.0000,150.0000,57.0656,15.9784,1.1918,14.7865,92.54,100.00
2010-11-19 03:00:00,Macquarie Island,56.6590,39.3931,39.3931,0.0000,0.0000,17.2659,0.0000,150.0000,56.6590,15.8645,4.8345,11.0301,69.53,100.00
2010-11-19 04:00:00,Macquarie Island,56.0261,38.9012,38.9012,0.0000,0.0000,17.1249,0.0000,150.0000,56.0261,15.6873,4.7950,10.8923,69.43,100.00
2010-11-19 05:00:00,Macquarie Island,55.5278,39.9379,39.9379,0.0000,0.0000,15.5899,0.0000,150.0000,55.5278,15.5478,4.3652,11.1826,71.92,100.00
2010-11-19 06:00:00,Macquarie Island,63.2907,42.1083,42.1083,0.0000,0.0000,21.1824,0.0000,150.0000,63.2907,17.7214,5.9311,11.7903,66.53,100.00
2010-11-19 07:00:00,Macquarie Island,56.3262,44.3442,44.3442,0.0000,0.0000,11.9820,0.0000,150.0000,56.3262,15.7713,3.3550,12.4164,78.73,100.00
2010-11-19 08:00:00,Macquarie Island,51.7867,99.8750,51.7867,48.0883,0.0000,0.0000,0.0000,195.6839,51.7867,14.5003,0.0000,14.5003,100.00,100.00
2010-11-19 09:00:00,Macquarie Island,57.7601,56.3544,56.3544,0.0000,1.4057,0.0000,0.0000,194.2042,57.7601,16.1728,0.0000,16.1728,100.00,100.00
2010-11-19 10:00:00,Macquarie Island,59.1589,36.2381,36.2381,0.0000,22.9208,0.0000,0.0000,170.0770,59.1589,16.5645,0.0000,16.5645,100.00,100.00
2010-11-19 11:00:00,Macquarie Island,67.8390,40.0702,40.0702,0.0000,19.0732,8.6956,0.0000,150.0000,67.8390,18.9949,2.4348,16.5601,87.18,100.00
2010-11-19 12:00:00,Macquarie Island,51.8493,39.3368,39.3368,0.0000,0.0000,12.5125,0.0000,150.0000,51.8493,14.5178,3.5035,11.0143,75.87,100.00
2010-11-19 13:00:00,Macquarie Island,55.3106,35.9579,35.9579,0.0000,0.0000,19.3527,0.0000,150.0000,55.3106,15.4870,5.4188,10.0682,65.01,100.00
2010-11-19 14:00:00,Macquarie Island,60.8294,34.2133,34.2133,0.0000,0.0000,26.6161,0.0000,150.0000,60.8294,17.0322,7.4525,9.5797,56.24,100.00
2010-11-19 15:00:00,Macquarie Island,53.8648,33.8660,33.8660,0.0000,0.0000,19.9988,0.0000,150.0000,53.8648,15.0821,5.5997,9.4825,62.87,100.00
2010-11-19 16:00:00,Macquarie Island,61.1572,20.8576,20.8576,0.0000,0.0000,40.2996,0.0000,150.0000,61.1572,17.1240,11.2839,5.8401,34.10,100.00
2010-11-19 17:00:00,Macquarie Island,57.4307,25.2348,25.2348,0.0000,0.0000,32.1959,0.0000,150.0000,57.4307,16.0806,9.0149,7.0657,43.94,100.00
2010-11-19 18:00:00,Macquarie Island,62.3837,20.1826,20.1826,0.0000,0.0000,42.2011,0.0000,150.0000,62.3837,17.4674,11.8163,5.6511,32.35,100.00
2010-11-19 19:00:00,Macquarie Island,62.7684,27.9236,27.9236,0.0000,0.0000,34.8448,0.0000,150.0000,62.7684,17.5752,9.7565,7.8186,44.49,100.00
2010-11-19 20:00:00,Macquarie Island,62.6066,51.3428,51.3428,0.0000,0.0000,11.2638,0.0000,150.0000,62.6066,17.5298,3.1539,14.3760,82.01,100.00
2010-11-19 21:00:00,Macquarie Island,49.0203,49.7624,49.0203,0.7421,0.0000,0.0000,0.0000,150.7050,49.0203,13.7257,0.0000,13.7257,100.00,100.00
2010-11-19 22:00:00,Macquarie Island,56.8477,23.7504,23.7504,0.0000,0.6697,32.4276,0.0000,150.0000,56.8477,15.9174,9.0797,6.8376,42.96,100.00
2010-11-19 23:00:00,Macquarie Island,52.6580,42.4548,42.4548,0.0000,0.0000,10.2032,0.0000,150.0000,52.6580,14.7442,2.8569,11.8873,80.62,100.00
2010-11-20 00:00:00,Macquarie Island,47.5487,51.2438,47.5487,3.6951,0.0000,0.0000,0.0000,153.5103,47.5487,13.3136,0.0000,13.3136,100.00,100.00
2010-11-20 01:00:00,Macquarie Island,55.4130,59.3616,55.4130,3.9486,0.0000,0.0000,0.0000,157.2615,55.4130,15.5156,0.0000,15.5156,100.00,100.00
2010-11-20 02:00:00,Macquarie Island,54.5254,57.4376,54.5254,2.9122,0.0000,0.0000,0.0000,160.0281,54.5254,15.2671,0.0000,15.2671,100.00,100.00
2010-11-20 03:00:00,Macquarie Island,55.7224,45.0027,45.0027,0.0000,9.5267,1.1930,0.0000,150.0000,55.7224,15.6023,0.3340,15.2682,97.86,100.00
2010-11-20 04:00:00,Macquarie Island,62.4787,58.5281,58.5281,0.0000,0.0000,3.9506,0.0000,150.0000,62.4787,17.4940,1.1062,16.3879,93.68,100.00
2010-11-20 05:00:00,Macquarie Island,58.7412,58.2863,58.2863,0.0000,0.0000,0.4549,0.0000,150.0000,58.7412,16.4475,0.1274,16.3202,99.23,100.00
2010-11-20 06:00:00,Macquarie Island,61.4022,41.0756,41.0756,0.0000,0.0000,20.3266,0.0000,150.0000,61.4022,17.1926,5.6914,11.5012,66.90,100.00
2010-11-20 07:00:00,Macquarie Island,69.4759,58.4983,58.4983,0.0000,0.0000,10.9776,0.0000,150.0000,69.4759,19.4533,3.0737,16.3795,84.20,100.00
2010-11-20 08:00:00,Macquarie Island,58.6995,59.6789,58.6995,0.9794,0.0000,0.0000,0.0000,150.9304,58.6995,16.4359,0.0000,16.4359,100.00,100.00
2010-11-20 09:00:00,Macquarie Island,59.9952,38.7111,38.7111,0.0000,0.8839,20.4002,0.0000,150.0000,59.9952,16.7987,5.7121,11.0866,66.00,100.00
2010-11-20 10:00:00,Macquarie Island,54.9086,29.5227,29.5227,0.0000,0.0000,25.3859,0.0000,150.0000,54.9086,15.3744,7.1081,8.2664,53.77,100.00
2010-11-20 11:00:00,Macquarie Island,59.3048,84.2154,59.3048,24.9106,0.0000,0.0000,0.0000,173.6651,59.3048,16.6053,0.0000,16.6053,100.00,100.00
2010-11-20 12:00:00,Macquarie Island,59.2722,39.8267,39.8267,0.0000,19.4455,0.0000,0.0000,153.1961,59.2722,16.5962,0.0000,16.5962,100.00,100.00
2010-11-20 13:00:00,Macquarie Island,60.6286,43.2284,43.2284,0.0000,3.0363,14.3639,0.0000,150.0000,60.6286,16.9760,4.0219,12.9541,76.31,100.00
2010-11-20 14:00:00,Macquarie Island,57.0917,31.1416,31.1416,0.0000,0.0000,25.9501,0.0000,150.0000,57.0917,15.9857,7.2660,8.7196,54.55,100.00
2010-11-20 15:00:00,Macquarie Island,58.3280,28.7464,28.7464,0.0000,0.0000,29.5816,0.0000,150.0000,58.3280,16.3318,8.2828,8.0490,49.28,100.00
2010-11-20 16:00:00,Macquarie Island,62.3056,17.8884,17.8884,0.0000,0.0000,44.4172,0.0000,150.0000,62.3056,17.4456,12.4368,5.0088,28.71,100.00
2010-11-20 17:00:00,Macquarie Island,58.3001,8.5886,8.5886,0.0000,0.0000,49.7115,0.0000,150.0000,58.3001,16.3240,13.9192,2.4048,14.73,100.00
2010-11-20 18:00:00,Macquarie Island,66.4457,17.3082,17.3082,0.0000,0.0000,49.1375,0.0000,150.0000,66.4457,18.6048,13.7585,4.8463,26.05,100.00
2010-11-20 19:00:00,Macquarie Island,64.9032,45.9738,45.9738,0.0000,0.0000,18.9294,0.0000,150.0000,64.9032,18.1729,5.3002,12.8727,70.83,100.00
2010-11-20 20:00:00,Macquarie Island,66.9769,35.0292,35.0292,0.0000,0.0000,31.9477,0.0000,150.0000,66.9769,18.7535,8.9454,9.8082,52.30,100.00
2010-11-20 21:00:00,Macquarie Island,55.0102,28.7701,28.7701,0.0000,0.0000,26.2401,0.0000,150.0000,55.0102,15.4029,7.3472,8.0556,52.30,100.00
2010-11-20 22:00:00,Macquarie Island,53.9436,53.6897,53.6897,0.0000,0.0000,0.2539,0.0000,150.0000,53.9436,15.1042,0.0711,15.0331,99.53,100.00
2010-11-20 23:00:00,Macquarie Island,63.5873,52.7007,52.7007,0.0000,0.0000,10.8866,0.0000,150.0000,63.5873,17.8044,3.0482,14.7562,82.88,100.00
2010-11-21 00:00:00,Macquarie Island,52.4750,54.8648,52.4750,2.3898,0.0000,0.0000,0.0000,152.2703,52.4750,14.6930,0.0000,14.6930,100.00,100.00
2010-11-21 01:00:00,Macquarie Island,50.6543,42.7890,42.7890,0.0000,2.1568,5.7085,0.0000,150.0000,50.6543,14.1832,1.5984,12.5848,88.73,100.00
2010-11-21 02:00:00,Macquarie Island,60.7763,58.7639,58.7639,0.0000,0.0000,2.0124,0.0000,150.0000,60.7763,17.0174,0.5635,16.4539,96.69,100.00
2010-11-21 03:00:00,Macquarie Island,45.7225,58.7750,45.7225,13.0525,0.0000,0.0000,0.0000,162.3999,45.7225,12.8023,0.0000,12.8023,100.00,100.00
2010-11-21 04:00:00,Macquarie Island,52.9054,57.6070,52.9054,4.7016,0.0000,0.0000,0.0000,166.8664,52.9054,14.8135,0.0000,14.8135,100.00,100.00
2010-11-21 05:00:00,Macquarie Island,56.7156,57.3861,56.7156,0.6705,0.0000,0.0000,0.0000,167.5034,56.7156,15.8804,0.0000,15.8804,100.00,100.00
2010-11-21 06:00:00,Macquarie Island,62.8953,39.5159,39.5159,0.0000,16.6282,6.7512,0.0000,150.0000,62.8953,17.6107,1.8903,15.7203,89.27,100.00
2010-11-21 07:00:00,Macquarie Island,48.3377,78.6858,48.3377,30.3481,0.0000,0.0000,0.0000,178.8307,48.3377,13.5346,0.0000,13.5346,100.00,100.00
2010-11-21 08:00:00,Macquarie Island,59.5113,57.8234,57.8234,0.0000,1.6879,0.0000,0.0000,177.0540,59.5113,16.6632,0.0000,16.6632,100.00,100.00
2010-11-21 09:00:00,Macquarie Island,56.1166,38.0305,38.0305,0.0000,18.0861,0.0000,0.0000,158.0160,56.1166,15.7126,0.0000,15.7126,100.00,100.00
2010-11-21 10:00:00,Macquarie Island,52.2147,63.6282,52.2147,11.4135,0.0000,0.0000,0.0000,168.8588,52.2147,14.6201,0.0000,14.6201,100.00,100.00
2010-11-21 11:00:00,Macquarie Island,59.1311,42.1081,42.1081,0.0000,17.0230,0.0000,0.0000,150.9398,59.1311,16.5567,0.0000,16.5567,100.00,100.00
2010-11-21 12:00:00,Macquarie Island,63.5631,35.8630,35.8630,0.0000,0.8928,26.8073,0.0000,150.0000,63.5631,17.7977,7.5060,10.2916,57.83,100.00
2010-11-21 13:00:00,Macquarie Island,57.7746,77.0326,57.7746,19.2580,0.0000,0.0000,0.0000,168.2951,57.7746,16.1769,0.0000,16.1769,100.00,100.00
2010-11-21 14:00:00,Macquarie Island,62.6118,34.6604,34.6604,0.0000,17.3803,10.5711,0.0000,150.0000,62.6118,17.5313,2.9599,14.5714,83.12,100.00
2010-11-21 15:00:00,Macquarie Island,50.3858,34.7030,34.7030,0.0000,0.0000,15.6828,0.0000,150.0000,50.3858,14.1080,4.3912,9.7168,68.87,100.00
2010-11-21 16:00:00,Macquarie Island,51.4206,24.6378,24.6378,0.0000,0.0000,26.7828,0.0000,150.0000,51.4206,14.3978,7.4992,6.8986,47.91,100.00
2010-11-21 17:00:00,Macquarie Island,57.4636,9.8830,9.8830,0.0000,0.0000,47.5806,0.0000,150.0000,57.4636,16.0898,13.3226,2.7672,17.20,100.00
2010-11-21 18:00:00,Macquarie Island,65.6138,16.5194,16.5194,0.0000,0.0000,49.0944,0.0000,150.0000,65.6138,18.3719,13.7464,4.6254,25.18,100.00
2010-11-21 19:00:00,Macquarie Island,61.7232,26.9716,26.9716,0.0000,0.0000,34.7516,0.0000,150.0000,61.7232,17.2825,9.7304,7.5520,43.70,100.00
2010-11-21 20:00:00,Macquarie Island,56.9204,53.0513,53.0513,0.0000,0.0000,3.8691,0.0000,150.0000,56.9204,15.9377,1.0833,14.8544,93.20,100.00
2010-11-21 21:00:00,Macquarie Island,60.7827,30.5466,30.5466,0.0000,0.0000,30.2361,0.0000,150.0000,60.7827,17.0192,8.4661,8.5530,50.26,100.00
2010-11-21 22:00:00,Macquarie Island,59.9294,8.3147,8.3147,0.0000,0.0000,51.6147,0.0000,150.0000,59.9294,16.7802,14.4521,2.3281,13.87,100.00
2010-11-21 23:00:00,Macquarie Island,49.4991,67.3859,49.4991,17.8868,0.0000,0.0000,0.0000,166.9925,49.4991,13.8597,0.0000,13.8597,100.00,100.00
2010-11-22 00:00:00,Macquarie Island,57.2820,65.2451,57.2820,7.9631,0.0000,0.0000,0.0000,174.5574,57.2820,16.0390,0.0000,16.0390,100.00,100.00
2010-11-22 01:00:00,Macquarie Island,59.2458,45.4580,45.4580,0.0000,13.7878,0.0000,0.0000,160.0439,59.2458,16.5888,0.0000,16.5888,100.00,100.00
2010-11-22 02:00:00,Macquarie Island,56.2255,49.7414,49.7414,0.0000,6.4841,0.0000,0.0000,153.2186,56.2255,15.7431,0.0000,15.7431,100.00,100.00
2010-11-22 03:00:00,Macquarie Island,55.1107,58.7370,55.1107,3.6263,0.0000,0.0000,0.0000,156.6635,55.1107,15.4310,0.0000,15.4310,100.00,100.00
2010-11-22 04:00:00,Macquarie Island,62.2652,46.9050,46.9050,0.0000,6.3304,9.0298,0.0000,150.0000,62.2652,17.4343,2.5284,14.9059,85.50,100.00
2010-11-22 05:00:00,Macquarie Island,50.2447,46.6155,46.6155,0.0000,0.0000,3.6292,0.0000,150.0000,50.2447,14.0685,1.0162,13.0523,92.78,100.00
2010-11-22 06:00:00,Macquarie Island,53.7018,46.6276,46.6276,0.0000,0.0000,7.0742,0.0000,150.0000,53.7018,15.0365,1.9808,13.0557,86.83,100.00
2010-11-22 07:00:00,Macquarie Island,61.3068,66.2559,61.3068,4.9491,0.0000,0.0000,0.0000,154.7016,61.3068,17.1659,0.0000,17.1659,100.00,100.00
2010-11-22 08:00:00,Macquarie Island,55.0854,46.8279,46.8279,0.0000,4.4666,3.7909,0.0000,150.0000,55.0854,15.4239,1.0615,14.3624,93.12,100.00
2010-11-22 09:00:00,Macquarie Island,49.5419,37.4707,37.4707,0.0000,0.0000,12.0712,0.0000,150.0000,49.5419,13.8717,3.3799,10.4918,75.63,100.00
2010-11-22 10:00:00,Macquarie Island,62.8951,65.5422,62.8951,2.6471,0.0000,0.0000,0.0000,152.5147,62.8951,17.6106,0.0000,17.6106,100.00,100.00
2010-11-22 11:00:00,Macquarie Island,55.9028,33.7171,33.7171,0.0000,2.3890,19.7967,0.0000,150.0000,55.9028,15.6528,5.5431,10.1097,64.59,100.00
2010-11-22 12:00:00,Macquarie Island,66.3763,38.0366,38.0366,0.0000,0.0000,28.3397,0.0000,150.0000,66.3763,18.5854,7.9351,10.6502,57.30,100.00
2010-11-22 13:00:00,Macquarie Island,54.9377,62.7506,54.9377,7.8129,0.0000,0.0000,0.0000,157.4223,54.9377,15.3826,0.0000,15.3826,100.00,100.00
2010-11-22 14:00:00,Macquarie Island,55.9293,32.6455,32.6455,0.0000,7.0511,16.2327,0.0000,150.0000,55.9293,15.6602,4.5451,11.1151,70.98,100.00
2010-11-22 15:00:00,Macquarie Island,58.5628,32.7098,32.7098,0.0000,0.0000,25.8530,0.0000,150.0000,58.5628,16.3976,7.2388,9.1587,55.85,100.00
2010-11-22 16:00:00,Macquarie Island,68.6440,6.7125,6.7125,0.0000,0.0000,61.9315,0.0000,150.0000,68.6440,19.2203,17.3408,1.8795,9.78,100.00
2010-11-22 17:00:00,Macquarie Island,62.6806,10.5267,10.5267,0.0000,0.0000,52.1539,0.0000,150.0000,62.6806,17.5506,14.6031,2.9475,16.79,100.00
2010-11-22 18:00:00,Macquarie Island,58.1049,32.5558,32.5558,0.0000,0.0000,25.5491,0.0000,150.0000,58.1049,16.2694,7.1537,9.1156,56.03,100.00
2010-11-22 19:00:00,Macquarie Island,61.5054,54.6638,54.6638,0.0000,0.0000,6.8416,0.0000,150.0000,61.5054,17.2215,1.9156,15.3059,88.88,100.00
2010-11-22 20:00:00,Macquarie Island,61.5433,26.2938,26.2938,0.0000,0.0000,35.2495,0.0000,150.0000,61.5433,17.2321,9.8699,7.3623,42.72,100.00
2010-11-22 21:00:00,Macquarie Island,59.1790,82.8250,59.1790,23.6460,0.0000,0.0000,0.0000,172.4637,59.1790,16.5701,0.0000,16.5701,100.00,100.00
2010-11-22 22:00:00,Macquarie Island,59.4480,54.0897,54.0897,0.0000,5.3583,0.0000,0.0000,166.8234,59.4480,16.6454,0.0000,16.6454,100.00,100.00
2010-11-22 23:00:00,Macquarie Island,58.8996,47.7487,47.7487,0.0000,11.1509,0.0000,0.0000,155.0856,58.8996,16.4919,0.0000,16.4919,100.00,100.00
2010-11-23 00:00:00,Macquarie Island,53.7679,48.3427,48.3427,0.0000,4.8313,0.5939,0.0000,150.0000,53.7679,15.0550,0.1663,14.8887,98.90,100.00
2010-11-23 01:00:00,Macquarie Island,62.5748,61.5582,61.5582,0.0000,0.0000,1.0166,0.0000,150.0000,62.5748,17.5209,0.2846,17.2363,98.38,100.00
2010-11-23 02:00:00,Macquarie Island,52.1403,26.4087,26.4087,0.0000,0.0000,25.7316,0.0000,150.0000,52.1403,14.5993,7.2048,7.3944,50.65,100.00
2010-11-23 03:00:00,Macquarie Island,59.3234,56.4964,56.4964,0.0000,0.0000,2.8270,0.0000,150.0000,59.3234,16.6106,0.7916,15.8190,95.23,100.00
2010-11-23 04:00:00,Macquarie Island,54.7628,46.8507,46.8507,0.0000,0.0000,7.9121,0.0000,150.0000,54.7628,15.3336,2.2154,13.1182,85.55,100.00
2010-11-23 05:00:00,Macquarie Island,53.3526,49.6107,49.6107,0.0000,0.0000,3.7419,0.0000,150.0000,53.3526,14.9387,1.0477,13.8910,92.99,100.00
2010-11-23 06:00:00,Macquarie Island,60.4708,52.5983,52.5983,0.0000,0.0000,7.8725,0.0000,150.0000,60.4708,16.9318,2.2043,14.7275,86.98,100.00
2010-11-23 07:00:00,Macquarie Island,56.5056,53.0074,53.0074,0.0000,0.0000,3.4982,0.0000,150.0000,56.5056,15.8216,0.9795,14.8421,93.81,100.00
2010-11-23 08:00:00,Macquarie Island,53.9825,35.5341,35.5341,0.0000,0.0000,18.4484,0.0000,150.0000,53.9825,15.1151,5.1656,9.9495,65.83,100.00
2010-11-23 09:00:00,Macquarie Island,62.1867,54.5627,54.5627,0.0000,0.0000,7.6240,0.0000,150.0000,62.1867,17.4123,2.1347,15.2776,87.74,100.00
2010-11-23 10:00:00,Macquarie Island,60.2075,40.2686,40.2686,0.0000,0.0000,19.9389,0.0000,150.0000,60.2075,16.8581,5.5829,11.2752,66.88,100.00
2010-11-23 11:00:00,Macquarie Island,58.8065,43.1858,43.1858,0.0000,0.0000,15.6207,0.0000,150.0000,58.8065,16.4658,4.3738,12.0920,73.44,100.00
2010-11-23 12:00:00,Macquarie Island,62.4560,70.6655,62.4560,8.2095,0.0000,0.0000,0.0000,157.7990,62.4560,17.4877,0.0000,17.4877,100.00,100.00
2010-11-23 13:00:00,Macquarie Island,61.4084,55.1632,55.1632,0.0000,6.2452,0.0000,0.0000,151.2251,61.4084,17.1944,0.0000,17.1944,100.00,100.00
2010-11-23 14:00:00,Macquarie Island,58.7718,29.5429,29.5429,0.0000,1.1639,28.0650,0.0000,150.0000,58.7718,16.4561,7.8582,8.5979,52.25,100.00
2010-11-23 15:00:00,Macquarie Island,60.0102,56.0195,56.0195,0.0000,0.0000,3.9907,0.0000,150.0000,60.0102,16.8029,1.1174,15.6855,93.35,100.00
2010-11-23 16:00:00,Macquarie Island,61.4314,21.3366,21.3366,0.0000,0.0000,40.0948,0.0000,150.0000,61.4314,17.2008,11.2265,5.9742,34.73,100.00
2010-11-23 17:00:00,Macquarie Island,68.8072,27.5755,27.5755,0.0000,0.0000,41.2317,0.0000,150.0000,68.8072,19.2660,11.5449,7.7211,40.08,100.00
2010-11-23 18:00:00,Macquarie Island,59.5470,21.3069,21.3069,0.0000,0.0000,38.2401,0.0000,150.0000,59.5470,16.6732,10.7072,5.9659,35.78,100.00
2010-11-23 19:00:00,Macquarie Island,61.2840,15.0251,15.0251,0.0000,0.0000,46.2589,0.0000,150.0000,61.2840,17.1595,12.9525,4.2070,24.52,100.00
2010-11-23 20:00:00,Macquarie Island,54.4043,32.7292,32.7292,0.0000,0.0000,21.6751,0.0000,150.0000,54.4043,15.2332,6.0690,9.1642,60.16,100.00
2010-11-23 21:00:00,Macquarie Island,63.3499,57.9973,57.9973,0.0000,0.0000,5.3526,0.0000,150.0000,63.3499,17.7380,1.4987,16.2392,91.55,100.00
2010-11-23 22:00:00,Macquarie Island,52.3861,51.4635,51.4635,0.0000,0.0000,0.9226,0.0000,150.0000,52.3861,14.6681,0.2583,14.4098,98.24,100.00
2010-11-23 23:00:00,Macquarie Island,55.7776,37.6752,37.6752,0.0000,0.0000,18.1024,0.0000,150.0000,55.7776,15.6177,5.0687,10.5491,67.55,100.00
2010-11-24 00:00:00,Macquarie Island,59.0783,40.2587,40.2587,0.0000,0.0000,18.8196,0.0000,150.0000,59.0783,16.5419,5.2695,11.2724,68.14,100.00
2010-11-24 01:00:00,Macquarie Island,51.3204,52.2094,51.3204,0.8890,0.0000,0.0000,0.0000,150.8445,51.3204,14.3697,0.0000,14.3697,100.00,100.00
2010-11-24 02:00:00,Macquarie Island,61.4408,58.3481,58.3481,0.0000,0.8023,2.2904,0.0000,150.0000,61.4408,17.2034,0.6413,16.5621,96.27,100.00
2010-11-24 03:00:00,Macquarie Island,56.2120,51.8431,51.8431,0.0000,0.0000,4.3689,0.0000,150.0000,56.2120,15.7394,1.2233,14.5161,92.23,100.00
2010-11-24 04:00:00,Macquarie Island,55.7943,51.8277,51.8277,0.0000,0.0000,3.9666,0.0000,150.0000,55.7943,15.6224,1.1106,14.5118,92.89,100.00
2010-11-24 05:00:00,Macquarie Island,52.9124,46.1328,46.1328,0.0000,0.0000,6.7796,0.0000,150.0000,52.9124,14.8155,1.8983,12.9172,87.19,100.00
2010-11-24 06:00:00,Macquarie Island,54.3954,40.4265,40.4265,0.0000,0.0000,13.9689,0.0000,150.0000,54.3954,15.2307,3.9113,11.3194,74.32,100.00
2010-11-24 07:00:00,Macquarie Island,55.0647,37.0710,37.0710,0.0000,0.0000,17.9937,0.0000,150.0000,55.0647,15.4181,5.0382,10.3799,67.32,100.00
2010-11-24 08:00:00,Macquarie Island,59.5642,37.1384,37.1384,0.0000,0.0000,22.4258,0.0000,150.0000,59.5642,16.6780,6.2792,10.3988,62.35,100.00
2010-11-24 09:00:00,Macquarie Island,70.6568,22.0417,22.0417,0.0000,0.0000,48.6151,0.0000,150.0000,70.6568,19.7839,13.6122,6.1717,31.20,100.00
2010-11-24 10:00:00,Macquarie Island,61.3336,58.5676,58.5676,0.0000,0.0000,2.7660,0.0000,150.0000,61.3336,17.1734,0.7745,16.3989,95.49,100.00
2010-11-24 11:00:00,Macquarie Island,69.2698,39.4304,39.4304,0.0000,0.0000,29.8394,0.0000,150.0000,69.2698,19.3955,8.3550,11.0405,56.92,100.00
2010-11-24 12:00:00,Macquarie Island,56.3816,39.8258,39.8258,0.0000,0.0000,16.5558,0.0000,150.0000,56.3816,15.7868,4.6356,11.1512,70.64,100.00
2010-11-24 13:00:00,Macquarie Island,57.3081,44.1462,44.1462,0.0000,0.0000,13.1619,0.0000,150.0000,57.3081,16.0463,3.6853,12.3609,77.03,100.00
2010-11-24 14:00:00,Macquarie Island,62.3794,33.6300,33.6300,0.0000,0.0000,28.7494,0.0000,150.0000,62.3794,17.4662,8.0498,9.4164,53.91,100.00
2010-11-24 15:00:00,Macquarie Island,52.1279,27.8856,27.8856,0.0000,0.0000,24.2423,0.0000,150.0000,52.1279,14.5958,6.7878,7.8080,53.49,100.00
2010-11-24 16:00:00,Macquarie Island,62.6128,30.8603,30.8603,0.0000,0.0000,31.7525,0.0000,150.0000,62.6128,17.5316,8.8907,8.6409,49.29,100.00
2010-11-24 17:00:00,Macquarie Island,66.1576,17.5837,17.5837,0.0000,0.0000,48.5739,0.0000,150.0000,66.1576,18.5241,13.6007,4.9234,26.58,100.00
2010-11-24 18:00:00,Macquarie Island,63.6985,29.7975,29.7975,0.0000,0.0000,33.9010,0.0000,150.0000,63.6985,17.8356,9.4923,8.3433,46.78,100.00
2010-11-24 19:00:00,Macquarie Island,63.5573,65.1608,63.5573,1.6035,0.0000,0.0000,0.0000,151.5233,63.5573,17.7960,0.0000,17.7960,100.00,100.00
2010-11-24 20:00:00,Macquarie Island,54.1171,24.8670,24.8670,0.0000,1.4472,27.8029,0.0000,150.0000,54.1171,15.1528,7.7848,7.3680,48.62,100.00
2010-11-24 21:00:00,Macquarie Island,54.2744,42.9345,42.9345,0.0000,0.0000,11.3399,0.0000,150.0000,54.2744,15.1968,3.1752,12.0217,79.11,100.00
2010-11-24 22:00:00,Macquarie Island,57.5134,61.0450,57.5134,3.5316,0.0000,0.0000,0.0000,153.3550,57.5134,16.1038,0.0000,16.1038,100.00,100.00
2010-11-24 23:00:00,Macquarie Island,57.3835,36.1823,36.1823,0.0000,3.1873,18.0139,0.0000,150.0000,57.3835,16.0674,5.0439,11.0235,68.61,100.00
2010-11-25 00:00:00,Macquarie Island,59.1302,55.0468,55.0468,0.0000,0.0000,4.0834,0.0000,150.0000,59.1302,16.5565,1.1434,15.4131,93.09,100.00
2010-11-25 01:00:00,Macquarie Island,58.3260,59.7430,58.3260,1.4170,0.0000,0.0000,0.0000,151.3461,58.3260,16.3313,0.0000,16.3313,100.00,100.00
2010-11-25 02:00:00,Macquarie Island,57.4744,72.7349,57.4744,15.2605,0.0000,0.0000,0.0000,165.8436,57.4744,16.0928,0.0000,16.0928,100.00,100.00
2010-11-25 03:00:00,Macquarie Island,52.0058,58.7625,52.0058,6.7567,0.0000,0.0000,0.0000,172.2625,52.0058,14.5616,0.0000,14.5616,100.00,100.00
2010-11-25 04:00:00,Macquarie Island,56.3133,39.4622,39.4622,0.0000,16.8511,0.0000,0.0000,154.5245,56.3133,15.7677,0.0000,15.7677,100.00,100.00
2010-11-25 05:00:00,Macquarie Island,65.6257,45.9134,45.9134,0.0000,4.2983,15.4140,0.0000,150.0000,65.6257,18.3752,4.3159,14.0593,76.51,100.00
2010-11-25 06:00:00,Macquarie Island,63.7214,50.5473,50.5473,0.0000,0.0000,13.1741,0.0000,150.0000,63.7214,17.8420,3.6887,14.1532,79.33,100.00
2010-11-25 07:00:00,Macquarie Island,56.0571,80.3110,56.0571,24.2539,0.0000,0.0000,0.0000,173.0412,56.0571,15.6960,0.0000,15.6960,100.00,100.00
2010-11-25 08:00:00,Macquarie Island,64.5355,47.7363,47.7363,0.0000,16.7992,0.0000,0.0000,155.3578,64.5355,18.0699,0.0000,18.0699,100.00,100.00
2010-11-25 09:00:00,Macquarie Island,65.7121,54.6627,54.6627,0.0000,5.0899,5.9595,0.0000,150.0000,65.7121,18.3994,1.6686,16.7307,90.93,100.00
2010-11-25 10:00:00,Macquarie Island,62.1972,42.3536,42.3536,0.0000,0.0000,19.8436,0.0000,150.0000,62.1972,17.4152,5.5562,11.8590,68.10,100.00
2010-11-25 11:00:00,Macquarie Island,63.2469,42.1693,42.1693,0.0000,0.0000,21.0776,0.0000,150.0000,63.2469,17.7091,5.9017,11.8074,66.67,100.00
2010-11-25 12:00:00,Macquarie Island,56.6390,42.9218,42.9218,0.0000,0.0000,13.7172,0.0000,150.0000,56.6390,15.8589,3.8408,12.0181,75.78,100.00
2010-11-25 13:00:00,Macquarie Island,55.0665,46.3414,46.3414,0.0000,0.0000,8.7251,0.0000,150.0000,55.0665,15.4186,2.4430,12.9756,84.16,100.00
2010-11-25 14:00:00,Macquarie Island,53.1632,31.8245,31.8245,0.0000,0.0000,21.3387,0.0000,150.0000,53.1632,14.8857,5.9748,8.9109,59.86,100.00
2010-11-25 15:00:00,Macquarie Island,53.2448,20.7859,20.7859,0.0000,0.0000,32.4589,0.0000,150.0000,53.2448,14.9085,9.0885,5.8201,39.04,100.00
2010-11-25 16:00:00,Macquarie Island,67.2637,34.2452,34.2452,0.0000,0.0000,33.0185,0.0000,150.0000,67.2637,18.8338,9.2452,9.5887,50.91,100.00
2010-11-25 17:00:00,Macquarie Island,66.7914,17.7105,17.7105,0.0000,0.0000,49.0809,0.0000,150.0000,66.7914,18.7016,13.7427,4.9589,26.52,100.00
2010-11-25 18:00:00,Macquarie Island,62.4284,33.0241,33.0241,0.0000,0.0000,29.4043,0.0000,150.0000,62.4284,17.4800,8.2332,9.2467,52.90,100.00
2010-11-25 19:00:00,Macquarie Island,60.1811,47.5037,47.5037,0.0000,0.0000,12.6774,0.0000,150.0000,60.1811,16.8507,3.5497,13.3010,78.93,100.00
2010-11-25 20:00:00,Macquarie Island,53.4467,48.9622,48.9622,0.0000,0.0000,4.4845,0.0000,150.0000,53.4467,14.9651,1.2557,13.7094,91.61,100.00
2010-11-25 21:00:00,Macquarie Island,63.8692,43.0259,43.0259,0.0000,0.0000,20.8433,0.0000,150.0000,63.8692,17.8834,5.8361,12.0473,67.37,100.00
2010-11-25 22:00:00,Macquarie Island,59.8937,80.6978,59.8937,20.8041,0.0000,0.0000,0.0000,169.7639,59.8937,16.7702,0.0000,16.7702,100.00,100.00
2010-11-25 23:00:00,Macquarie Island,55.9746,53.4324,53.4324,0.0000,2.5422,0.0000,0.0000,167.0879,55.9746,15.6729,0.0000,15.6729,100.00,100.00
2010-11-26 00:00:00,Macquarie Island,58.2603,54.3622,54.3622,0.0000,3.8981,0.0000,0.0000,162.9846,58.2603,16.3129,0.0000,16.3129,100.00,100.00
2010-11-26 01:00:00,Macquarie Island,54.2290,52.2392,52.2392,0.0000,1.9898,0.0000,0.0000,160.8901,54.2290,15.1841,0.0000,15.1841,100.00,100.00
2010-11-26 02:00:00,Macquarie Island,49.6414,58.9366,49.6414,9.2952,0.0000,0.0000,0.0000,169.7205,49.6414,13.8996,0.0000,13.8996,100.00,100.00
2010-11-26 03:00:00,Macquarie Island,61.3276,51.1992,51.1992,0.0000,10.1284,0.0000,0.0000,159.0591,61.3276,17.1717,0.0000,17.1717,100.00,100.00
2010-11-26 04:00:00,Macquarie Island,48.9361,52.1600,48.9361,3.2239,0.0000,0.0000,0.0000,162.1218,48.9361,13.7021,0.0000,13.7021,100.00,100.00
2010-11-26 05:00:00,Macquarie Island,58.9790,58.3576,58.3576,0.0000,0.6214,0.0000,0.0000,161.4677,58.9790,16.5141,0.0000,16.5141,100.00,100.00
2010-11-26 06:00:00,Macquarie Island,52.2000,30.8803,30.8803,0.0000,10.8943,10.4254,0.0000,150.0000,52.2000,14.6160,2.9191,11.6969,80.03,100.00
2010-11-26 07:00:00,Macquarie Island,52.4503,46.0991,46.0991,0.0000,0.0000,6.3512,0.0000,150.0000,52.4503,14.6861,1.7783,12.9077,87.89,100.00
2010-11-26 08:00:00,Macquarie Island,58.0462,51.9922,51.9922,0.0000,0.0000,6.0540,0.0000,150.0000,58.0462,16.2529,1.6951,14.5578,89.57,100.00
2010-11-26 09:00:00,Macquarie Island,55.4024,43.1406,43.1406,0.0000,0.0000,12.2618,0.0000,150.0000,55.4024,15.5127,3.4333,12.0794,77.87,100.00
2010-11-26 10:00:00,Macquarie Island,61.8089,50.5271,50.5271,0.0000,0.0000,11.2818,0.0000,150.0000,61.8089,17.3065,3.1589,14.1476,81.75,100.00
2010-11-26 11:00:00,Macquarie Island,53.1359,43.8773,43.8773,0.0000,0.0000,9.2586,0.0000,150.0000,53.1359,14.8781,2.5924,12.2856,82.58,100.00
2010-11-26 12:00:00,Macquarie Island,67.6408,42.2626,42.2626,0.0000,0.0000,25.3782,0.0000,150.0000,67.6408,18.9394,7.1059,11.8335,62.48,100.00
2010-11-26 13:00:00,Macquarie Island,57.5080,78.9426,57.5080,21.4346,0.0000,0.0000,0.0000,170.3629,57.5080,16.1022,0.0000,16.1022,100.00,100.00
2010-11-26 14:00:00,Macquarie Island,55.4408,33.9720,33.9720,0.0000,19.3447,2.1241,0.0000,150.0000,55.4408,15.5234,0.5947,14.9287,96.17,100.00
2010-11-26 15:00:00,Macquarie Island,63.4313,26.0225,26.0225,0.0000,0.0000,37.4088,0.0000,150.0000,63.4313,17.7608,10.4745,7.2863,41.02,100.00
2010-11-26 16:00:00,Macquarie Island,60.7192,18.8229,18.8229,0.0000,0.0000,41.8963,0.0000,150.0000,60.7192,17.0014,11.7310,5.2704,31.00,100.00
2010-11-26 17:00:00,Macquarie Island,60.5860,30.3327,30.3327,0.0000,0.0000,30.2533,0.0000,150.0000,60.5860,16.9641,8.4709,8.4932,50.07,100.00
2010-11-26 18:00:00,Macquarie Island,66.8617,7.3549,7.3549,0.0000,0.0000,59.5068,0.0000,150.0000,66.8617,18.7213,16.6619,2.0594,11.00,100.00
2010-11-26 19:00:00,Macquarie Island,58.0553,33.4176,33.4176,0.0000,0.0000,24.6377,0.0000,150.0000,58.0553,16.2555,6.8986,9.3569,57.56,100.00
2010-11-26 20:00:00,Macquarie Island,49.7772,57.7477,49.7772,7.9705,0.0000,0.0000,0.0000,157.5720,49.7772,13.9376,0.0000,13.9376,100.00,100.00
2010-11-26 21:00:00,Macquarie Island,53.0290,44.3239,44.3239,0.0000,7.1934,1.5117,0.0000,150.0000,53.0290,14.8481,0.4233,14.4248,97.15,100.00
2010-11-26 22:00:00,Macquarie Island,57.8223,50.4870,50.4870,0.0000,0.0000,7.3353,0.0000,150.0000,57.8223,16.1902,2.0539,14.1364,87.31,100.00
2010-11-26 23:00:00,Macquarie Island,55.6115,51.1056,51.1056,0.0000,0.0000,4.5059,0.0000,150.0000,55.6115,15.5712,1.2617,14.3096,91.90,100.00
2010-11-27 00:00:00,Macquarie Island,55.9193,59.9846,55.9193,4.0653,0.0000,0.0000,0.0000,153.8620,55.9193,15.6574,0.0000,15.6574,100.00,100.00
2010-11-27 01:00:00,Macquarie Island,56.9406,66.3074,56.9406,9.3668,0.0000,0.0000,0.0000,162.7605,56.9406,15.9434,0.0000,15.9434,100.00,100.00
2010-11-27 02:00:00,Macquarie Island,58.5858,47.8311,47.8311,0.0000,10.7547,0.0000,0.0000,151.4398,58.5858,16.4040,0.0000,16.4040,100.00,100.00
2010-11-27 03:00:00,Macquarie Island,61.1658,40.1879,40.1879,0.0000,1.3678,19.6101,0.0000,150.0000,61.1658,17.1264,5.4908,11.6356,67.94,100.00
2010-11-27 04:00:00,Macquarie Island,60.6776,58.2217,58.2217,0.0000,0.0000,2.4559,0.0000,150.0000,60.6776,16.9897,0.6877,16.3021,95.95,100.00
2010-11-27 05:00:00,Macquarie Island,54.7520,59.2621,54.7520,4.5101,0.0000,0.0000,0.0000,154.2846,54.7520,15.3306,0.0000,15.3306,100.00,100.00
2010-11-27 06:00:00,Macquarie Island,61.3075,31.7000,31.7000,0.0000,4.0704,25.5371,0.0000,150.0000,61.3075,17.1661,7.1504,10.0157,58.35,100.00
2010-11-27 07:00:00,Macquarie Island,54.8368,35.6354,35.6354,0.0000,0.0000,19.2014,0.0000,150.0000,54.8368,15.3543,5.3764,9.9779,64.98,100.00
2010-11-27 08:00:00,Macquarie Island,54.6195,59.7730,54.6195,5.1535,0.0000,0.0000,0.0000,154.8958,54.6195,15.2935,0.0000,15.2935,100.00,100.00
2010-11-27 09:00:00,Macquarie Island,55.0099,41.2333,41.2333,0.0000,4.6510,9.1256,0.0000,150.0000,55.0099,15.4028,2.5552,12.8476,83.41,100.00
2010-11-27 10:00:00,Macquarie Island,59.7031,61.1921,59.7031,1.4890,0.0000,0.0000,0.0000,151.4145,59.7031,16.7169,0.0000,16.7169,100.00,100.00
2010-11-27 11:00:00,Macquarie Island,66.3484,39.2220,39.2220,0.0000,1.3438,25.7826,0.0000,150.0000,66.3484,18.5776,7.2191,11.3584,61.14,100.00
2010-11-27 12:00:00,Macquarie Island,56.1733,49.5563,49.5563,0.0000,0.0000,6.6170,0.0000,150.0000,56.1733,15.7285,1.8528,13.8758,88.22,100.00
2010-11-27 13:00:00,Macquarie Island,51.1961,49.4345,49.4345,0.0000,0.0000,1.7616,0.0000,150.0000,51.1961,14.3349,0.4932,13.8417,96.56,100.00
2010-11-27 14:00:00,Macquarie Island,54.5517,33.7130,33.7130,0.0000,0.0000,20.8387,0.0000,150.0000,54.5517,15.2745,5.8348,9.4396,61.80,100.00
2010-11-27 15:00:00,Macquarie Island,62.2996,33.8449,33.8449,0.0000,0.0000,28.4547,0.0000,150.0000,62.2996,17.4439,7.9673,9.4766,54.33,100.00
2010-11-27 16:00:00,Macquarie Island,59.9502,22.2634,22.2634,0.0000,0.0000,37.6868,0.0000,150.0000,59.9502,16.7861,10.5523,6.2338,37.14,100.00
2010-11-27 17:00:00,Macquarie Island,60.2224,4.3702,4.3702,0.0000,0.0000,55.8522,0.0000,150.0000,60.2224,16.8623,15.6386,1.2237,7.26,100.00
2010-11-27 18:00:00,Macquarie Island,61.8880,10.4923,10.4923,0.0000,0.0000,51.3957,0.0000,150.0000,61.8880,17.3286,14.3908,2.9378,16.95,100.00
2010-11-27 19:00:00,Macquarie Island,58.1424,41.2584,41.2584,0.0000,0.0000,16.8840,0.0000,150.0000,58.1424,16.2799,4.7275,11.5524,70.96,100.00
2010-11-27 20:00:00,Macquarie Island,60.9115,53.7072,53.7072,0.0000,0.0000,7.2043,0.0000,150.0000,60.9115,17.0552,2.0172,15.0380,88.17,100.00
2010-11-27 21:00:00,Macquarie Island,55.7638,14.4096,14.4096,0.0000,0.0000,41.3542,0.0000,150.0000,55.7638,15.6139,11.5792,4.0347,25.84,100.00
2010-11-27 22:00:00,Macquarie Island,62.8390,49.4152,49.4152,0.0000,0.0000,13.4238,0.0000,150.0000,62.8390,17.5949,3.7587,13.8363,78.64,100.00
2010-11-27 23:00:00,Macquarie Island,57.7046,44.3009,44.3009,0.0000,0.0000,13.4037,0.0000,150.0000,57.7046,16.1573,3.7530,12.4043,76.77,100.00
2010-11-28 00:00:00,Macquarie Island,59.3860,53.0308,53.0308,0.0000,0.0000,6.3552,0.0000,150.0000,59.3860,16.6281,1.7795,14.8486,89.30,100.00
2010-11-28 01:00:00,Macquarie Island,50.6002,48.3993,48.3993,0.0000,0.0000,2.2009,0.0000,150.0000,50.6002,14.1681,0.6163,13.5518,95.65,100.00
2010-11-28 02:00:00,Macquarie Island,61.2877,58.8481,58.8481,0.0000,0.0000,2.4396,0.0000,150.0000,61.2877,17.1606,0.6831,16.4775,96.02,100.00
2010-11-28 03:00:00,Macquarie Island,50.2206,58.3820,50.2206,8.1614,0.0000,0.0000,0.0000,157.7533,50.2206,14.0618,0.0000,14.0618,100.00,100.00
2010-11-28 04:00:00,Macquarie Island,61.2990,43.6289,43.6289,0.0000,7.3657,10.3044,0.0000,150.0000,61.2990,17.1637,2.8852,14.2785,83.19,100.00
2010-11-28 05:00:00,Macquarie Island,59.9376,57.6548,57.6548,0.0000,0.0000,2.2828,0.0000,150.0000,59.9376,16.7825,0.6392,16.1433,96.19,100.00
2010-11-28 06:00:00,Macquarie Island,54.6673,48.5428,48.5428,0.0000,0.0000,6.1245,0.0000,150.0000,54.6673,15.3068,1.7149,13.5920,88.80,100.00
2010-11-28 07:00:00,Macquarie Island,60.9506,58.9119,58.9119,0.0000,0.0000,2.0387,0.0000,150.0000,60.9506,17.0662,0.5708,16.4953,96.66,100.00
2010-11-28 08:00:00,Macquarie Island,68.2138,47.3287,47.3287,0.0000,0.0000,20.8851,0.0000,150.0000,68.2138,19.0999,5.8478,13.2520,69.38,100.00
2010-11-28 09:00:00,Macquarie Island,63.4572,27.3031,27.3031,0.0000,0.0000,36.1541,0.0000,150.0000,63.4572,17.7680,10.1231,7.6449,43.03,100.00
2010-11-28 10:00:00,Macquarie Island,57.6714,39.1306,39.1306,0.0000,0.0000,18.5408,0.0000,150.0000,57.6714,16.1480,5.1914,10.9566,67.85,100.00
2010-11-28 11:00:00,Macquarie Island,65.9118,73.7527,65.9118,7.8409,0.0000,0.0000,0.0000,157.4489,65.9118,18.4553,0.0000,18.4553,100.00,100.00
2010-11-28 12:00:00,Macquarie Island,69.1584,36.9299,36.9299,0.0000,7.0764,25.1521,0.0000,150.0000,69.1584,19.3644,7.0426,12.3218,63.63,100.00
2010-11-28 13:00:00,Macquarie Island,61.4998,44.9302,44.9302,0.0000,0.0000,16.5696,0.0000,150.0000,61.4998,17.2199,4.6395,12.5805,73.06,100.00
2010-11-28 14:00:00,Macquarie Island,51.7888,34.7854,34.7854,0.0000,0.0000,17.0034,0.0000,150.0000,51.7888,14.5009,4.7610,9.7399,67.17,100.00
2010-11-28 15:00:00,Macquarie Island,52.5831,28.8653,28.8653,0.0000,0.0000,23.7178,0.0000,150.0000,52.5831,14.7233,6.6410,8.0823,54.89,100.00
2010-11-28 16:00:00,Macquarie Island,59.7153,8.7205,8.7205,0.0000,0.0000,50.9948,0.0000,150.0000,59.7153,16.7203,14.2785,2.4417,14.60,100.00
2010-11-28 17:00:00,Macquarie Island,56.3806,27.5699,27.5699,0.0000,0.0000,28.8107,0.0000,150.0000,56.3806,15.7866,8.0670,7.7196,48.90,100.00
2010-11-28 18:00:00,Macquarie Island,66.5254,16.7381,16.7381,0.0000,0.0000,49.7873,0.0000,150.0000,66.5254,18.6271,13.9404,4.6867,25.16,100.00
2010-11-28 19:00:00,Macquarie Island,65.2752,22.3159,22.3159,0.0000,0.0000,42.9593,0.0000,150.0000,65.2752,18.2771,12.0286,6.2485,34.19,100.00
2010-11-28 20:00:00,Macquarie Island,69.3455,54.8789,54.8789,0.0000,0.0000,14.4666,0.0000,150.0000,69.3455,19.4167,4.0506,15.3661,79.14,100.00
2010-11-28 21:00:00,Macquarie Island,54.4131,74.3793,54.4131,19.9662,0.0000,0.0000,0.0000,168.9679,54.4131,15.2357,0.0000,15.2357,100.00,100.00
2010-11-28 22:00:00,Macquarie Island,55.4168,50.0672,50.0672,0.0000,5.3496,0.0000,0.0000,163.3367,55.4168,15.5167,0.0000,15.5167,100.00,100.00
2010-11-28 23:00:00,Macquarie Island,58.1693,66.9928,58.1693,8.8235,0.0000,0.0000,0.0000,171.7191,58.1693,16.2874,0.0000,16.2874,100.00,100.00
2010-11-29 00:00:00,Macquarie Island,50.2709,60.5359,50.2709,10.2650,0.0000,0.0000,0.0000,181.4708,50.2709,14.0759,0.0000,14.0759,100.00,100.00
2010-11-29 01:00:00,Macquarie Island,52.8223,52.1111,52.1111,0.0000,0.7112,0.0000,0.0000,180.7222,52.8223,14.7902,0.0000,14.7902,100.00,100.00
2010-11-29 02:00:00,Macquarie Island,61.4212,59.4063,59.4063,0.0000,2.0149,0.0000,0.0000,178.6012,61.4212,17.1979,0.0000,17.1979,100.00,100.00
2010-11-29 03:00:00,Macquarie Island,52.3098,47.7390,47.7390,0.0000,4.5708,0.0000,0.0000,173.7899,52.3098,14.6467,0.0000,14.6467,100.00,100.00
2010-11-29 04:00:00,Macquarie Island,54.4623,58.0892,54.4623,3.6269,0.0000,0.0000,0.0000,177.2354,54.4623,15.2494,0.0000,15.2494,100.00,100.00
2010-11-29 05:00:00,Macquarie Island,62.0878,52.4696,52.4696,0.0000,9.6182,0.0000,0.0000,167.1110,62.0878,17.3846,0.0000,17.3846,100.00,100.00
2010-11-29 06:00:00,Macquarie Island,52.9097,64.5793,52.9097,11.6696,0.0000,0.0000,0.0000,178.1971,52.9097,14.8147,0.0000,14.8147,100.00,100.00
2010-11-29 07:00:00,Macquarie Island,56.6800,59.5962,56.6800,2.9162,0.0000,0.0000,0.0000,180.9675,56.6800,15.8704,0.0000,15.8704,100.00,100.00
2010-11-29 08:00:00,Macquarie Island,55.1116,31.6670,31.6670,0.0000,23.4446,0.0000,0.0000,156.2890,55.1116,15.4312,0.0000,15.4312,100.00,100.00
2010-11-29 09:00:00,Macquarie Island,59.6254,48.4717,48.4717,0.0000,5.9745,5.1792,0.0000,150.0000,59.6254,16.6951,1.4502,15.2449,91.31,100.00
2010-11-29 10:00:00,Macquarie Island,63.5929,57.0076,57.0076,0.0000,0.0000,6.5853,0.0000,150.0000,63.5929,17.8060,1.8439,15.9621,89.64,100.00
2010-11-29 11:00:00,Macquarie Island,59.9645,42.0660,42.0660,0.0000,0.0000,17.8985,0.0000,150.0000,59.9645,16.7901,5.0116,11.7785,70.15,100.00
2010-11-29 12:00:00,Macquarie Island,53.3321,51.2561,51.2561,0.0000,0.0000,2.0760,0.0000,150.0000,53.3321,14.9330,0.5813,14.3517,96.11,100.00
2010-11-29 13:00:00,Macquarie Island,53.5192,34.5712,34.5712,0.0000,0.0000,18.9480,0.0000,150.0000,53.5192,14.9854,5.3054,9.6799,64.60,100.00
2010-11-29 14:00:00,Macquarie Island,64.9982,31.4941,31.4941,0.0000,0.0000,33.5041,0.0000,150.0000,64.9982,18.1995,9.3811,8.8183,48.45,100.00
2010-11-29 15:00:00,Macquarie Island,58.2480,34.9736,34.9736,0.0000,0.0000,23.2744,0.0000,150.0000,58.2480,16.3094,6.5168,9.7926,60.04,100.00
2010-11-29 16:00:00,Macquarie Island,61.0423,15.6686,15.6686,0.0000,0.0000,45.3737,0.0000,150.0000,61.0423,17.0918,12.7046,4.3872,25.67,100.00
2010-11-29 17:00:00,Macquarie Island,67.4750,24.0457,24.0457,0.0000,0.0000,43.4293,0.0000,150.0000,67.4750,18.8930,12.1602,6.7328,35.64,100.00
2010-11-29 18:00:00,Macquarie Island,66.0782,13.5016,13.5016,0.0000,0.0000,52.5766,0.0000,150.0000,66.0782,18.5019,14.7214,3.7804,20.43,100.00
2010-11-29 19:00:00,Macquarie Island,59.2959,28.5687,28.5687,0.0000,0.0000,30.7272,0.0000,150.0000,59.2959,16.6029,8.6036,7.9992,48.18,100.00
2010-11-29 20:00:00,Macquarie Island,62.7130,35.5671,35.5671,0.0000,0.0000,27.1459,0.0000,150.0000,62.7130,17.5596,7.6009,9.9588,56.71,100.00
2010-11-29 21:00:00,Macquarie Island,54.0625,67.6581,54.0625,13.5956,0.0000,0.0000,0.0000,162.9158,54.0625,15.1375,0.0000,15.1375,100.00,100.00
2010-11-29 22:00:00,Macquarie Island,55.7072,54.0897,54.0897,0.0000,1.6175,0.0000,0.0000,161.2132,55.7072,15.5980,0.0000,15.5980,100.00,100.00
2010-11-29 23:00:00,Macquarie Island,53.8022,54.2225,53.8022,0.4203,0.0000,0.0000,0.0000,161.6125,53.8022,15.0646,0.0000,15.0646,100.00,100.00
2010-11-30 00:00:00,Macquarie Island,56.8081,56.1338,56.1338,0.0000,0.6743,0.0000,0.0000,160.9027,56.8081,15.9063,0.0000,15.9063,100.00,100.00
2010-11-30 01:00:00,Macquarie Island,56.3212,47.4990,47.4990,0.0000,8.8222,0.0000,0.0000,151.6162,56.3212,15.7699,0.0000,15.7699,100.00,100.00
2010-11-30 02:00:00,Macquarie Island,62.4335,46.5372,46.5372,0.0000,1.5353,14.3610,0.0000,150.0000,62.4335,17.4814,4.0211,13.4603,77.00,100.00
2010-11-30 03:00:00,Macquarie Island,63.0692,58.8918,58.8918,0.0000,0.0000,4.1774,0.0000,150.0000,63.0692,17.6594,1.1697,16.4897,93.38,100.00
2010-11-30 04:00:00,Macquarie Island,68.0036,58.1719,58.1719,0.0000,0.0000,9.8317,0.0000,150.0000,68.0036,19.0410,2.7529,16.2881,85.54,100.00
2010-11-30 05:00:00,Macquarie Island,66.2999,69.6970,66.2999,3.3971,0.0000,0.0000,0.0000,153.2272,66.2999,18.5640,0.0000,18.5640,100.00,100.00
2010-11-30 06:00:00,Macquarie Island,54.0312,47.0903,47.0903,0.0000,3.0659,3.8750,0.0000,150.0000,54.0312,15.1287,1.0850,14.0437,92.83,100.00
2010-11-30 07:00:00,Macquarie Island,55.1545,53.0297,53.0297,0.0000,0.0000,2.1248,0.0000,150.0000,55.1545,15.4433,0.5949,14.8483,96.15,100.00
2010-11-30 08:00:00,Macquarie Island,48.5885,134.6197,48.5885,86.0312,0.0000,0.0000,0.0000,231.7296,48.5885,13.6048,0.0000,13.6048,100.00,100.00
2010-11-30 09:00:00,Macquarie Island,61.8383,41.0428,41.0428,0.0000,20.7955,0.0000,0.0000,209.8396,61.8383,17.3147,0.0000,17.3147,100.00,100.00
2010-11-30 10:00:00,Macquarie Island,54.4779,57.4354,54.4779,2.9575,0.0000,0.0000,0.0000,212.6493,54.4779,15.2538,0.0000,15.2538,100.00,100.00
2010-11-30 11:00:00,Macquarie Island,59.6767,39.5323,39.5323,0.0000,20.1444,0.0000,0.0000,191.4446,59.6767,16.7095,0.0000,16.7095,100.00,100.00
2010-11-30 12:00:00,Macquarie Island,57.9343,43.3539,43.3539,0.0000,14.5804,0.0000,0.0000,176.0968,57.9343,16.2216,0.0000,16.2216,100.00,100.00
2010-11-30 13:00:00,Macquarie Island,57.7623,42.7342,42.7342,0.0000,15.0281,0.0000,0.0000,160.2778,57.7623,16.1734,0.0000,16.1734,100.00,100.00
2010-11-30 14:00:00,Macquarie Island,66.1701,36.0789,36.0789,0.0000,9.7639,20.3273,0.0000,150.0000,66.1701,18.5276,5.6916,12.8360,69.28,100.00
2010-11-30 15:00:00,Macquarie Island,55.8740,30.8664,30.8664,0.0000,0.0000,25.0076,0.0000,150.0000,55.8740,15.6447,7.0021,8.6426,55.24,100.00
2010-11-30 16:00:00,Macquarie Island,69.3825,67.7567,67.7567,0.0000,0.0000,1.6258,0.0000,150.0000,69.3825,19.4271,0.4552,18.9719,97.66,100.00
2010-11-30 17:00:00,Macquarie Island,59.3082,8.0831,8.0831,0.0000,0.0000,51.2251,0.0000,150.0000,59.3082,16.6063,14.3430,2.2633,13.63,100.00
2010-11-30 18:00:00,Macquarie Island,56.5078,22.1443,22.1443,0.0000,0.0000,34.3635,0.0000,150.0000,56.5078,15.8222,9.6218,6.2004,39.19,100.00
2010-11-30 19:00:00,Macquarie Island,64.1611,47.8642,47.8642,0.0000,0.0000,16.2969,0.0000,150.0000,64.1611,17.9651,4.5631,13.4020,74.60,100.00
2010-11-30 20:00:00,Macquarie Island,65.4804,29.9523,29.9523,0.0000,0.0000,35.5281,0.0000,150.0000,65.4804,18.3345,9.9479,8.3866,45.74,100.00
2010-11-30 21:00:00,Macquarie Island,56.6180,42.6512,42.6512,0.0000,0.0000,13.9668,0.0000,150.0000,56.6180,15.8530,3.9107,11.9423,75.33,100.00
2010-11-30 22:00:00,Macquarie Island,58.3380,31.4308,31.4308,0.0000,0.0000,26.9072,0.0000,150.0000,58.3380,16.3346,7.5340,8.8006,53.88,100.00
2010-11-30 23:00:00,Macquarie Island,46.0614,47.9992,46.0614,1.9378,0.0000,0.0000,0.0000,151.8409,46.0614,12.8972,0.0000,12.8972,100.00,100.00
2010-12-01 00:00:00,Macquarie Island,53.7346,28.9666,28.9666,0.0000,1.7489,23.0191,0.0000,150.0000,53.7346,15.0457,6.4454,8.6003,57.16,100.00
2010-12-01 01:00:00,Macquarie Island,58.0982,42.6601,42.6601,0.0000,0.0000,15.4381,0.0000,150.0000,58.0982,16.2675,4.3227,11.9448,73.43,100.00
2010-12-01 02:00:00,Macquarie Island,48.2211,34.2208,34.2208,0.0000,0.0000,14.0003,0.0000,150.0000,48.2211,13.5019,3.9201,9.5818,70.97,100.00
2010-12-01 03:00:00,Macquarie Island,51.7985,48.8416,48.8416,0.0000,0.0000,2.9569,0.0000,150.0000,51.7985,14.5036,0.8279,13.6756,94.29,100.00
2010-12-01 04:00:00,Macquarie Island,62.6677,50.1426,50.1426,0.0000,0.0000,12.5251,0.0000,150.0000,62.6677,17.5470,3.5070,14.0399,80.01,100.00
2010-12-01 05:00:00,Macquarie Island,48.6864,44.8064,44.8064,0.0000,0.0000,3.8800,0.0000,150.0000,48.6864,13.6322,1.0864,12.5458,92.03,100.00
2010-12-01 06:00:00,Macquarie Island,51.2754,37.0025,37.0025,0.0000,0.0000,14.2729,0.0000,150.0000,51.2754,14.3571,3.9964,10.3607,72.16,100.00
2010-12-01 07:00:00,Macquarie Island,51.7823,34.8367,34.8367,0.0000,0.0000,16.9456,0.0000,150.0000,51.7823,14.4990,4.7448,9.7543,67.28,100.00
2010-12-01 08:00:00,Macquarie Island,51.2242,51.1182,51.1182,0.0000,0.0000,0.1060,0.0000,150.0000,51.2242,14.3428,0.0297,14.3131,99.79,100.00
2010-12-01 09:00:00,Macquarie Island,59.6340,33.2445,33.2445,0.0000,0.0000,26.3895,0.0000,150.0000,59.6340,16.6975,7.3891,9.3085,55.75,100.00
2010-12-01 10:00:00,Macquarie Island,54.6126,30.5207,30.5207,0.0000,0.0000,24.0919,0.0000,150.0000,54.6126,15.2915,6.7457,8.5458,55.89,100.00
2010-12-01 11:00:00,Macquarie Island,65.7688,34.3249,34.3249,0.0000,0.0000,31.4439,0.0000,150.0000,65.7688,18.4153,8.8043,9.6110,52.19,100.00
2010-12-01 12:00:00,Macquarie Island,51.1098,32.7404,32.7404,0.0000,0.0000,18.3694,0.0000,150.0000,51.1098,14.3107,5.1434,9.1673,64.06,100.00
2010-12-01 13:00:00,Macquarie Island,55.4767,20.3170,20.3170,0.0000,0.0000,35.1597,0.0000,150.0000,55.4767,15.5335,9.8447,5.6888,36.62,100.00
2010-12-01 14:00:00,Macquarie Island,53.9674,16.1568,16.1568,0.0000,0.0000,37.8106,0.0000,150.0000,53.9674,15.1109,10.5870,4.5239,29.94,100.00
2010-12-01 15:00:00,Macquarie Island,52.9643,17.8584,17.8584,0.0000,0.0000,35.1059,0.0000,150.0000,52.9643,14.8300,9.8297,5.0004,33.72,100.00
2010-12-01 16:00:00,Macquarie Island,52.3464,44.9919,44.9919,0.0000,0.0000,7.3545,0.0000,150.0000,52.3464,14.6570,2.0593,12.5977,85.95,100.00
2010-12-01 17:00:00,Macquarie Island,52.4446,7.8371,7.8371,0.0000,0.0000,44.6075,0.0000,150.0000,52.4446,14.6845,12.4901,2.1944,14.94,100.00
2010-12-01 18:00:00,Macquarie Island,66.0745,17.9033,17.9033,0.0000,0.0000,48.1712,0.0000,150.0000,66.0745,18.5009,13.4879,5.0129,27.10,100.00
2010-12-01 19:00:00,Macquarie Island,60.1505,28.6950,28.6950,0.0000,0.0000,31.4555,0.0000,150.0000,60.1505,16.8421,8.8075,8.0346,47.71,100.00
2010-12-01 20:00:00,Macquarie Island,56.9734,18.5299,18.5299,0.0000,0.0000,38.4435,0.0000,150.0000,56.9734,15.9526,10.7642,5.1884,32.52,100.00
2010-12-01 21:00:00,Macquarie Island,53.8310,43.2351,43.2351,0.0000,0.0000,10.5959,0.0000,150.0000,53.8310,15.0727,2.9669,12.1058,80.32,100.00
2010-12-01 22:00:00,Macquarie Island,58.9663,41.8622,41.8622,0.0000,0.0000,17.1041,0.0000,150.0000,58.9663,16.5106,4.7891,11.7214,70.99,100.00
2010-12-01 23:00:00,Macquarie Island,51.0865,11.4507,11.4507,0.0000,0.0000,39.6358,0.0000,150.0000,51.0865,14.3042,11.0980,3.2062,22.41,100.00
2010-12-02 00:00:00,Macquarie Island,49.7325,51.4049,49.7325,1.6724,0.0000,0.0000,0.0000,151.5888,49.7325,13.9251,0.0000,13.9251,100.00,100.00
2010-12-02 01:00:00,Macquarie Island,45.9624,52.7245,45.9624,6.7621,0.0000,0.0000,0.0000,158.0128,45.9624,12.8695,0.0000,12.8695,100.00,100.00
2010-12-02 02:00:00,Macquarie Island,52.9996,40.2370,40.2370,0.0000,7.6121,5.1505,0.0000,150.0000,52.9996,14.8399,1.4421,13.3978,90.28,100.00
2010-12-02 03:00:00,Macquarie Island,46.9741,52.8702,46.9741,5.8961,0.0000,0.0000,0.0000,155.6013,46.9741,13.1527,0.0000,13.1527,100.00,100.00
2010-12-02 04:00:00,Macquarie Island,55.0139,59.1900,55.0139,4.1761,0.0000,0.0000,0.0000,159.5686,55.0139,15.4039,0.0000,15.4039,100.00,100.00
2010-12-02 05:00:00,Macquarie Island,52.0630,39.6766,39.6766,0.0000,9.0902,3.2962,0.0000,150.0000,52.0630,14.5776,0.9229,13.6547,93.67,100.00
2010-12-02 06:00:00,Macquarie Island,52.2173,36.9240,36.9240,0.0000,0.0000,15.2933,0.0000,150.0000,52.2173,14.6208,4.2821,10.3387,70.71,100.00
2010-12-02 07:00:00,Macquarie Island,51.1164,46.0991,46.0991,0.0000,0.0000,5.0173,0.0000,150.0000,51.1164,14.3126,1.4048,12.9077,90.18,100.00
2010-12-02 08:00:00,Macquarie Island,58.3314,50.5850,50.5850,0.0000,0.0000,7.7464,0.0000,150.0000,58.3314,16.3328,2.1690,14.1638,86.72,100.00
2010-12-02 09:00:00,Macquarie Island,57.7174,41.0203,41.0203,0.0000,0.0000,16.6971,0.0000,150.0000,57.7174,16.1609,4.6752,11.4857,71.07,100.00
2010-12-02 10:00:00,Macquarie Island,49.9109,18.8295,18.8295,0.0000,0.0000,31.0814,0.0000,150.0000,49.9109,13.9751,8.7028,5.2723,37.73,100.00
2010-12-02 11:00:00,Macquarie Island,56.7311,32.0106,32.0106,0.0000,0.0000,24.7205,0.0000,150.0000,56.7311,15.8847,6.9217,8.9630,56.43,100.00
2010-12-02 12:00:00,Macquarie Island,57.8767,47.2116,47.2116,0.0000,0.0000,10.6651,0.0000,150.0000,57.8767,16.2055,2.9862,13.2192,81.57,100.00
2010-12-02 13:00:00,Macquarie Island,60.2485,30.5054,30.5054,0.0000,0.0000,29.7431,0.0000,150.0000,60.2485,16.8696,8.3281,8.5415,50.63,100.00
2010-12-02 14:00:00,Macquarie Island,55.0078,12.5970,12.5970,0.0000,0.0000,42.4108,0.0000,150.0000,55.0078,15.4022,11.8750,3.5272,22.90,100.00
2010-12-02 15:00:00,Macquarie Island,52.2502,33.2363,33.2363,0.0000,0.0000,19.0139,0.0000,150.0000,52.2502,14.6301,5.3239,9.3062,63.61,100.00
2010-12-02 16:00:00,Macquarie Island,63.7203,28.2939,28.2939,0.0000,0.0000,35.4264,0.0000,150.0000,63.7203,17.8417,9.9194,7.9223,44.40,100.00
2010-12-02 17:00:00,Macquarie Island,61.6863,19.4254,19.4254,0.0000,0.0000,42.2609,0.0000,150.0000,61.6863,17.2722,11.8331,5.4391,31.49,100.00
2010-12-02 18:00:00,Macquarie Island,55.1552,24.9243,24.9243,0.0000,0.0000,30.2309,0.0000,150.0000,55.1552,15.4435,8.4647,6.9788,45.19,100.00
2010-12-02 19:00:00,Macquarie Island,55.5142,14.8574,14.8574,0.0000,0.0000,40.6568,0.0000,150.0000,55.5142,15.5440,11.3839,4.1601,26.76,100.00
2010-12-02 20:00:00,Macquarie Island,58.3510,30.3795,30.3795,0.0000,0.0000,27.9715,0.0000,150.0000,58.3510,16.3383,7.8320,8.5063,52.06,100.00
2010-12-02 21:00:00,Macquarie Island,59.9794,28.6474,28.6474,0.0000,0.0000,31.3320,0.0000,150.0000,59.9794,16.7942,8.7730,8.0213,47.76,100.00
2010-12-02 22:00:00,Macquarie Island,57.3666,46.2028,46.2028,0.0000,0.0000,11.1638,0.0000,150.0000,57.3666,16.0626,3.1259,12.9368,80.54,100.00
2010-12-02 23:00:00,Macquarie Island,47.5160,46.9739,46.9739,0.0000,0.0000,0.5421,0.0000,150.0000,47.5160,13.3045,0.1518,13.1527,98.86,100.00
2010-12-03 00:00:00,Macquarie Island,55.7035,46.3094,46.3094,0.0000,0.0000,9.3941,0.0000,150.0000,55.7035,15.5970,2.6303,12.9666,83.14,100.00
2010-12-03 01:00:00,Macquarie Island,54.8148,30.8513,30.8513,0.0000,0.0000,23.9635,0.0000,150.0000,54.8148,15.3481,6.7098,8.6384,56.28,100.00
2010-12-03 02:00:00,Macquarie Island,54.2718,51.7770,51.7770,0.0000,0.0000,2.4948,0.0000,150.0000,54.2718,15.1961,0.6985,14.4976,95.40,100.00
2010-12-03 03:00:00,Macquarie Island,54.4325,24.0506,24.0506,0.0000,0.0000,30.3819,0.0000,150.0000,54.4325,15.2411,8.5069,6.7342,44.18,100.00
2010-12-03 04:00:00,Macquarie Island,50.5537,16.2301,16.2301,0.0000,0.0000,34.3236,0.0000,150.0000,50.5537,14.1550,9.6106,4.5444,32.10,100.00
2010-12-03 05:00:00,Macquarie Island,53.7930,49.7092,49.7092,0.0000,0.0000,4.0838,0.0000,150.0000,53.7930,15.0620,1.1435,13.9186,92.41,100.00
2010-12-03 06:00:00,Macquarie Island,56.5347,58.5342,56.5347,1.9995,0.0000,0.0000,0.0000,151.8995,56.5347,15.8297,0.0000,15.8297,100.00,100.00
2010-12-03 07:00:00,Macquarie Island,57.5214,63.4815,57.5214,5.9601,0.0000,0.0000,0.0000,157.5616,57.5214,16.1060,0.0000,16.1060,100.00,100.00
2010-12-03 08:00:00,Macquarie Island,52.4869,56.9338,52.4869,4.4469,0.0000,0.0000,0.0000,161.7862,52.4869,14.6963,0.0000,14.6963,100.00,100.00
2010-12-03 09:00:00,Macquarie Island,62.3545,44.8340,44.8340,0.0000,11.1969,6.3236,0.0000,150.0000,62.3545,17.4593,1.7706,15.6886,89.86,100.00
2010-12-03 10:00:00,Macquarie Island,48.7398,32.4029,32.4029,0.0000,0.0000,16.3369,0.0000,150.0000,48.7398,13.6471,4.5743,9.0728,66.48,100.00
2010-12-03 11:00:00,Macquarie Island,54.8089,31.6653,31.6653,0.0000,0.0000,23.1436,0.0000,150.0000,54.8089,15.3465,6.4802,8.8663,57.77,100.00
2010-12-03 12:00:00,Macquarie Island,53.5683,21.0927,21.0927,0.0000,0.0000,32.4756,0.0000,150.0000,53.5683,14.9991,9.0932,5.9060,39.38,100.00
2010-12-03 13:00:00,Macquarie Island,51.7818,27.0752,27.0752,0.0000,0.0000,24.7066,0.0000,150.0000,51.7818,14.4989,6.9178,7.5811,52.29,100.00
2010-12-03 14:00:00,Macquarie Island,51.1417,23.9117,23.9117,0.0000,0.0000,27.2300,0.0000,150.0000,51.1417,14.3197,7.6244,6.6953,46.76,100.00
2010-12-03 15:00:00,Macquarie Island,51.9652,5.7654,5.7654,0.0000,0.0000,46.1998,0.0000,150.0000,51.9652,14.5503,12.9359,1.6143,11.09,100.00
2010-12-03 16:00:00,Macquarie Island,50.4887,26.8458,26.8458,0.0000,0.0000,23.6429,0.0000,150.0000,50.4887,14.1368,6.6200,7.5168,53.17,100.00
2010-12-03 17:00:00,Macquarie Island,53.9511,37.0254,37.0254,0.0000,0.0000,16.9257,0.0000,150.0000,53.9511,15.1063,4.7392,10.3671,68.63,100.00
2010-12-03 18:00:00,Macquarie Island,58.9246,32.2012,32.2012,0.0000,0.0000,26.7234,0.0000,150.0000,58.9246,16.4989,7.4826,9.0163,54.65,100.00
2010-12-03 19:00:00,Macquarie Island,50.4754,16.2120,16.2120,0.0000,0.0000,34.2634,0.0000,150.0000,50.4754,14.1331,9.5938,4.5394,32.12,100.00
2010-12-03 20:00:00,Macquarie Island,53.8646,25.2776,25.2776,0.0000,0.0000,28.5870,0.0000,150.0000,53.8646,15.0821,8.0044,7.0777,46.93,100.00
2010-12-03 21:00:00,Macquarie Island,55.8530,44.3620,44.3620,0.0000,0.0000,11.4910,0.0000,150.0000,55.8530,15.6388,3.2175,12.4214,79.43,100.00
2010-12-03 22:00:00,Macquarie Island,49.7644,20.6661,20.6661,0.0000,0.0000,29.0983,0.0000,150.0000,49.7644,13.9340,8.1475,5.7865,41.53,100.00
2010-12-03 23:00:00,Macquarie Island,50.3219,61.8379,50.3219,11.5160,0.0000,0.0000,0.0000,160.9402,50.3219,14.0901,0.0000,14.0901,100.00,100.00
2010-12-04 00:00:00,Macquarie Island,44.9797,66.0956,44.9797,21.1159,0.0000,0.0000,0.0000,181.0003,44.9797,12.5943,0.0000,12.5943,100.00,100.00
2010-12-04 01:00:00,Macquarie Island,41.4560,37.6354,37.6354,0.0000,3.8206,0.0000,0.0000,176.9786,41.4560,11.6077,0.0000,11.6077,100.00,100.00
2010-12-04 02:00:00,Macquarie Island,53.5393,21.3868,21.3868,0.0000,25.6297,6.5228,0.0000,150.0000,53.5393,14.9910,1.8264,13.1646,87.82,100.00
2010-12-04 03:00:00,Macquarie Island,55.4369,60.0828,55.4369,4.6459,0.0000,0.0000,0.0000,154.4136,55.4369,15.5223,0.0000,15.5223,100.00,100.00
2010-12-04 04:00:00,Macquarie Island,48.6106,50.2858,48.6106,1.6752,0.0000,0.0000,0.0000,156.0050,48.6106,13.6110,0.0000,13.6110,100.00,100.00
2010-12-04 05:00:00,Macquarie Island,51.6643,55.5004,51.6643,3.8361,0.0000,0.0000,0.0000,159.6493,51.6643,14.4660,0.0000,14.4660,100.00,100.00
2010-12-04 06:00:00,Macquarie Island,50.6796,52.3786,50.6796,1.6990,0.0000,0.0000,0.0000,161.2634,50.6796,14.1903,0.0000,14.1903,100.00,100.00
2010-12-04 07:00:00,Macquarie Island,52.4194,29.3317,29.3317,0.0000,10.7002,12.3875,0.0000,150.0000,52.4194,14.6774,3.4685,11.2089,76.37,100.00
2010-12-04 08:00:00,Macquarie Island,52.7039,50.1469,50.1469,0.0000,0.0000,2.5570,0.0000,150.0000,52.7039,14.7571,0.7160,14.0411,95.15,100.00
2010-12-04 09:00:00,Macquarie Island,58.3803,15.6982,15.6982,0.0000,0.0000,42.6821,0.0000,150.0000,58.3803,16.3465,11.9510,4.3955,26.89,100.00
2010-12-04 10:00:00,Macquarie Island,60.1350,7.0590,7.0590,0.0000,0.0000,53.0760,0.0000,150.0000,60.1350,16.8378,14.8613,1.9765,11.74,100.00
2010-12-04 11:00:00,Macquarie Island,54.4545,42.5801,42.5801,0.0000,0.0000,11.8744,0.0000,150.0000,54.4545,15.2473,3.3248,11.9224,78.19,100.00
2010-12-04 12:00:00,Macquarie Island,52.0752,17.4074,17.4074,0.0000,0.0000,34.6678,0.0000,150.0000,52.0752,14.5811,9.7070,4.8741,33.43,100.00
2010-12-04 13:00:00,Macquarie Island,52.7296,10.3139,10.3139,0.0000,0.0000,42.4157,0.0000,150.0000,52.7296,14.7643,11.8764,2.8879,19.56,100.00
2010-12-04 14:00:00,Macquarie Island,52.1598,7.0759,7.0759,0.0000,0.0000,45.0839,0.0000,150.0000,52.1598,14.6047,12.6235,1.9813,13.57,100.00
2010-12-04 15:00:00,Macquarie Island,50.4336,21.4982,21.4982,0.0000,0.0000,28.9354,0.0000,150.0000,50.4336,14.1214,8.1019,6.0195,42.63,100.00
2010-12-04 16:00:00,Macquarie Island,56.5818,32.4530,32.4530,0.0000,0.0000,24.1288,0.0000,150.0000,56.5818,15.8429,6.7561,9.0868,57.36,100.00
2010-12-04 17:00:00,Macquarie Island,54.1442,29.6995,29.6995,0.0000,0.0000,24.4447,0.0000,150.0000,54.1442,15.1604,6.8445,8.3159,54.85,100.00
2010-12-04 18:00:00,Macquarie Island,61.6138,6.1511,6.1511,0.0000,0.0000,55.4627,0.0000,150.0000,61.6138,17.2519,15.5296,1.7223,9.98,100.00
2010-12-04 19:00:00,Macquarie Island,63.7956,8.9957,8.9957,0.0000,0.0000,54.7999,0.0000,150.0000,63.7956,17.8628,15.3440,2.5188,14.10,100.00
2010-12-04 20:00:00,Macquarie Island,48.5155,62.0687,48.5155,13.5532,0.0000,0.0000,0.0000,162.8755,48.5155,13.5843,0.0000,13.5843,100.00,100.00
2010-12-04 21:00:00,Macquarie Island,48.6901,63.0462,48.6901,14.3561,0.0000,0.0000,0.0000,176.5138,48.6901,13.6332,0.0000,13.6332,100.00,100.00
2010-12-04 22:00:00,Macquarie Island,50.7289,38.1254,38.1254,0.0000,12.6035,0.0000,0.0000,163.2470,50.7289,14.2041,0.0000,14.2041,100.00,100.00
2010-12-04 23:00:00,Macquarie Island,44.8206,47.6745,44.8206,2.8539,0.0000,0.0000,0.0000,165.9582,44.8206,12.5498,0.0000,12.5498,100.00,100.00
2010-12-05 00:00:00,Macquarie Island,51.8946,52.2182,51.8946,0.3236,0.0000,0.0000,0.0000,166.2656,51.8946,14.5305,0.0000,14.5305,100.00,100.00
2010-12-05 01:00:00,Macquarie Island,51.9065,47.7484,47.7484,0.0000,4.1581,0.0000,0.0000,161.8887,51.9065,14.5338,0.0000,14.5338,100.00,100.00
2010-12-05 02:00:00,Macquarie Island,49.4936,49.4784,49.4784,0.0000,0.0152,0.0000,0.0000,161.8727,49.4936,13.8582,0.0000,13.8582,100.00,100.00
2010-12-05 03:00:00,Macquarie Island,52.6795,36.9559,36.9559,0.0000,11.2790,4.4446,0.0000,150.0000,52.6795,14.7503,1.2445,13.5058,91.56,100.00
2010-12-05 04:00:00,Macquarie Island,50.2407,44.3758,44.3758,0.0000,0.0000,5.8649,0.0000,150.0000,50.2407,14.0674,1.6422,12.4252,88.33,100.00
2010-12-05 05:00:00,Macquarie Island,53.7589,52.4196,52.4196,0.0000,0.0000,1.3393,0.0000,150.0000,53.7589,15.0525,0.3750,14.6775,97.51,100.00
2010-12-05 06:00:00,Macquarie Island,49.7432,40.6192,40.6192,0.0000,0.0000,9.1240,0.0000,150.0000,49.7432,13.9281,2.5547,11.3734,81.66,100.00
2010-12-05 07:00:00,Macquarie Island,56.0212,43.3121,43.3121,0.0000,0.0000,12.7091,0.0000,150.0000,56.0212,15.6859,3.5585,12.1274,77.31,100.00
2010-12-05 08:00:00,Macquarie Island,54.3348,49.9436,49.9436,0.0000,0.0000,4.3912,0.0000,150.0000,54.3348,15.2137,1.2295,13.9842,91.92,100.00
2010-12-05 09:00:00,Macquarie Island,56.1968,32.4964,32.4964,0.0000,0.0000,23.7004,0.0000,150.0000,56.1968,15.7351,6.6361,9.0990,57.83,100.00
2010-12-05 10:00:00,Macquarie Island,55.4017,30.9783,30.9783,0.0000,0.0000,24.4234,0.0000,150.0000,55.4017,15.5125,6.8386,8.6739,55.92,100.00
2010-12-05 11:00:00,Macquarie Island,51.4852,53.5295,51.4852,2.0443,0.0000,0.0000,0.0000,151.9421,51.4852,14.4159,0.0000,14.4159,100.00,100.00
2010-12-05 12:00:00,Macquarie Island,54.5587,28.4603,28.4603,0.0000,1.8450,24.2534,0.0000,150.0000,54.5587,15.2764,6.7910,8.4855,55.55,100.00
2010-12-05 13:00:00,Macquarie Island,56.4368,10.3139,10.3139,0.0000,0.0000,46.1229,0.0000,150.0000,56.4368,15.8023,12.9144,2.8879,18.28,100.00
2010-12-05 14:00:00,Macquarie Island,52.7237,18.4093,18.4093,0.0000,0.0000,34.3144,0.0000,150.0000,52.7237,14.7626,9.6080,5.1546,34.92,100.00
2010-12-05 15:00:00,Macquarie Island,62.6128,12.5315,12.5315,0.0000,0.0000,50.0813,0.0000,150.0000,62.6128,17.5316,14.0228,3.5088,20.01,100.00
2010-12-05 16:00:00,Macquarie Island,47.6055,34.6138,34.6138,0.0000,0.0000,12.9917,0.0000,150.0000,47.6055,13.3295,3.6377,9.6919,72.71,100.00
2010-12-05 17:00:00,Macquarie Island,54.0195,13.5855,13.5855,0.0000,0.0000,40.4340,0.0000,150.0000,54.0195,15.1255,11.3215,3.8039,25.15,100.00
2010-12-05 18:00:00,Macquarie Island,61.2956,27.3303,27.3303,0.0000,0.0000,33.9653,0.0000,150.0000,61.2956,17.1628,9.5103,7.6525,44.59,100.00
2010-12-05 19:00:00,Macquarie Island,61.4040,41.7224,41.7224,0.0000,0.0000,19.6816,0.0000,150.0000,61.4040,17.1931,5.5108,11.6823,67.95,100.00
2010-12-05 20:00:00,Macquarie Island,56.6618,37.9076,37.9076,0.0000,0.0000,18.7542,0.0000,150.0000,56.6618,15.8653,5.2512,10.6141,66.90,100.00
2010-12-05 21:00:00,Macquarie Island,48.5129,32.5848,32.5848,0.0000,0.0000,15.9281,0.0000,150.0000,48.5129,13.5836,4.4599,9.1237,67.17,100.00
2010-12-05 22:00:00,Macquarie Island,59.5421,11.5986,11.5986,0.0000,0.0000,47.9435,0.0000,150.0000,59.5421,16.6718,13.4242,3.2476,19.48,100.00
2010-12-05 23:00:00,Macquarie Island,51.1806,24.7815,24.7815,0.0000,0.0000,26.3991,0.0000,150.0000,51.1806,14.3306,7.3917,6.9388,48.42,100.00
2010-12-06 00:00:00,Macquarie Island,52.9683,52.2182,52.2182,0.0000,0.0000,0.7501,0.0000,150.0000,52.9683,14.8311,0.2100,14.6211,98.58,100.00
2010-12-06 01:00:00,Macquarie Island,47.0816,38.1025,38.1025,0.0000,0.0000,8.9791,0.0000,150.0000,47.0816,13.1828,2.5141,10.6687,80.93,100.00
2010-12-06 02:00:00,Macquarie Island,50.3452,38.9364,38.9364,0.0000,0.0000,11.4088,0.0000,150.0000,50.3452,14.0967,3.1945,10.9022,77.34,100.00
2010-12-06 03:00:00,Macquarie Island,47.2738,52.8702,47.2738,5.5964,0.0000,0.0000,0.0000,155.3166,47.2738,13.2367,0.0000,13.2367,100.00,100.00
2010-12-06 04:00:00,Macquarie Island,55.2515,51.9980,51.9980,0.0000,3.2535,0.0000,0.0000,151.8918,55.2515,15.4704,0.0000,15.4704,100.00,100.00
2010-12-06 05:00:00,Macquarie Island,56.9234,40.6678,40.6678,0.0000,1.7973,14.4583,0.0000,150.0000,56.9234,15.9386,4.0483,11.8902,74.60,100.00
2010-12-06 06:00:00,Macquarie Island,50.9346,40.4265,40.4265,0.0000,0.0000,10.5081,0.0000,150.0000,50.9346,14.2617,2.9423,11.3194,79.37,100.00
2010-12-06 07:00:00,Macquarie Island,56.9122,28.8531,28.8531,0.0000,0.0000,28.0591,0.0000,150.0000,56.9122,15.9354,7.8565,8.0789,50.70,100.00
2010-12-06 08:00:00,Macquarie Island,53.0074,53.2795,53.0074,0.2721,0.0000,0.0000,0.0000,150.2585,53.0074,14.8421,0.0000,14.8421,100.00,100.00
2010-12-06 09:00:00,Macquarie Island,64.2320,42.3330,42.3330,0.0000,0.2456,21.6534,0.0000,150.0000,64.2320,17.9850,6.0630,11.9220,66.29,100.00
2010-12-06 10:00:00,Macquarie Island,50.3067,22.3067,22.3067,0.0000,0.0000,28.0000,0.0000,150.0000,50.3067,14.0859,7.8400,6.2459,44.34,100.00
2010-12-06 11:00:00,Macquarie Island,54.3443,31.8586,31.8586,0.0000,0.0000,22.4857,0.0000,150.0000,54.3443,15.2164,6.2960,8.9204,58.62,100.00
2010-12-06 12:00:00,Macquarie Island,48.6612,31.7733,31.7733,0.0000,0.0000,16.8879,0.0000,150.0000,48.6612,13.6251,4.7286,8.8965,65.29,100.00
2010-12-06 13:00:00,Macquarie Island,53.1302,44.9547,44.9547,0.0000,0.0000,8.1755,0.0000,150.0000,53.1302,14.8765,2.2891,12.5873,84.61,100.00
2010-12-06 14:00:00,Macquarie Island,48.4178,9.6588,9.6588,0.0000,0.0000,38.7590,0.0000,150.0000,48.4178,13.5570,10.8525,2.7045,19.95,100.00
2010-12-06 15:00:00,Macquarie Island,45.0046,33.4558,33.4558,0.0000,0.0000,11.5488,0.0000,150.0000,45.0046,12.6013,3.2337,9.3676,74.34,100.00
2010-12-06 16:00:00,Macquarie Island,54.3167,29.8904,29.8904,0.0000,0.0000,24.4263,0.0000,150.0000,54.3167,15.2087,6.8394,8.3693,55.03,100.00
2010-12-06 17:00:00,Macquarie Island,56.7496,8.1203,8.1203,0.0000,0.0000,48.6293,0.0000,150.0000,56.7496,15.8899,13.6162,2.2737,14.31,100.00
2010-12-06 18:00:00,Macquarie Island,54.6470,1.5321,1.5321,0.0000,0.0000,53.1149,0.0000,150.0000,54.6470,15.3012,14.8722,0.4290,2.80,100.00
2010-12-06 19:00:00,Macquarie Island,53.8682,48.0362,48.0362,0.0000,0.0000,5.8320,0.0000,150.0000,53.8682,15.0831,1.6330,13.4501,89.17,100.00
2010-12-06 20:00:00,Macquarie Island,59.8256,33.7743,33.7743,0.0000,0.0000,26.0513,0.0000,150.0000,59.8256,16.7512,7.2944,9.4568,56.45,100.00
2010-12-06 21:00:00,Macquarie Island,63.6917,38.3917,38.3917,0.0000,0.0000,25.3000,0.0000,150.0000,63.6917,17.8337,7.0840,10.7497,60.28,100.00
2010-12-06 22:00:00,Macquarie Island,56.9372,44.2774,44.2774,0.0000,0.0000,12.6598,0.0000,150.0000,56.9372,15.9424,3.5447,12.3977,77.77,100.00
2010-12-06 23:00:00,Macquarie Island,47.7087,39.8754,39.8754,0.0000,0.0000,7.8333,0.0000,150.0000,47.7087,13.3584,2.1933,11.1651,83.58,100.00
2010-12-07 00:00:00,Macquarie Island,48.7118,60.5479,48.7118,11.8361,0.0000,0.0000,0.0000,161.2443,48.7118,13.6393,0.0000,13.6393,100.00,100.00
2010-12-07 01:00:00,Macquarie Island,46.9826,59.9475,46.9826,12.9649,0.0000,0.0000,0.0000,173.5609,46.9826,13.1551,0.0000,13.1551,100.00,100.00
2010-12-07 02:00:00,Macquarie Island,52.0873,58.8016,52.0873,6.7143,0.0000,0.0000,0.0000,179.9395,52.0873,14.5844,0.0000,14.5844,100.00,100.00
2010-12-07 03:00:00,Macquarie Island,57.3242,50.9854,50.9854,0.0000,6.3388,0.0000,0.0000,173.2671,57.3242,16.0508,0.0000,16.0508,100.00,100.00
2010-12-07 04:00:00,Macquarie Island,47.1983,32.4718,32.4718,0.0000,14.7265,0.0000,0.0000,157.7655,47.1983,13.2155,0.0000,13.2155,100.00,100.00
2010-12-07 05:00:00,Macquarie Island,50.9728,40.0090,40.0090,0.0000,7.3773,3.5865,0.0000,150.0000,50.9728,14.2724,1.0042,13.2682,92.96,100.00
2010-12-07 06:00:00,Macquarie Island,56.8367,37.0232,37.0232,0.0000,0.0000,19.8135,0.0000,150.0000,56.8367,15.9143,5.5478,10.3665,65.14,100.00
2010-12-07 07:00:00,Macquarie Island,52.5175,43.9771,43.9771,0.0000,0.0000,8.5404,0.0000,150.0000,52.5175,14.7049,2.3913,12.3136,83.74,100.00
2010-12-07 08:00:00,Macquarie Island,55.8047,57.3345,55.8047,1.5298,0.0000,0.0000,0.0000,151.4533,55.8047,15.6253,0.0000,15.6253,100.00,100.00
2010-12-07 09:00:00,Macquarie Island,52.6366,16.3970,16.3970,0.0000,1.3806,34.8590,0.0000,150.0000,52.6366,14.7382,9.7605,4.9777,33.77,100.00
2010-12-07 10:00:00,Macquarie Island,52.4086,23.8343,23.8343,0.0000,0.0000,28.5743,0.0000,150.0000,52.4086,14.6744,8.0008,6.6736,45.48,100.00
2010-12-07 11:00:00,Macquarie Island,54.0695,9.6079,9.6079,0.0000,0.0000,44.4616,0.0000,150.0000,54.0695,15.1395,12.4492,2.6902,17.77,100.00
2010-12-07 12:00:00,Macquarie Island,48.5280,46.1715,46.1715,0.0000,0.0000,2.3565,0.0000,150.0000,48.5280,13.5878,0.6598,12.9280,95.14,100.00
2010-12-07 13:00:00,Macquarie Island,57.7552,25.5596,25.5596,0.0000,0.0000,32.1956,0.0000,150.0000,57.7552,16.1715,9.0148,7.1567,44.26,100.00
2010-12-07 14:00:00,Macquarie Island,52.7327,31.8925,31.8925,0.0000,0.0000,20.8402,0.0000,150.0000,52.7327,14.7652,5.8353,8.9299,60.48,100.00
2010-12-07 15:00:00,Macquarie Island,51.2240,17.9503,17.9503,0.0000,0.0000,33.2737,0.0000,150.0000,51.2240,14.3427,9.3166,5.0261,35.04,100.00
2010-12-07 16:00:00,Macquarie Island,52.5866,16.1519,16.1519,0.0000,0.0000,36.4347,0.0000,150.0000,52.5866,14.7242,10.2017,4.5225,30.71,100.00
2010-12-07 17:00:00,Macquarie Island,62.9092,8.3708,8.3708,0.0000,0.0000,54.5384,0.0000,150.0000,62.9092,17.6146,15.2708,2.3438,13.31,100.00
2010-12-07 18:00:00,Macquarie Island,61.8853,0.8983,0.8983,0.0000,0.0000,60.9870,0.0000,150.0000,61.8853,17.3279,17.0764,0.2515,1.45,100.00
2010-12-07 19:00:00,Macquarie Island,53.4514,30.8140,30.8140,0.0000,0.0000,22.6374,0.0000,150.0000,53.4514,14.9664,6.3385,8.6279,57.65,100.00
2010-12-07 20:00:00,Macquarie Island,57.3426,62.7453,57.3426,5.4027,0.0000,0.0000,0.0000,155.1326,57.3426,16.0559,0.0000,16.0559,100.00,100.00
2010-12-07 21:00:00,Macquarie Island,48.6624,43.3154,43.3154,0.0000,4.8759,0.4711,0.0000,150.0000,48.6624,13.6255,0.1319,13.4936,99.03,100.00
2010-12-07 22:00:00,Macquarie Island,50.7510,31.2593,31.2593,0.0000,0.0000,19.4917,0.0000,150.0000,50.7510,14.2103,5.4577,8.7526,61.59,100.00
2010-12-07 23:00:00,Macquarie Island,53.8075,53.7408,53.7408,0.0000,0.0000,0.0667,0.0000,150.0000,53.8075,15.0661,0.0187,15.0474,99.88,100.00
2010-12-08 00:00:00,Macquarie Island,51.1921,53.9871,51.1921,2.7950,0.0000,0.0000,0.0000,152.6552,51.1921,14.3338,0.0000,14.3338,100.00,100.00
2010-12-08 01:00:00,Macquarie Island,50.0356,59.7145,50.0356,9.6789,0.0000,0.0000,0.0000,161.8502,50.0356,14.0100,0.0000,14.0100,100.00,100.00
2010-12-08 02:00:00,Macquarie Island,54.2148,55.2388,54.2148,1.0240,0.0000,0.0000,0.0000,162.8230,54.2148,15.1801,0.0000,15.1801,100.00,100.00
2010-12-08 03:00:00,Macquarie Island,51.2621,59.3159,51.2621,8.0538,0.0000,0.0000,0.0000,170.4741,51.2621,14.3534,0.0000,14.3534,100.00,100.00
2010-12-08 04:00:00,Macquarie Island,62.0013,45.3805,45.3805,0.0000,16.6208,0.0000,0.0000,152.9785,62.0013,17.3604,0.0000,17.3604,100.00,100.00
2010-12-08 05:00:00,Macquarie Island,46.5988,59.0560,46.5988,12.4572,0.0000,0.0000,0.0000,164.8129,46.5988,13.0477,0.0000,13.0477,100.00,100.00
2010-12-08 06:00:00,Macquarie Island,54.7373,41.8243,41.8243,0.0000,12.9130,0.0000,0.0000,151.2202,54.7373,15.3264,0.0000,15.3264,100.00,100.00
2010-12-08 07:00:00,Macquarie Island,49.2604,41.6891,41.6891,0.0000,1.1592,6.4121,0.0000,150.0000,49.2604,13.7929,1.7954,11.9975,86.98,100.00
2010-12-08 08:00:00,Macquarie Island,53.4203,40.6575,40.6575,0.0000,0.0000,12.7628,0.0000,150.0000,53.4203,14.9577,3.5736,11.3841,76.11,100.00
2010-12-08 09:00:00,Macquarie Island,51.0015,44.2066,44.2066,0.0000,0.0000,6.7949,0.0000,150.0000,51.0015,14.2804,1.9026,12.3778,86.68,100.00
2010-12-08 10:00:00,Macquarie Island,62.4277,55.5733,55.5733,0.0000,0.0000,6.8544,0.0000,150.0000,62.4277,17.4798,1.9192,15.5605,89.02,100.00
2010-12-08 11:00:00,Macquarie Island,60.7246,54.2083,54.2083,0.0000,0.0000,6.5163,0.0000,150.0000,60.7246,17.0029,1.8246,15.1783,89.27,100.00
2010-12-08 12:00:00,Macquarie Island,51.9099,67.0488,51.9099,15.1389,0.0000,0.0000,0.0000,164.3820,51.9099,14.5348,0.0000,14.5348,100.00,100.00
2010-12-08 13:00:00,Macquarie Island,52.5489,13.4290,13.4290,0.0000,13.6629,25.4570,0.0000,150.0000,52.5489,14.7137,7.1280,7.5857,51.56,100.00
2010-12-08 14:00:00,Macquarie Island,48.5730,32.4773,32.4773,0.0000,0.0000,16.0957,0.0000,150.0000,48.5730,13.6004,4.5068,9.0936,66.86,100.00
2010-12-08 15:00:00,Macquarie Island,61.1170,5.7857,5.7857,0.0000,0.0000,55.3313,0.0000,150.0000,61.1170,17.1128,15.4928,1.6200,9.47,100.00
2010-12-08 16:00:00,Macquarie Island,52.1101,31.2355,31.2355,0.0000,0.0000,20.8746,0.0000,150.0000,52.1101,14.5908,5.8449,8.7459,59.94,100.00
2010-12-08 17:00:00,Macquarie Island,55.3539,36.3680,36.3680,0.0000,0.0000,18.9859,0.0000,150.0000,55.3539,15.4991,5.3161,10.1830,65.70,100.00
2010-12-08 18:00:00,Macquarie Island,60.5983,10.5054,10.5054,0.0000,0.0000,50.0929,0.0000,150.0000,60.5983,16.9675,14.0260,2.9415,17.34,100.00
2010-12-08 19:00:00,Macquarie Island,52.6736,3.0590,3.0590,0.0000,0.0000,49.6146,0.0000,150.0000,52.6736,14.7486,13.8921,0.8565,5.81,100.00
2010-12-08 20:00:00,Macquarie Island,57.9761,40.0707,40.0707,0.0000,0.0000,17.9054,0.0000,150.0000,57.9761,16.2333,5.0135,11.2198,69.12,100.00
2010-12-08 21:00:00,Macquarie Island,53.5272,27.7458,27.7458,0.0000,0.0000,25.7814,0.0000,150.0000,53.5272,14.9876,7.2188,7.7688,51.83,100.00
2010-12-08 22:00:00,Macquarie Island,47.6110,39.0812,39.0812,0.0000,0.0000,8.5298,0.0000,150.0000,47.6110,13.3311,2.3883,10.9427,82.08,100.00
2010-12-08 23:00:00,Macquarie Island,51.7961,30.0007,30.0007,0.0000,0.0000,21.7954,0.0000,150.0000,51.7961,14.5029,6.1027,8.4002,57.92,100.00
2010-12-09 00:00:00,Macquarie Island,44.6570,60.6244,44.6570,15.9674,0.0000,0.0000,0.0000,165.1690,44.6570,12.5040,0.0000,12.5040,100.00,100.00
2010-12-09 01:00:00,Macquarie Island,46.4224,53.5040,46.4224,7.0816,0.0000,0.0000,0.0000,171.8965,46.4224,12.9983,0.0000,12.9983,100.00,100.00
2010-12-09 02:00:00,Macquarie Island,54.2981,60.7659,54.2981,6.4678,0.0000,0.0000,0.0000,178.0410,54.2981,15.2035,0.0000,15.2035,100.00,100.00
2010-12-09 03:00:00,Macquarie Island,60.0828,35.9639,35.9639,0.0000,24.1189,0.0000,0.0000,152.6526,60.0828,16.8232,0.0000,16.8232,100.00,100.00
2010-12-09 04:00:00,Macquarie Island,51.5115,59.0289,51.5115,7.5174,0.0000,0.0000,0.0000,159.7942,51.5115,14.4232,0.0000,14.4232,100.00,100.00
2010-12-09 05:00:00,Macquarie Island,49.9503,40.1119,40.1119,0.0000,9.3045,0.5339,0.0000,150.0000,49.9503,13.9861,0.1495,13.8366,98.93,100.00
2010-12-09 06:00:00,Macquarie Island,53.2528,41.6477,41.6477,0.0000,0.0000,11.6051,0.0000,150.0000,53.2528,14.9108,3.2494,11.6614,78.21,100.00
2010-12-09 07:00:00,Macquarie Island,50.6929,43.5838,43.5838,0.0000,0.0000,7.1091,0.0000,150.0000,50.6929,14.1940,1.9905,12.2035,85.98,100.00
2010-12-09 08:00:00,Macquarie Island,54.9926,64.1290,54.9926,9.1364,0.0000,0.0000,0.0000,158.6796,54.9926,15.3979,0.0000,15.3979,100.00,100.00
2010-12-09 09:00:00,Macquarie Island,60.1116,22.8776,22.8776,0.0000,8.2456,28.9884,0.0000,150.0000,60.1116,16.8312,8.1168,8.7145,51.78,100.00
2010-12-09 10:00:00,Macquarie Island,55.0902,14.6712,14.6712,0.0000,0.0000,40.4190,0.0000,150.0000,55.0902,15.4253,11.3173,4.1079,26.63,100.00
2010-12-09 11:00:00,Macquarie Island,49.0570,7.7509,7.7509,0.0000,0.0000,41.3061,0.0000,150.0000,49.0570,13.7360,11.5657,2.1703,15.80,100.00
2010-12-09 12:00:00,Macquarie Island,48.4286,39.2761,39.2761,0.0000,0.0000,9.1525,0.0000,150.0000,48.4286,13.5600,2.5627,10.9973,81.10,100.00
2010-12-09 13:00:00,Macquarie Island,59.0439,5.1858,5.1858,0.0000,0.0000,53.8581,0.0000,150.0000,59.0439,16.5323,15.0803,1.4520,8.78,100.00
2010-12-09 14:00:00,Macquarie Island,57.3307,12.1171,12.1171,0.0000,0.0000,45.2136,0.0000,150.0000,57.3307,16.0526,12.6598,3.3928,21.14,100.00
2010-12-09 15:00:00,Macquarie Island,55.4033,10.0036,10.0036,0.0000,0.0000,45.3997,0.0000,150.0000,55.4033,15.5129,12.7119,2.8010,18.06,100.00
2010-12-09 16:00:00,Macquarie Island,53.3626,29.8904,29.8904,0.0000,0.0000,23.4722,0.0000,150.0000,53.3626,14.9415,6.5722,8.3693,56.01,100.00
2010-12-09 17:00:00,Macquarie Island,59.6853,18.3792,18.3792,0.0000,0.0000,41.3061,0.0000,150.0000,59.6853,16.7119,11.5657,5.1462,30.79,100.00
2010-12-09 18:00:00,Macquarie Island,57.3094,17.5251,17.5251,0.0000,0.0000,39.7843,0.0000,150.0000,57.3094,16.0466,11.1396,4.9070,30.58,100.00
2010-12-09 19:00:00,Macquarie Island,59.7416,18.4810,18.4810,0.0000,0.0000,41.2606,0.0000,150.0000,59.7416,16.7276,11.5530,5.1747,30.93,100.00
2010-12-09 20:00:00,Macquarie Island,55.0230,53.0652,53.0652,0.0000,0.0000,1.9578,0.0000,150.0000,55.0230,15.4064,0.5482,14.8583,96.44,100.00
2010-12-09 21:00:00,Macquarie Island,52.3613,57.9973,52.3613,5.6360,0.0000,0.0000,0.0000,155.3542,52.3613,14.6612,0.0000,14.6612,100.00,100.00
2010-12-09 22:00:00,Macquarie Island,52.4195,26.8345,26.8345,0.0000,5.0865,20.4985,0.0000,150.0000,52.4195,14.6775,5.7396,8.9379,60.90,100.00
2010-12-09 23:00:00,Macquarie Island,47.0543,30.2547,30.2547,0.0000,0.0000,16.7996,0.0000,150.0000,47.0543,13.1752,4.7039,8.4713,64.30,100.00
2010-12-10 00:00:00,Macquarie Island,48.5064,47.5872,47.5872,0.0000,0.0000,0.9192,0.0000,150.0000,48.5064,13.5818,0.2574,13.3244,98.10,100.00
2010-12-10 01:00:00,Macquarie Island,49.0385,45.2401,45.2401,0.0000,0.0000,3.7984,0.0000,150.0000,49.0385,13.7308,1.0636,12.6672,92.25,100.00
2010-12-10 02:00:00,Macquarie Island,55.3170,44.9319,44.9319,0.0000,0.0000,10.3851,0.0000,150.0000,55.3170,15.4888,2.9078,12.5809,81.23,100.00
2010-12-10 03:00:00,Macquarie Island,51.5945,59.1359,51.5945,7.5414,0.0000,0.0000,0.0000,157.1643,51.5945,14.4465,0.0000,14.4465,100.00,100.00
2010-12-10 04:00:00,Macquarie Island,55.6756,63.7641,55.6756,8.0885,0.0000,0.0000,0.0000,164.8484,55.6756,15.5892,0.0000,15.5892,100.00,100.00
2010-12-10 05:00:00,Macquarie Island,54.3869,48.5288,48.5288,0.0000,5.8581,0.0000,0.0000,158.6820,54.3869,15.2283,0.0000,15.2283,100.00,100.00
2010-12-10 06:00:00,Macquarie Island,55.5478,62.2876,55.5478,6.7398,0.0000,0.0000,0.0000,165.0848,55.5478,15.5534,0.0000,15.5534,100.00,100.00
2010-12-10 07:00:00,Macquarie Island,55.2398,65.4749,55.2398,10.2351,0.0000,0.0000,0.0000,174.8081,55.2398,15.4671,0.0000,15.4671,100.00,100.00
2010-12-10 08:00:00,Macquarie Island,56.9828,51.5851,51.5851,0.0000,5.3977,0.0000,0.0000,169.1263,56.9828,15.9552,0.0000,15.9552,100.00,100.00
2010-12-10 09:00:00,Macquarie Island,50.9061,11.1229,11.1229,0.0000,18.1700,21.6132,0.0000,150.0000,50.9061,14.2537,6.0517,8.2020,57.54,100.00
2010-12-10 10:00:00,Macquarie Island,52.7294,16.2618,16.2618,0.0000,0.0000,36.4676,0.0000,150.0000,52.7294,14.7642,10.2109,4.5533,30.84,100.00
2010-12-10 11:00:00,Macquarie Island,51.5181,12.5343,12.5343,0.0000,0.0000,38.9838,0.0000,150.0000,51.5181,14.4251,10.9155,3.5096,24.33,100.00
2010-12-10 12:00:00,Macquarie Island,56.9000,25.5452,25.5452,0.0000,0.0000,31.3548,0.0000,150.0000,56.9000,15.9320,8.7793,7.1527,44.89,100.00
2010-12-10 13:00:00,Macquarie Island,57.9012,31.8498,31.8498,0.0000,0.0000,26.0514,0.0000,150.0000,57.9012,16.2123,7.2944,8.9179,55.01,100.00
2010-12-10 14:00:00,Macquarie Island,55.1692,31.2555,31.2555,0.0000,0.0000,23.9137,0.0000,150.0000,55.1692,15.4474,6.6958,8.7515,56.65,100.00
2010-12-10 15:00:00,Macquarie Island,49.0425,15.7941,15.7941,0.0000,0.0000,33.2484,0.0000,150.0000,49.0425,13.7319,9.3096,4.4223,32.20,100.00
2010-12-10 16:00:00,Macquarie Island,54.6699,29.3305,29.3305,0.0000,0.0000,25.3394,0.0000,150.0000,54.6699,15.3076,7.0950,8.2125,53.65,100.00
2010-12-10 17:00:00,Macquarie Island,54.5566,4.6918,4.6918,0.0000,0.0000,49.8648,0.0000,150.0000,54.5566,15.2758,13.9621,1.3137,8.60,100.00
2010-12-10 18:00:00,Macquarie Island,56.9036,23.7413,23.7413,0.0000,0.0000,33.1623,0.0000,150.0000,56.9036,15.9330,9.2854,6.6476,41.72,100.00
2010-12-10 19:00:00,Macquarie Island,58.0431,28.6950,28.6950,0.0000,0.0000,29.3481,0.0000,150.0000,58.0431,16.2521,8.2175,8.0346,49.44,100.00
2010-12-10 20:00:00,Macquarie Island,51.8545,26.0959,26.0959,0.0000,0.0000,25.7586,0.0000,150.0000,51.8545,14.5193,7.2124,7.3069,50.33,100.00
2010-12-10 21:00:00,Macquarie Island,57.0366,42.9345,42.9345,0.0000,0.0000,14.1021,0.0000,150.0000,57.0366,15.9702,3.9486,12.0217,75.28,100.00
2010-12-10 22:00:00,Macquarie Island,52.7065,21.2573,21.2573,0.0000,0.0000,31.4492,0.0000,150.0000,52.7065,14.7578,8.8058,5.9520,40.33,100.00
2010-12-10 23:00:00,Macquarie Island,57.8961,28.1317,28.1317,0.0000,0.0000,29.7644,0.0000,150.0000,57.8961,16.2109,8.3340,7.8769,48.59,100.00
2010-12-11 00:00:00,Macquarie Island,52.7476,64.6395,52.7476,11.8919,0.0000,0.0000,0.0000,161.2973,52.7476,14.7693,0.0000,14.7693,100.00,100.00
2010-12-11 01:00:00,Macquarie Island,47.3755,59.3167,47.3755,11.9412,0.0000,0.0000,0.0000,172.6414,47.3755,13.2651,0.0000,13.2651,100.00,100.00
2010-12-11 02:00:00,Macquarie Island,49.1655,34.4713,34.4713,0.0000,14.6942,0.0000,0.0000,157.1739,49.1655,13.7663,0.0000,13.7663,100.00,100.00
2010-12-11 03:00:00,Macquarie Island,49.6902,59.3295,49.6902,9.6393,0.0000,0.0000,0.0000,166.3312,49.6902,13.9133,0.0000,13.9133,100.00,100.00
2010-12-11 04:00:00,Macquarie Island,55.3646,69.1040,55.3646,13.7394,0.0000,0.0000,0.0000,179.3836,55.3646,15.5021,0.0000,15.5021,100.00,100.00
2010-12-11 05:00:00,Macquarie Island,46.2003,36.6014,36.6014,0.0000,9.5989,0.0000,0.0000,169.2795,46.2003,12.9361,0.0000,12.9361,100.00,100.00
2010-12-11 06:00:00,Macquarie Island,54.2194,57.7410,54.2194,3.5216,0.0000,0.0000,0.0000,172.6250,54.2194,15.1814,0.0000,15.1814,100.00,100.00
2010-12-11 07:00:00,Macquarie Island,50.8768,46.8424,46.8424,0.0000,4.0344,0.0000,0.0000,168.3783,50.8768,14.2455,0.0000,14.2455,100.00,100.00
2010-12-11 08:00:00,Macquarie Island,48.7868,54.6129,48.7868,5.8261,0.0000,0.0000,0.0000,173.9131,48.7868,13.6603,0.0000,13.6603,100.00,100.00
2010-12-11 09:00:00,Macquarie Island,61.5024,49.3134,49.3134,0.0000,12.1890,0.0000,0.0000,161.0826,61.5024,17.2207,0.0000,17.2207,100.00,100.00
2010-12-11 10:00:00,Macquarie Island,51.4315,33.2508,33.2508,0.0000,10.5284,7.6523,0.0000,150.0000,51.4315,14.4008,2.1426,12.2582,85.12,100.00
2010-12-11 11:00:00,Macquarie Island,50.6221,23.1088,23.1088,0.0000,0.0000,27.5133,0.0000,150.0000,50.6221,14.1742,7.7037,6.4705,45.65,100.00
2010-12-11 12:00:00,Macquarie Island,57.9613,34.5448,34.5448,0.0000,0.0000,23.4165,0.0000,150.0000,57.9613,16.2292,6.5566,9.6725,59.60,100.00
2010-12-11 13:00:00,Macquarie Island,49.4463,14.2959,14.2959,0.0000,0.0000,35.1504,0.0000,150.0000,49.4463,13.8450,9.8421,4.0029,28.91,100.00
2010-12-11 14:00:00,Macquarie Island,44.9731,45.2241,44.9731,0.2510,0.0000,0.0000,0.0000,150.2385,44.9731,12.5925,0.0000,12.5925,100.00,100.00
2010-12-11 15:00:00,Macquarie Island,52.9343,25.5192,25.5192,0.0000,0.2265,27.1886,0.0000,150.0000,52.9343,14.8216,7.6128,7.2088,48.64,100.00
2010-12-11 16:00:00,Macquarie Island,49.1383,25.3917,25.3917,0.0000,0.0000,23.7466,0.0000,150.0000,49.1383,13.7587,6.6490,7.1097,51.67,100.00
2010-12-11 17:00:00,Macquarie Island,58.3575,29.3660,29.3660,0.0000,0.0000,28.9915,0.0000,150.0000,58.3575,16.3401,8.1176,8.2225,50.32,100.00
2010-12-11 18:00:00,Macquarie Island,66.7200,10.1418,10.1418,0.0000,0.0000,56.5782,0.0000,150.0000,66.7200,18.6816,15.8419,2.8397,15.20,100.00
2010-12-11 19:00:00,Macquarie Island,53.1890,63.4097,53.1890,10.2207,0.0000,0.0000,0.0000,159.7097,53.1890,14.8929,0.0000,14.8929,100.00,100.00
2010-12-11 20:00:00,Macquarie Island,54.9279,16.6011,16.6011,0.0000,9.2242,29.1026,0.0000,150.0000,54.9279,15.3798,8.1487,7.2311,47.02,100.00
2010-12-11 21:00:00,Macquarie Island,59.7169,45.1369,45.1369,0.0000,0.0000,14.5800,0.0000,150.0000,59.7169,16.7207,4.0824,12.6383,75.58,100.00
2010-12-11 22:00:00,Macquarie Island,53.1973,44.4443,44.4443,0.0000,0.0000,8.7530,0.0000,150.0000,53.1973,14.8952,2.4508,12.4444,83.55,100.00
2010-12-11 23:00:00,Macquarie Island,47.0808,42.7674,42.7674,0.0000,0.0000,4.3134,0.0000,150.0000,47.0808,13.1826,1.2078,11.9749,90.84,100.00
2010-12-12 00:00:00,Macquarie Island,47.5316,55.1406,47.5316,7.6090,0.0000,0.0000,0.0000,157.2286,47.5316,13.3088,0.0000,13.3088,100.00,100.00
2010-12-12 01:00:00,Macquarie Island,58.1126,25.7849,25.7849,0.0000,6.8671,25.4606,0.0000,150.0000,58.1126,16.2715,7.1290,9.1426,56.19,100.00
2010-12-12 02:00:00,Macquarie Island,48.4628,40.7157,40.7157,0.0000,0.0000,7.7471,0.0000,150.0000,48.4628,13.5696,2.1692,11.4004,84.01,100.00
2010-12-12 03:00:00,Macquarie Island,54.0151,35.5541,35.5541,0.0000,0.0000,18.4610,0.0000,150.0000,54.0151,15.1242,5.1691,9.9551,65.82,100.00
2010-12-12 04:00:00,Macquarie Island,44.7292,55.7365,44.7292,11.0073,0.0000,0.0000,0.0000,160.4569,44.7292,12.5242,0.0000,12.5242,100.00,100.00
2010-12-12 05:00:00,Macquarie Island,50.5787,36.7354,36.7354,0.0000,9.9341,3.9092,0.0000,150.0000,50.5787,14.1620,1.0946,13.0675,92.27,100.00
2010-12-12 06:00:00,Macquarie Island,54.7616,51.8882,51.8882,0.0000,0.0000,2.8734,0.0000,150.0000,54.7616,15.3332,0.8046,14.5287,94.75,100.00
2010-12-12 07:00:00,Macquarie Island,54.6382,58.6986,54.6382,4.0604,0.0000,0.0000,0.0000,153.8574,54.6382,15.2987,0.0000,15.2987,100.00,100.00
2010-12-12 08:00:00,Macquarie Island,46.5377,53.9377,46.5377,7.4000,0.0000,0.0000,0.0000,160.8874,46.5377,13.0306,0.0000,13.0306,100.00,100.00
2010-12-12 09:00:00,Macquarie Island,61.9528,22.8776,22.8776,0.0000,10.3430,28.7322,0.0000,150.0000,61.9528,17.3468,8.0450,9.3018,53.62,100.00
2010-12-12 10:00:00,Macquarie Island,49.5659,34.4182,34.4182,0.0000,0.0000,15.1477,0.0000,150.0000,49.5659,13.8785,4.2414,9.6371,69.44,100.00
2010-12-12 11:00:00,Macquarie Island,55.6613,9.2011,9.2011,0.0000,0.0000,46.4602,0.0000,150.0000,55.6613,15.5852,13.0089,2.5763,16.53,100.00
2010-12-12 12:00:00,Macquarie Island,54.5241,22.1985,22.1985,0.0000,0.0000,32.3256,0.0000,150.0000,54.5241,15.2667,9.0512,6.2156,40.71,100.00
2010-12-12 13:00:00,Macquarie Island,46.7540,28.2027,28.2027,0.0000,0.0000,18.5513,0.0000,150.0000,46.7540,13.0911,5.1944,7.8968,60.32,100.00
2010-12-12 14:00:00,Macquarie Island,59.2549,46.9832,46.9832,0.0000,0.0000,12.2717,0.0000,150.0000,59.2549,16.5914,3.4361,13.1553,79.29,100.00
2010-12-12 15:00:00,Macquarie Island,53.8230,16.1657,16.1657,0.0000,0.0000,37.6573,0.0000,150.0000,53.8230,15.0704,10.5440,4.5264,30.03,100.00
2010-12-12 16:00:00,Macquarie Island,51.4860,31.9618,31.9618,0.0000,0.0000,19.5242,0.0000,150.0000,51.4860,14.4161,5.4668,8.9493,62.08,100.00
2010-12-12 17:00:00,Macquarie Island,61.5568,29.3660,29.3660,0.0000,0.0000,32.1908,0.0000,150.0000,61.5568,17.2359,9.0134,8.2225,47.71,100.00
2010-12-12 18:00:00,Macquarie Island,66.9613,52.6365,52.6365,0.0000,0.0000,14.3248,0.0000,150.0000,66.9613,18.7492,4.0109,14.7382,78.61,100.00
2010-12-12 19:00:00,Macquarie Island,52.9111,17.1089,17.1089,0.0000,0.0000,35.8022,0.0000,150.0000,52.9111,14.8151,10.0246,4.7905,32.34,100.00
2010-12-12 20:00:00,Macquarie Island,51.8923,32.3463,32.3463,0.0000,0.0000,19.5460,0.0000,150.0000,51.8923,14.5298,5.4729,9.0570,62.33,100.00
2010-12-12 21:00:00,Macquarie Island,49.4035,31.6762,31.6762,0.0000,0.0000,17.7273,0.0000,150.0000,49.4035,13.8330,4.9636,8.8693,64.12,100.00
2010-12-12 22:00:00,Macquarie Island,52.0177,53.3812,52.0177,1.3635,0.0000,0.0000,0.0000,151.2953,52.0177,14.5650,0.0000,14.5650,100.00,100.00
2010-12-12 23:00:00,Macquarie Island,51.4651,47.1182,47.1182,0.0000,1.2306,3.1163,0.0000,150.0000,51.4651,14.4102,0.8726,13.5377,93.94,100.00
2010-12-13 00:00:00,Macquarie Island,60.3763,35.8743,35.8743,0.0000,0.0000,24.5020,0.0000,150.0000,60.3763,16.9054,6.8606,10.0448,59.42,100.00
2010-12-13 01:00:00,Macquarie Island,51.6280,39.4139,39.4139,0.0000,0.0000,12.2141,0.0000,150.0000,51.6280,14.4558,3.4199,11.0359,76.34,100.00
2010-12-13 02:00:00,Macquarie Island,46.3804,33.0682,33.0682,0.0000,0.0000,13.3122,0.0000,150.0000,46.3804,12.9865,3.7274,9.2591,71.30,100.00
2010-12-13 03:00:00,Macquarie Island,51.2998,29.1473,29.1473,0.0000,0.0000,22.1525,0.0000,150.0000,51.2998,14.3639,6.2027,8.1612,56.82,100.00
2010-12-13 04:00:00,Macquarie Island,51.4723,62.3130,51.4723,10.8407,0.0000,0.0000,0.0000,160.2987,51.4723,14.4122,0.0000,14.4122,100.00,100.00
2010-12-13 05:00:00,Macquarie Island,53.0602,37.0571,37.0571,0.0000,9.7837,6.2194,0.0000,150.0000,53.0602,14.8569,1.7414,13.1154,88.28,100.00
2010-12-13 06:00:00,Macquarie Island,48.8326,52.9301,48.8326,4.0975,0.0000,0.0000,0.0000,153.8926,48.8326,13.6731,0.0000,13.6731,100.00,100.00
2010-12-13 07:00:00,Macquarie Island,52.4408,42.4439,42.4439,0.0000,3.6980,6.2989,0.0000,150.0000,52.4408,14.6834,1.7637,12.9197,87.99,100.00
2010-12-13 08:00:00,Macquarie Island,56.2562,57.7368,56.2562,1.4806,0.0000,0.0000,0.0000,151.4066,56.2562,15.7517,0.0000,15.7517,100.00,100.00
2010-12-13 09:00:00,Macquarie Island,53.6111,15.8941,15.8941,0.0000,1.3362,36.3808,0.0000,150.0000,53.6111,15.0111,10.1866,4.8245,32.14,100.00
2010-12-13 10:00:00,Macquarie Island,62.6900,25.4085,25.4085,0.0000,0.0000,37.2815,0.0000,150.0000,62.6900,17.5532,10.4388,7.1144,40.53,100.00
2010-12-13 11:00:00,Macquarie Island,54.4596,49.9974,49.9974,0.0000,0.0000,4.4622,0.0000,150.0000,54.4596,15.2487,1.2494,13.9993,91.81,100.00
2010-12-13 12:00:00,Macquarie Island,53.1572,31.0010,31.0010,0.0000,0.0000,22.1562,0.0000,150.0000,53.1572,14.8840,6.2037,8.6803,58.32,100.00
2010-12-13 13:00:00,Macquarie Island,49.7624,29.2424,29.2424,0.0000,0.0000,20.5200,0.0000,150.0000,49.7624,13.9335,5.7456,8.1879,58.76,100.00
2010-12-13 14:00:00,Macquarie Island,56.3748,49.1042,49.1042,0.0000,0.0000,7.2706,0.0000,150.0000,56.3748,15.7849,2.0358,13.7492,87.10,100.00
2010-12-13 15:00:00,Macquarie Island,53.4088,11.6494,11.6494,0.0000,0.0000,41.7594,0.0000,150.0000,53.4088,14.9545,11.6926,3.2618,21.81,100.00
2010-12-13 16:00:00,Macquarie Island,57.8898,29.8904,29.8904,0.0000,0.0000,27.9994,0.0000,150.0000,57.8898,16.2091,7.8398,8.3693,51.63,100.00
2010-12-13 17:00:00,Macquarie Island,57.7664,27.5699,27.5699,0.0000,0.0000,30.1965,0.0000,150.0000,57.7664,16.1746,8.4550,7.7196,47.73,100.00
2010-12-13 18:00:00,Macquarie Island,63.9247,34.0549,34.0549,0.0000,0.0000,29.8698,0.0000,150.0000,63.9247,17.8989,8.3635,9.5354,53.27,100.00
2010-12-13 19:00:00,Macquarie Island,60.7436,26.9716,26.9716,0.0000,0.0000,33.7720,0.0000,150.0000,60.7436,17.0082,9.4562,7.5520,44.40,100.00
2010-12-13 20:00:00,Macquarie Island,59.1949,64.6120,59.1949,5.4171,0.0000,0.0000,0.0000,155.1462,59.1949,16.5746,0.0000,16.5746,100.00,100.00
2010-12-13 21:00:00,Macquarie Island,53.8464,21.3841,21.3841,0.0000,4.8889,27.5734,0.0000,150.0000,53.8464,15.0770,7.7205,7.3564,48.79,100.00
2010-12-13 22:00:00,Macquarie Island,52.5677,27.1983,27.1983,0.0000,0.0000,25.3694,0.0000,150.0000,52.5677,14.7190,7.1034,7.6155,51.74,100.00
2010-12-13 23:00:00,Macquarie Island,45.8451,46.9745,45.8451,1.1294,0.0000,0.0000,0.0000,151.0729,45.8451,12.8366,0.0000,12.8366,100.00,100.00
2010-12-14 00:00:00,Macquarie Island,49.0941,53.4195,49.0941,4.3254,0.0000,0.0000,0.0000,155.1821,49.0941,13.7463,0.0000,13.7463,100.00,100.00
2010-12-14 01:00:00,Macquarie Island,49.0842,48.8617,48.8617,0.0000,0.2225,0.0000,0.0000,154.9478,49.0842,13.7436,0.0000,13.7436,100.00,100.00
2010-12-14 02:00:00,Macquarie Island,48.4877,53.4605,48.4877,4.9728,0.0000,0.0000,0.0000,159.6720,48.4877,13.5766,0.0000,13.5766,100.00,100.00
2010-12-14 03:00:00,Macquarie Island,50.3501,58.9057,50.3501,8.5556,0.0000,0.0000,0.0000,167.7998,50.3501,14.0980,0.0000,14.0980,100.00,100.00
2010-12-14 04:00:00,Macquarie Island,51.0773,55.8568,51.0773,4.7795,0.0000,0.0000,0.0000,172.3404,51.0773,14.3016,0.0000,14.3016,100.00,100.00
2010-12-14 05:00:00,Macquarie Island,49.6889,59.6599,49.6889,9.9710,0.0000,0.0000,0.0000,181.8128,49.6889,13.9129,0.0000,13.9129,100.00,100.00
2010-12-14 06:00:00,Macquarie Island,53.6000,46.5193,46.5193,0.0000,7.0807,0.0000,0.0000,174.3594,53.6000,15.0080,0.0000,15.0080,100.00,100.00
2010-12-14 07:00:00,Macquarie Island,52.0088,35.7533,35.7533,0.0000,16.2555,0.0000,0.0000,157.2484,52.0088,14.5625,0.0000,14.5625,100.00,100.00
2010-12-14 08:00:00,Macquarie Island,58.7582,51.1182,51.1182,0.0000,6.8860,0.7540,0.0000,150.0000,58.7582,16.4523,0.2111,16.2412,98.72,100.00
2010-12-14 09:00:00,Macquarie Island,46.3294,67.9065,46.3294,21.5771,0.0000,0.0000,0.0000,170.4982,46.3294,12.9722,0.0000,12.9722,100.00,100.00
2010-12-14 10:00:00,Macquarie Island,58.5636,46.3592,46.3592,0.0000,12.2044,0.0000,0.0000,157.6515,58.5636,16.3978,0.0000,16.3978,100.00,100.00
2010-12-14 11:00:00,Macquarie Island,53.6980,16.3261,16.3261,0.0000,7.2689,30.1030,0.0000,150.0000,53.6980,15.0354,8.4288,6.6066,43.94,100.00
2010-12-14 12:00:00,Macquarie Island,48.3213,27.1646,27.1646,0.0000,0.0000,21.1567,0.0000,150.0000,48.3213,13.5300,5.9239,7.6061,56.22,100.00
2010-12-14 13:00:00,Macquarie Island,55.3961,21.4239,21.4239,0.0000,0.0000,33.9722,0.0000,150.0000,55.3961,15.5109,9.5122,5.9987,38.67,100.00
2010-12-14 14:00:00,Macquarie Island,54.6624,22.1208,22.1208,0.0000,0.0000,32.5416,0.0000,150.0000,54.6624,15.3055,9.1116,6.1938,40.47,100.00
2010-12-14 15:00:00,Macquarie Island,50.0823,12.5729,12.5729,0.0000,0.0000,37.5094,0.0000,150.0000,50.0823,14.0230,10.5026,3.5204,25.10,100.00
2010-12-14 16:00:00,Macquarie Island,57.1566,22.6304,22.6304,0.0000,0.0000,34.5262,0.0000,150.0000,57.1566,16.0038,9.6673,6.3365,39.59,100.00
2010-12-14 17:00:00,Macquarie Island,54.3238,46.8811,46.8811,0.0000,0.0000,7.4427,0.0000,150.0000,54.3238,15.2107,2.0840,13.1267,86.30,100.00
2010-12-14 18:00:00,Macquarie Island,59.9039,16.5194,16.5194,0.0000,0.0000,43.3845,0.0000,150.0000,59.9039,16.7731,12.1477,4.6254,27.58,100.00
2010-12-14 19:00:00,Macquarie Island,60.8761,17.1089,17.1089,0.0000,0.0000,43.7672,0.0000,150.0000,60.8761,17.0453,12.2548,4.7905,28.10,100.00
2010-12-14 20:00:00,Macquarie Island,50.4114,41.8396,41.8396,0.0000,0.0000,8.5718,0.0000,150.0000,50.4114,14.1152,2.4001,11.7151,83.00,100.00
2010-12-14 21:00:00,Macquarie Island,53.9500,45.1316,45.1316,0.0000,0.0000,8.8184,0.0000,150.0000,53.9500,15.1060,2.4692,12.6368,83.65,100.00
2010-12-14 22:00:00,Macquarie Island,59.0594,42.9098,42.9098,0.0000,0.0000,16.1496,0.0000,150.0000,59.0594,16.5366,4.5219,12.0147,72.66,100.00
2010-12-14 23:00:00,Macquarie Island,52.9903,52.2139,52.2139,0.0000,0.0000,0.7764,0.0000,150.0000,52.9903,14.8373,0.2174,14.6199,98.53,100.00
2010-12-15 00:00:00,Macquarie Island,48.8692,64.2699,48.8692,15.4007,0.0000,0.0000,0.0000,164.6307,48.8692,13.6834,0.0000,13.6834,100.00,100.00
2010-12-15 01:00:00,Macquarie Island,46.0539,29.6992,29.6992,0.0000,13.8991,2.4556,0.0000,150.0000,46.0539,12.8951,0.6876,12.2075,94.67,100.00
2010-12-15 02:00:00,Macquarie Island,55.6130,58.1344,55.6130,2.5214,0.0000,0.0000,0.0000,152.3953,55.6130,15.5716,0.0000,15.5716,100.00,100.00
2010-12-15 03:00:00,Macquarie Island,51.0345,58.9336,51.0345,7.8991,0.0000,0.0000,0.0000,159.8995,51.0345,14.2897,0.0000,14.2897,100.00,100.00
2010-12-15 04:00:00,Macquarie Island,53.6644,34.7313,34.7313,0.0000,9.4045,9.5286,0.0000,150.0000,53.6644,15.0260,2.6680,12.3580,82.24,100.00
2010-12-15 05:00:00,Macquarie Island,48.0939,40.8683,40.8683,0.0000,0.0000,7.2256,0.0000,150.0000,48.0939,13.4663,2.0232,11.4431,84.98,100.00
2010-12-15 06:00:00,Macquarie Island,60.6061,41.5672,41.5672,0.0000,0.0000,19.0389,0.0000,150.0000,60.6061,16.9697,5.3309,11.6388,68.59,100.00
2010-12-15 07:00:00,Macquarie Island,50.8780,41.2401,41.2401,0.0000,0.0000,9.6379,0.0000,150.0000,50.8780,14.2458,2.6986,11.5472,81.06,100.00
2010-12-15 08:00:00,Macquarie Island,52.6865,52.2222,52.2222,0.0000,0.0000,0.4643,0.0000,150.0000,52.6865,14.7522,0.1300,14.6222,99.12,100.00
2010-12-15 09:00:00,Macquarie Island,56.9927,33.0728,33.0728,0.0000,0.0000,23.9199,0.0000,150.0000,56.9927,15.9580,6.6976,9.2604,58.03,100.00
2010-12-15 10:00:00,Macquarie Island,56.5765,47.5734,47.5734,0.0000,0.0000,9.0031,0.0000,150.0000,56.5765,15.8414,2.5209,13.3206,84.09,100.00
2010-12-15 11:00:00,Macquarie Island,57.9550,5.2514,5.2514,0.0000,0.0000,52.7036,0.0000,150.0000,57.9550,16.2274,14.7570,1.4704,9.06,100.00
2010-12-15 12:00:00,Macquarie Island,54.1069,26.7833,26.7833,0.0000,0.0000,27.3236,0.0000,150.0000,54.1069,15.1499,7.6506,7.4993,49.50,100.00
2010-12-15 13:00:00,Macquarie Island,50.7840,16.1910,16.1910,0.0000,0.0000,34.5930,0.0000,150.0000,50.7840,14.2195,9.6860,4.5335,31.88,100.00
2010-12-15 14:00:00,Macquarie Island,52.1080,6.6703,6.6703,0.0000,0.0000,45.4377,0.0000,150.0000,52.1080,14.5902,12.7226,1.8677,12.80,100.00
2010-12-15 15:00:00,Macquarie Island,57.1063,16.8016,16.8016,0.0000,0.0000,40.3047,0.0000,150.0000,57.1063,15.9898,11.2853,4.7044,29.42,100.00
2010-12-15 16:00:00,Macquarie Island,59.6820,34.5899,34.5899,0.0000,0.0000,25.0921,0.0000,150.0000,59.6820,16.7110,7.0258,9.6852,57.96,100.00
2010-12-15 17:00:00,Macquarie Island,55.3713,20.5342,20.5342,0.0000,0.0000,34.8371,0.0000,150.0000,55.3713,15.5040,9.7544,5.7496,37.08,100.00
2010-12-15 18:00:00,Macquarie Island,54.9082,20.3988,20.3988,0.0000,0.0000,34.5094,0.0000,150.0000,54.9082,15.3743,9.6626,5.7117,37.15,100.00
2010-12-15 19:00:00,Macquarie Island,56.5433,15.8731,15.8731,0.0000,0.0000,40.6702,0.0000,150.0000,56.5433,15.8321,11.3877,4.4445,28.07,100.00
2010-12-15 20:00:00,Macquarie Island,58.1179,31.7708,31.7708,0.0000,0.0000,26.3471,0.0000,150.0000,58.1179,16.2730,7.3772,8.8958,54.67,100.00
2010-12-15 21:00:00,Macquarie Island,58.7324,42.9861,42.9861,0.0000,0.0000,15.7463,0.0000,150.0000,58.7324,16.4451,4.4090,12.0361,73.19,100.00
2010-12-15 22:00:00,Macquarie Island,50.3314,49.6506,49.6506,0.0000,0.0000,0.6808,0.0000,150.0000,50.3314,14.0928,0.1906,13.9022,98.65,100.00
2010-12-15 23:00:00,Macquarie Island,52.6475,67.3859,52.6475,14.7384,0.0000,0.0000,0.0000,164.0015,52.6475,14.7413,0.0000,14.7413,100.00,100.00
2010-12-16 00:00:00,Macquarie Island,52.6476,68.4491,52.6476,15.8015,0.0000,0.0000,0.0000,179.0129,52.6476,14.7413,0.0000,14.7413,100.00,100.00
2010-12-16 01:00:00,Macquarie Island,50.2329,42.1381,42.1381,0.0000,8.0948,0.0000,0.0000,170.4921,50.2329,14.0652,0.0000,14.0652,100.00,100.00
2010-12-16 02:00:00,Macquarie Island,47.0409,51.3066,47.0409,4.2657,0.0000,0.0000,0.0000,174.5445,47.0409,13.1715,0.0000,13.1715,100.00,100.00
2010-12-16 03:00:00,Macquarie Island,48.8317,51.6707,48.8317,2.8390,0.0000,0.0000,0.0000,177.2415,48.8317,13.6729,0.0000,13.6729,100.00,100.00
2010-12-16 04:00:00,Macquarie Island,49.7117,57.7558,49.7117,8.0441,0.0000,0.0000,0.0000,184.8834,49.7117,13.9193,0.0000,13.9193,100.00,100.00
2010-12-16 05:00:00,Macquarie Island,56.0132,57.5857,56.0132,1.5725,0.0000,0.0000,0.0000,186.3773,56.0132,15.6837,0.0000,15.6837,100.00,100.00
2010-12-16 06:00:00,Macquarie Island,52.9556,47.8034,47.8034,0.0000,5.1522,0.0000,0.0000,180.9539,52.9556,14.8276,0.0000,14.8276,100.00,100.00
2010-12-16 07:00:00,Macquarie Island,53.7242,26.4429,26.4429,0.0000,27.2813,0.0000,0.0000,152.2368,53.7242,15.0428,0.0000,15.0428,100.00,100.00
2010-12-16 08:00:00,Macquarie Island,55.5115,65.4159,55.5115,9.9044,0.0000,0.0000,0.0000,161.6460,55.5115,15.5432,0.0000,15.5432,100.00,100.00
2010-12-16 09:00:00,Macquarie Island,57.0874,40.5088,40.5088,0.0000,11.0637,5.5149,0.0000,150.0000,57.0874,15.9845,1.5442,14.4403,90.34,100.00
2010-12-16 10:00:00,Macquarie Island,56.9675,33.9555,33.9555,0.0000,0.0000,23.0120,0.0000,150.0000,56.9675,15.9509,6.4434,9.5075,59.61,100.00
2010-12-16 11:00:00,Macquarie Island,53.1500,44.0323,44.0323,0.0000,0.0000,9.1177,0.0000,150.0000,53.1500,14.8820,2.5530,12.3290,82.85,100.00
2010-12-16 12:00:00,Macquarie Island,53.3100,21.2847,21.2847,0.0000,0.0000,32.0253,0.0000,150.0000,53.3100,14.9268,8.9671,5.9597,39.93,100.00
2010-12-16 13:00:00,Macquarie Island,61.3628,21.8734,21.8734,0.0000,0.0000,39.4894,0.0000,150.0000,61.3628,17.1816,11.0570,6.1246,35.65,100.00
2010-12-16 14:00:00,Macquarie Island,54.6678,5.1881,5.1881,0.0000,0.0000,49.4797,0.0000,150.0000,54.6678,15.3070,13.8543,1.4527,9.49,100.00
2010-12-16 15:00:00,Macquarie Island,51.8879,19.5385,19.5385,0.0000,0.0000,32.3494,0.0000,150.0000,51.8879,14.5286,9.0578,5.4708,37.66,100.00
2010-12-16 16:00:00,Macquarie Island,53.6406,21.0963,21.0963,0.0000,0.0000,32.5443,0.0000,150.0000,53.6406,15.0194,9.1124,5.9070,39.33,100.00
2010-12-16 17:00:00,Macquarie Island,58.1247,3.3084,3.3084,0.0000,0.0000,54.8163,0.0000,150.0000,58.1247,16.2749,15.3486,0.9264,5.69,100.00
2010-12-16 18:00:00,Macquarie Island,50.5234,12.8528,12.8528,0.0000,0.0000,37.6706,0.0000,150.0000,50.5234,14.1466,10.5478,3.5988,25.44,100.00
2010-12-16 19:00:00,Macquarie Island,59.3294,14.9370,14.9370,0.0000,0.0000,44.3924,0.0000,150.0000,59.3294,16.6122,12.4299,4.1824,25.18,100.00
2010-12-16 20:00:00,Macquarie Island,56.6492,34.6338,34.6338,0.0000,0.0000,22.0154,0.0000,150.0000,56.6492,15.8618,6.1643,9.6975,61.14,100.00
2010-12-16 21:00:00,Macquarie Island,54.9022,32.5848,32.5848,0.0000,0.0000,22.3174,0.0000,150.0000,54.9022,15.3726,6.2489,9.1237,59.35,100.00
2010-12-16 22:00:00,Macquarie Island,48.5648,31.9491,31.9491,0.0000,0.0000,16.6157,0.0000,150.0000,48.5648,13.5981,4.6524,8.9457,65.79,100.00
2010-12-16 23:00:00,Macquarie Island,50.6501,46.5184,46.5184,0.0000,0.0000,4.1317,0.0000,150.0000,50.6501,14.1820,1.1569,13.0252,91.84,100.00
2010-12-17 00:00:00,Macquarie Island,54.7123,61.2397,54.7123,6.5274,0.0000,0.0000,0.0000,156.2010,54.7123,15.3194,0.0000,15.3194,100.00,100.00
2010-12-17 01:00:00,Macquarie Island,51.8150,46.6059,46.6059,0.0000,5.2091,0.0000,0.0000,150.7178,51.8150,14.5082,0.0000,14.5082,100.00,100.00
2010-12-17 02:00:00,Macquarie Island,49.0533,39.8943,39.8943,0.0000,0.6819,8.4771,0.0000,150.0000,49.0533,13.7349,2.3736,11.3613,82.72,100.00
2010-12-17 03:00:00,Macquarie Island,56.3653,45.4339,45.4339,0.0000,0.0000,10.9314,0.0000,150.0000,56.3653,15.7823,3.0608,12.7215,80.61,100.00
2010-12-17 04:00:00,Macquarie Island,53.5506,45.6835,45.6835,0.0000,0.0000,7.8671,0.0000,150.0000,53.5506,14.9942,2.2028,12.7914,85.31,100.00
2010-12-17 05:00:00,Macquarie Island,52.8673,39.4208,39.4208,0.0000,0.0000,13.4465,0.0000,150.0000,52.8673,14.8028,3.7650,11.0378,74.57,100.00
2010-12-17 06:00:00,Macquarie Island,59.2829,76.9188,59.2829,17.6359,0.0000,0.0000,0.0000,166.7541,59.2829,16.5992,0.0000,16.5992,100.00,100.00
2010-12-17 07:00:00,Macquarie Island,59.0740,50.5174,50.5174,0.0000,8.5566,0.0000,0.0000,157.7472,59.0740,16.5407,0.0000,16.5407,100.00,100.00
2010-12-17 08:00:00,Macquarie Island,51.7212,28.4708,28.4708,0.0000,7.3598,15.8906,0.0000,150.0000,51.7212,14.4819,4.4494,10.0326,69.28,100.00
2010-12-17 09:00:00,Macquarie Island,54.8027,44.0248,44.0248,0.0000,0.0000,10.7779,0.0000,150.0000,54.8027,15.3448,3.0178,12.3269,80.33,100.00
2010-12-17 10:00:00,Macquarie Island,48.6969,14.9515,14.9515,0.0000,0.0000,33.7454,0.0000,150.0000,48.6969,13.6351,9.4487,4.1864,30.70,100.00
2010-12-17 11:00:00,Macquarie Island,60.9287,17.4611,17.4611,0.0000,0.0000,43.4676,0.0000,150.0000,60.9287,17.0600,12.1709,4.8891,28.66,100.00
2010-12-17 12:00:00,Macquarie Island,56.1303,24.3249,24.3249,0.0000,0.0000,31.8054,0.0000,150.0000,56.1303,15.7165,8.9055,6.8110,43.34,100.00
2010-12-17 13:00:00,Macquarie Island,54.6068,28.5119,28.5119,0.0000,0.0000,26.0949,0.0000,150.0000,54.6068,15.2899,7.3066,7.9833,52.21,100.00
2010-12-17 14:00:00,Macquarie Island,55.0180,17.7127,17.7127,0.0000,0.0000,37.3053,0.0000,150.0000,55.0180,15.4050,10.4455,4.9596,32.19,100.00
2010-12-17 15:00:00,Macquarie Island,59.6211,15.1379,15.1379,0.0000,0.0000,44.4832,0.0000,150.0000,59.6211,16.6939,12.4553,4.2386,25.39,100.00
2010-12-17 16:00:00,Macquarie Island,51.2854,27.7955,27.7955,0.0000,0.0000,23.4899,0.0000,150.0000,51.2854,14.3599,6.5772,7.7827,54.20,100.00
2010-12-17 17:00:00,Macquarie Island,51.7785,18.6658,18.6658,0.0000,0.0000,33.1127,0.0000,150.0000,51.7785,14.4980,9.2716,5.2264,36.05,100.00
2010-12-17 18:00:00,Macquarie Island,59.0478,13.8302,13.8302,0.0000,0.0000,45.2176,0.0000,150.0000,59.0478,16.5334,12.6609,3.8725,23.42,100.00
2010-12-17 19:00:00,Macquarie Island,67.4494,27.6503,27.6503,0.0000,0.0000,39.7991,0.0000,150.0000,67.4494,18.8858,11.1437,7.7421,40.99,100.00
2010-12-17 20:00:00,Macquarie Island,56.2927,33.9528,33.9528,0.0000,0.0000,22.3399,0.0000,150.0000,56.2927,15.7620,6.2552,9.5068,60.31,100.00
2010-12-17 21:00:00,Macquarie Island,55.0232,29.4136,29.4136,0.0000,0.0000,25.6096,0.0000,150.0000,55.0232,15.4065,7.1707,8.2358,53.46,100.00
2010-12-17 22:00:00,Macquarie Island,54.8417,46.2028,46.2028,0.0000,0.0000,8.6389,0.0000,150.0000,54.8417,15.3557,2.4189,12.9368,84.25,100.00
2010-12-17 23:00:00,Macquarie Island,45.1349,39.9190,39.9190,0.0000,0.0000,5.2159,0.0000,150.0000,45.1349,12.6378,1.4605,11.1773,88.44,100.00
2010-12-18 00:00:00,Macquarie Island,49.2648,52.5109,49.2648,3.2461,0.0000,0.0000,0.0000,153.0838,49.2648,13.7941,0.0000,13.7941,100.00,100.00
2010-12-18 01:00:00,Macquarie Island,51.1326,58.7715,51.1326,7.6389,0.0000,0.0000,0.0000,160.3408,51.1326,14.3171,0.0000,14.3171,100.00,100.00
2010-12-18 02:00:00,Macquarie Island,50.0549,48.7817,48.7817,0.0000,1.2732,0.0000,0.0000,159.0005,50.0549,14.0154,0.0000,14.0154,100.00,100.00
2010-12-18 03:00:00,Macquarie Island,47.3379,58.4115,47.3379,11.0736,0.0000,0.0000,0.0000,169.5205,47.3379,13.2546,0.0000,13.2546,100.00,100.00
2010-12-18 04:00:00,Macquarie Island,53.3011,52.6897,52.6897,0.0000,0.6114,0.0000,0.0000,168.8769,53.3011,14.9243,0.0000,14.9243,100.00,100.00
2010-12-18 05:00:00,Macquarie Island,50.1890,35.5863,35.5863,0.0000,14.6027,0.0000,0.0000,153.5056,50.1890,14.0529,0.0000,14.0529,100.00,100.00
2010-12-18 06:00:00,Macquarie Island,58.7903,58.9406,58.7903,0.1503,0.0000,0.0000,0.0000,153.6484,58.7903,16.4613,0.0000,16.4613,100.00,100.00
2010-12-18 07:00:00,Macquarie Island,47.4764,44.3442,44.3442,0.0000,3.1322,0.0000,0.0000,150.3513,47.4764,13.2934,0.0000,13.2934,100.00,100.00
2010-12-18 08:00:00,Macquarie Island,54.1319,66.0091,54.1319,11.8772,0.0000,0.0000,0.0000,161.6347,54.1319,15.1569,0.0000,15.1569,100.00,100.00
2010-12-18 09:00:00,Macquarie Island,52.4468,30.0037,30.0037,0.0000,11.0530,11.3901,0.0000,150.0000,52.4468,14.6851,3.1892,11.4959,78.28,100.00
2010-12-18 10:00:00,Macquarie Island,58.3894,48.4361,48.4361,0.0000,0.0000,9.9533,0.0000,150.0000,58.3894,16.3490,2.7869,13.5621,82.95,100.00
2010-12-18 11:00:00,Macquarie Island,56.8761,29.8928,29.8928,0.0000,0.0000,26.9833,0.0000,150.0000,56.8761,15.9253,7.5553,8.3700,52.56,100.00
2010-12-18 12:00:00,Macquarie Island,57.4252,30.9660,30.9660,0.0000,0.0000,26.4592,0.0000,150.0000,57.4252,16.0791,7.4086,8.6705,53.92,100.00
2010-12-18 13:00:00,Macquarie Island,55.7428,6.8936,6.8936,0.0000,0.0000,48.8492,0.0000,150.0000,55.7428,15.6080,13.6778,1.9302,12.37,100.00
2010-12-18 14:00:00,Macquarie Island,52.5119,14.0915,14.0915,0.0000,0.0000,38.4204,0.0000,150.0000,52.5119,14.7033,10.7577,3.9456,26.83,100.00
2010-12-18 15:00:00,Macquarie Island,51.6952,18.6483,18.6483,0.0000,0.0000,33.0469,0.0000,150.0000,51.6952,14.4747,9.2531,5.2215,36.07,100.00
2010-12-18 16:00:00,Macquarie Island,56.8555,20.6240,20.6240,0.0000,0.0000,36.2315,0.0000,150.0000,56.8555,15.9195,10.1448,5.7747,36.27,100.00
2010-12-18 17:00:00,Macquarie Island,59.4079,17.3832,17.3832,0.0000,0.0000,42.0247,0.0000,150.0000,59.4079,16.6342,11.7669,4.8673,29.26,100.00
2010-12-18 18:00:00,Macquarie Island,57.5286,41.2327,41.2327,0.0000,0.0000,16.2959,0.0000,150.0000,57.5286,16.1080,4.5629,11.5452,71.67,100.00
2010-12-18 19:00:00,Macquarie Island,58.5541,19.6702,19.6702,0.0000,0.0000,38.8839,0.0000,150.0000,58.5541,16.3951,10.8875,5.5077,33.59,100.00
2010-12-18 20:00:00,Macquarie Island,54.0099,59.8964,54.0099,5.8865,0.0000,0.0000,0.0000,155.5922,54.0099,15.1228,0.0000,15.1228,100.00,100.00
2010-12-18 21:00:00,Macquarie Island,54.8497,31.3215,31.3215,0.0000,5.3126,18.2156,0.0000,150.0000,54.8497,15.3579,5.1004,10.2575,66.79,100.00
2010-12-18 22:00:00,Macquarie Island,65.4908,48.3592,48.3592,0.0000,0.0000,17.1316,0.0000,150.0000,65.4908,18.3374,4.7968,13.5406,73.84,100.00
2010-12-18 23:00:00,Macquarie Island,50.4467,37.6752,37.6752,0.0000,0.0000,12.7715,0.0000,150.0000,50.4467,14.1251,3.5760,10.5491,74.68,100.00
2010-12-19 00:00:00,Macquarie Island,52.7182,63.0816,52.7182,10.3634,0.0000,0.0000,0.0000,159.8452,52.7182,14.7611,0.0000,14.7611,100.00,100.00
2010-12-19 01:00:00,Macquarie Island,49.8275,33.8131,33.8131,0.0000,9.3530,6.6614,0.0000,150.0000,49.8275,13.9517,1.8652,12.0865,86.63,100.00
2010-12-19 02:00:00,Macquarie Island,51.9526,41.6936,41.6936,0.0000,0.0000,10.2590,0.0000,150.0000,51.9526,14.5467,2.8725,11.6742,80.25,100.00
2010-12-19 03:00:00,Macquarie Island,54.2620,31.6890,31.6890,0.0000,0.0000,22.5730,0.0000,150.0000,54.2620,15.1934,6.3204,8.8729,58.40,100.00
2010-12-19 04:00:00,Macquarie Island,45.6549,60.1654,45.6549,14.5105,0.0000,0.0000,0.0000,163.7850,45.6549,12.7834,0.0000,12.7834,100.00,100.00
2010-12-19 05:00:00,Macquarie Island,54.7236,40.4311,40.4311,0.0000,13.0957,1.1968,0.0000,150.0000,54.7236,15.3226,0.3351,14.9875,97.81,100.00
2010-12-19 06:00:00,Macquarie Island,57.8623,40.6401,40.6401,0.0000,0.0000,17.2222,0.0000,150.0000,57.8623,16.2014,4.8222,11.3792,70.24,100.00
2010-12-19 07:00:00,Macquarie Island,51.3188,44.6477,44.6477,0.0000,0.0000,6.6711,0.0000,150.0000,51.3188,14.3693,1.8679,12.5014,87.00,100.00
2010-12-19 08:00:00,Macquarie Island,56.1757,27.8381,27.8381,0.0000,0.0000,28.3376,0.0000,150.0000,56.1757,15.7292,7.9345,7.7947,49.56,100.00
2010-12-19 09:00:00,Macquarie Island,54.5582,44.9713,44.9713,0.0000,0.0000,9.5869,0.0000,150.0000,54.5582,15.2763,2.6843,12.5920,82.43,100.00
2010-12-19 10:00:00,Macquarie Island,52.5702,24.8173,24.8173,0.0000,0.0000,27.7529,0.0000,150.0000,52.5702,14.7197,7.7708,6.9488,47.21,100.00
2010-12-19 11:00:00,Macquarie Island,57.4405,28.0239,28.0239,0.0000,0.0000,29.4166,0.0000,150.0000,57.4405,16.0833,8.2366,7.8467,48.79,100.00
2010-12-19 12:00:00,Macquarie Island,54.4137,26.9281,26.9281,0.0000,0.0000,27.4856,0.0000,150.0000,54.4137,15.2358,7.6960,7.5399,49.49,100.00
2010-12-19 13:00:00,Macquarie Island,52.6758,15.1380,15.1380,0.0000,0.0000,37.5378,0.0000,150.0000,52.6758,14.7492,10.5106,4.2386,28.74,100.00
2010-12-19 14:00:00,Macquarie Island,54.3580,9.4652,9.4652,0.0000,0.0000,44.8928,0.0000,150.0000,54.3580,15.2202,12.5700,2.6503,17.41,100.00
2010-12-19 15:00:00,Macquarie Island,61.6761,10.0036,10.0036,0.0000,0.0000,51.6725,0.0000,150.0000,61.6761,17.2693,14.4683,2.8010,16.22,100.00
2010-12-19 16:00:00,Macquarie Island,54.1061,29.9875,29.9875,0.0000,0.0000,24.1186,0.0000,150.0000,54.1061,15.1497,6.7532,8.3965,55.42,100.00
2010-12-19 17:00:00,Macquarie Island,52.9158,33.3678,33.3678,0.0000,0.0000,19.5480,0.0000,150.0000,52.9158,14.8164,5.4734,9.3430,63.06,100.00
2010-12-19 18:00:00,Macquarie Island,56.4012,32.5558,32.5558,0.0000,0.0000,23.8454,0.0000,150.0000,56.4012,15.7923,6.6767,9.1156,57.72,100.00
2010-12-19 19:00:00,Macquarie Island,58.9403,11.0904,11.0904,0.0000,0.0000,47.8499,0.0000,150.0000,58.9403,16.5033,13.3980,3.1053,18.82,100.00
2010-12-19 20:00:00,Macquarie Island,55.3619,25.9226,25.9226,0.0000,0.0000,29.4393,0.0000,150.0000,55.3619,15.5013,8.2430,7.2583,46.82,100.00
2010-12-19 21:00:00,Macquarie Island,58.3376,43.5595,43.5595,0.0000,0.0000,14.7781,0.0000,150.0000,58.3376,16.3345,4.1379,12.1967,74.67,100.00
2010-12-19 22:00:00,Macquarie Island,45.2329,52.4037,45.2329,7.1708,0.0000,0.0000,0.0000,156.8123,45.2329,12.6652,0.0000,12.6652,100.00,100.00
2010-12-19 23:00:00,Macquarie Island,51.1324,60.2564,51.1324,9.1240,0.0000,0.0000,0.0000,165.4801,51.1324,14.3171,0.0000,14.3171,100.00,100.00
2010-12-20 00:00:00,Macquarie Island,50.1969,33.0787,33.0787,0.0000,14.7061,2.4121,0.0000,150.0000,50.1969,14.0551,0.6754,13.3797,95.19,100.00
2010-12-20 01:00:00,Macquarie Island,47.1869,25.9145,25.9145,0.0000,0.0000,21.2724,0.0000,150.0000,47.1869,13.2123,5.9563,7.2561,54.92,100.00
2010-12-20 02:00:00,Macquarie Island,55.2229,40.1204,40.1204,0.0000,0.0000,15.1025,0.0000,150.0000,55.2229,15.4624,4.2287,11.2337,72.65,100.00
2010-12-20 03:00:00,Macquarie Island,51.3363,31.1924,31.1924,0.0000,0.0000,20.1439,0.0000,150.0000,51.3363,14.3742,5.6403,8.7339,60.76,100.00
2010-12-20 04:00:00,Macquarie Island,51.1845,33.3571,33.3571,0.0000,0.0000,17.8274,0.0000,150.0000,51.1845,14.3317,4.9917,9.3400,65.17,100.00
2010-12-20 05:00:00,Macquarie Island,49.9695,36.3923,36.3923,0.0000,0.0000,13.5772,0.0000,150.0000,49.9695,13.9915,3.8016,10.1898,72.83,100.00
2010-12-20 06:00:00,Macquarie Island,58.1182,59.5038,58.1182,1.3856,0.0000,0.0000,0.0000,151.3163,58.1182,16.2731,0.0000,16.2731,100.00,100.00
2010-12-20 07:00:00,Macquarie Island,49.0835,43.2803,43.2803,0.0000,1.2505,4.5527,0.0000,150.0000,49.0835,13.7434,1.2748,12.4686,90.72,100.00
2010-12-20 08:00:00,Macquarie Island,49.2750,37.9029,37.9029,0.0000,0.0000,11.3721,0.0000,150.0000,49.2750,13.7970,3.1842,10.6128,76.92,100.00
2010-12-20 09:00:00,Macquarie Island,55.1834,41.5804,41.5804,0.0000,0.0000,13.6030,0.0000,150.0000,55.1834,15.4514,3.8088,11.6425,75.35,100.00
2010-12-20 10:00:00,Macquarie Island,58.9775,27.2103,27.2103,0.0000,0.0000,31.7672,0.0000,150.0000,58.9775,16.5137,8.8948,7.6189,46.14,100.00
2010-12-20 11:00:00,Macquarie Island,55.3633,41.8046,41.8046,0.0000,0.0000,13.5587,0.0000,150.0000,55.3633,15.5017,3.7964,11.7053,75.51,100.00
2010-12-20 12:00:00,Macquarie Island,49.0882,28.1396,28.1396,0.0000,0.0000,20.9486,0.0000,150.0000,49.0882,13.7447,5.8656,7.8791,57.32,100.00
2010-12-20 13:00:00,Macquarie Island,55.6479,29.2864,29.2864,0.0000,0.0000,26.3615,0.0000,150.0000,55.6479,15.5814,7.3812,8.2002,52.63,100.00
2010-12-20 14:00:00,Macquarie Island,50.4750,11.8710,11.8710,0.0000,0.0000,38.6040,0.0000,150.0000,50.4750,14.1330,10.8091,3.3239,23.52,100.00
2010-12-20 15:00:00,Macquarie Island,53.4103,23.8099,23.8099,0.0000,0.0000,29.6004,0.0000,150.0000,53.4103,14.9549,8.2881,6.6668,44.58,100.00
2010-12-20 16:00:00,Macquarie Island,53.7718,23.6058,23.6058,0.0000,0.0000,30.1660,0.0000,150.0000,53.7718,15.0561,8.4465,6.6096,43.90,100.00
2010-12-20 17:00:00,Macquarie Island,55.2579,25.1730,25.1730,0.0000,0.0000,30.0849,0.0000,150.0000,55.2579,15.4722,8.4238,7.0484,45.56,100.00
2010-12-20 18:00:00,Macquarie Island,58.2616,51.7383,51.7383,0.0000,0.0000,6.5233,0.0000,150.0000,58.2616,16.3132,1.8265,14.4867,88.80,100.00
2010-12-20 19:00:00,Macquarie Island,57.4109,21.1872,21.1872,0.0000,0.0000,36.2237,0.0000,150.0000,57.4109,16.0751,10.1426,5.9324,36.90,100.00
2010-12-20 20:00:00,Macquarie Island,56.3639,51.3703,51.3703,0.0000,0.0000,4.9936,0.0000,150.0000,56.3639,15.7819,1.3982,14.3837,91.14,100.00
2010-12-20 21:00:00,Macquarie Island,49.3879,33.1997,33.1997,0.0000,0.0000,16.1882,0.0000,150.0000,49.3879,13.8286,4.5327,9.2959,67.22,100.00
2010-12-20 22:00:00,Macquarie Island,53.7984,33.2336,33.2336,0.0000,0.0000,20.5648,0.0000,150.0000,53.7984,15.0636,5.7581,9.3054,61.77,100.00
2010-12-20 23:00:00,Macquarie Island,45.8200,42.7748,42.7748,0.0000,0.0000,3.0452,0.0000,150.0000,45.8200,12.8296,0.8527,11.9769,93.35,100.00
2010-12-21 00:00:00,Macquarie Island,53.7141,58.4948,53.7141,4.7807,0.0000,0.0000,0.0000,154.5417,53.7141,15.0399,0.0000,15.0399,100.00,100.00
2010-12-21 01:00:00,Macquarie Island,53.6169,40.9091,40.9091,0.0000,4.3146,8.3932,0.0000,150.0000,53.6169,15.0127,2.3501,12.6626,84.35,100.00
2010-12-21 02:00:00,Macquarie Island,49.0151,58.4145,49.0151,9.3994,0.0000,0.0000,0.0000,158.9294,49.0151,13.7242,0.0000,13.7242,100.00,100.00
2010-12-21 03:00:00,Macquarie Island,51.3529,24.3010,24.3010,0.0000,8.4830,18.5689,0.0000,150.0000,51.3529,14.3788,5.1993,9.1795,63.84,100.00
2010-12-21 04:00:00,Macquarie Island,54.5552,65.6071,54.5552,11.0519,0.0000,0.0000,0.0000,160.4993,54.5552,15.2755,0.0000,15.2755,100.00,100.00
2010-12-21 05:00:00,Macquarie Island,50.2016,57.7929,50.2016,7.5913,0.0000,0.0000,0.0000,167.7110,50.2016,14.0564,0.0000,14.0564,100.00,100.00
2010-12-21 06:00:00,Macquarie Island,47.1824,44.3868,44.3868,0.0000,2.7956,0.0000,0.0000,164.7683,47.1824,13.2111,0.0000,13.2111,100.00,100.00
2010-12-21 07:00:00,Macquarie Island,51.7690,17.9060,17.9060,0.0000,14.0299,19.8331,0.0000,150.0000,51.7690,14.4953,5.5533,8.9420,61.69,100.00
2010-12-21 08:00:00,Macquarie Island,53.0602,56.6808,53.0602,3.6206,0.0000,0.0000,0.0000,153.4396,53.0602,14.8569,0.0000,14.8569,100.00,100.00
2010-12-21 09:00:00,Macquarie Island,47.0205,14.3219,14.3219,0.0000,3.2676,29.4310,0.0000,150.0000,47.0205,13.1657,8.2407,4.9251,37.41,100.00
2010-12-21 10:00:00,Macquarie Island,56.2409,16.3302,16.3302,0.0000,0.0000,39.9107,0.0000,150.0000,56.2409,15.7475,11.1750,4.5725,29.04,100.00
2010-12-21 11:00:00,Macquarie Island,49.9102,50.7649,49.9102,0.8547,0.0000,0.0000,0.0000,150.8120,49.9102,13.9749,0.0000,13.9749,100.00,100.00
2010-12-21 12:00:00,Macquarie Island,49.2320,32.2370,32.2370,0.0000,0.7714,16.2236,0.0000,150.0000,49.2320,13.7850,4.5426,9.2423,67.05,100.00
2010-12-21 13:00:00,Macquarie Island,59.6202,13.5529,13.5529,0.0000,0.0000,46.0673,0.0000,150.0000,59.6202,16.6937,12.8988,3.7948,22.73,100.00
2010-12-21 14:00:00,Macquarie Island,50.9347,12.7255,12.7255,0.0000,0.0000,38.2092,0.0000,150.0000,50.9347,14.2617,10.6986,3.5631,24.98,100.00
2010-12-21 15:00:00,Macquarie Island,51.3870,31.9879,31.9879,0.0000,0.0000,19.3991,0.0000,150.0000,51.3870,14.3884,5.4317,8.9566,62.25,100.00
2010-12-21 16:00:00,Macquarie Island,50.4448,64.3188,50.4448,13.8740,0.0000,0.0000,0.0000,163.1803,50.4448,14.1245,0.0000,14.1245,100.00,100.00
2010-12-21 17:00:00,Macquarie Island,54.1998,14.7964,14.7964,0.0000,12.5213,26.8821,0.0000,150.0000,54.1998,15.1759,7.5270,7.6490,50.40,100.00
2010-12-21 18:00:00,Macquarie Island,60.6086,50.7660,50.7660,0.0000,0.0000,9.8426,0.0000,150.0000,60.6086,16.9704,2.7559,14.2145,83.76,100.00
2010-12-21 19:00:00,Macquarie Island,61.2053,27.6818,27.6818,0.0000,0.0000,33.5235,0.0000,150.0000,61.2053,17.1375,9.3866,7.7509,45.23,100.00
2010-12-21 20:00:00,Macquarie Island,59.8932,19.3445,19.3445,0.0000,0.0000,40.5487,0.0000,150.0000,59.8932,16.7701,11.3536,5.4165,32.30,100.00
2010-12-21 21:00:00,Macquarie Island,57.8473,16.7001,16.7001,0.0000,0.0000,41.1472,0.0000,150.0000,57.8473,16.1972,11.5212,4.6760,28.87,100.00
2010-12-21 22:00:00,Macquarie Island,56.3415,47.2431,47.2431,0.0000,0.0000,9.0984,0.0000,150.0000,56.3415,15.7756,2.5476,13.2281,83.85,100.00
2010-12-21 23:00:00,Macquarie Island,48.4930,54.3913,48.4930,5.8983,0.0000,0.0000,0.0000,155.6034,48.4930,13.5780,0.0000,13.5780,100.00,100.00
2010-12-22 00:00:00,Macquarie Island,50.9983,53.4191,50.9983,2.4208,0.0000,0.0000,0.0000,157.9031,50.9983,14.2795,0.0000,14.2795,100.00,100.00
2010-12-22 01:00:00,Macquarie Island,52.7712,59.4255,52.7712,6.6543,0.0000,0.0000,0.0000,164.2247,52.7712,14.7759,0.0000,14.7759,100.00,100.00
2010-12-22 02:00:00,Macquarie Island,53.4112,40.1204,40.1204,0.0000,13.2908,0.0000,0.0000,150.2344,53.4112,14.9551,0.0000,14.9551,100.00,100.00
2010-12-22 03:00:00,Macquarie Island,51.9220,52.1928,51.9220,0.2708,0.0000,0.0000,0.0000,150.4917,51.9220,14.5382,0.0000,14.5382,100.00,100.00
2010-12-22 04:00:00,Macquarie Island,54.8803,81.1001,54.8803,26.2198,0.0000,0.0000,0.0000,175.4005,54.8803,15.3665,0.0000,15.3665,100.00,100.00
2010-12-22 05:00:00,Macquarie Island,54.8306,51.9921,51.9921,0.0000,2.8385,0.0000,0.0000,172.4126,54.8306,15.3526,0.0000,15.3526,100.00,100.00
2010-12-22 06:00:00,Macquarie Island,53.2035,41.9511,41.9511,0.0000,11.2524,0.0000,0.0000,160.5680,53.2035,14.8970,0.0000,14.8970,100.00,100.00
2010-12-22 07:00:00,Macquarie Island,63.1744,58.7942,58.7942,0.0000,4.3802,0.0000,0.0000,155.9572,63.1744,17.6888,0.0000,17.6888,100.00,100.00
2010-12-22 08:00:00,Macquarie Island,52.9994,48.9066,48.9066,0.0000,4.0928,0.0000,0.0000,151.6490,52.9994,14.8398,0.0000,14.8398,100.00,100.00
2010-12-22 09:00:00,Macquarie Island,49.4916,30.2279,30.2279,0.0000,1.5666,17.6971,0.0000,150.0000,49.4916,13.8576,4.9552,8.9024,64.24,100.00
2010-12-22 10:00:00,Macquarie Island,60.0457,30.7062,30.7062,0.0000,0.0000,29.3395,0.0000,150.0000,60.0457,16.8128,8.2151,8.5977,51.14,100.00
2010-12-22 11:00:00,Macquarie Island,48.3317,16.7386,16.7386,0.0000,0.0000,31.5931,0.0000,150.0000,48.3317,13.5329,8.8461,4.6868,34.63,100.00
2010-12-22 12:00:00,Macquarie Island,52.5779,26.3640,26.3640,0.0000,0.0000,26.2139,0.0000,150.0000,52.5779,14.7218,7.3399,7.3819,50.14,100.00
2010-12-22 13:00:00,Macquarie Island,55.4564,21.0454,21.0454,0.0000,0.0000,34.4110,0.0000,150.0000,55.4564,15.5278,9.6351,5.8927,37.95,100.00
2010-12-22 14:00:00,Macquarie Island,48.0211,9.9672,9.9672,0.0000,0.0000,38.0539,0.0000,150.0000,48.0211,13.4459,10.6551,2.7908,20.76,100.00
2010-12-22 15:00:00,Macquarie Island,48.1831,25.3156,25.3156,0.0000,0.0000,22.8675,0.0000,150.0000,48.1831,13.4913,6.4029,7.0884,52.54,100.00
2010-12-22 16:00:00,Macquarie Island,61.2247,41.5421,41.5421,0.0000,0.0000,19.6826,0.0000,150.0000,61.2247,17.1429,5.5111,11.6318,67.85,100.00
2010-12-22 17:00:00,Macquarie Island,51.5711,17.4282,17.4282,0.0000,0.0000,34.1429,0.0000,150.0000,51.5711,14.4399,9.5600,4.8799,33.79,100.00
2010-12-22 18:00:00,Macquarie Island,60.3269,3.1396,3.1396,0.0000,0.0000,57.1873,0.0000,150.0000,60.3269,16.8915,16.0124,0.8791,5.20,100.00
2010-12-22 19:00:00,Macquarie Island,52.2666,18.4810,18.4810,0.0000,0.0000,33.7856,0.0000,150.0000,52.2666,14.6346,9.4600,5.1747,35.36,100.00
2010-12-22 20:00:00,Macquarie Island,55.2204,31.4316,31.4316,0.0000,0.0000,23.7888,0.0000,150.0000,55.2204,15.4617,6.6609,8.8008,56.92,100.00
2010-12-22 21:00:00,Macquarie Island,48.9442,46.1535,46.1535,0.0000,0.0000,2.7907,0.0000,150.0000,48.9442,13.7044,0.7814,12.9230,94.30,100.00
2010-12-22 22:00:00,Macquarie Island,53.7618,45.2683,45.2683,0.0000,0.0000,8.4935,0.0000,150.0000,53.7618,15.0533,2.3782,12.6751,84.20,100.00
2010-12-22 23:00:00,Macquarie Island,48.5836,32.1616,32.1616,0.0000,0.0000,16.4220,0.0000,150.0000,48.5836,13.6034,4.5982,9.0052,66.20,100.00
2010-12-23 00:00:00,Macquarie Island,51.2265,50.4860,50.4860,0.0000,0.0000,0.7405,0.0000,150.0000,51.2265,14.3434,0.2073,14.1361,98.55,100.00
2010-12-23 01:00:00,Macquarie Island,45.4040,42.1381,42.1381,0.0000,0.0000,3.2659,0.0000,150.0000,45.4040,12.7131,0.9145,11.7987,92.81,100.00
2010-12-23 02:00:00,Macquarie Island,51.8365,73.2294,51.8365,21.3929,0.0000,0.0000,0.0000,170.3233,51.8365,14.5142,0.0000,14.5142,100.00,100.00
2010-12-23 03:00:00,Macquarie Island,60.7622,59.3879,59.3879,0.0000,1.3743,0.0000,0.0000,168.8766,60.7622,17.0134,0.0000,17.0134,100.00,100.00
2010-12-23 04:00:00,Macquarie Island,52.7415,51.0760,51.0760,0.0000,1.6655,0.0000,0.0000,167.1235,52.7415,14.7676,0.0000,14.7676,100.00,100.00
2010-12-23 05:00:00,Macquarie Island,56.7952,30.4390,30.4390,0.0000,16.2673,10.0889,0.0000,150.0000,56.7952,15.9027,2.8249,13.0778,82.24,100.00
2010-12-23 06:00:00,Macquarie Island,60.9476,59.7448,59.7448,0.0000,0.0000,1.2028,0.0000,150.0000,60.9476,17.0653,0.3368,16.7285,98.03,100.00
2010-12-23 07:00:00,Macquarie Island,55.1347,48.9302,48.9302,0.0000,0.0000,6.2045,0.0000,150.0000,55.1347,15.4377,1.7373,13.7005,88.75,100.00
2010-12-23 08:00:00,Macquarie Island,54.9919,56.0362,54.9919,1.0443,0.0000,0.0000,0.0000,150.9921,54.9919,15.3977,0.0000,15.3977,100.00,100.00
2010-12-23 09:00:00,Macquarie Island,50.7044,31.0384,31.0384,0.0000,0.9425,18.7235,0.0000,150.0000,50.7044,14.1972,5.2426,8.9546,63.07,100.00
2010-12-23 10:00:00,Macquarie Island,59.7694,14.8205,14.8205,0.0000,0.0000,44.9489,0.0000,150.0000,59.7694,16.7354,12.5857,4.1497,24.80,100.00
2010-12-23 11:00:00,Macquarie Island,51.2132,27.0513,27.0513,0.0000,0.0000,24.1619,0.0000,150.0000,51.2132,14.3397,6.7653,7.5744,52.82,100.00
2010-12-23 12:00:00,Macquarie Island,52.2292,33.1047,33.1047,0.0000,0.0000,19.1245,0.0000,150.0000,52.2292,14.6242,5.3549,9.2693,63.38,100.00
2010-12-23 13:00:00,Macquarie Island,46.7363,11.9408,11.9408,0.0000,0.0000,34.7955,0.0000,150.0000,46.7363,13.0862,9.7427,3.3434,25.55,100.00
2010-12-23 14:00:00,Macquarie Island,49.1880,10.2280,10.2280,0.0000,0.0000,38.9600,0.0000,150.0000,49.1880,13.7726,10.9088,2.8638,20.79,100.00
2010-12-23 15:00:00,Macquarie Island,57.6017,28.5897,28.5897,0.0000,0.0000,29.0120,0.0000,150.0000,57.6017,16.1285,8.1234,8.0051,49.63,100.00
2010-12-23 16:00:00,Macquarie Island,59.2971,35.5584,35.5584,0.0000,0.0000,23.7387,0.0000,150.0000,59.2971,16.6032,6.6468,9.9564,59.97,100.00
2010-12-23 17:00:00,Macquarie Island,55.8300,14.9317,14.9317,0.0000,0.0000,40.8983,0.0000,150.0000,55.8300,15.6324,11.4515,4.1809,26.74,100.00
2010-12-23 18:00:00,Macquarie Island,57.9573,4.3987,4.3987,0.0000,0.0000,53.5586,0.0000,150.0000,57.9573,16.2280,14.9964,1.2316,7.59,100.00
2010-12-23 19:00:00,Macquarie Island,58.8613,24.6705,24.6705,0.0000,0.0000,34.1908,0.0000,150.0000,58.8613,16.4812,9.5734,6.9077,41.91,100.00
2010-12-23 20:00:00,Macquarie Island,51.6515,16.7080,16.7080,0.0000,0.0000,34.9435,0.0000,150.0000,51.6515,14.4624,9.7842,4.6782,32.35,100.00
2010-12-23 21:00:00,Macquarie Island,54.6033,74.7530,54.6033,20.1497,0.0000,0.0000,0.0000,169.1422,54.6033,15.2889,0.0000,15.2889,100.00,100.00
2010-12-23 22:00:00,Macquarie Island,57.4531,40.6047,40.6047,0.0000,16.8484,0.0000,0.0000,151.4071,57.4531,16.0869,0.0000,16.0869,100.00,100.00
2010-12-23 23:00:00,Macquarie Island,44.4719,67.0777,44.4719,22.6058,0.0000,0.0000,0.0000,172.8826,44.4719,12.4521,0.0000,12.4521,100.00,100.00
2010-12-24 00:00:00,Macquarie Island,47.7592,34.1052,34.1052,0.0000,13.6540,0.0000,0.0000,158.5099,47.7592,13.3726,0.0000,13.3726,100.00,100.00
2010-12-24 01:00:00,Macquarie Island,49.7982,39.6294,39.6294,0.0000,8.0844,2.0844,0.0000,150.0000,49.7982,13.9435,0.5836,13.3599,95.81,100.00
2010-12-24 02:00:00,Macquarie Island,57.1005,58.0108,57.1005,0.9103,0.0000,0.0000,0.0000,150.8648,57.1005,15.9881,0.0000,15.9881,100.00,100.00
2010-12-24 03:00:00,Macquarie Island,53.5068,52.9745,52.9745,0.0000,0.5323,0.0000,0.0000,150.3045,53.5068,14.9819,0.0000,14.9819,100.00,100.00
2010-12-24 04:00:00,Macquarie Island,47.3767,58.5701,47.3767,11.1934,0.0000,0.0000,0.0000,160.9382,47.3767,13.2655,0.0000,13.2655,100.00,100.00
2010-12-24 05:00:00,Macquarie Island,49.9249,55.4298,49.9249,5.5049,0.0000,0.0000,0.0000,166.1679,49.9249,13.9790,0.0000,13.9790,100.00,100.00
2010-12-24 06:00:00,Macquarie Island,67.6023,40.2991,40.2991,0.0000,15.3595,11.9437,0.0000,150.0000,67.6023,18.9286,3.3442,15.5844,82.33,100.00
2010-12-24 07:00:00,Macquarie Island,49.0278,48.2804,48.2804,0.0000,0.0000,0.7474,0.0000,150.0000,49.0278,13.7278,0.2093,13.5185,98.48,100.00
2010-12-24 08:00:00,Macquarie Island,49.3624,41.7349,41.7349,0.0000,0.0000,7.6275,0.0000,150.0000,49.3624,13.8215,2.1357,11.6858,84.55,100.00
2010-12-24 09:00:00,Macquarie Island,49.2377,38.3907,38.3907,0.0000,0.0000,10.8470,0.0000,150.0000,49.2377,13.7866,3.0372,10.7494,77.97,100.00
2010-12-24 10:00:00,Macquarie Island,54.7051,44.9335,44.9335,0.0000,0.0000,9.7716,0.0000,150.0000,54.7051,15.3174,2.7360,12.5814,82.14,100.00
2010-12-24 11:00:00,Macquarie Island,53.1414,12.5343,12.5343,0.0000,0.0000,40.6071,0.0000,150.0000,53.1414,14.8796,11.3700,3.5096,23.59,100.00
2010-12-24 12:00:00,Macquarie Island,54.0743,58.2075,54.0743,4.1332,0.0000,0.0000,0.0000,153.9265,54.0743,15.1408,0.0000,15.1408,100.00,100.00
2010-12-24 13:00:00,Macquarie Island,59.3217,14.8940,14.8940,0.0000,3.7302,40.6975,0.0000,150.0000,59.3217,16.6101,11.3953,5.2148,31.40,100.00
2010-12-24 14:00:00,Macquarie Island,54.5800,12.4811,12.4811,0.0000,0.0000,42.0989,0.0000,150.0000,54.5800,15.2824,11.7877,3.4947,22.87,100.00
2010-12-24 15:00:00,Macquarie Island,53.3300,15.8470,15.8470,0.0000,0.0000,37.4830,0.0000,150.0000,53.3300,14.9324,10.4952,4.4372,29.71,100.00
2010-12-24 16:00:00,Macquarie Island,57.2282,31.3356,31.3356,0.0000,0.0000,25.8926,0.0000,150.0000,57.2282,16.0239,7.2499,8.7740,54.76,100.00
2010-12-24 17:00:00,Macquarie Island,57.1326,6.8423,6.8423,0.0000,0.0000,50.2903,0.0000,150.0000,57.1326,15.9971,14.0813,1.9158,11.98,100.00
2010-12-24 18:00:00,Macquarie Island,54.0949,3.7858,3.7858,0.0000,0.0000,50.3091,0.0000,150.0000,54.0949,15.1466,14.0865,1.0600,7.00,100.00
2010-12-24 19:00:00,Macquarie Island,54.3957,40.7708,40.7708,0.0000,0.0000,13.6249,0.0000,150.0000,54.3957,15.2308,3.8150,11.4158,74.95,100.00
2010-12-24 20:00:00,Macquarie Island,56.8153,33.0813,33.0813,0.0000,0.0000,23.7340,0.0000,150.0000,56.8153,15.9083,6.6455,9.2628,58.23,100.00
2010-12-24 21:00:00,Macquarie Island,50.7264,48.5308,48.5308,0.0000,0.0000,2.1956,0.0000,150.0000,50.7264,14.2034,0.6148,13.5886,95.67,100.00
2010-12-24 22:00:00,Macquarie Island,55.6541,27.2524,27.2524,0.0000,0.0000,28.4017,0.0000,150.0000,55.6541,15.5831,7.9525,7.6307,48.97,100.00
2010-12-24 23:00:00,Macquarie Island,50.4592,30.0770,30.0770,0.0000,0.0000,20.3822,0.0000,150.0000,50.4592,14.1286,5.7070,8.4216,59.61,100.00
2010-12-25 00:00:00,Macquarie Island,45.1920,51.3078,45.1920,6.1158,0.0000,0.0000,0.0000,155.8100,45.1920,12.6538,0.0000,12.6538,100.00,100.00
2010-12-25 01:00:00,Macquarie Island,48.0623,41.3282,41.3282,0.0000,5.5195,1.2146,0.0000,150.0000,48.0623,13.4574,0.3401,13.1174,97.47,100.00
2010-12-25 02:00:00,Macquarie Island,54.2972,31.2196,31.2196,0.0000,0.0000,23.0776,0.0000,150.0000,54.2972,15.2032,6.4617,8.7415,57.50,100.00
2010-12-25 03:00:00,Macquarie Island,48.0501,26.4583,26.4583,0.0000,0.0000,21.5918,0.0000,150.0000,48.0501,13.4540,6.0457,7.4083,55.06,100.00
2010-12-25 04:00:00,Macquarie Island,53.9050,58.2715,53.9050,4.3665,0.0000,0.0000,0.0000,154.1482,53.9050,15.0934,0.0000,15.0934,100.00,100.00
2010-12-25 05:00:00,Macquarie Island,50.7681,39.2796,39.2796,0.0000,3.9408,7.5477,0.0000,150.0000,50.7681,14.2151,2.1134,12.1017,85.13,100.00
2010-12-25 06:00:00,Macquarie Island,56.0971,43.9581,43.9581,0.0000,0.0000,12.1390,0.0000,150.0000,56.0971,15.7072,3.3989,12.3083,78.36,100.00
2010-12-25 07:00:00,Macquarie Island,55.5929,40.9644,40.9644,0.0000,0.0000,14.6285,0.0000,150.0000,55.5929,15.5660,4.0960,11.4700,73.69,100.00
2010-12-25 08:00:00,Macquarie Island,52.5658,55.6866,52.5658,3.1208,0.0000,0.0000,0.0000,152.9648,52.5658,14.7184,0.0000,14.7184,100.00,100.00
2010-12-25 09:00:00,Macquarie Island,50.5442,28.9446,28.9446,0.0000,2.8165,18.7831,0.0000,150.0000,50.5442,14.1524,5.2593,8.8931,62.84,100.00
2010-12-25 10:00:00,Macquarie Island,55.9602,30.7309,30.7309,0.0000,0.0000,25.2293,0.0000,150.0000,55.9602,15.6689,7.0642,8.6047,54.92,100.00
2010-12-25 11:00:00,Macquarie Island,61.4739,9.3750,9.3750,0.0000,0.0000,52.0989,0.0000,150.0000,61.4739,17.2127,14.5877,2.6250,15.25,100.00
2010-12-25 12:00:00,Macquarie Island,51.0208,26.6448,26.6448,0.0000,0.0000,24.3760,0.0000,150.0000,51.0208,14.2858,6.8253,7.4605,52.22,100.00
2010-12-25 13:00:00,Macquarie Island,59.2115,16.6866,16.6866,0.0000,0.0000,42.5249,0.0000,150.0000,59.2115,16.5792,11.9070,4.6722,28.18,100.00
2010-12-25 14:00:00,Macquarie Island,51.5400,23.0527,23.0527,0.0000,0.0000,28.4873,0.0000,150.0000,51.5400,14.4312,7.9764,6.4548,44.73,100.00
2010-12-25 15:00:00,Macquarie Island,46.4739,22.1501,22.1501,0.0000,0.0000,24.3238,0.0000,150.0000,46.4739,13.0127,6.8107,6.2020,47.66,100.00
2010-12-25 16:00:00,Macquarie Island,54.8347,23.0841,23.0841,0.0000,0.0000,31.7506,0.0000,150.0000,54.8347,15.3537,8.8902,6.4635,42.10,100.00
2010-12-25 17:00:00,Macquarie Island,65.8140,47.6034,47.6034,0.0000,0.0000,18.2106,0.0000,150.0000,65.8140,18.4279,5.0990,13.3290,72.33,100.00
2010-12-25 18:00:00,Macquarie Island,61.0490,10.5463,10.5463,0.0000,0.0000,50.5027,0.0000,150.0000,61.0490,17.0937,14.1408,2.9530,17.28,100.00
2010-12-25 19:00:00,Macquarie Island,58.9643,28.9036,28.9036,0.0000,0.0000,30.0607,0.0000,150.0000,58.9643,16.5100,8.4170,8.0930,49.02,100.00
2010-12-25 20:00:00,Macquarie Island,54.9407,51.6833,51.6833,0.0000,0.0000,3.2574,0.0000,150.0000,54.9407,15.3834,0.9121,14.4713,94.07,100.00
2010-12-25 21:00:00,Macquarie Island,57.2144,42.4349,42.4349,0.0000,0.0000,14.7795,0.0000,150.0000,57.2144,16.0200,4.1383,11.8818,74.17,100.00
2010-12-25 22:00:00,Macquarie Island,48.8976,26.6900,26.6900,0.0000,0.0000,22.2076,0.0000,150.0000,48.8976,13.6913,6.2181,7.4732,54.58,100.00
2010-12-25 23:00:00,Macquarie Island,58.7182,39.4194,39.4194,0.0000,0.0000,19.2988,0.0000,150.0000,58.7182,16.4411,5.4037,11.0374,67.13,100.00
2010-12-26 00:00:00,Macquarie Island,48.4596,39.7264,39.7264,0.0000,0.0000,8.7332,0.0000,150.0000,48.4596,13.5687,2.4453,11.1234,81.98,100.00
2010-12-26 01:00:00,Macquarie Island,48.2942,36.3581,36.3581,0.0000,0.0000,11.9361,0.0000,150.0000,48.2942,13.5224,3.3421,10.1803,75.28,100.00
2010-12-26 02:00:00,Macquarie Island,50.1427,25.4132,25.4132,0.0000,0.0000,24.7295,0.0000,150.0000,50.1427,14.0400,6.9243,7.1157,50.68,100.00
2010-12-26 03:00:00,Macquarie Island,55.7291,44.1788,44.1788,0.0000,0.0000,11.5503,0.0000,150.0000,55.7291,15.6041,3.2341,12.3701,79.27,100.00
2010-12-26 04:00:00,Macquarie Island,60.1317,58.8586,58.8586,0.0000,0.0000,1.2731,0.0000,150.0000,60.1317,16.8369,0.3565,16.4804,97.88,100.00
2010-12-26 05:00:00,Macquarie Island,51.3598,43.2870,43.2870,0.0000,0.0000,8.0728,0.0000,150.0000,51.3598,14.3807,2.2604,12.1204,84.28,100.00
2010-12-26 06:00:00,Macquarie Island,52.3084,47.6081,47.6081,0.0000,0.0000,4.7003,0.0000,150.0000,52.3084,14.6464,1.3161,13.3303,91.01,100.00
2010-12-26 07:00:00,Macquarie Island,52.5769,12.4044,12.4044,0.0000,0.0000,40.1725,0.0000,150.0000,52.5769,14.7215,11.2483,3.4732,23.59,100.00
2010-12-26 08:00:00,Macquarie Island,48.1541,52.2022,48.1541,4.0481,0.0000,0.0000,0.0000,153.8457,48.1541,13.4831,0.0000,13.4831,100.00,100.00
2010-12-26 09:00:00,Macquarie Island,52.5960,47.3610,47.3610,0.0000,3.6534,1.5816,0.0000,150.0000,52.5960,14.7269,0.4428,14.2840,96.99,100.00
2010-12-26 10:00:00,Macquarie Island,54.4218,26.7576,26.7576,0.0000,0.0000,27.6642,0.0000,150.0000,54.4218,15.2381,7.7460,7.4921,49.17,100.00
2010-12-26 11:00:00,Macquarie Island,48.9668,16.8251,16.8251,0.0000,0.0000,32.1417,0.0000,150.0000,48.9668,13.7107,8.9997,4.7110,34.36,100.00
2010-12-26 12:00:00,Macquarie Island,50.4572,22.9660,22.9660,0.0000,0.0000,27.4912,0.0000,150.0000,50.4572,14.1280,7.6975,6.4305,45.52,100.00
2010-12-26 13:00:00,Macquarie Island,52.6137,16.6866,16.6866,0.0000,0.0000,35.9271,0.0000,150.0000,52.6137,14.7318,10.0596,4.6722,31.72,100.00
2010-12-26 14:00:00,Macquarie Island,54.9326,33.1548,33.1548,0.0000,0.0000,21.7778,0.0000,150.0000,54.9326,15.3811,6.0978,9.2833,60.36,100.00
2010-12-26 15:00:00,Macquarie Island,50.1638,6.1870,6.1870,0.0000,0.0000,43.9768,0.0000,150.0000,50.1638,14.0459,12.3135,1.7324,12.33,100.00
2010-12-26 16:00:00,Macquarie Island,52.2966,28.5168,28.5168,0.0000,0.0000,23.7798,0.0000,150.0000,52.2966,14.6430,6.6583,7.9847,54.53,100.00
2010-12-26 17:00:00,Macquarie Island,54.8156,11.9355,11.9355,0.0000,0.0000,42.8801,0.0000,150.0000,54.8156,15.3484,12.0064,3.3419,21.77,100.00
2010-12-26 18:00:00,Macquarie Island,58.6689,26.7528,26.7528,0.0000,0.0000,31.9161,0.0000,150.0000,58.6689,16.4273,8.9365,7.4908,45.60,100.00
2010-12-26 19:00:00,Macquarie Island,54.8530,15.3902,15.3902,0.0000,0.0000,39.4628,0.0000,150.0000,54.8530,15.3588,11.0496,4.3093,28.06,100.00
2010-12-26 20:00:00,Macquarie Island,50.1705,27.4991,27.4991,0.0000,0.0000,22.6714,0.0000,150.0000,50.1705,14.0477,6.3480,7.6997,54.81,100.00
2010-12-26 21:00:00,Macquarie Island,54.4478,40.1535,40.1535,0.0000,0.0000,14.2943,0.0000,150.0000,54.4478,15.2454,4.0024,11.2430,73.75,100.00
2010-12-26 22:00:00,Macquarie Island,61.7833,41.3626,41.3626,0.0000,0.0000,20.4207,0.0000,150.0000,61.7833,17.2993,5.7178,11.5815,66.95,100.00
2010-12-26 23:00:00,Macquarie Island,53.3347,50.8552,50.8552,0.0000,0.0000,2.4795,0.0000,150.0000,53.3347,14.9337,0.6943,14.2395,95.35,100.00
2010-12-27 00:00:00,Macquarie Island,46.1082,44.5613,44.5613,0.0000,0.0000,1.5469,0.0000,150.0000,46.1082,12.9103,0.4331,12.4772,96.65,100.00
2010-12-27 01:00:00,Macquarie Island,52.8789,58.4932,52.8789,5.6143,0.0000,0.0000,0.0000,155.3336,52.8789,14.8061,0.0000,14.8061,100.00,100.00
2010-12-27 02:00:00,Macquarie Island,49.6441,58.0886,49.6441,8.4445,0.0000,0.0000,0.0000,163.3559,49.6441,13.9003,0.0000,13.9003,100.00,100.00
2010-12-27 03:00:00,Macquarie Island,46.6668,51.5115,46.6668,4.8447,0.0000,0.0000,0.0000,167.9583,46.6668,13.0667,0.0000,13.0667,100.00,100.00
2010-12-27 04:00:00,Macquarie Island,50.3022,47.7616,47.7616,0.0000,2.5406,0.0000,0.0000,165.2840,50.3022,14.0846,0.0000,14.0846,100.00,100.00
2010-12-27 05:00:00,Macquarie Island,46.5493,44.5480,44.5480,0.0000,2.0013,0.0000,0.0000,163.1774,46.5493,13.0338,0.0000,13.0338,100.00,100.00
2010-12-27 06:00:00,Macquarie Island,59.0670,45.8483,45.8483,0.0000,12.5185,0.7002,0.0000,150.0000,59.0670,16.5388,0.1961,16.3427,98.81,100.00
2010-12-27 07:00:00,Macquarie Island,52.6551,52.8837,52.6551,0.2286,0.0000,0.0000,0.0000,150.2172,52.6551,14.7434,0.0000,14.7434,100.00,100.00
2010-12-27 08:00:00,Macquarie Island,58.9575,56.8198,56.8198,0.0000,0.2063,1.9314,0.0000,150.0000,58.9575,16.5081,0.5408,15.9673,96.72,100.00
2010-12-27 09:00:00,Macquarie Island,54.8783,44.8513,44.8513,0.0000,0.0000,10.0270,0.0000,150.0000,54.8783,15.3659,2.8076,12.5584,81.73,100.00
2010-12-27 10:00:00,Macquarie Island,52.3324,9.4261,9.4261,0.0000,0.0000,42.9063,0.0000,150.0000,52.3324,14.6531,12.0138,2.6393,18.01,100.00
2010-12-27 11:00:00,Macquarie Island,64.8732,15.3530,15.3530,0.0000,0.0000,49.5202,0.0000,150.0000,64.8732,18.1645,13.8657,4.2988,23.67,100.00
2010-12-27 12:00:00,Macquarie Island,55.6676,34.8774,34.8774,0.0000,0.0000,20.7902,0.0000,150.0000,55.6676,15.5869,5.8213,9.7657,62.65,100.00
2010-12-27 13:00:00,Macquarie Island,59.6897,38.6323,38.6323,0.0000,0.0000,21.0574,0.0000,150.0000,59.6897,16.7131,5.8961,10.8170,64.72,100.00
2010-12-27 14:00:00,Macquarie Island,46.5817,21.6088,21.6088,0.0000,0.0000,24.9729,0.0000,150.0000,46.5817,13.0429,6.9924,6.0505,46.39,100.00
2010-12-27 15:00:00,Macquarie Island,53.4981,12.6442,12.6442,0.0000,0.0000,40.8539,0.0000,150.0000,53.4981,14.9795,11.4391,3.5404,23.63,100.00
2010-12-27 16:00:00,Macquarie Island,52.6544,21.3284,21.3284,0.0000,0.0000,31.3260,0.0000,150.0000,52.6544,14.7432,8.7713,5.9720,40.51,100.00
2010-12-27 17:00:00,Macquarie Island,52.9850,14.9317,14.9317,0.0000,0.0000,38.0533,0.0000,150.0000,52.9850,14.8358,10.6549,4.1809,28.18,100.00
2010-12-27 18:00:00,Macquarie Island,59.8732,35.3688,35.3688,0.0000,0.0000,24.5044,0.0000,150.0000,59.8732,16.7645,6.8612,9.9033,59.07,100.00
2010-12-27 19:00:00,Macquarie Island,52.0405,13.5312,13.5312,0.0000,0.0000,38.5093,0.0000,150.0000,52.0405,14.5713,10.7826,3.7887,26.00,100.00
2010-12-27 20:00:00,Macquarie Island,52.5836,26.9570,26.9570,0.0000,0.0000,25.6266,0.0000,150.0000,52.5836,14.7234,7.1754,7.5480,51.27,100.00
2010-12-27 21:00:00,Macquarie Island,63.9667,16.9700,16.9700,0.0000,0.0000,46.9967,0.0000,150.0000,63.9667,17.9107,13.1591,4.7516,26.53,100.00
2010-12-27 22:00:00,Macquarie Island,52.0708,44.3158,44.3158,0.0000,0.0000,7.7550,0.0000,150.0000,52.0708,14.5798,2.1714,12.4084,85.11,100.00
2010-12-27 23:00:00,Macquarie Island,49.6353,37.6752,37.6752,0.0000,0.0000,11.9601,0.0000,150.0000,49.6353,13.8979,3.3488,10.5491,75.90,100.00
2010-12-28 00:00:00,Macquarie Island,53.9453,57.6628,53.9453,3.7175,0.0000,0.0000,0.0000,153.5316,53.9453,15.1047,0.0000,15.1047,100.00,100.00
2010-12-28 01:00:00,Macquarie Island,56.1396,58.5820,56.1396,2.4424,0.0000,0.0000,0.0000,155.8519,56.1396,15.7191,0.0000,15.7191,100.00,100.00
2010-12-28 02:00:00,Macquarie Island,53.8311,45.4315,45.4315,0.0000,5.5593,2.8403,0.0000,150.0000,53.8311,15.0727,0.7953,14.2774,94.72,100.00
2010-12-28 03:00:00,Macquarie Island,49.3793,49.0821,49.0821,0.0000,0.0000,0.2972,0.0000,150.0000,49.3793,13.8262,0.0832,13.7430,99.40,100.00
2010-12-28 04:00:00,Macquarie Island,51.6276,50.5625,50.5625,0.0000,0.0000,1.0651,0.0000,150.0000,51.6276,14.4557,0.2982,14.1575,97.94,100.00
2010-12-28 05:00:00,Macquarie Island,51.5929,24.3672,24.3672,0.0000,0.0000,27.2257,0.0000,150.0000,51.5929,14.4460,7.6232,6.8228,47.23,100.00
2010-12-28 06:00:00,Macquarie Island,58.7732,44.2296,44.2296,0.0000,0.0000,14.5436,0.0000,150.0000,58.7732,16.4565,4.0722,12.3843,75.25,100.00
2010-12-28 07:00:00,Macquarie Island,55.8199,51.8991,51.8991,0.0000,0.0000,3.9208,0.0000,150.0000,55.8199,15.6296,1.0978,14.5317,92.98,100.00
2010-12-28 08:00:00,Macquarie Island,55.1479,63.1592,55.1479,8.0113,0.0000,0.0000,0.0000,157.6107,55.1479,15.4414,0.0000,15.4414,100.00,100.00
2010-12-28 09:00:00,Macquarie Island,57.2503,23.8242,23.8242,0.0000,7.2302,26.1959,0.0000,150.0000,57.2503,16.0301,7.3349,8.6952,54.24,100.00
2010-12-28 10:00:00,Macquarie Island,60.5921,41.9969,41.9969,0.0000,0.0000,18.5952,0.0000,150.0000,60.5921,16.9658,5.2067,11.7591,69.31,100.00
2010-12-28 11:00:00,Macquarie Island,51.8057,32.6290,32.6290,0.0000,0.0000,19.1767,0.0000,150.0000,51.8057,14.5056,5.3695,9.1361,62.98,100.00
2010-12-28 12:00:00,Macquarie Island,57.9204,25.4169,25.4169,0.0000,0.0000,32.5035,0.0000,150.0000,57.9204,16.2177,9.1010,7.1167,43.88,100.00
2010-12-28 13:00:00,Macquarie Island,49.8168,14.7065,14.7065,0.0000,0.0000,35.1103,0.0000,150.0000,49.8168,13.9487,9.8309,4.1178,29.52,100.00
2010-12-28 14:00:00,Macquarie Island,52.9180,27.2705,27.2705,0.0000,0.0000,25.6475,0.0000,150.0000,52.9180,14.8170,7.1813,7.6357,51.53,100.00
2010-12-28 15:00:00,Macquarie Island,42.5780,12.5148,12.5148,0.0000,0.0000,30.0632,0.0000,150.0000,42.5780,11.9218,8.4177,3.5041,29.39,100.00
2010-12-28 16:00:00,Macquarie Island,53.6058,28.1565,28.1565,0.0000,0.0000,25.4493,0.0000,150.0000,53.6058,15.0096,7.1258,7.8838,52.53,100.00
2010-12-28 17:00:00,Macquarie Island,59.4996,8.0875,8.0875,0.0000,0.0000,51.4121,0.0000,150.0000,59.4996,16.6599,14.3954,2.2645,13.59,100.00
2010-12-28 18:00:00,Macquarie Island,60.1598,8.6368,8.6368,0.0000,0.0000,51.5230,0.0000,150.0000,60.1598,16.8447,14.4264,2.4183,14.36,100.00
2010-12-28 19:00:00,Macquarie Island,55.7875,9.3677,9.3677,0.0000,0.0000,46.4198,0.0000,150.0000,55.7875,15.6205,12.9975,2.6230,16.79,100.00
2010-12-28 20:00:00,Macquarie Island,56.1786,29.6869,29.6869,0.0000,0.0000,26.4917,0.0000,150.0000,56.1786,15.7300,7.4177,8.3123,52.84,100.00
2010-12-28 21:00:00,Macquarie Island,50.9935,48.5340,48.5340,0.0000,0.0000,2.4595,0.0000,150.0000,50.9935,14.2782,0.6887,13.5895,95.18,100.00
2010-12-28 22:00:00,Macquarie Island,47.8585,28.4758,28.4758,0.0000,0.0000,19.3827,0.0000,150.0000,47.8585,13.4004,5.4272,7.9732,59.50,100.00
2010-12-28 23:00:00,Macquarie Island,50.7661,27.0601,27.0601,0.0000,0.0000,23.7060,0.0000,150.0000,50.7661,14.2145,6.6377,7.5768,53.30,100.00
2010-12-29 00:00:00,Macquarie Island,48.3847,51.6475,48.3847,3.2628,0.0000,0.0000,0.0000,153.0997,48.3847,13.5477,0.0000,13.5477,100.00,100.00
2010-12-29 01:00:00,Macquarie Island,47.6051,15.8741,15.8741,0.0000,2.9447,28.7863,0.0000,150.0000,47.6051,13.3294,8.0602,5.2693,39.53,100.00
2010-12-29 02:00:00,Macquarie Island,53.6152,58.3391,53.6152,4.7239,0.0000,0.0000,0.0000,154.4877,53.6152,15.0123,0.0000,15.0123,100.00,100.00
2010-12-29 03:00:00,Macquarie Island,48.9603,46.6655,46.6655,0.0000,2.2948,0.0000,0.0000,152.0721,48.9603,13.7089,0.0000,13.7089,100.00,100.00
2010-12-29 04:00:00,Macquarie Island,58.6121,60.0155,58.6121,1.4034,0.0000,0.0000,0.0000,153.4054,58.6121,16.4114,0.0000,16.4114,100.00,100.00
2010-12-29 05:00:00,Macquarie Island,52.0991,59.1314,52.0991,7.0323,0.0000,0.0000,0.0000,160.0860,52.0991,14.5877,0.0000,14.5877,100.00,100.00
2010-12-29 06:00:00,Macquarie Island,55.3392,37.4540,37.4540,0.0000,9.5817,8.3035,0.0000,150.0000,55.3392,15.4950,2.3250,13.1700,85.00,100.00
2010-12-29 07:00:00,Macquarie Island,60.2772,48.2317,48.2317,0.0000,0.0000,12.0455,0.0000,150.0000,60.2772,16.8776,3.3727,13.5049,80.02,100.00
2010-12-29 08:00:00,Macquarie Island,51.9454,25.1841,25.1841,0.0000,0.0000,26.7613,0.0000,150.0000,51.9454,14.5447,7.4932,7.0515,48.48,100.00
2010-12-29 09:00:00,Macquarie Island,52.7328,30.0037,30.0037,0.0000,0.0000,22.7291,0.0000,150.0000,52.7328,14.7652,6.3641,8.4010,56.90,100.00
2010-12-29 10:00:00,Macquarie Island,53.9352,4.7201,4.7201,0.0000,0.0000,49.2151,0.0000,150.0000,53.9352,15.1019,13.7802,1.3216,8.75,100.00
2010-12-29 11:00:00,Macquarie Island,50.8651,8.2627,8.2627,0.0000,0.0000,42.6024,0.0000,150.0000,50.8651,14.2422,11.9287,2.3136,16.24,100.00
2010-12-29 12:00:00,Macquarie Island,59.5817,24.3170,24.3170,0.0000,0.0000,35.2647,0.0000,150.0000,59.5817,16.6829,9.8741,6.8088,40.81,100.00
2010-12-29 13:00:00,Macquarie Island,54.6197,51.9048,51.9048,0.0000,0.0000,2.7149,0.0000,150.0000,54.6197,15.2935,0.7602,14.5333,95.03,100.00
2010-12-29 14:00:00,Macquarie Island,51.2660,12.0693,12.0693,0.0000,0.0000,39.1967,0.0000,150.0000,51.2660,14.3545,10.9751,3.3794,23.54,100.00
2010-12-29 15:00:00,Macquarie Island,51.2105,16.3263,16.3263,0.0000,0.0000,34.8842,0.0000,150.0000,51.2105,14.3389,9.7676,4.5714,31.88,100.00
2010-12-29 16:00:00,Macquarie Island,56.8297,45.1429,45.1429,0.0000,0.0000,11.6868,0.0000,150.0000,56.8297,15.9123,3.2723,12.6400,79.44,100.00
2010-12-29 17:00:00,Macquarie Island,51.7553,13.1928,13.1928,0.0000,0.0000,38.5625,0.0000,150.0000,51.7553,14.4915,10.7975,3.6940,25.49,100.00
2010-12-29 18:00:00,Macquarie Island,57.3026,52.8725,52.8725,0.0000,0.0000,4.4301,0.0000,150.0000,57.3026,16.0447,1.2404,14.8043,92.27,100.00
2010-12-29 19:00:00,Macquarie Island,64.7210,13.2808,13.2808,0.0000,0.0000,51.4402,0.0000,150.0000,64.7210,18.1219,14.4033,3.7186,20.52,100.00
2010-12-29 20:00:00,Macquarie Island,61.4846,61.1417,61.1417,0.0000,0.0000,0.3429,0.0000,150.0000,61.4846,17.2157,0.0960,17.1197,99.44,100.00
2010-12-29 21:00:00,Macquarie Island,56.3100,49.6782,49.6782,0.0000,0.0000,6.6318,0.0000,150.0000,56.3100,15.7668,1.8569,13.9099,88.22,100.00
2010-12-29 22:00:00,Macquarie Island,55.1905,53.3812,53.3812,0.0000,0.0000,1.8093,0.0000,150.0000,55.1905,15.4533,0.5066,14.9467,96.72,100.00
2010-12-29 23:00:00,Macquarie Island,54.1580,54.1409,54.1409,0.0000,0.0000,0.0171,0.0000,150.0000,54.1580,15.1642,0.0048,15.1595,99.97,100.00
2010-12-30 00:00:00,Macquarie Island,49.3009,57.6628,49.3009,8.3619,0.0000,0.0000,0.0000,157.9438,49.3009,13.8043,0.0000,13.8043,100.00,100.00
2010-12-30 01:00:00,Macquarie Island,55.8334,42.1381,42.1381,0.0000,7.5466,6.1487,0.0000,150.0000,55.8334,15.6334,1.7216,13.9117,88.99,100.00
2010-12-30 02:00:00,Macquarie Island,50.1537,45.0192,45.0192,0.0000,0.0000,5.1345,0.0000,150.0000,50.1537,14.0430,1.4377,12.6054,89.76,100.00
2010-12-30 03:00:00,Macquarie Island,51.8118,49.0821,49.0821,0.0000,0.0000,2.7297,0.0000,150.0000,51.8118,14.5073,0.7643,13.7430,94.73,100.00
2010-12-30 04:00:00,Macquarie Island,58.0743,43.1517,43.1517,0.0000,0.0000,14.9226,0.0000,150.0000,58.0743,16.2608,4.1783,12.0825,74.30,100.00
2010-12-30 05:00:00,Macquarie Island,56.6950,53.0810,53.0810,0.0000,0.0000,3.6140,0.0000,150.0000,56.6950,15.8746,1.0119,14.8627,93.63,100.00
2010-12-30 06:00:00,Macquarie Island,44.8293,44.3520,44.3520,0.0000,0.0000,0.4773,0.0000,150.0000,44.8293,12.5522,0.1336,12.4186,98.94,100.00
2010-12-30 07:00:00,Macquarie Island,51.9467,49.2205,49.2205,0.0000,0.0000,2.7262,0.0000,150.0000,51.9467,14.5451,0.7633,13.7817,94.75,100.00
2010-12-30 08:00:00,Macquarie Island,52.2716,35.7862,35.7862,0.0000,0.0000,16.4854,0.0000,150.0000,52.2716,14.6360,4.6159,10.0201,68.46,100.00
2010-12-30 09:00:00,Macquarie Island,47.8969,25.3398,25.3398,0.0000,0.0000,22.5571,0.0000,150.0000,47.8969,13.4111,6.3160,7.0951,52.90,100.00
2010-12-30 10:00:00,Macquarie Island,49.2768,21.6287,21.6287,0.0000,0.0000,27.6481,0.0000,150.0000,49.2768,13.7975,7.7415,6.0560,43.89,100.00
2010-12-30 11:00:00,Macquarie Island,50.1617,42.0904,42.0904,0.0000,0.0000,8.0713,0.0000,150.0000,50.1617,14.0453,2.2600,11.7853,83.91,100.00
2010-12-30 12:00:00,Macquarie Island,51.0611,35.9555,35.9555,0.0000,0.0000,15.1056,0.0000,150.0000,51.0611,14.2971,4.2296,10.0675,70.42,100.00
2010-12-30 13:00:00,Macquarie Island,49.6814,24.9143,24.9143,0.0000,0.0000,24.7671,0.0000,150.0000,49.6814,13.9108,6.9348,6.9760,50.15,100.00
2010-12-30 14:00:00,Macquarie Island,56.8738,27.3863,27.3863,0.0000,0.0000,29.4875,0.0000,150.0000,56.8738,15.9247,8.2565,7.6682,48.15,100.00
2010-12-30 15:00:00,Macquarie Island,55.7082,21.0034,21.0034,0.0000,0.0000,34.7048,0.0000,150.0000,55.7082,15.5983,9.7173,5.8810,37.70,100.00
2010-12-30 16:00:00,Macquarie Island,51.5293,22.6817,22.6817,0.0000,0.0000,28.8476,0.0000,150.0000,51.5293,14.4282,8.0773,6.3509,44.02,100.00
2010-12-30 17:00:00,Macquarie Island,54.7599,10.6433,10.6433,0.0000,0.0000,44.1166,0.0000,150.0000,54.7599,15.3328,12.3526,2.9801,19.44,100.00
2010-12-30 18:00:00,Macquarie Island,61.6939,30.5007,30.5007,0.0000,0.0000,31.1932,0.0000,150.0000,61.6939,17.2743,8.7341,8.5402,49.44,100.00
2010-12-30 19:00:00,Macquarie Island,61.4945,25.2783,25.2783,0.0000,0.0000,36.2162,0.0000,150.0000,61.4945,17.2185,10.1405,7.0779,41.11,100.00
2010-12-30 20:00:00,Macquarie Island,53.0099,32.5699,32.5699,0.0000,0.0000,20.4400,0.0000,150.0000,53.0099,14.8428,5.7232,9.1196,61.44,100.00
2010-12-30 21:00:00,Macquarie Island,51.8460,15.5583,15.5583,0.0000,0.0000,36.2877,0.0000,150.0000,51.8460,14.5169,10.1606,4.3563,30.01,100.00
2010-12-30 22:00:00,Macquarie Island,53.7199,41.8622,41.8622,0.0000,0.0000,11.8577,0.0000,150.0000,53.7199,15.0416,3.3202,11.7214,77.93,100.00
2010-12-30 23:00:00,Macquarie Island,45.8804,30.3686,30.3686,0.0000,0.0000,15.5118,0.0000,150.0000,45.8804,12.8465,4.3433,8.5032,66.19,100.00
2010-12-31 00:00:00,Macquarie Island,55.5053,32.8363,32.8363,0.0000,0.0000,22.6690,0.0000,150.0000,55.5053,15.5415,6.3473,9.1942,59.16,100.00
2010-12-31 01:00:00,Macquarie Island,53.9616,38.4945,38.4945,0.0000,0.0000,15.4671,0.0000,150.0000,53.9616,15.1092,4.3308,10.7785,71.34,100.00
2010-12-31 02:00:00,Macquarie Island,47.7978,57.3706,47.7978,9.5728,0.0000,0.0000,0.0000,159.0942,47.7978,13.3834,0.0000,13.3834,100.00,100.00
2010-12-31 03:00:00,Macquarie Island,53.4873,48.2856,48.2856,0.0000,5.2017,0.0000,0.0000,153.6187,53.4873,14.9764,0.0000,14.9764,100.00,100.00
2010-12-31 04:00:00,Macquarie Island,55.4936,62.9903,55.4936,7.4967,0.0000,0.0000,0.0000,160.7406,55.4936,15.5382,0.0000,15.5382,100.00,100.00
2010-12-31 05:00:00,Macquarie Island,56.4359,65.1849,56.4359,8.7490,0.0000,0.0000,0.0000,169.0521,56.4359,15.8021,0.0000,15.8021,100.00,100.00
2010-12-31 06:00:00,Macquarie Island,61.3219,46.7432,46.7432,0.0000,14.5787,0.0000,0.0000,153.7061,61.3219,17.1701,0.0000,17.1701,100.00,100.00
2010-12-31 07:00:00,Macquarie Island,50.2517,43.2540,43.2540,0.0000,3.5208,3.4769,0.0000,150.0000,50.2517,14.0705,0.9735,13.0969,93.08,100.00
2010-12-31 08:00:00,Macquarie Island,52.5249,58.5385,52.5249,6.0136,0.0000,0.0000,0.0000,155.7129,52.5249,14.7070,0.0000,14.7070,100.00,100.00
2010-12-31 09:00:00,Macquarie Island,60.8607,51.8382,51.8382,0.0000,5.4273,3.5952,0.0000,150.0000,60.8607,17.0410,1.0067,16.0343,94.09,100.00
2010-12-31 10:00:00,Macquarie Island,52.8969,48.3857,48.3857,0.0000,0.0000,4.5112,0.0000,150.0000,52.8969,14.8111,1.2631,13.5480,91.47,100.00
2010-12-31 11:00:00,Macquarie Island,56.5079,35.5535,35.5535,0.0000,0.0000,20.9544,0.0000,150.0000,56.5079,15.8222,5.8672,9.9550,62.92,100.00
2010-12-31 12:00:00,Macquarie Island,49.0760,25.5359,25.5359,0.0000,0.0000,23.5401,0.0000,150.0000,49.0760,13.7413,6.5912,7.1501,52.03,100.00
2010-12-31 13:00:00,Macquarie Island,51.7537,33.9647,33.9647,0.0000,0.0000,17.7890,0.0000,150.0000,51.7537,14.4910,4.9809,9.5101,65.63,100.00
2010-12-31 14:00:00,Macquarie Island,61.1147,5.3548,5.3548,0.0000,0.0000,55.7599,0.0000,150.0000,61.1147,17.1121,15.6128,1.4993,8.76,100.00
2010-12-31 15:00:00,Macquarie Island,52.5803,32.1915,32.1915,0.0000,0.0000,20.3888,0.0000,150.0000,52.5803,14.7225,5.7089,9.0136,61.22,100.00
2010-12-31 16:00:00,Macquarie Island,48.7694,18.8022,18.8022,0.0000,0.0000,29.9672,0.0000,150.0000,48.7694,13.6554,8.3908,5.2646,38.55,100.00
2010-12-31 17:00:00,Macquarie Island,57.1454,12.7360,12.7360,0.0000,0.0000,44.4094,0.0000,150.0000,57.1454,16.0007,12.4346,3.5661,22.29,100.00
2010-12-31 18:00:00,Macquarie Island,58.8270,11.3060,11.3060,0.0000,0.0000,47.5210,0.0000,150.0000,58.8270,16.4716,13.3059,3.1657,19.22,100.00
2010-12-31 19:00:00,Macquarie Island,59.7549,8.0228,8.0228,0.0000,0.0000,51.7321,0.0000,150.0000,59.7549,16.7314,14.4850,2.2464,13.43,100.00
2010-12-31 20:00:00,Macquarie Island,57.1169,62.1879,57.1169,5.0710,0.0000,0.0000,0.0000,154.8175,57.1169,15.9927,0.0000,15.9927,100.00,100.00
2010-12-31 21:00:00,Macquarie Island,49.7575,30.2261,30.2261,0.0000,4.5766,14.9548,0.0000,150.0000,49.7575,13.9321,4.1874,9.7447,69.94,100.00
2010-12-31 22:00:00,Macquarie Island,49.6961,8.2943,8.2943,0.0000,0.0000,41.4018,0.0000,150.0000,49.6961,13.9149,11.5925,2.3224,16.69,100.00
2010-10-21 08:00:00,Mawson,115.1482,372.3146,115.1482,257.1664,0.0000,0.0000,0.0000,994.3081,115.1482,32.2415,0.0000,32.2415,100.00,100.00
2010-10-21 09:00:00,Mawson,129.0380,377.6793,129.0380,248.6413,0.0000,0.0000,0.0000,1230.5173,129.0380,36.1306,0.0000,36.1306,100.00,100.00
2010-10-21 10:00:00,Mawson,136.1834,401.5957,136.1834,265.4123,0.0000,0.0000,0.0000,1482.6590,136.1834,38.1314,0.0000,38.1314,100.00,100.00
2010-10-21 11:00:00,Mawson,117.0381,294.6171,117.0381,18.2537,0.0000,0.0000,159.3253,1500.0000,117.0381,32.7707,0.0000,32.7707,100.00,45.92
2010-10-21 12:00:00,Mawson,130.1554,412.5842,130.1554,0.0000,0.0000,0.0000,282.4288,1500.0000,130.1554,36.4435,0.0000,36.4435,100.00,31.55
2010-10-21 13:00:00,Mawson,139.0653,418.1688,139.0653,0.0000,0.0000,0.0000,279.1035,1500.0000,139.0653,38.9383,0.0000,38.9383,100.00,33.26
2010-10-21 14:00:00,Mawson,130.2472,403.7723,130.2472,0.0000,0.0000,0.0000,273.5251,1500.0000,130.2472,36.4692,0.0000,36.4692,100.00,32.26
2010-10-21 15:00:00,Mawson,136.8025,392.5078,136.8025,0.0000,0.0000,0.0000,255.7053,1500.0000,136.8025,38.3047,0.0000,38.3047,100.00,34.85
2010-10-21 16:00:00,Mawson,150.3289,272.7272,150.3289,0.0000,0.0000,0.0000,122.3983,1500.0000,150.3289,42.0921,0.0000,42.0921,100.00,55.12
2010-10-21 17:00:00,Mawson,130.4129,350.8452,130.4129,0.0000,0.0000,0.0000,220.4323,1500.0000,130.4129,36.5156,0.0000,36.5156,100.00,37.17
2010-10-21 18:00:00,Mawson,149.7444,246.2511,149.7444,0.0000,0.0000,0.0000,96.5067,1500.0000,149.7444,41.9284,0.0000,41.9284,100.00,60.81
2010-10-21 19:00:00,Mawson,157.5442,290.9467,157.5442,0.0000,0.0000,0.0000,133.4025,1500.0000,157.5442,44.1124,0.0000,44.1124,100.00,54.15
2010-10-21 20:00:00,Mawson,119.3175,312.9677,119.3175,0.0000,0.0000,0.0000,193.6502,1500.0000,119.3175,33.4089,0.0000,33.4089,100.00,38.12
2010-10-21 21:00:00,Mawson,135.2706,291.0028,135.2706,0.0000,0.0000,0.0000,155.7322,1500.0000,135.2706,37.8758,0.0000,37.8758,100.00,46.48
2010-10-21 22:00:00,Mawson,130.7491,303.8099,130.7491,0.0000,0.0000,0.0000,173.0608,1500.0000,130.7491,36.6097,0.0000,36.6097,100.00,43.04
2010-10-21 23:00:00,Mawson,133.8932,308.4746,133.8932,0.0000,0.0000,0.0000,174.5814,1500.0000,133.8932,37.4901,0.0000,37.4901,100.00,43.40
2010-10-22 00:00:00,Mawson,119.7064,301.5118,119.7064,0.0000,0.0000,0.0000,181.8054,1500.0000,119.7064,33.5178,0.0000,33.5178,100.00,39.70
2010-10-22 01:00:00,Mawson,127.4344,303.1670,127.4344,0.0000,0.0000,0.0000,175.7326,1500.0000,127.4344,35.6816,0.0000,35.6816,100.00,42.03
2010-10-22 02:00:00,Mawson,111.0324,295.5985,111.0324,0.0000,0.0000,0.0000,184.5661,1500.0000,111.0324,31.0891,0.0000,31.0891,100.00,37.56
2010-10-22 03:00:00,Mawson,119.2016,287.9538,119.2016,0.0000,0.0000,0.0000,168.7522,1500.0000,119.2016,33.3764,0.0000,33.3764,100.00,41.40
2010-10-22 04:00:00,Mawson,130.7906,299.2816,130.7906,0.0000,0.0000,0.0000,168.4910,1500.0000,130.7906,36.6214,0.0000,36.6214,100.00,43.70
2010-10-22 05:00:00,Mawson,122.7285,245.0830,122.7285,0.0000,0.0000,0.0000,122.3545,1500.0000,122.7285,34.3640,0.0000,34.3640,100.00,50.08
2010-10-22 06:00:00,Mawson,137.1246,310.8673,137.1246,0.0000,0.0000,0.0000,173.7427,1500.0000,137.1246,38.3949,0.0000,38.3949,100.00,44.11
2010-10-22 07:00:00,Mawson,141.6455,337.8435,141.6455,0.0000,0.0000,0.0000,196.1980,1500.0000,141.6455,39.6607,0.0000,39.6607,100.00,41.93
2010-10-22 08:00:00,Mawson,154.6658,360.2668,154.6658,0.0000,0.0000,0.0000,205.6010,1500.0000,154.6658,43.3064,0.0000,43.3064,100.00,42.93
2010-10-22 09:00:00,Mawson,123.1612,232.0709,123.1612,0.0000,0.0000,0.0000,108.9097,1500.0000,123.1612,34.4851,0.0000,34.4851,100.00,53.07
2010-10-22 10:00:00,Mawson,137.8351,398.0063,137.8351,0.0000,0.0000,0.0000,260.1712,1500.0000,137.8351,38.5938,0.0000,38.5938,100.00,34.63
2010-10-22 11:00:00,Mawson,134.6559,408.0653,134.6559,0.0000,0.0000,0.0000,273.4094,1500.0000,134.6559,37.7037,0.0000,37.7037,100.00,33.00
2010-10-22 12:00:00,Mawson,122.2845,347.2845,122.2845,0.0000,0.0000,0.0000,225.0000,1500.0000,122.2845,34.2397,0.0000,34.2397,100.00,35.21
2010-10-22 13:00:00,Mawson,116.8777,385.8829,116.8777,0.0000,0.0000,0.0000,269.0052,1500.0000,116.8777,32.7258,0.0000,32.7258,100.00,30.29
2010-10-22 14:00:00,Mawson,124.2259,407.7940,124.2259,0.0000,0.0000,0.0000,283.5681,1500.0000,124.2259,34.7833,0.0000,34.7833,100.00,30.46
2010-10-22 15:00:00,Mawson,133.7930,392.4755,133.7930,0.0000,0.0000,0.0000,258.6825,1500.0000,133.7930,37.4620,0.0000,37.4620,100.00,34.09
2010-10-22 16:00:00,Mawson,133.1686,368.7901,133.1686,0.0000,0.0000,0.0000,235.6215,1500.0000,133.1686,37.2872,0.0000,37.2872,100.00,36.11
2010-10-22 17:00:00,Mawson,122.6162,343.9107,122.6162,0.0000,0.0000,0.0000,221.2945,1500.0000,122.6162,34.3325,0.0000,34.3325,100.00,35.65
2010-10-22 18:00:00,Mawson,138.3753,144.1680,138.3753,0.0000,0.0000,0.0000,5.7927,1500.0000,138.3753,38.7451,0.0000,38.7451,100.00,95.98
2010-10-22 19:00:00,Mawson,141.9624,310.5152,141.9624,0.0000,0.0000,0.0000,168.5528,1500.0000,141.9624,39.7495,0.0000,39.7495,100.00,45.72
2010-10-22 20:00:00,Mawson,119.8776,288.0019,119.8776,0.0000,0.0000,0.0000,168.1243,1500.0000,119.8776,33.5657,0.0000,33.5657,100.00,41.62
2010-10-22 21:00:00,Mawson,149.3020,304.8785,149.3020,0.0000,0.0000,0.0000,155.5765,1500.0000,149.3020,41.8046,0.0000,41.8046,100.00,48.97
2010-10-22 22:00:00,Mawson,141.5196,306.4690,141.5196,0.0000,0.0000,0.0000,164.9494,1500.0000,141.5196,39.6255,0.0000,39.6255,100.00,46.18
2010-10-22 23:00:00,Mawson,119.6623,305.5761,119.6623,0.0000,0.0000,0.0000,185.9138,1500.0000,119.6623,33.5054,0.0000,33.5054,100.00,39.16
2010-10-23 00:00:00,Mawson,125.9891,302.0839,125.9891,0.0000,0.0000,0.0000,176.0948,1500.0000,125.9891,35.2769,0.0000,35.2769,100.00,41.71
2010-10-23 01:00:00,Mawson,123.7216,300.2913,123.7216,0.0000,0.0000,0.0000,176.5697,1500.0000,123.7216,34.6420,0.0000,34.6420,100.00,41.20
2010-10-23 02:00:00,Mawson,124.2280,297.4146,124.2280,0.0000,0.0000,0.0000,173.1866,1500.0000,124.2280,34.7838,0.0000,34.7838,100.00,41.77
2010-10-23 03:00:00,Mawson,129.1282,296.6307,129.1282,0.0000,0.0000,0.0000,167.5025,1500.0000,129.1282,36.1559,0.0000,36.1559,100.00,43.53
2010-10-23 04:00:00,Mawson,119.5178,232.6617,119.5178,0.0000,0.0000,0.0000,113.1439,1500.0000,119.5178,33.4650,0.0000,33.4650,100.00,51.37
2010-10-23 05:00:00,Mawson,121.4830,302.0788,121.4830,0.0000,0.0000,0.0000,180.5958,1500.0000,121.4830,34.0152,0.0000,34.0152,100.00,40.22
2010-10-23 06:00:00,Mawson,125.4509,317.0084,125.4509,0.0000,0.0000,0.0000,191.5575,1500.0000,125.4509,35.1263,0.0000,35.1263,100.00,39.57
2010-10-23 07:00:00,Mawson,123.4667,336.7312,123.4667,0.0000,0.0000,0.0000,213.2645,1500.0000,123.4667,34.5707,0.0000,34.5707,100.00,36.67
2010-10-23 08:00:00,Mawson,117.2314,247.0130,117.2314,0.0000,0.0000,0.0000,129.7816,1500.0000,117.2314,32.8248,0.0000,32.8248,100.00,47.46
2010-10-23 09:00:00,Mawson,126.5232,383.0558,126.5232,0.0000,0.0000,0.0000,256.5326,1500.0000,126.5232,35.4265,0.0000,35.4265,100.00,33.03
2010-10-23 10:00:00,Mawson,133.6012,398.3990,133.6012,0.0000,0.0000,0.0000,264.7978,1500.0000,133.6012,37.4083,0.0000,37.4083,100.00,33.53
2010-10-23 11:00:00,Mawson,141.6608,414.6751,141.6608,0.0000,0.0000,0.0000,273.0143,1500.0000,141.6608,39.6650,0.0000,39.6650,100.00,34.16
2010-10-23 12:00:00,Mawson,140.2323,418.1176,140.2323,0.0000,0.0000,0.0000,277.8853,1500.0000,140.2323,39.2650,0.0000,39.2650,100.00,33.54
2010-10-23 13:00:00,Mawson,133.1770,386.9153,133.1770,0.0000,0.0000,0.0000,253.7383,1500.0000,133.1770,37.2896,0.0000,37.2896,100.00,34.42
2010-10-23 14:00:00,Mawson,126.9546,411.5851,126.9546,0.0000,0.0000,0.0000,284.6305,1500.0000,126.9546,35.5473,0.0000,35.5473,100.00,30.85
2010-10-23 15:00:00,Mawson,128.3983,385.4992,128.3983,0.0000,0.0000,0.0000,257.1009,1500.0000,128.3983,35.9515,0.0000,35.9515,100.00,33.31
2010-10-23 16:00:00,Mawson,129.7869,354.6777,129.7869,0.0000,0.0000,0.0000,224.8908,1500.0000,129.7869,36.3403,0.0000,36.3403,100.00,36.59
2010-10-23 17:00:00,Mawson,146.5540,292.7938,146.5540,0.0000,0.0000,0.0000,146.2398,1500.0000,146.5540,41.0351,0.0000,41.0351,100.00,50.05
2010-10-23 18:00:00,Mawson,145.4379,320.6320,145.4379,0.0000,0.0000,0.0000,175.1941,1500.0000,145.4379,40.7226,0.0000,40.7226,100.00,45.36
2010-10-23 19:00:00,Mawson,155.6946,315.3929,155.6946,0.0000,0.0000,0.0000,159.6983,1500.0000,155.6946,43.5945,0.0000,43.5945,100.00,49.37
2010-10-23 20:00:00,Mawson,126.1989,325.8556,126.1989,0.0000,0.0000,0.0000,199.6567,1500.0000,126.1989,35.3357,0.0000,35.3357,100.00,38.73
2010-10-23 21:00:00,Mawson,129.2114,304.7143,129.2114,0.0000,0.0000,0.0000,175.5029,1500.0000,129.2114,36.1792,0.0000,36.1792,100.00,42.40
2010-10-23 22:00:00,Mawson,141.2807,295.8864,141.2807,0.0000,0.0000,0.0000,154.6057,1500.0000,141.2807,39.5586,0.0000,39.5586,100.00,47.75
2010-10-23 23:00:00,Mawson,123.0932,305.3316,123.0932,0.0000,0.0000,0.0000,182.2384,1500.0000,123.0932,34.4661,0.0000,34.4661,100.00,40.31
2010-10-24 00:00:00,Mawson,120.0219,302.6829,120.0219,0.0000,0.0000,0.0000,182.6610,1500.0000,120.0219,33.6061,0.0000,33.6061,100.00,39.65
2010-10-24 01:00:00,Mawson,113.9595,297.2513,113.9595,0.0000,0.0000,0.0000,183.2918,1500.0000,113.9595,31.9087,0.0000,31.9087,100.00,38.34
2010-10-24 02:00:00,Mawson,107.0416,295.1769,107.0416,0.0000,0.0000,0.0000,188.1353,1500.0000,107.0416,29.9716,0.0000,29.9716,100.00,36.26
2010-10-24 03:00:00,Mawson,147.4959,292.1932,147.4959,0.0000,0.0000,0.0000,144.6973,1500.0000,147.4959,41.2989,0.0000,41.2989,100.00,50.48
2010-10-24 04:00:00,Mawson,125.0739,280.2092,125.0739,0.0000,0.0000,0.0000,155.1353,1500.0000,125.0739,35.0207,0.0000,35.0207,100.00,44.64
2010-10-24 05:00:00,Mawson,133.9172,299.6412,133.9172,0.0000,0.0000,0.0000,165.7240,1500.0000,133.9172,37.4968,0.0000,37.4968,100.00,44.69
2010-10-24 06:00:00,Mawson,135.8463,292.3954,135.8463,0.0000,0.0000,0.0000,156.5491,1500.0000,135.8463,38.0370,0.0000,38.0370,100.00,46.46
2010-10-24 07:00:00,Mawson,119.6604,336.8260,119.6604,0.0000,0.0000,0.0000,217.1656,1500.0000,119.6604,33.5049,0.0000,33.5049,100.00,35.53
2010-10-24 08:00:00,Mawson,126.0722,362.2459,126.0722,0.0000,0.0000,0.0000,236.1737,1500.0000,126.0722,35.3002,0.0000,35.3002,100.00,34.80
2010-10-24 09:00:00,Mawson,132.2268,357.6714,132.2268,0.0000,0.0000,0.0000,225.4446,1500.0000,132.2268,37.0235,0.0000,37.0235,100.00,36.97
2010-10-24 10:00:00,Mawson,145.0616,402.1316,145.0616,0.0000,0.0000,0.0000,257.0700,1500.0000,145.0616,40.6172,0.0000,40.6172,100.00,36.07
2010-10-24 11:00:00,Mawson,133.2308,415.6807,133.2308,0.0000,0.0000,0.0000,282.4499,1500.0000,133.2308,37.3046,0.0000,37.3046,100.00,32.05
2010-10-24 12:00:00,Mawson,137.6730,412.9207,137.6730,0.0000,0.0000,0.0000,275.2477,1500.0000,137.6730,38.5484,0.0000,38.5484,100.00,33.34
2010-10-24 13:00:00,Mawson,134.4737,416.0774,134.4737,0.0000,0.0000,0.0000,281.6037,1500.0000,134.4737,37.6526,0.0000,37.6526,100.00,32.32
2010-10-24 14:00:00,Mawson,160.1523,404.6580,160.1523,0.0000,0.0000,0.0000,244.5057,1500.0000,160.1523,44.8426,0.0000,44.8426,100.00,39.58
2010-10-24 15:00:00,Mawson,141.9068,396.4064,141.9068,0.0000,0.0000,0.0000,254.4996,1500.0000,141.9068,39.7339,0.0000,39.7339,100.00,35.80
2010-10-24 16:00:00,Mawson,121.2392,376.4960,121.2392,0.0000,0.0000,0.0000,255.2568,1500.0000,121.2392,33.9470,0.0000,33.9470,100.00,32.20
2010-10-24 17:00:00,Mawson,132.1612,292.4774,132.1612,0.0000,0.0000,0.0000,160.3162,1500.0000,132.1612,37.0051,0.0000,37.0051,100.00,45.19
2010-10-24 18:00:00,Mawson,126.6684,295.7626,126.6684,0.0000,0.0000,0.0000,169.0942,1500.0000,126.6684,35.4672,0.0000,35.4672,100.00,42.83
2010-10-24 19:00:00,Mawson,142.6887,290.1418,142.6887,0.0000,0.0000,0.0000,147.4531,1500.0000,142.6887,39.9528,0.0000,39.9528,100.00,49.18
2010-10-24 20:00:00,Mawson,133.3967,280.8926,133.3967,0.0000,0.0000,0.0000,147.4959,1500.0000,133.3967,37.3511,0.0000,37.3511,100.00,47.49
2010-10-24 21:00:00,Mawson,130.7261,293.6349,130.7261,0.0000,0.0000,0.0000,162.9088,1500.0000,130.7261,36.6033,0.0000,36.6033,100.00,44.52
2010-10-24 22:00:00,Mawson,135.2073,293.1283,135.2073,0.0000,0.0000,0.0000,157.9210,1500.0000,135.2073,37.8580,0.0000,37.8580,100.00,46.13
2010-10-24 23:00:00,Mawson,124.2514,305.7522,124.2514,0.0000,0.0000,0.0000,181.5008,1500.0000,124.2514,34.7904,0.0000,34.7904,100.00,40.64
2010-10-25 00:00:00,Mawson,130.3284,301.9925,130.3284,0.0000,0.0000,0.0000,171.6641,1500.0000,130.3284,36.4920,0.0000,36.4920,100.00,43.16
2010-10-25 01:00:00,Mawson,117.8429,299.4130,117.8429,0.0000,0.0000,0.0000,181.5701,1500.0000,117.8429,32.9960,0.0000,32.9960,100.00,39.36
2010-10-25 02:00:00,Mawson,123.9147,295.0215,123.9147,0.0000,0.0000,0.0000,171.1068,1500.0000,123.9147,34.6961,0.0000,34.6961,100.00,42.00
2010-10-25 03:00:00,Mawson,128.2571,296.2872,128.2571,0.0000,0.0000,0.0000,168.0301,1500.0000,128.2571,35.9120,0.0000,35.9120,100.00,43.29
2010-10-25 04:00:00,Mawson,143.6886,302.0604,143.6886,0.0000,0.0000,0.0000,158.3718,1500.0000,143.6886,40.2328,0.0000,40.2328,100.00,47.57
2010-10-25 05:00:00,Mawson,123.7787,301.9058,123.7787,0.0000,0.0000,0.0000,178.1271,1500.0000,123.7787,34.6580,0.0000,34.6580,100.00,41.00
2010-10-25 06:00:00,Mawson,152.9273,253.3618,152.9273,0.0000,0.0000,0.0000,100.4345,1500.0000,152.9273,42.8196,0.0000,42.8196,100.00,60.36
2010-10-25 07:00:00,Mawson,130.1536,330.6511,130.1536,0.0000,0.0000,0.0000,200.4975,1500.0000,130.1536,36.4430,0.0000,36.4430,100.00,39.36
2010-10-25 08:00:00,Mawson,129.5562,360.9812,129.5562,0.0000,0.0000,0.0000,231.4250,1500.0000,129.5562,36.2757,0.0000,36.2757,100.00,35.89
2010-10-25 09:00:00,Mawson,121.5577,385.5188,121.5577,0.0000,0.0000,0.0000,263.9611,1500.0000,121.5577,34.0362,0.0000,34.0362,100.00,31.53
2010-10-25 10:00:00,Mawson,126.9761,401.4297,126.9761,0.0000,0.0000,0.0000,274.4536,1500.0000,126.9761,35.5533,0.0000,35.5533,100.00,31.63
2010-10-25 11:00:00,Mawson,137.0396,416.3668,137.0396,0.0000,0.0000,0.0000,279.3272,1500.0000,137.0396,38.3711,0.0000,38.3711,100.00,32.91
2010-10-25 12:00:00,Mawson,125.9347,410.6073,125.9347,0.0000,0.0000,0.0000,284.6726,1500.0000,125.9347,35.2617,0.0000,35.2617,100.00,30.67
2010-10-25 13:00:00,Mawson,148.5122,413.2967,148.5122,0.0000,0.0000,0.0000,264.7845,1500.0000,148.5122,41.5834,0.0000,41.5834,100.00,35.93
2010-10-25 14:00:00,Mawson,128.4097,409.5810,128.4097,0.0000,0.0000,0.0000,281.1713,1500.0000,128.4097,35.9547,0.0000,35.9547,100.00,31.35
2010-10-25 15:00:00,Mawson,125.4136,360.4028,125.4136,0.0000,0.0000,0.0000,234.9892,1500.0000,125.4136,35.1158,0.0000,35.1158,100.00,34.80
2010-10-25 16:00:00,Mawson,141.5370,341.2071,141.5370,0.0000,0.0000,0.0000,199.6701,1500.0000,141.5370,39.6304,0.0000,39.6304,100.00,41.48
2010-10-25 17:00:00,Mawson,133.8997,295.2209,133.8997,0.0000,0.0000,0.0000,161.3212,1500.0000,133.8997,37.4919,0.0000,37.4919,100.00,45.36
2010-10-25 18:00:00,Mawson,143.9658,310.7541,143.9658,0.0000,0.0000,0.0000,166.7883,1500.0000,143.9658,40.3104,0.0000,40.3104,100.00,46.33
2010-10-25 19:00:00,Mawson,145.8086,316.2596,145.8086,0.0000,0.0000,0.0000,170.4510,1500.0000,145.8086,40.8264,0.0000,40.8264,100.00,46.10
2010-10-25 20:00:00,Mawson,123.2650,317.9033,123.2650,0.0000,0.0000,0.0000,194.6383,1500.0000,123.2650,34.5142,0.0000,34.5142,100.00,38.77
2010-10-25 21:00:00,Mawson,128.8592,296.0452,128.8592,0.0000,0.0000,0.0000,167.1860,1500.0000,128.8592,36.0806,0.0000,36.0806,100.00,43.53
2010-10-25 22:00:00,Mawson,129.6533,298.8782,129.6533,0.0000,0.0000,0.0000,169.2249,1500.0000,129.6533,36.3029,0.0000,36.3029,100.00,43.38
2010-10-25 23:00:00,Mawson,122.6717,304.7547,122.6717,0.0000,0.0000,0.0000,182.0830,1500.0000,122.6717,34.3481,0.0000,34.3481,100.00,40.25
2010-10-26 00:00:00,Mawson,118.5334,293.6835,118.5334,0.0000,0.0000,0.0000,175.1501,1500.0000,118.5334,33.1894,0.0000,33.1894,100.00,40.36
2010-10-26 01:00:00,Mawson,122.5270,300.0044,122.5270,0.0000,0.0000,0.0000,177.4774,1500.0000,122.5270,34.3076,0.0000,34.3076,100.00,40.84
2010-10-26 02:00:00,Mawson,134.1967,271.0411,134.1967,0.0000,0.0000,0.0000,136.8444,1500.0000,134.1967,37.5751,0.0000,37.5751,100.00,49.51
2010-10-26 03:00:00,Mawson,119.7535,297.9220,119.7535,0.0000,0.0000,0.0000,178.1685,1500.0000,119.7535,33.5310,0.0000,33.5310,100.00,40.20
2010-10-26 04:00:00,Mawson,124.5626,240.0063,124.5626,0.0000,0.0000,0.0000,115.4437,1500.0000,124.5626,34.8775,0.0000,34.8775,100.00,51.90
2010-10-26 05:00:00,Mawson,119.9890,299.8924,119.9890,0.0000,0.0000,0.0000,179.9034,1500.0000,119.9890,33.5969,0.0000,33.5969,100.00,40.01
2010-10-26 06:00:00,Mawson,126.7319,317.6105,126.7319,0.0000,0.0000,0.0000,190.8786,1500.0000,126.7319,35.4849,0.0000,35.4849,100.00,39.90
2010-10-26 07:00:00,Mawson,127.5110,338.0048,127.5110,0.0000,0.0000,0.0000,210.4938,1500.0000,127.5110,35.7031,0.0000,35.7031,100.00,37.72
2010-10-26 08:00:00,Mawson,120.3986,362.6916,120.3986,0.0000,0.0000,0.0000,242.2930,1500.0000,120.3986,33.7116,0.0000,33.7116,100.00,33.20
2010-10-26 09:00:00,Mawson,127.4646,384.0865,127.4646,0.0000,0.0000,0.0000,256.6219,1500.0000,127.4646,35.6901,0.0000,35.6901,100.00,33.19
2010-10-26 10:00:00,Mawson,124.3948,402.3344,124.3948,0.0000,0.0000,0.0000,277.9396,1500.0000,124.3948,34.8305,0.0000,34.8305,100.00,30.92
2010-10-26 11:00:00,Mawson,149.9359,416.4837,149.9359,0.0000,0.0000,0.0000,266.5478,1500.0000,149.9359,41.9821,0.0000,41.9821,100.00,36.00
2010-10-26 12:00:00,Mawson,129.7726,413.3088,129.7726,0.0000,0.0000,0.0000,283.5362,1500.0000,129.7726,36.3363,0.0000,36.3363,100.00,31.40
2010-10-26 13:00:00,Mawson,145.7708,409.5820,145.7708,0.0000,0.0000,0.0000,263.8112,1500.0000,145.7708,40.8158,0.0000,40.8158,100.00,35.59
2010-10-26 14:00:00,Mawson,130.2110,409.5926,130.2110,0.0000,0.0000,0.0000,279.3816,1500.0000,130.2110,36.4591,0.0000,36.4591,100.00,31.79
2010-10-26 15:00:00,Mawson,127.5877,386.1364,127.5877,0.0000,0.0000,0.0000,258.5487,1500.0000,127.5877,35.7246,0.0000,35.7246,100.00,33.04
2010-10-26 16:00:00,Mawson,137.2662,370.7556,137.2662,0.0000,0.0000,0.0000,233.4894,1500.0000,137.2662,38.4345,0.0000,38.4345,100.00,37.02
2010-10-26 17:00:00,Mawson,138.0423,277.6455,138.0423,0.0000,0.0000,0.0000,139.6032,1500.0000,138.0423,38.6518,0.0000,38.6518,100.00,49.72
2010-10-26 18:00:00,Mawson,129.8863,250.5286,129.8863,0.0000,0.0000,0.0000,120.6423,1500.0000,129.8863,36.3682,0.0000,36.3682,100.00,51.84
2010-10-26 19:00:00,Mawson,130.1321,292.2053,130.1321,0.0000,0.0000,0.0000,162.0732,1500.0000,130.1321,36.4370,0.0000,36.4370,100.00,44.53
2010-10-26 20:00:00,Mawson,158.5701,306.1702,158.5701,0.0000,0.0000,0.0000,147.6001,1500.0000,158.5701,44.3996,0.0000,44.3996,100.00,51.79
2010-10-26 21:00:00,Mawson,153.4860,297.4040,153.4860,0.0000,0.0000,0.0000,143.9180,1500.0000,153.4860,42.9761,0.0000,42.9761,100.00,51.61
2010-10-26 22:00:00,Mawson,125.0454,305.3093,125.0454,0.0000,0.0000,0.0000,180.2639,1500.0000,125.0454,35.0127,0.0000,35.0127,100.00,40.96
2010-10-26 23:00:00,Mawson,137.3075,296.1042,137.3075,0.0000,0.0000,0.0000,158.7967,1500.0000,137.3075,38.4461,0.0000,38.4461,100.00,46.37
2010-10-27 00:00:00,Mawson,120.3199,300.9771,120.3199,0.0000,0.0000,0.0000,180.6572,1500.0000,120.3199,33.6896,0.0000,33.6896,100.00,39.98
2010-10-27 01:00:00,Mawson,124.3810,299.7566,124.3810,0.0000,0.0000,0.0000,175.3756,1500.0000,124.3810,34.8267,0.0000,34.8267,100.00,41.49
2010-10-27 02:00:00,Mawson,114.3669,285.9166,114.3669,0.0000,0.0000,0.0000,171.5497,1500.0000,114.3669,32.0227,0.0000,32.0227,100.00,40.00
2010-10-27 03:00:00,Mawson,115.6285,296.0125,115.6285,0.0000,0.0000,0.0000,180.3840,1500.0000,115.6285,32.3760,0.0000,32.3760,100.00,39.06
2010-10-27 04:00:00,Mawson,113.6542,300.4649,113.6542,0.0000,0.0000,0.0000,186.8107,1500.0000,113.6542,31.8232,0.0000,31.8232,100.00,37.83
2010-10-27 05:00:00,Mawson,123.0839,304.2348,123.0839,0.0000,0.0000,0.0000,181.1509,1500.0000,123.0839,34.4635,0.0000,34.4635,100.00,40.46
2010-10-27 06:00:00,Mawson,150.7361,311.9190,150.7361,0.0000,0.0000,0.0000,161.1829,1500.0000,150.7361,42.2061,0.0000,42.2061,100.00,48.33
2010-10-27 07:00:00,Mawson,136.7684,333.0551,136.7684,0.0000,0.0000,0.0000,196.2867,1500.0000,136.7684,38.2952,0.0000,38.2952,100.00,41.06
2010-10-27 08:00:00,Mawson,135.3865,366.3557,135.3865,0.0000,0.0000,0.0000,230.9692,1500.0000,135.3865,37.9082,0.0000,37.9082,100.00,36.95
2010-10-27 09:00:00,Mawson,119.0300,367.8555,119.0300,0.0000,0.0000,0.0000,248.8255,1500.0000,119.0300,33.3284,0.0000,33.3284,100.00,32.36
2010-10-27 10:00:00,Mawson,127.6906,322.2101,127.6906,0.0000,0.0000,0.0000,194.5195,1500.0000,127.6906,35.7534,0.0000,35.7534,100.00,39.63
2010-10-27 11:00:00,Mawson,125.5641,411.2506,125.5641,0.0000,0.0000,0.0000,285.6865,1500.0000,125.5641,35.1579,0.0000,35.1579,100.00,30.53
2010-10-27 12:00:00,Mawson,131.1178,417.9081,131.1178,0.0000,0.0000,0.0000,286.7903,1500.0000,131.1178,36.7130,0.0000,36.7130,100.00,31.37
2010-10-27 13:00:00,Mawson,132.8419,392.1508,132.8419,0.0000,0.0000,0.0000,259.3089,1500.0000,132.8419,37.1957,0.0000,37.1957,100.00,33.88
2010-10-27 14:00:00,Mawson,120.8495,406.1230,120.8495,0.0000,0.0000,0.0000,285.2735,1500.0000,120.8495,33.8379,0.0000,33.8379,100.00,29.76
2010-10-27 15:00:00,Mawson,132.3263,383.8027,132.3263,0.0000,0.0000,0.0000,251.4764,1500.0000,132.3263,37.0514,0.0000,37.0514,100.00,34.48
2010-10-27 16:00:00,Mawson,142.2999,341.2071,142.2999,0.0000,0.0000,0.0000,198.9072,1500.0000,142.2999,39.8440,0.0000,39.8440,100.00,41.70
2010-10-27 17:00:00,Mawson,134.0458,333.8010,134.0458,0.0000,0.0000,0.0000,199.7552,1500.0000,134.0458,37.5328,0.0000,37.5328,100.00,40.16
2010-10-27 18:00:00,Mawson,148.7347,230.4373,148.7347,0.0000,0.0000,0.0000,81.7026,1500.0000,148.7347,41.6457,0.0000,41.6457,100.00,64.54
2010-10-27 19:00:00,Mawson,138.5716,314.9247,138.5716,0.0000,0.0000,0.0000,176.3531,1500.0000,138.5716,38.8000,0.0000,38.8000,100.00,44.00
2010-10-27 20:00:00,Mawson,138.6535,316.5667,138.6535,0.0000,0.0000,0.0000,177.9132,1500.0000,138.6535,38.8230,0.0000,38.8230,100.00,43.80
2010-10-27 21:00:00,Mawson,133.1847,305.7028,133.1847,0.0000,0.0000,0.0000,172.5181,1500.0000,133.1847,37.2917,0.0000,37.2917,100.00,43.57
2010-10-27 22:00:00,Mawson,118.7920,309.7452,118.7920,0.0000,0.0000,0.0000,190.9532,1500.0000,118.7920,33.2618,0.0000,33.2618,100.00,38.35
2010-10-27 23:00:00,Mawson,123.9535,302.9403,123.9535,0.0000,0.0000,0.0000,178.9868,1500.0000,123.9535,34.7070,0.0000,34.7070,100.00,40.92
2010-10-28 00:00:00,Mawson,117.7324,301.9339,117.7324,0.0000,0.0000,0.0000,184.2015,1500.0000,117.7324,32.9651,0.0000,32.9651,100.00,38.99
2010-10-28 01:00:00,Mawson,109.3714,302.0598,109.3714,0.0000,0.0000,0.0000,192.6884,1500.0000,109.3714,30.6240,0.0000,30.6240,100.00,36.21
2010-10-28 02:00:00,Mawson,138.9898,294.5662,138.9898,0.0000,0.0000,0.0000,155.5764,1500.0000,138.9898,38.9171,0.0000,38.9171,100.00,47.18
2010-10-28 03:00:00,Mawson,114.1759,285.3514,114.1759,0.0000,0.0000,0.0000,171.1755,1500.0000,114.1759,31.9693,0.0000,31.9693,100.00,40.01
2010-10-28 04:00:00,Mawson,130.0649,300.1293,130.0649,0.0000,0.0000,0.0000,170.0644,1500.0000,130.0649,36.4182,0.0000,36.4182,100.00,43.34
2010-10-28 05:00:00,Mawson,118.9958,299.3908,118.9958,0.0000,0.0000,0.0000,180.3950,1500.0000,118.9958,33.3188,0.0000,33.3188,100.00,39.75
2010-10-28 06:00:00,Mawson,133.0177,318.3211,133.0177,0.0000,0.0000,0.0000,185.3034,1500.0000,133.0177,37.2450,0.0000,37.2450,100.00,41.79
2010-10-28 07:00:00,Mawson,132.3015,329.4110,132.3015,0.0000,0.0000,0.0000,197.1095,1500.0000,132.3015,37.0444,0.0000,37.0444,100.00,40.16
2010-10-28 08:00:00,Mawson,121.5433,352.6144,121.5433,0.0000,0.0000,0.0000,231.0711,1500.0000,121.5433,34.0321,0.0000,34.0321,100.00,34.47
2010-10-28 09:00:00,Mawson,131.1778,389.6582,131.1778,0.0000,0.0000,0.0000,258.4804,1500.0000,131.1778,36.7298,0.0000,36.7298,100.00,33.66
2010-10-28 10:00:00,Mawson,127.4515,402.8459,127.4515,0.0000,0.0000,0.0000,275.3944,1500.0000,127.4515,35.6864,0.0000,35.6864,100.00,31.64
2010-10-28 11:00:00,Mawson,149.0698,416.3075,149.0698,0.0000,0.0000,0.0000,267.2377,1500.0000,149.0698,41.7395,0.0000,41.7395,100.00,35.81
2010-10-28 12:00:00,Mawson,133.7992,412.6668,133.7992,0.0000,0.0000,0.0000,278.8676,1500.0000,133.7992,37.4638,0.0000,37.4638,100.00,32.42
2010-10-28 13:00:00,Mawson,133.8815,398.2661,133.8815,0.0000,0.0000,0.0000,264.3846,1500.0000,133.8815,37.4868,0.0000,37.4868,100.00,33.62
2010-10-28 14:00:00,Mawson,140.9103,349.2792,140.9103,0.0000,0.0000,0.0000,208.3689,1500.0000,140.9103,39.4549,0.0000,39.4549,100.00,40.34
2010-10-28 15:00:00,Mawson,124.6047,385.6148,124.6047,0.0000,0.0000,0.0000,261.0101,1500.0000,124.6047,34.8893,0.0000,34.8893,100.00,32.31
2010-10-28 16:00:00,Mawson,134.3643,342.5550,134.3643,0.0000,0.0000,0.0000,208.1907,1500.0000,134.3643,37.6220,0.0000,37.6220,100.00,39.22
2010-10-28 17:00:00,Mawson,137.4146,328.2127,137.4146,0.0000,0.0000,0.0000,190.7981,1500.0000,137.4146,38.4761,0.0000,38.4761,100.00,41.87
2010-10-28 18:00:00,Mawson,148.7162,326.8769,148.7162,0.0000,0.0000,0.0000,178.1607,1500.0000,148.7162,41.6405,0.0000,41.6405,100.00,45.50
2010-10-28 19:00:00,Mawson,161.5884,313.2615,161.5884,0.0000,0.0000,0.0000,151.6731,1500.0000,161.5884,45.2448,0.0000,45.2448,100.00,51.58
2010-10-28 20:00:00,Mawson,121.8058,287.0211,121.8058,0.0000,0.0000,0.0000,165.2153,1500.0000,121.8058,34.1056,0.0000,34.1056,100.00,42.44
2010-10-28 21:00:00,Mawson,137.6588,296.7220,137.6588,0.0000,0.0000,0.0000,159.0632,1500.0000,137.6588,38.5445,0.0000,38.5445,100.00,46.39
2010-10-28 22:00:00,Mawson,122.4082,299.3048,122.4082,0.0000,0.0000,0.0000,176.8966,1500.0000,122.4082,34.2743,0.0000,34.2743,100.00,40.90
2010-10-28 23:00:00,Mawson,141.0303,304.7092,141.0303,0.0000,0.0000,0.0000,163.6789,1500.0000,141.0303,39.4885,0.0000,39.4885,100.00,46.28
2010-10-29 00:00:00,Mawson,138.4372,301.9339,138.4372,0.0000,0.0000,0.0000,163.4967,1500.0000,138.4372,38.7624,0.0000,38.7624,100.00,45.85
2010-10-29 01:00:00,Mawson,124.8274,297.3936,124.8274,0.0000,0.0000,0.0000,172.5662,1500.0000,124.8274,34.9517,0.0000,34.9517,100.00,41.97
2010-10-29 02:00:00,Mawson,135.2829,296.2490,135.2829,0.0000,0.0000,0.0000,160.9661,1500.0000,135.2829,37.8792,0.0000,37.8792,100.00,45.67
2010-10-29 03:00:00,Mawson,112.7949,292.7702,112.7949,0.0000,0.0000,0.0000,179.9753,1500.0000,112.7949,31.5826,0.0000,31.5826,100.00,38.53
2010-10-29 04:00:00,Mawson,144.2663,290.0248,144.2663,0.0000,0.0000,0.0000,145.7585,1500.0000,144.2663,40.3946,0.0000,40.3946,100.00,49.74
2010-10-29 05:00:00,Mawson,127.3767,301.9700,127.3767,0.0000,0.0000,0.0000,174.5933,1500.0000,127.3767,35.6655,0.0000,35.6655,100.00,42.18
2010-10-29 06:00:00,Mawson,129.4017,306.9538,129.4017,0.0000,0.0000,0.0000,177.5521,1500.0000,129.4017,36.2325,0.0000,36.2325,100.00,42.16
2010-10-29 07:00:00,Mawson,128.0497,338.2877,128.0497,0.0000,0.0000,0.0000,210.2380,1500.0000,128.0497,35.8539,0.0000,35.8539,100.00,37.85
2010-10-29 08:00:00,Mawson,117.2974,363.3487,117.2974,0.0000,0.0000,0.0000,246.0513,1500.0000,117.2974,32.8433,0.0000,32.8433,100.00,32.28
2010-10-29 09:00:00,Mawson,124.6415,382.7905,124.6415,0.0000,0.0000,0.0000,258.1490,1500.0000,124.6415,34.8996,0.0000,34.8996,100.00,32.56
2010-10-29 10:00:00,Mawson,129.1077,399.3452,129.1077,0.0000,0.0000,0.0000,270.2375,1500.0000,129.1077,36.1502,0.0000,36.1502,100.00,32.33
2010-10-29 11:00:00,Mawson,139.3689,413.9597,139.3689,0.0000,0.0000,0.0000,274.5908,1500.0000,139.3689,39.0233,0.0000,39.0233,100.00,33.67
2010-10-29 12:00:00,Mawson,139.8559,416.6743,139.8559,0.0000,0.0000,0.0000,276.8184,1500.0000,139.8559,39.1597,0.0000,39.1597,100.00,33.56
2010-10-29 13:00:00,Mawson,123.5687,341.4342,123.5687,0.0000,0.0000,0.0000,217.8655,1500.0000,123.5687,34.5992,0.0000,34.5992,100.00,36.19
2010-10-29 14:00:00,Mawson,139.6030,382.9013,139.6030,0.0000,0.0000,0.0000,243.2983,1500.0000,139.6030,39.0888,0.0000,39.0888,100.00,36.46
2010-10-29 15:00:00,Mawson,137.3244,367.1074,137.3244,0.0000,0.0000,0.0000,229.7830,1500.0000,137.3244,38.4508,0.0000,38.4508,100.00,37.41
2010-10-29 16:00:00,Mawson,129.9462,158.8831,129.9462,0.0000,0.0000,0.0000,28.9369,1500.0000,129.9462,36.3849,0.0000,36.3849,100.00,81.79
2010-10-29 17:00:00,Mawson,152.3240,250.1976,152.3240,0.0000,0.0000,0.0000,97.8736,1500.0000,152.3240,42.6507,0.0000,42.6507,100.00,60.88
2010-10-29 18:00:00,Mawson,142.7297,319.8541,142.7297,0.0000,0.0000,0.0000,177.1244,1500.0000,142.7297,39.9643,0.0000,39.9643,100.00,44.62
2010-10-29 19:00:00,Mawson,149.0418,315.0219,149.0418,0.0000,0.0000,0.0000,165.9801,1500.0000,149.0418,41.7317,0.0000,41.7317,100.00,47.31
2010-10-29 20:00:00,Mawson,139.0159,312.8418,139.0159,0.0000,0.0000,0.0000,173.8259,1500.0000,139.0159,38.9245,0.0000,38.9245,100.00,44.44
2010-10-29 21:00:00,Mawson,123.3290,322.4911,123.3290,0.0000,0.0000,0.0000,199.1621,1500.0000,123.3290,34.5321,0.0000,34.5321,100.00,38.24
2010-10-29 22:00:00,Mawson,118.5319,304.6497,118.5319,0.0000,0.0000,0.0000,186.1178,1500.0000,118.5319,33.1889,0.0000,33.1889,100.00,38.91
2010-10-29 23:00:00,Mawson,137.3623,308.9456,137.3623,0.0000,0.0000,0.0000,171.5833,1500.0000,137.3623,38.4614,0.0000,38.4614,100.00,44.46
2010-10-30 00:00:00,Mawson,134.4648,301.8504,134.4648,0.0000,0.0000,0.0000,167.3856,1500.0000,134.4648,37.6501,0.0000,37.6501,100.00,44.55
2010-10-30 01:00:00,Mawson,115.4158,299.3217,115.4158,0.0000,0.0000,0.0000,183.9059,1500.0000,115.4158,32.3164,0.0000,32.3164,100.00,38.56
2010-10-30 02:00:00,Mawson,104.8929,296.2820,104.8929,0.0000,0.0000,0.0000,191.3891,1500.0000,104.8929,29.3700,0.0000,29.3700,100.00,35.40
2010-10-30 03:00:00,Mawson,138.5904,293.2936,138.5904,0.0000,0.0000,0.0000,154.7032,1500.0000,138.5904,38.8053,0.0000,38.8053,100.00,47.25
2010-10-30 04:00:00,Mawson,135.2065,300.5494,135.2065,0.0000,0.0000,0.0000,165.3429,1500.0000,135.2065,37.8578,0.0000,37.8578,100.00,44.99
2010-10-30 05:00:00,Mawson,132.1688,298.5518,132.1688,0.0000,0.0000,0.0000,166.3830,1500.0000,132.1688,37.0073,0.0000,37.0073,100.00,44.27
2010-10-30 06:00:00,Mawson,137.0995,305.1780,137.0995,0.0000,0.0000,0.0000,168.0785,1500.0000,137.0995,38.3879,0.0000,38.3879,100.00,44.92
2010-10-30 07:00:00,Mawson,119.2182,330.9602,119.2182,0.0000,0.0000,0.0000,211.7420,1500.0000,119.2182,33.3811,0.0000,33.3811,100.00,36.02
2010-10-30 08:00:00,Mawson,123.2863,370.4739,123.2863,0.0000,0.0000,0.0000,247.1876,1500.0000,123.2863,34.5202,0.0000,34.5202,100.00,33.28
2010-10-30 09:00:00,Mawson,127.4451,390.0829,127.4451,0.0000,0.0000,0.0000,262.6378,1500.0000,127.4451,35.6846,0.0000,35.6846,100.00,32.67
2010-10-30 10:00:00,Mawson,142.2171,401.4297,142.2171,0.0000,0.0000,0.0000,259.2126,1500.0000,142.2171,39.8208,0.0000,39.8208,100.00,35.43
2010-10-30 11:00:00,Mawson,127.0887,405.1007,127.0887,0.0000,0.0000,0.0000,278.0120,1500.0000,127.0887,35.5848,0.0000,35.5848,100.00,31.37
2010-10-30 12:00:00,Mawson,146.6833,405.9935,146.6833,0.0000,0.0000,0.0000,259.3102,1500.0000,146.6833,41.0713,0.0000,41.0713,100.00,36.13
2010-10-30 13:00:00,Mawson,133.8409,413.2499,133.8409,0.0000,0.0000,0.0000,279.4090,1500.0000,133.8409,37.4755,0.0000,37.4755,100.00,32.39
2010-10-30 14:00:00,Mawson,130.6654,402.6429,130.6654,0.0000,0.0000,0.0000,271.9775,1500.0000,130.6654,36.5863,0.0000,36.5863,100.00,32.45
2010-10-30 15:00:00,Mawson,134.6011,278.2482,134.6011,0.0000,0.0000,0.0000,143.6471,1500.0000,134.6011,37.6883,0.0000,37.6883,100.00,48.37
2010-10-30 16:00:00,Mawson,149.8523,253.0589,149.8523,0.0000,0.0000,0.0000,103.2066,1500.0000,149.8523,41.9586,0.0000,41.9586,100.00,59.22
2010-10-30 17:00:00,Mawson,129.5649,318.7543,129.5649,0.0000,0.0000,0.0000,189.1894,1500.0000,129.5649,36.2782,0.0000,36.2782,100.00,40.65
2010-10-30 18:00:00,Mawson,148.4555,306.0647,148.4555,0.0000,0.0000,0.0000,157.6092,1500.0000,148.4555,41.5675,0.0000,41.5675,100.00,48.50
2010-10-30 19:00:00,Mawson,145.8844,296.8684,145.8844,0.0000,0.0000,0.0000,150.9840,1500.0000,145.8844,40.8476,0.0000,40.8476,100.00,49.14
2010-10-30 20:00:00,Mawson,122.7757,317.3271,122.7757,0.0000,0.0000,0.0000,194.5514,1500.0000,122.7757,34.3772,0.0000,34.3772,100.00,38.69
2010-10-30 21:00:00,Mawson,149.0983,308.2764,149.0983,0.0000,0.0000,0.0000,159.1781,1500.0000,149.0983,41.7475,0.0000,41.7475,100.00,48.37
2010-10-30 22:00:00,Mawson,141.2360,296.3520,141.2360,0.0000,0.0000,0.0000,155.1160,1500.0000,141.2360,39.5461,0.0000,39.5461,100.00,47.66
2010-10-30 23:00:00,Mawson,124.4718,308.0075,124.4718,0.0000,0.0000,0.0000,183.5357,1500.0000,124.4718,34.8521,0.0000,34.8521,100.00,40.41
2010-10-31 00:00:00,Mawson,118.7995,301.8504,118.7995,0.0000,0.0000,0.0000,183.0509,1500.0000,118.7995,33.2639,0.0000,33.2639,100.00,39.36
2010-10-31 01:00:00,Mawson,139.6692,288.7687,139.6692,0.0000,0.0000,0.0000,149.0995,1500.0000,139.6692,39.1074,0.0000,39.1074,100.00,48.37
2010-10-31 02:00:00,Mawson,115.4047,295.1636,115.4047,0.0000,0.0000,0.0000,179.7589,1500.0000,115.4047,32.3133,0.0000,32.3133,100.00,39.10
2010-10-31 03:00:00,Mawson,128.4134,297.1427,128.4134,0.0000,0.0000,0.0000,168.7293,1500.0000,128.4134,35.9558,0.0000,35.9558,100.00,43.22
2010-10-31 04:00:00,Mawson,140.1656,304.6072,140.1656,0.0000,0.0000,0.0000,164.4416,1500.0000,140.1656,39.2464,0.0000,39.2464,100.00,46.02
2010-10-31 05:00:00,Mawson,124.8861,300.7849,124.8861,0.0000,0.0000,0.0000,175.8988,1500.0000,124.8861,34.9681,0.0000,34.9681,100.00,41.52
2010-10-31 06:00:00,Mawson,126.8519,305.1299,126.8519,0.0000,0.0000,0.0000,178.2780,1500.0000,126.8519,35.5185,0.0000,35.5185,100.00,41.57
2010-10-31 07:00:00,Mawson,114.7227,339.9327,114.7227,0.0000,0.0000,0.0000,225.2100,1500.0000,114.7227,32.1224,0.0000,32.1224,100.00,33.75
2010-10-31 08:00:00,Mawson,117.0289,366.0211,117.0289,0.0000,0.0000,0.0000,248.9922,1500.0000,117.0289,32.7681,0.0000,32.7681,100.00,31.97
2010-10-31 09:00:00,Mawson,132.6455,386.1677,132.6455,0.0000,0.0000,0.0000,253.5222,1500.0000,132.6455,37.1407,0.0000,37.1407,100.00,34.35
2010-10-31 10:00:00,Mawson,142.2619,378.7385,142.2619,0.0000,0.0000,0.0000,236.4766,1500.0000,142.2619,39.8333,0.0000,39.8333,100.00,37.56
2010-10-31 11:00:00,Mawson,133.0284,416.3075,133.0284,0.0000,0.0000,0.0000,283.2791,1500.0000,133.0284,37.2480,0.0000,37.2480,100.00,31.95
2010-10-31 12:00:00,Mawson,129.5015,417.8630,129.5015,0.0000,0.0000,0.0000,288.3615,1500.0000,129.5015,36.2604,0.0000,36.2604,100.00,30.99
2010-10-31 13:00:00,Mawson,122.3228,412.7689,122.3228,0.0000,0.0000,0.0000,290.4461,1500.0000,122.3228,34.2504,0.0000,34.2504,100.00,29.63
2010-10-31 14:00:00,Mawson,138.9888,404.1927,138.9888,0.0000,0.0000,0.0000,265.2039,1500.0000,138.9888,38.9169,0.0000,38.9169,100.00,34.39
2010-10-31 15:00:00,Mawson,131.2327,359.4746,131.2327,0.0000,0.0000,0.0000,228.2419,1500.0000,131.2327,36.7452,0.0000,36.7452,100.00,36.51
2010-10-31 16:00:00,Mawson,132.1263,352.8554,132.1263,0.0000,0.0000,0.0000,220.7291,1500.0000,132.1263,36.9954,0.0000,36.9954,100.00,37.44
2010-10-31 17:00:00,Mawson,146.5412,302.9562,146.5412,0.0000,0.0000,0.0000,156.4150,1500.0000,146.5412,41.0315,0.0000,41.0315,100.00,48.37
2010-10-31 18:00:00,Mawson,134.3423,310.3958,134.3423,0.0000,0.0000,0.0000,176.0535,1500.0000,134.3423,37.6158,0.0000,37.6158,100.00,43.28
2010-10-31 19:00:00,Mawson,140.5030,289.7023,140.5030,0.0000,0.0000,0.0000,149.1993,1500.0000,140.5030,39.3408,0.0000,39.3408,100.00,48.50
2010-10-31 20:00:00,Mawson,126.9147,313.1388,126.9147,0.0000,0.0000,0.0000,186.2241,1500.0000,126.9147,35.5361,0.0000,35.5361,100.00,40.53
2010-10-31 21:00:00,Mawson,131.6149,273.6807,131.6149,0.0000,0.0000,0.0000,142.0658,1500.0000,131.6149,36.8522,0.0000,36.8522,100.00,48.09
2010-10-31 22:00:00,Mawson,135.8908,308.4308,135.8908,0.0000,0.0000,0.0000,172.5400,1500.0000,135.8908,38.0494,0.0000,38.0494,100.00,44.06
2010-10-31 23:00:00,Mawson,127.5524,306.3822,127.5524,0.0000,0.0000,0.0000,178.8298,1500.0000,127.5524,35.7147,0.0000,35.7147,100.00,41.63
2010-11-01 00:00:00,Mawson,114.9298,286.5055,114.9298,0.0000,0.0000,0.0000,171.5757,1500.0000,114.9298,32.1803,0.0000,32.1803,100.00,40.11
2010-11-01 01:00:00,Mawson,125.0195,287.3375,125.0195,0.0000,0.0000,0.0000,162.3180,1500.0000,125.0195,35.0055,0.0000,35.0055,100.00,43.51
2010-11-01 02:00:00,Mawson,132.2503,260.4688,132.2503,0.0000,0.0000,0.0000,128.2185,1500.0000,132.2503,37.0301,0.0000,37.0301,100.00,50.77
2010-11-01 03:00:00,Mawson,122.3530,286.5600,122.3530,0.0000,0.0000,0.0000,164.2070,1500.0000,122.3530,34.2588,0.0000,34.2588,100.00,42.70
2010-11-01 04:00:00,Mawson,128.2796,274.9424,128.2796,0.0000,0.0000,0.0000,146.6628,1500.0000,128.2796,35.9183,0.0000,35.9183,100.00,46.66
2010-11-01 05:00:00,Mawson,113.1478,284.8882,113.1478,0.0000,0.0000,0.0000,171.7404,1500.0000,113.1478,31.6814,0.0000,31.6814,100.00,39.72
2010-11-01 06:00:00,Mawson,136.2774,276.7107,136.2774,0.0000,0.0000,0.0000,140.4333,1500.0000,136.2774,38.1577,0.0000,38.1577,100.00,49.25
2010-11-01 07:00:00,Mawson,110.4172,249.7554,110.4172,0.0000,0.0000,0.0000,139.3382,1500.0000,110.4172,30.9168,0.0000,30.9168,100.00,44.21
2010-11-01 08:00:00,Mawson,122.2998,81.0063,81.0063,0.0000,41.2935,0.0000,0.0000,1456.5332,122.2998,34.2439,0.0000,34.2439,100.00,100.00
2010-11-01 09:00:00,Mawson,124.4559,286.5191,124.4559,45.7546,0.0000,0.0000,116.3086,1500.0000,124.4559,34.8477,0.0000,34.8477,100.00,59.41
2010-11-01 10:00:00,Mawson,143.9362,165.9230,143.9362,0.0000,0.0000,0.0000,21.9868,1500.0000,143.9362,40.3021,0.0000,40.3021,100.00,86.75
2010-11-01 11:00:00,Mawson,121.0572,347.9485,121.0572,0.0000,0.0000,0.0000,226.8913,1500.0000,121.0572,33.8960,0.0000,33.8960,100.00,34.79
2010-11-01 12:00:00,Mawson,138.1389,317.2979,138.1389,0.0000,0.0000,0.0000,179.1590,1500.0000,138.1389,38.6789,0.0000,38.6789,100.00,43.54
2010-11-01 13:00:00,Mawson,122.8925,344.8955,122.8925,0.0000,0.0000,0.0000,222.0030,1500.0000,122.8925,34.4099,0.0000,34.4099,100.00,35.63
2010-11-01 14:00:00,Mawson,111.0380,248.1809,111.0380,0.0000,0.0000,0.0000,137.1429,1500.0000,111.0380,31.0906,0.0000,31.0906,100.00,44.74
2010-11-01 15:00:00,Mawson,122.8812,82.4171,82.4171,0.0000,40.4641,0.0000,0.0000,1457.4062,122.8812,34.4067,0.0000,34.4067,100.00,100.00
2010-11-01 16:00:00,Mawson,121.0731,219.8012,121.0731,44.8356,0.0000,0.0000,53.8925,1500.0000,121.0731,33.9005,0.0000,33.9005,100.00,75.48
2010-11-01 17:00:00,Mawson,132.2023,64.6192,64.6192,0.0000,67.5831,0.0000,0.0000,1428.8599,132.2023,37.0166,0.0000,37.0166,100.00,100.00
2010-11-01 18:00:00,Mawson,165.5355,293.7966,165.5355,74.8843,0.0000,0.0000,53.3768,1500.0000,165.5355,46.3499,0.0000,46.3499,100.00,81.83
2010-11-01 19:00:00,Mawson,137.6232,237.8731,137.6232,0.0000,0.0000,0.0000,100.2499,1500.0000,137.6232,38.5345,0.0000,38.5345,100.00,57.86
2010-11-01 20:00:00,Mawson,143.2516,282.5018,143.2516,0.0000,0.0000,0.0000,139.2502,1500.0000,143.2516,40.1104,0.0000,40.1104,100.00,50.71
2010-11-01 21:00:00,Mawson,141.3126,290.3806,141.3126,0.0000,0.0000,0.0000,149.0680,1500.0000,141.3126,39.5675,0.0000,39.5675,100.00,48.66
2010-11-01 22:00:00,Mawson,138.4682,217.3153,138.4682,0.0000,0.0000,0.0000,78.8471,1500.0000,138.4682,38.7711,0.0000,38.7711,100.00,63.72
2010-11-01 23:00:00,Mawson,111.2647,240.6531,111.2647,0.0000,0.0000,0.0000,129.3884,1500.0000,111.2647,31.1541,0.0000,31.1541,100.00,46.23
2010-11-02 00:00:00,Mawson,141.5278,237.1156,141.5278,0.0000,0.0000,0.0000,95.5878,1500.0000,141.5278,39.6278,0.0000,39.6278,100.00,59.69
2010-11-02 01:00:00,Mawson,137.3320,277.0740,137.3320,0.0000,0.0000,0.0000,139.7420,1500.0000,137.3320,38.4530,0.0000,38.4530,100.00,49.57
2010-11-02 02:00:00,Mawson,107.7534,235.7306,107.7534,0.0000,0.0000,0.0000,127.9772,1500.0000,107.7534,30.1710,0.0000,30.1710,100.00,45.71
2010-11-02 03:00:00,Mawson,147.9581,233.8119,147.9581,0.0000,0.0000,0.0000,85.8538,1500.0000,147.9581,41.4283,0.0000,41.4283,100.00,63.28
2010-11-02 04:00:00,Mawson,132.4488,285.8700,132.4488,0.0000,0.0000,0.0000,153.4212,1500.0000,132.4488,37.0857,0.0000,37.0857,100.00,46.33
2010-11-02 05:00:00,Mawson,112.2237,284.8326,112.2237,0.0000,0.0000,0.0000,172.6089,1500.0000,112.2237,31.4226,0.0000,31.4226,100.00,39.40
2010-11-02 06:00:00,Mawson,126.7713,277.9988,126.7713,0.0000,0.0000,0.0000,151.2275,1500.0000,126.7713,35.4960,0.0000,35.4960,100.00,45.60
2010-11-02 07:00:00,Mawson,133.3459,254.2599,133.3459,0.0000,0.0000,0.0000,120.9140,1500.0000,133.3459,37.3369,0.0000,37.3369,100.00,52.44
2010-11-02 08:00:00,Mawson,134.8294,280.3902,134.8294,0.0000,0.0000,0.0000,145.5608,1500.0000,134.8294,37.7522,0.0000,37.7522,100.00,48.09
2010-11-02 09:00:00,Mawson,115.7653,297.0727,115.7653,0.0000,0.0000,0.0000,181.3074,1500.0000,115.7653,32.4143,0.0000,32.4143,100.00,38.97
2010-11-02 10:00:00,Mawson,157.4432,314.3347,157.4432,0.0000,0.0000,0.0000,156.8915,1500.0000,157.4432,44.0841,0.0000,44.0841,100.00,50.09
2010-11-02 11:00:00,Mawson,134.3201,351.2255,134.3201,0.0000,0.0000,0.0000,216.9054,1500.0000,134.3201,37.6096,0.0000,37.6096,100.00,38.24
2010-11-02 12:00:00,Mawson,135.0473,342.0920,135.0473,0.0000,0.0000,0.0000,207.0447,1500.0000,135.0473,37.8132,0.0000,37.8132,100.00,39.48
2010-11-02 13:00:00,Mawson,134.1881,333.6760,134.1881,0.0000,0.0000,0.0000,199.4879,1500.0000,134.1881,37.5727,0.0000,37.5727,100.00,40.22
2010-11-02 14:00:00,Mawson,114.0411,278.6152,114.0411,0.0000,0.0000,0.0000,164.5741,1500.0000,114.0411,31.9315,0.0000,31.9315,100.00,40.93
2010-11-02 15:00:00,Mawson,122.3595,293.0759,122.3595,0.0000,0.0000,0.0000,170.7164,1500.0000,122.3595,34.2607,0.0000,34.2607,100.00,41.75
2010-11-02 16:00:00,Mawson,135.2351,292.1819,135.2351,0.0000,0.0000,0.0000,156.9468,1500.0000,135.2351,37.8658,0.0000,37.8658,100.00,46.28
2010-11-02 17:00:00,Mawson,135.3072,292.7990,135.3072,0.0000,0.0000,0.0000,157.4918,1500.0000,135.3072,37.8860,0.0000,37.8860,100.00,46.21
2010-11-02 18:00:00,Mawson,143.8741,178.0978,143.8741,0.0000,0.0000,0.0000,34.2237,1500.0000,143.8741,40.2847,0.0000,40.2847,100.00,80.78
2010-11-02 19:00:00,Mawson,138.6345,139.2424,138.6345,0.0000,0.0000,0.0000,0.6079,1500.0000,138.6345,38.8177,0.0000,38.8177,100.00,99.56
2010-11-02 20:00:00,Mawson,143.5639,300.4205,143.5639,0.0000,0.0000,0.0000,156.8566,1500.0000,143.5639,40.1979,0.0000,40.1979,100.00,47.79
2010-11-02 21:00:00,Mawson,140.0633,285.2711,140.0633,0.0000,0.0000,0.0000,145.2078,1500.0000,140.0633,39.2177,0.0000,39.2177,100.00,49.10
2010-11-02 22:00:00,Mawson,125.8468,272.1466,125.8468,0.0000,0.0000,0.0000,146.2998,1500.0000,125.8468,35.2371,0.0000,35.2371,100.00,46.24
2010-11-02 23:00:00,Mawson,119.2502,290.2552,119.2502,0.0000,0.0000,0.0000,171.0050,1500.0000,119.2502,33.3901,0.0000,33.3901,100.00,41.08
2010-11-03 00:00:00,Mawson,135.5745,302.2229,135.5745,0.0000,0.0000,0.0000,166.6484,1500.0000,135.5745,37.9609,0.0000,37.9609,100.00,44.86
2010-11-03 01:00:00,Mawson,109.8854,235.7250,109.8854,0.0000,0.0000,0.0000,125.8396,1500.0000,109.8854,30.7679,0.0000,30.7679,100.00,46.62
2010-11-03 02:00:00,Mawson,114.1018,289.9877,114.1018,0.0000,0.0000,0.0000,175.8859,1500.0000,114.1018,31.9485,0.0000,31.9485,100.00,39.35
2010-11-03 03:00:00,Mawson,135.6793,235.0051,135.6793,0.0000,0.0000,0.0000,99.3258,1500.0000,135.6793,37.9902,0.0000,37.9902,100.00,57.73
2010-11-03 04:00:00,Mawson,121.4666,286.2136,121.4666,0.0000,0.0000,0.0000,164.7470,1500.0000,121.4666,34.0106,0.0000,34.0106,100.00,42.44
2010-11-03 05:00:00,Mawson,130.2707,283.0869,130.2707,0.0000,0.0000,0.0000,152.8162,1500.0000,130.2707,36.4758,0.0000,36.4758,100.00,46.02
2010-11-03 06:00:00,Mawson,133.9279,287.5854,133.9279,0.0000,0.0000,0.0000,153.6575,1500.0000,133.9279,37.4998,0.0000,37.4998,100.00,46.57
2010-11-03 07:00:00,Mawson,131.9116,243.4347,131.9116,0.0000,0.0000,0.0000,111.5231,1500.0000,131.9116,36.9352,0.0000,36.9352,100.00,54.19
2010-11-03 08:00:00,Mawson,123.0964,295.8475,123.0964,0.0000,0.0000,0.0000,172.7511,1500.0000,123.0964,34.4670,0.0000,34.4670,100.00,41.61
2010-11-03 09:00:00,Mawson,142.5500,298.2361,142.5500,0.0000,0.0000,0.0000,155.6861,1500.0000,142.5500,39.9140,0.0000,39.9140,100.00,47.80
2010-11-03 10:00:00,Mawson,126.5663,233.2029,126.5663,0.0000,0.0000,0.0000,106.6366,1500.0000,126.5663,35.4386,0.0000,35.4386,100.00,54.27
2010-11-03 11:00:00,Mawson,134.5097,259.8902,134.5097,0.0000,0.0000,0.0000,125.3805,1500.0000,134.5097,37.6627,0.0000,37.6627,100.00,51.76
2010-11-03 12:00:00,Mawson,134.4757,156.1253,134.4757,0.0000,0.0000,0.0000,21.6496,1500.0000,134.4757,37.6532,0.0000,37.6532,100.00,86.13
2010-11-03 13:00:00,Mawson,132.7504,353.5181,132.7504,0.0000,0.0000,0.0000,220.7677,1500.0000,132.7504,37.1701,0.0000,37.1701,100.00,37.55
2010-11-03 14:00:00,Mawson,130.7387,321.7632,130.7387,0.0000,0.0000,0.0000,191.0245,1500.0000,130.7387,36.6068,0.0000,36.6068,100.00,40.63
2010-11-03 15:00:00,Mawson,140.7068,266.7525,140.7068,0.0000,0.0000,0.0000,126.0457,1500.0000,140.7068,39.3979,0.0000,39.3979,100.00,52.75
2010-11-03 16:00:00,Mawson,118.4486,251.1652,118.4486,0.0000,0.0000,0.0000,132.7166,1500.0000,118.4486,33.1656,0.0000,33.1656,100.00,47.16
2010-11-03 17:00:00,Mawson,120.1839,44.9959,44.9959,0.0000,75.1880,0.0000,0.0000,1420.8547,120.1839,33.6515,0.0000,33.6515,100.00,100.00
2010-11-03 18:00:00,Mawson,115.7367,213.5965,115.7367,83.3108,0.0000,0.0000,14.5490,1500.0000,115.7367,32.4063,0.0000,32.4063,100.00,93.19
2010-11-03 19:00:00,Mawson,142.7964,292.0294,142.7964,0.0000,0.0000,0.0000,149.2330,1500.0000,142.7964,39.9830,0.0000,39.9830,100.00,48.90
2010-11-03 20:00:00,Mawson,136.1596,299.4801,136.1596,0.0000,0.0000,0.0000,163.3205,1500.0000,136.1596,38.1247,0.0000,38.1247,100.00,45.47
2010-11-03 21:00:00,Mawson,129.5933,295.2914,129.5933,0.0000,0.0000,0.0000,165.6981,1500.0000,129.5933,36.2861,0.0000,36.2861,100.00,43.89
2010-11-03 22:00:00,Mawson,127.3341,291.4666,127.3341,0.0000,0.0000,0.0000,164.1325,1500.0000,127.3341,35.6535,0.0000,35.6535,100.00,43.69
2010-11-03 23:00:00,Mawson,115.7631,289.5308,115.7631,0.0000,0.0000,0.0000,173.7677,1500.0000,115.7631,32.4137,0.0000,32.4137,100.00,39.98
2010-11-04 00:00:00,Mawson,108.5144,306.5721,108.5144,0.0000,0.0000,0.0000,198.0577,1500.0000,108.5144,30.3840,0.0000,30.3840,100.00,35.40
2010-11-04 01:00:00,Mawson,119.7123,286.0135,119.7123,0.0000,0.0000,0.0000,166.3012,1500.0000,119.7123,33.5194,0.0000,33.5194,100.00,41.86
2010-11-04 02:00:00,Mawson,134.3980,285.9096,134.3980,0.0000,0.0000,0.0000,151.5116,1500.0000,134.3980,37.6314,0.0000,37.6314,100.00,47.01
2010-11-04 03:00:00,Mawson,129.8482,281.1195,129.8482,0.0000,0.0000,0.0000,151.2713,1500.0000,129.8482,36.3575,0.0000,36.3575,100.00,46.19
2010-11-04 04:00:00,Mawson,124.0302,287.2349,124.0302,0.0000,0.0000,0.0000,163.2047,1500.0000,124.0302,34.7285,0.0000,34.7285,100.00,43.18
2010-11-04 05:00:00,Mawson,131.5216,294.8613,131.5216,0.0000,0.0000,0.0000,163.3397,1500.0000,131.5216,36.8260,0.0000,36.8260,100.00,44.60
2010-11-04 06:00:00,Mawson,138.3511,280.3837,138.3511,0.0000,0.0000,0.0000,142.0326,1500.0000,138.3511,38.7383,0.0000,38.7383,100.00,49.34
2010-11-04 07:00:00,Mawson,133.3337,254.9777,133.3337,0.0000,0.0000,0.0000,121.6440,1500.0000,133.3337,37.3334,0.0000,37.3334,100.00,52.29
2010-11-04 08:00:00,Mawson,126.1981,292.8360,126.1981,0.0000,0.0000,0.0000,166.6379,1500.0000,126.1981,35.3355,0.0000,35.3355,100.00,43.10
2010-11-04 09:00:00,Mawson,129.9820,272.7375,129.9820,0.0000,0.0000,0.0000,142.7555,1500.0000,129.9820,36.3950,0.0000,36.3950,100.00,47.66
2010-11-04 10:00:00,Mawson,139.4477,326.3971,139.4477,0.0000,0.0000,0.0000,186.9494,1500.0000,139.4477,39.0454,0.0000,39.0454,100.00,42.72
2010-11-04 11:00:00,Mawson,139.4392,353.0119,139.4392,0.0000,0.0000,0.0000,213.5727,1500.0000,139.4392,39.0430,0.0000,39.0430,100.00,39.50
2010-11-04 12:00:00,Mawson,128.9667,324.9474,128.9667,0.0000,0.0000,0.0000,195.9807,1500.0000,128.9667,36.1107,0.0000,36.1107,100.00,39.69
2010-11-04 13:00:00,Mawson,125.1684,282.6714,125.1684,0.0000,0.0000,0.0000,157.5030,1500.0000,125.1684,35.0472,0.0000,35.0472,100.00,44.28
2010-11-04 14:00:00,Mawson,129.4572,158.2030,129.4572,0.0000,0.0000,0.0000,28.7458,1500.0000,129.4572,36.2480,0.0000,36.2480,100.00,81.83
2010-11-04 15:00:00,Mawson,135.2048,207.9855,135.2048,0.0000,0.0000,0.0000,72.7807,1500.0000,135.2048,37.8573,0.0000,37.8573,100.00,65.01
2010-11-04 16:00:00,Mawson,135.9583,155.7636,135.9583,0.0000,0.0000,0.0000,19.8053,1500.0000,135.9583,38.0683,0.0000,38.0683,100.00,87.29
2010-11-04 17:00:00,Mawson,148.4130,144.7760,144.7760,0.0000,3.6370,0.0000,0.0000,1496.1716,148.4130,41.5556,0.0000,41.5556,100.00,100.00
2010-11-04 18:00:00,Mawson,144.9466,85.0653,85.0653,0.0000,59.8813,0.0000,0.0000,1433.1386,144.9466,40.5850,0.0000,40.5850,100.00,100.00
2010-11-04 19:00:00,Mawson,141.3568,261.9003,141.3568,70.3804,0.0000,0.0000,50.1631,1500.0000,141.3568,39.5799,0.0000,39.5799,100.00,80.85
2010-11-04 20:00:00,Mawson,133.9420,300.3170,133.9420,0.0000,0.0000,0.0000,166.3750,1500.0000,133.9420,37.5038,0.0000,37.5038,100.00,44.60
2010-11-04 21:00:00,Mawson,102.3675,293.9220,102.3675,0.0000,0.0000,0.0000,191.5545,1500.0000,102.3675,28.6629,0.0000,28.6629,100.00,34.83
2010-11-04 22:00:00,Mawson,128.7869,277.9127,128.7869,0.0000,0.0000,0.0000,149.1258,1500.0000,128.7869,36.0603,0.0000,36.0603,100.00,46.34
2010-11-04 23:00:00,Mawson,119.9867,265.5258,119.9867,0.0000,0.0000,0.0000,145.5391,1500.0000,119.9867,33.5963,0.0000,33.5963,100.00,45.19
2010-11-05 00:00:00,Mawson,133.0620,298.4409,133.0620,0.0000,0.0000,0.0000,165.3789,1500.0000,133.0620,37.2574,0.0000,37.2574,100.00,44.59
2010-11-05 01:00:00,Mawson,109.0055,285.5147,109.0055,0.0000,0.0000,0.0000,176.5092,1500.0000,109.0055,30.5215,0.0000,30.5215,100.00,38.18
2010-11-05 02:00:00,Mawson,138.1566,290.7467,138.1566,0.0000,0.0000,0.0000,152.5901,1500.0000,138.1566,38.6838,0.0000,38.6838,100.00,47.52
2010-11-05 03:00:00,Mawson,131.4525,228.2898,131.4525,0.0000,0.0000,0.0000,96.8373,1500.0000,131.4525,36.8067,0.0000,36.8067,100.00,57.58
2010-11-05 04:00:00,Mawson,123.1330,288.6450,123.1330,0.0000,0.0000,0.0000,165.5120,1500.0000,123.1330,34.4772,0.0000,34.4772,100.00,42.66
2010-11-05 05:00:00,Mawson,120.4513,293.5779,120.4513,0.0000,0.0000,0.0000,173.1266,1500.0000,120.4513,33.7264,0.0000,33.7264,100.00,41.03
2010-11-05 06:00:00,Mawson,134.2540,288.6623,134.2540,0.0000,0.0000,0.0000,154.4083,1500.0000,134.2540,37.5911,0.0000,37.5911,100.00,46.51
2010-11-05 07:00:00,Mawson,145.4383,294.0957,145.4383,0.0000,0.0000,0.0000,148.6574,1500.0000,145.4383,40.7227,0.0000,40.7227,100.00,49.45
2010-11-05 08:00:00,Mawson,126.6807,294.9288,126.6807,0.0000,0.0000,0.0000,168.2481,1500.0000,126.6807,35.4706,0.0000,35.4706,100.00,42.95
2010-11-05 09:00:00,Mawson,124.9374,308.8698,124.9374,0.0000,0.0000,0.0000,183.9324,1500.0000,124.9374,34.9825,0.0000,34.9825,100.00,40.45
2010-11-05 10:00:00,Mawson,118.7097,322.6031,118.7097,0.0000,0.0000,0.0000,203.8934,1500.0000,118.7097,33.2387,0.0000,33.2387,100.00,36.80
2010-11-05 11:00:00,Mawson,125.9789,348.3593,125.9789,0.0000,0.0000,0.0000,222.3804,1500.0000,125.9789,35.2741,0.0000,35.2741,100.00,36.16
2010-11-05 12:00:00,Mawson,132.6234,269.4536,132.6234,0.0000,0.0000,0.0000,136.8302,1500.0000,132.6234,37.1346,0.0000,37.1346,100.00,49.22
2010-11-05 13:00:00,Mawson,121.2141,215.1148,121.2141,0.0000,0.0000,0.0000,93.9007,1500.0000,121.2141,33.9399,0.0000,33.9399,100.00,56.35
2010-11-05 14:00:00,Mawson,127.4664,338.5952,127.4664,0.0000,0.0000,0.0000,211.1288,1500.0000,127.4664,35.6906,0.0000,35.6906,100.00,37.65
2010-11-05 15:00:00,Mawson,128.3873,311.6198,128.3873,0.0000,0.0000,0.0000,183.2325,1500.0000,128.3873,35.9484,0.0000,35.9484,100.00,41.20
2010-11-05 16:00:00,Mawson,147.7869,227.9626,147.7869,0.0000,0.0000,0.0000,80.1757,1500.0000,147.7869,41.3803,0.0000,41.3803,100.00,64.83
2010-11-05 17:00:00,Mawson,140.7059,142.5039,140.7059,0.0000,0.0000,0.0000,1.7980,1500.0000,140.7059,39.3977,0.0000,39.3977,100.00,98.74
2010-11-05 18:00:00,Mawson,139.7283,63.3968,63.3968,0.0000,76.3315,0.0000,0.0000,1419.6511,139.7283,39.1239,0.0000,39.1239,100.00,100.00
2010-11-05 19:00:00,Mawson,141.3784,261.9631,141.3784,84.5778,0.0000,0.0000,36.0069,1500.0000,141.3784,39.5860,0.0000,39.5860,100.00,86.25
2010-11-05 20:00:00,Mawson,120.7903,242.6857,120.7903,0.0000,0.0000,0.0000,121.8954,1500.0000,120.7903,33.8213,0.0000,33.8213,100.00,49.77
2010-11-05 21:00:00,Mawson,154.7152,291.9748,154.7152,0.0000,0.0000,0.0000,137.2596,1500.0000,154.7152,43.3203,0.0000,43.3203,100.00,52.99
2010-11-05 22:00:00,Mawson,128.6438,288.8732,128.6438,0.0000,0.0000,0.0000,160.2294,1500.0000,128.6438,36.0203,0.0000,36.0203,100.00,44.53
2010-11-05 23:00:00,Mawson,115.9602,290.2552,115.9602,0.0000,0.0000,0.0000,174.2950,1500.0000,115.9602,32.4689,0.0000,32.4689,100.00,39.95
2010-11-06 00:00:00,Mawson,131.6238,256.6376,131.6238,0.0000,0.0000,0.0000,125.0138,1500.0000,131.6238,36.8547,0.0000,36.8547,100.00,51.29
2010-11-06 01:00:00,Mawson,110.3481,267.3396,110.3481,0.0000,0.0000,0.0000,156.9915,1500.0000,110.3481,30.8975,0.0000,30.8975,100.00,41.28
2010-11-06 02:00:00,Mawson,123.5224,277.4105,123.5224,0.0000,0.0000,0.0000,153.8881,1500.0000,123.5224,34.5863,0.0000,34.5863,100.00,44.53
2010-11-06 03:00:00,Mawson,114.1607,281.1846,114.1607,0.0000,0.0000,0.0000,167.0239,1500.0000,114.1607,31.9650,0.0000,31.9650,100.00,40.60
2010-11-06 04:00:00,Mawson,128.8326,286.3471,128.8326,0.0000,0.0000,0.0000,157.5145,1500.0000,128.8326,36.0731,0.0000,36.0731,100.00,44.99
2010-11-06 05:00:00,Mawson,131.6873,277.6700,131.6873,0.0000,0.0000,0.0000,145.9827,1500.0000,131.6873,36.8724,0.0000,36.8724,100.00,47.43
2010-11-06 06:00:00,Mawson,135.4842,290.4480,135.4842,0.0000,0.0000,0.0000,154.9638,1500.0000,135.4842,37.9356,0.0000,37.9356,100.00,46.65
2010-11-06 07:00:00,Mawson,138.0139,283.2955,138.0139,0.0000,0.0000,0.0000,145.2816,1500.0000,138.0139,38.6439,0.0000,38.6439,100.00,48.72
2010-11-06 08:00:00,Mawson,143.4178,268.7351,143.4178,0.0000,0.0000,0.0000,125.3173,1500.0000,143.4178,40.1570,0.0000,40.1570,100.00,53.37
2010-11-06 09:00:00,Mawson,136.3198,296.5174,136.3198,0.0000,0.0000,0.0000,160.1976,1500.0000,136.3198,38.1695,0.0000,38.1695,100.00,45.97
2010-11-06 10:00:00,Mawson,132.2844,315.5992,132.2844,0.0000,0.0000,0.0000,183.3148,1500.0000,132.2844,37.0396,0.0000,37.0396,100.00,41.92
2010-11-06 11:00:00,Mawson,122.3065,323.4250,122.3065,0.0000,0.0000,0.0000,201.1185,1500.0000,122.3065,34.2458,0.0000,34.2458,100.00,37.82
2010-11-06 12:00:00,Mawson,130.9358,276.8909,130.9358,0.0000,0.0000,0.0000,145.9551,1500.0000,130.9358,36.6620,0.0000,36.6620,100.00,47.29
2010-11-06 13:00:00,Mawson,141.4293,336.0008,141.4293,0.0000,0.0000,0.0000,194.5715,1500.0000,141.4293,39.6002,0.0000,39.6002,100.00,42.09
2010-11-06 14:00:00,Mawson,129.8336,255.8508,129.8336,0.0000,0.0000,0.0000,126.0172,1500.0000,129.8336,36.3534,0.0000,36.3534,100.00,50.75
2010-11-06 15:00:00,Mawson,134.9472,207.9855,134.9472,0.0000,0.0000,0.0000,73.0383,1500.0000,134.9472,37.7852,0.0000,37.7852,100.00,64.88
2010-11-06 16:00:00,Mawson,123.6104,143.9776,123.6104,0.0000,0.0000,0.0000,20.3672,1500.0000,123.6104,34.6109,0.0000,34.6109,100.00,85.85
2010-11-06 17:00:00,Mawson,142.6408,235.5388,142.6408,0.0000,0.0000,0.0000,92.8980,1500.0000,142.6408,39.9394,0.0000,39.9394,100.00,60.56
2010-11-06 18:00:00,Mawson,142.0637,53.1452,53.1452,0.0000,88.9185,0.0000,0.0000,1406.4016,142.0637,39.7778,0.0000,39.7778,100.00,100.00
2010-11-06 19:00:00,Mawson,146.5224,290.8228,146.5224,98.5247,0.0000,0.0000,45.7757,1500.0000,146.5224,41.0263,0.0000,41.0263,100.00,84.26
2010-11-06 20:00:00,Mawson,141.4207,111.3705,111.3705,0.0000,30.0502,0.0000,0.0000,1468.3682,141.4207,39.5978,0.0000,39.5978,100.00,100.00
2010-11-06 21:00:00,Mawson,125.2161,162.5821,125.2161,33.2966,0.0000,0.0000,4.0694,1500.0000,125.2161,35.0605,0.0000,35.0605,100.00,97.50
2010-11-06 22:00:00,Mawson,126.5083,277.9002,126.5083,0.0000,0.0000,0.0000,151.3919,1500.0000,126.5083,35.4223,0.0000,35.4223,100.00,45.52
2010-11-06 23:00:00,Mawson,117.6745,288.4159,117.6745,0.0000,0.0000,0.0000,170.7414,1500.0000,117.6745,32.9489,0.0000,32.9489,100.00,40.80
2010-11-07 00:00:00,Mawson,118.8029,283.6642,118.8029,0.0000,0.0000,0.0000,164.8613,1500.0000,118.8029,33.2648,0.0000,33.2648,100.00,41.88
2010-11-07 01:00:00,Mawson,129.3259,266.4851,129.3259,0.0000,0.0000,0.0000,137.1592,1500.0000,129.3259,36.2113,0.0000,36.2113,100.00,48.53
2010-11-07 02:00:00,Mawson,130.4515,281.2452,130.4515,0.0000,0.0000,0.0000,150.7937,1500.0000,130.4515,36.5264,0.0000,36.5264,100.00,46.38
2010-11-07 03:00:00,Mawson,142.6974,276.5261,142.6974,0.0000,0.0000,0.0000,133.8287,1500.0000,142.6974,39.9553,0.0000,39.9553,100.00,51.60
2010-11-07 04:00:00,Mawson,135.5340,286.2136,135.5340,0.0000,0.0000,0.0000,150.6796,1500.0000,135.5340,37.9495,0.0000,37.9495,100.00,47.35
2010-11-07 05:00:00,Mawson,142.8826,227.9540,142.8826,0.0000,0.0000,0.0000,85.0714,1500.0000,142.8826,40.0071,0.0000,40.0071,100.00,62.68
2010-11-07 06:00:00,Mawson,140.0991,272.7527,140.0991,0.0000,0.0000,0.0000,132.6536,1500.0000,140.0991,39.2277,0.0000,39.2277,100.00,51.36
2010-11-07 07:00:00,Mawson,140.3523,278.0007,140.3523,0.0000,0.0000,0.0000,137.6484,1500.0000,140.3523,39.2986,0.0000,39.2986,100.00,50.49
2010-11-07 08:00:00,Mawson,127.7552,229.4167,127.7552,0.0000,0.0000,0.0000,101.6615,1500.0000,127.7552,35.7715,0.0000,35.7715,100.00,55.69
2010-11-07 09:00:00,Mawson,123.2708,303.8675,123.2708,0.0000,0.0000,0.0000,180.5967,1500.0000,123.2708,34.5158,0.0000,34.5158,100.00,40.57
2010-11-07 10:00:00,Mawson,130.0180,317.6142,130.0180,0.0000,0.0000,0.0000,187.5962,1500.0000,130.0180,36.4050,0.0000,36.4050,100.00,40.94
2010-11-07 11:00:00,Mawson,131.6236,347.9485,131.6236,0.0000,0.0000,0.0000,216.3249,1500.0000,131.6236,36.8546,0.0000,36.8546,100.00,37.83
2010-11-07 12:00:00,Mawson,120.6578,290.5708,120.6578,0.0000,0.0000,0.0000,169.9130,1500.0000,120.6578,33.7842,0.0000,33.7842,100.00,41.52
2010-11-07 13:00:00,Mawson,127.0453,252.2349,127.0453,0.0000,0.0000,0.0000,125.1896,1500.0000,127.0453,35.5727,0.0000,35.5727,100.00,50.37
2010-11-07 14:00:00,Mawson,131.1011,92.7654,92.7654,0.0000,38.3357,0.0000,0.0000,1459.6466,131.1011,36.7083,0.0000,36.7083,100.00,100.00
2010-11-07 15:00:00,Mawson,138.7264,323.9575,138.7264,42.4772,0.0000,0.0000,142.7539,1500.0000,138.7264,38.8434,0.0000,38.8434,100.00,55.93
2010-11-07 16:00:00,Mawson,139.3752,37.6504,37.6504,0.0000,101.7248,0.0000,0.0000,1392.9213,139.3752,39.0251,0.0000,39.0251,100.00,100.00
2010-11-07 17:00:00,Mawson,140.2280,258.4730,140.2280,112.7145,0.0000,0.0000,5.5305,1500.0000,140.2280,39.2638,0.0000,39.2638,100.00,97.86
2010-11-07 18:00:00,Mawson,145.0808,198.6229,145.0808,0.0000,0.0000,0.0000,53.5421,1500.0000,145.0808,40.6226,0.0000,40.6226,100.00,73.04
2010-11-07 19:00:00,Mawson,125.5259,282.1786,125.5259,0.0000,0.0000,0.0000,156.6527,1500.0000,125.5259,35.1473,0.0000,35.1473,100.00,44.48
2010-11-07 20:00:00,Mawson,124.5620,287.5696,124.5620,0.0000,0.0000,0.0000,163.0076,1500.0000,124.5620,34.8774,0.0000,34.8774,100.00,43.32
2010-11-07 21:00:00,Mawson,168.3376,166.7003,166.7003,0.0000,1.6373,0.0000,0.0000,1498.2765,168.3376,47.1345,0.0000,47.1345,100.00,100.00
2010-11-07 22:00:00,Mawson,124.8352,289.3799,124.8352,1.8142,0.0000,0.0000,162.7305,1500.0000,124.8352,34.9539,0.0000,34.9539,100.00,43.77
2010-11-07 23:00:00,Mawson,142.5263,294.3303,142.5263,0.0000,0.0000,0.0000,151.8040,1500.0000,142.5263,39.9074,0.0000,39.9074,100.00,48.42
2010-11-08 00:00:00,Mawson,143.6943,262.1178,143.6943,0.0000,0.0000,0.0000,118.4235,1500.0000,143.6943,40.2344,0.0000,40.2344,100.00,54.82
2010-11-08 01:00:00,Mawson,124.5359,286.9454,124.5359,0.0000,0.0000,0.0000,162.4095,1500.0000,124.5359,34.8701,0.0000,34.8701,100.00,43.40
2010-11-08 02:00:00,Mawson,126.8955,285.9096,126.8955,0.0000,0.0000,0.0000,159.0141,1500.0000,126.8955,35.5307,0.0000,35.5307,100.00,44.38
2010-11-08 03:00:00,Mawson,126.5651,279.3221,126.5651,0.0000,0.0000,0.0000,152.7570,1500.0000,126.5651,35.4382,0.0000,35.4382,100.00,45.31
2010-11-08 04:00:00,Mawson,144.6556,289.7300,144.6556,0.0000,0.0000,0.0000,145.0744,1500.0000,144.6556,40.5036,0.0000,40.5036,100.00,49.93
2010-11-08 05:00:00,Mawson,114.6385,230.8203,114.6385,0.0000,0.0000,0.0000,116.1818,1500.0000,114.6385,32.0988,0.0000,32.0988,100.00,49.67
2010-11-08 06:00:00,Mawson,124.4720,270.0338,124.4720,0.0000,0.0000,0.0000,145.5618,1500.0000,124.4720,34.8522,0.0000,34.8522,100.00,46.09
2010-11-08 07:00:00,Mawson,133.4490,287.5429,133.4490,0.0000,0.0000,0.0000,154.0939,1500.0000,133.4490,37.3657,0.0000,37.3657,100.00,46.41
2010-11-08 08:00:00,Mawson,135.8431,289.9697,135.8431,0.0000,0.0000,0.0000,154.1266,1500.0000,135.8431,38.0361,0.0000,38.0361,100.00,46.85
2010-11-08 09:00:00,Mawson,131.6188,266.0145,131.6188,0.0000,0.0000,0.0000,134.3957,1500.0000,131.6188,36.8533,0.0000,36.8533,100.00,49.48
2010-11-08 10:00:00,Mawson,137.9078,316.4654,137.9078,0.0000,0.0000,0.0000,178.5576,1500.0000,137.9078,38.6142,0.0000,38.6142,100.00,43.58
2010-11-08 11:00:00,Mawson,135.4409,325.8545,135.4409,0.0000,0.0000,0.0000,190.4136,1500.0000,135.4409,37.9235,0.0000,37.9235,100.00,41.56
2010-11-08 12:00:00,Mawson,128.5844,353.6382,128.5844,0.0000,0.0000,0.0000,225.0538,1500.0000,128.5844,36.0036,0.0000,36.0036,100.00,36.36
2010-11-08 13:00:00,Mawson,133.2950,279.7356,133.2950,0.0000,0.0000,0.0000,146.4406,1500.0000,133.2950,37.3226,0.0000,37.3226,100.00,47.65
2010-11-08 14:00:00,Mawson,123.7818,134.2433,123.7818,0.0000,0.0000,0.0000,10.4615,1500.0000,123.7818,34.6589,0.0000,34.6589,100.00,92.21
2010-11-08 15:00:00,Mawson,122.5784,181.1360,122.5784,0.0000,0.0000,0.0000,58.5576,1500.0000,122.5784,34.3220,0.0000,34.3220,100.00,67.67
2010-11-08 16:00:00,Mawson,130.0619,297.4849,130.0619,0.0000,0.0000,0.0000,167.4230,1500.0000,130.0619,36.4173,0.0000,36.4173,100.00,43.72
2010-11-08 17:00:00,Mawson,131.8170,271.6780,131.8170,0.0000,0.0000,0.0000,139.8610,1500.0000,131.8170,36.9088,0.0000,36.9088,100.00,48.52
2010-11-08 18:00:00,Mawson,154.3899,292.4702,154.3899,0.0000,0.0000,0.0000,138.0803,1500.0000,154.3899,43.2292,0.0000,43.2292,100.00,52.79
2010-11-08 19:00:00,Mawson,154.5610,184.1858,154.5610,0.0000,0.0000,0.0000,29.6248,1500.0000,154.5610,43.2771,0.0000,43.2771,100.00,83.92
2010-11-08 20:00:00,Mawson,136.8549,260.8001,136.8549,0.0000,0.0000,0.0000,123.9452,1500.0000,136.8549,38.3194,0.0000,38.3194,100.00,52.48
2010-11-08 21:00:00,Mawson,145.9750,228.9382,145.9750,0.0000,0.0000,0.0000,82.9632,1500.0000,145.9750,40.8730,0.0000,40.8730,100.00,63.76
2010-11-08 22:00:00,Mawson,127.1463,269.3609,127.1463,0.0000,0.0000,0.0000,142.2146,1500.0000,127.1463,35.6010,0.0000,35.6010,100.00,47.20
2010-11-08 23:00:00,Mawson,131.4734,282.7517,131.4734,0.0000,0.0000,0.0000,151.2783,1500.0000,131.4734,36.8126,0.0000,36.8126,100.00,46.50
2010-11-09 00:00:00,Mawson,142.9437,291.7777,142.9437,0.0000,0.0000,0.0000,148.8340,1500.0000,142.9437,40.0242,0.0000,40.0242,100.00,48.99
2010-11-09 01:00:00,Mawson,128.1725,289.0056,128.1725,0.0000,0.0000,0.0000,160.8331,1500.0000,128.1725,35.8883,0.0000,35.8883,100.00,44.35
2010-11-09 02:00:00,Mawson,133.8895,259.8490,133.8895,0.0000,0.0000,0.0000,125.9595,1500.0000,133.8895,37.4891,0.0000,37.4891,100.00,51.53
2010-11-09 03:00:00,Mawson,125.4468,284.6922,125.4468,0.0000,0.0000,0.0000,159.2454,1500.0000,125.4468,35.1251,0.0000,35.1251,100.00,44.06
2010-11-09 04:00:00,Mawson,145.2124,271.5672,145.2124,0.0000,0.0000,0.0000,126.3548,1500.0000,145.2124,40.6595,0.0000,40.6595,100.00,53.47
2010-11-09 05:00:00,Mawson,123.1192,292.1920,123.1192,0.0000,0.0000,0.0000,169.0728,1500.0000,123.1192,34.4734,0.0000,34.4734,100.00,42.14
2010-11-09 06:00:00,Mawson,135.6862,236.2604,135.6862,0.0000,0.0000,0.0000,100.5742,1500.0000,135.6862,37.9921,0.0000,37.9921,100.00,57.43
2010-11-09 07:00:00,Mawson,144.0695,283.7774,144.0695,0.0000,0.0000,0.0000,139.7079,1500.0000,144.0695,40.3395,0.0000,40.3395,100.00,50.77
2010-11-09 08:00:00,Mawson,113.3702,285.0746,113.3702,0.0000,0.0000,0.0000,171.7044,1500.0000,113.3702,31.7437,0.0000,31.7437,100.00,39.77
2010-11-09 09:00:00,Mawson,141.0190,282.8809,141.0190,0.0000,0.0000,0.0000,141.8619,1500.0000,141.0190,39.4853,0.0000,39.4853,100.00,49.85
2010-11-09 10:00:00,Mawson,142.0944,313.7070,142.0944,0.0000,0.0000,0.0000,171.6126,1500.0000,142.0944,39.7864,0.0000,39.7864,100.00,45.30
2010-11-09 11:00:00,Mawson,141.1459,148.9426,141.1459,0.0000,0.0000,0.0000,7.7967,1500.0000,141.1459,39.5209,0.0000,39.5209,100.00,94.77
2010-11-09 12:00:00,Mawson,133.6651,286.2071,133.6651,0.0000,0.0000,0.0000,152.5420,1500.0000,133.6651,37.4262,0.0000,37.4262,100.00,46.70
2010-11-09 13:00:00,Mawson,133.0752,326.1518,133.0752,0.0000,0.0000,0.0000,193.0766,1500.0000,133.0752,37.2611,0.0000,37.2611,100.00,40.80
2010-11-09 14:00:00,Mawson,134.0687,269.0896,134.0687,0.0000,0.0000,0.0000,135.0209,1500.0000,134.0687,37.5392,0.0000,37.5392,100.00,49.82
2010-11-09 15:00:00,Mawson,127.9594,304.2722,127.9594,0.0000,0.0000,0.0000,176.3128,1500.0000,127.9594,35.8286,0.0000,35.8286,100.00,42.05
2010-11-09 16:00:00,Mawson,160.0477,209.4207,160.0477,0.0000,0.0000,0.0000,49.3730,1500.0000,160.0477,44.8134,0.0000,44.8134,100.00,76.42
2010-11-09 17:00:00,Mawson,126.4808,206.6451,126.4808,0.0000,0.0000,0.0000,80.1643,1500.0000,126.4808,35.4146,0.0000,35.4146,100.00,61.21
2010-11-09 18:00:00,Mawson,132.4034,286.3896,132.4034,0.0000,0.0000,0.0000,153.9862,1500.0000,132.4034,37.0730,0.0000,37.0730,100.00,46.23
2010-11-09 19:00:00,Mawson,135.2031,278.6718,135.2031,0.0000,0.0000,0.0000,143.4687,1500.0000,135.2031,37.8569,0.0000,37.8569,100.00,48.52
2010-11-09 20:00:00,Mawson,145.6936,288.1951,145.6936,0.0000,0.0000,0.0000,142.5015,1500.0000,145.6936,40.7942,0.0000,40.7942,100.00,50.55
2010-11-09 21:00:00,Mawson,140.9312,274.6704,140.9312,0.0000,0.0000,0.0000,133.7392,1500.0000,140.9312,39.4607,0.0000,39.4607,100.00,51.31
2010-11-09 22:00:00,Mawson,129.0681,285.6891,129.0681,0.0000,0.0000,0.0000,156.6210,1500.0000,129.0681,36.1391,0.0000,36.1391,100.00,45.18
2010-11-09 23:00:00,Mawson,124.1443,288.1140,124.1443,0.0000,0.0000,0.0000,163.9697,1500.0000,124.1443,34.7604,0.0000,34.7604,100.00,43.09
2010-11-10 00:00:00,Mawson,130.3722,288.6644,130.3722,0.0000,0.0000,0.0000,158.2922,1500.0000,130.3722,36.5042,0.0000,36.5042,100.00,45.16
2010-11-10 01:00:00,Mawson,120.7298,298.3201,120.7298,0.0000,0.0000,0.0000,177.5903,1500.0000,120.7298,33.8043,0.0000,33.8043,100.00,40.47
2010-11-10 02:00:00,Mawson,115.2774,280.3821,115.2774,0.0000,0.0000,0.0000,165.1047,1500.0000,115.2774,32.2777,0.0000,32.2777,100.00,41.11
2010-11-10 03:00:00,Mawson,141.8975,280.7759,141.8975,0.0000,0.0000,0.0000,138.8784,1500.0000,141.8975,39.7313,0.0000,39.7313,100.00,50.54
2010-11-10 04:00:00,Mawson,126.9070,280.3349,126.9070,0.0000,0.0000,0.0000,153.4279,1500.0000,126.9070,35.5340,0.0000,35.5340,100.00,45.27
2010-11-10 05:00:00,Mawson,134.3657,288.4414,134.3657,0.0000,0.0000,0.0000,154.0757,1500.0000,134.3657,37.6224,0.0000,37.6224,100.00,46.58
2010-11-10 06:00:00,Mawson,138.8896,239.5172,138.8896,0.0000,0.0000,0.0000,100.6276,1500.0000,138.8896,38.8891,0.0000,38.8891,100.00,57.99
2010-11-10 07:00:00,Mawson,130.0523,296.3889,130.0523,0.0000,0.0000,0.0000,166.3366,1500.0000,130.0523,36.4146,0.0000,36.4146,100.00,43.88
2010-11-10 08:00:00,Mawson,129.4364,293.7880,129.4364,0.0000,0.0000,0.0000,164.3516,1500.0000,129.4364,36.2422,0.0000,36.2422,100.00,44.06
2010-11-10 09:00:00,Mawson,154.6937,267.4343,154.6937,0.0000,0.0000,0.0000,112.7406,1500.0000,154.6937,43.3142,0.0000,43.3142,100.00,57.84
2010-11-10 10:00:00,Mawson,134.9633,232.9156,134.9633,0.0000,0.0000,0.0000,97.9523,1500.0000,134.9633,37.7897,0.0000,37.7897,100.00,57.95
2010-11-10 11:00:00,Mawson,139.4656,184.8796,139.4656,0.0000,0.0000,0.0000,45.4140,1500.0000,139.4656,39.0504,0.0000,39.0504,100.00,75.44
2010-11-10 12:00:00,Mawson,156.5028,343.5420,156.5028,0.0000,0.0000,0.0000,187.0392,1500.0000,156.5028,43.8208,0.0000,43.8208,100.00,45.56
2010-11-10 13:00:00,Mawson,139.0289,334.3301,139.0289,0.0000,0.0000,0.0000,195.3012,1500.0000,139.0289,38.9281,0.0000,38.9281,100.00,41.58
2010-11-10 14:00:00,Mawson,130.5644,306.3431,130.5644,0.0000,0.0000,0.0000,175.7787,1500.0000,130.5644,36.5580,0.0000,36.5580,100.00,42.62
2010-11-10 15:00:00,Mawson,103.6116,198.4224,103.6116,0.0000,0.0000,0.0000,94.8108,1500.0000,103.6116,29.0112,0.0000,29.0112,100.00,52.22
2010-11-10 16:00:00,Mawson,131.9566,242.8251,131.9566,0.0000,0.0000,0.0000,110.8685,1500.0000,131.9566,36.9478,0.0000,36.9478,100.00,54.34
2010-11-10 17:00:00,Mawson,153.3641,144.7760,144.7760,0.0000,8.5881,0.0000,0.0000,1490.9599,153.3641,42.9419,0.0000,42.9419,100.00,100.00
2010-11-10 18:00:00,Mawson,145.1961,260.3523,145.1961,9.5159,0.0000,0.0000,105.6403,1500.0000,145.1961,40.6549,0.0000,40.6549,100.00,59.42
2010-11-10 19:00:00,Mawson,140.1136,295.9467,140.1136,0.0000,0.0000,0.0000,155.8331,1500.0000,140.1136,39.2318,0.0000,39.2318,100.00,47.34
2010-11-10 20:00:00,Mawson,145.3894,288.2321,145.3894,0.0000,0.0000,0.0000,142.8427,1500.0000,145.3894,40.7090,0.0000,40.7090,100.00,50.44
2010-11-10 21:00:00,Mawson,143.1250,289.6054,143.1250,0.0000,0.0000,0.0000,146.4804,1500.0000,143.1250,40.0750,0.0000,40.0750,100.00,49.42
2010-11-10 22:00:00,Mawson,125.2128,297.8594,125.2128,0.0000,0.0000,0.0000,172.6466,1500.0000,125.2128,35.0596,0.0000,35.0596,100.00,42.04
2010-11-10 23:00:00,Mawson,126.0004,299.6671,126.0004,0.0000,0.0000,0.0000,173.6667,1500.0000,126.0004,35.2801,0.0000,35.2801,100.00,42.05
2010-11-11 00:00:00,Mawson,114.3715,242.1192,114.3715,0.0000,0.0000,0.0000,127.7477,1500.0000,114.3715,32.0240,0.0000,32.0240,100.00,47.24
2010-11-11 01:00:00,Mawson,119.2081,240.7413,119.2081,0.0000,0.0000,0.0000,121.5332,1500.0000,119.2081,33.3783,0.0000,33.3783,100.00,49.52
2010-11-11 02:00:00,Mawson,120.4168,284.3863,120.4168,0.0000,0.0000,0.0000,163.9695,1500.0000,120.4168,33.7167,0.0000,33.7167,100.00,42.34
2010-11-11 03:00:00,Mawson,133.8590,287.1785,133.8590,0.0000,0.0000,0.0000,153.3195,1500.0000,133.8590,37.4805,0.0000,37.4805,100.00,46.61
2010-11-11 04:00:00,Mawson,125.7153,267.7566,125.7153,0.0000,0.0000,0.0000,142.0413,1500.0000,125.7153,35.2003,0.0000,35.2003,100.00,46.95
2010-11-11 05:00:00,Mawson,132.7821,289.7514,132.7821,0.0000,0.0000,0.0000,156.9693,1500.0000,132.7821,37.1790,0.0000,37.1790,100.00,45.83
2010-11-11 06:00:00,Mawson,128.6394,273.8444,128.6394,0.0000,0.0000,0.0000,145.2050,1500.0000,128.6394,36.0190,0.0000,36.0190,100.00,46.98
2010-11-11 07:00:00,Mawson,110.9839,229.4903,110.9839,0.0000,0.0000,0.0000,118.5064,1500.0000,110.9839,31.0755,0.0000,31.0755,100.00,48.36
2010-11-11 08:00:00,Mawson,145.3905,123.9900,123.9900,0.0000,21.4005,0.0000,0.0000,1477.4732,145.3905,40.7093,0.0000,40.7093,100.00,100.00
2010-11-11 09:00:00,Mawson,135.5746,300.4675,135.5746,23.7125,0.0000,0.0000,141.1804,1500.0000,135.5746,37.9609,0.0000,37.9609,100.00,53.01
2010-11-11 10:00:00,Mawson,133.8949,291.1970,133.8949,0.0000,0.0000,0.0000,157.3021,1500.0000,133.8949,37.4906,0.0000,37.4906,100.00,45.98
2010-11-11 11:00:00,Mawson,151.1120,355.6272,151.1120,0.0000,0.0000,0.0000,204.5152,1500.0000,151.1120,42.3114,0.0000,42.3114,100.00,42.49
2010-11-11 12:00:00,Mawson,125.4399,266.6014,125.4399,0.0000,0.0000,0.0000,141.1615,1500.0000,125.4399,35.1232,0.0000,35.1232,100.00,47.05
2010-11-11 13:00:00,Mawson,139.7379,134.8462,134.8462,0.0000,4.8917,0.0000,0.0000,1494.8508,139.7379,39.1266,0.0000,39.1266,100.00,100.00
2010-11-11 14:00:00,Mawson,131.6563,311.1931,131.6563,5.4202,0.0000,0.0000,174.1166,1500.0000,131.6563,36.8638,0.0000,36.8638,100.00,44.05
2010-11-11 15:00:00,Mawson,147.1677,73.6542,73.6542,0.0000,73.5135,0.0000,0.0000,1422.6174,147.1677,41.2070,0.0000,41.2070,100.00,100.00
2010-11-11 16:00:00,Mawson,151.0040,99.1116,99.1116,0.0000,51.8924,0.0000,0.0000,1367.9938,151.0040,42.2811,0.0000,42.2811,100.00,100.00
2010-11-11 17:00:00,Mawson,127.3675,255.9937,127.3675,128.6262,0.0000,0.0000,0.0000,1490.1887,127.3675,35.6629,0.0000,35.6629,100.00,100.00
2010-11-11 18:00:00,Mawson,128.4361,209.5581,128.4361,10.3277,0.0000,0.0000,70.7943,1500.0000,128.4361,35.9621,0.0000,35.9621,100.00,66.22
2010-11-11 19:00:00,Mawson,140.2643,289.2976,140.2643,0.0000,0.0000,0.0000,149.0333,1500.0000,140.2643,39.2740,0.0000,39.2740,100.00,48.48
2010-11-11 20:00:00,Mawson,135.4656,300.1691,135.4656,0.0000,0.0000,0.0000,164.7035,1500.0000,135.4656,37.9304,0.0000,37.9304,100.00,45.13
2010-11-11 21:00:00,Mawson,148.3536,294.2432,148.3536,0.0000,0.0000,0.0000,145.8896,1500.0000,148.3536,41.5390,0.0000,41.5390,100.00,50.42
2010-11-11 22:00:00,Mawson,134.5403,272.4327,134.5403,0.0000,0.0000,0.0000,137.8924,1500.0000,134.5403,37.6713,0.0000,37.6713,100.00,49.38
2010-11-11 23:00:00,Mawson,122.1296,269.0333,122.1296,0.0000,0.0000,0.0000,146.9037,1500.0000,122.1296,34.1963,0.0000,34.1963,100.00,45.40
2010-11-12 00:00:00,Mawson,132.4174,285.8689,132.4174,0.0000,0.0000,0.0000,153.4515,1500.0000,132.4174,37.0769,0.0000,37.0769,100.00,46.32
2010-11-12 01:00:00,Mawson,131.1712,246.6892,131.1712,0.0000,0.0000,0.0000,115.5180,1500.0000,131.1712,36.7279,0.0000,36.7279,100.00,53.17
2010-11-12 02:00:00,Mawson,122.2985,266.1336,122.2985,0.0000,0.0000,0.0000,143.8351,1500.0000,122.2985,34.2436,0.0000,34.2436,100.00,45.95
2010-11-12 03:00:00,Mawson,115.1650,235.7049,115.1650,0.0000,0.0000,0.0000,120.5399,1500.0000,115.1650,32.2462,0.0000,32.2462,100.00,48.86
2010-11-12 04:00:00,Mawson,134.0399,286.5647,134.0399,0.0000,0.0000,0.0000,152.5248,1500.0000,134.0399,37.5312,0.0000,37.5312,100.00,46.77
2010-11-12 05:00:00,Mawson,131.2201,284.3597,131.2201,0.0000,0.0000,0.0000,153.1396,1500.0000,131.2201,36.7416,0.0000,36.7416,100.00,46.15
2010-11-12 06:00:00,Mawson,140.7246,247.5626,140.7246,0.0000,0.0000,0.0000,106.8380,1500.0000,140.7246,39.4029,0.0000,39.4029,100.00,56.84
2010-11-12 07:00:00,Mawson,131.7313,294.7119,131.7313,0.0000,0.0000,0.0000,162.9806,1500.0000,131.7313,36.8848,0.0000,36.8848,100.00,44.70
2010-11-12 08:00:00,Mawson,120.9623,284.2010,120.9623,0.0000,0.0000,0.0000,163.2387,1500.0000,120.9623,33.8694,0.0000,33.8694,100.00,42.56
2010-11-12 09:00:00,Mawson,133.4397,185.8628,133.4397,0.0000,0.0000,0.0000,52.4231,1500.0000,133.4397,37.3631,0.0000,37.3631,100.00,71.79
2010-11-12 10:00:00,Mawson,123.4238,176.7871,123.4238,0.0000,0.0000,0.0000,53.3633,1500.0000,123.4238,34.5587,0.0000,34.5587,100.00,69.81
2010-11-12 11:00:00,Mawson,131.4217,330.8198,131.4217,0.0000,0.0000,0.0000,199.3981,1500.0000,131.4217,36.7981,0.0000,36.7981,100.00,39.73
2010-11-12 12:00:00,Mawson,152.4495,352.2595,152.4495,0.0000,0.0000,0.0000,199.8100,1500.0000,152.4495,42.6859,0.0000,42.6859,100.00,43.28
2010-11-12 13:00:00,Mawson,130.8574,209.7411,130.8574,0.0000,0.0000,0.0000,78.8837,1500.0000,130.8574,36.6401,0.0000,36.6401,100.00,62.39
2010-11-12 14:00:00,Mawson,122.0782,348.0618,122.0782,0.0000,0.0000,0.0000,225.9836,1500.0000,122.0782,34.1819,0.0000,34.1819,100.00,35.07
2010-11-12 15:00:00,Mawson,113.7094,306.0095,113.7094,0.0000,0.0000,0.0000,192.3001,1500.0000,113.7094,31.8386,0.0000,31.8386,100.00,37.16
2010-11-12 16:00:00,Mawson,128.1431,288.9601,128.1431,0.0000,0.0000,0.0000,160.8170,1500.0000,128.1431,35.8801,0.0000,35.8801,100.00,44.35
2010-11-12 17:00:00,Mawson,133.9989,229.8259,133.9989,0.0000,0.0000,0.0000,95.8270,1500.0000,133.9989,37.5197,0.0000,37.5197,100.00,58.30
2010-11-12 18:00:00,Mawson,150.2060,255.9520,150.2060,0.0000,0.0000,0.0000,105.7460,1500.0000,150.2060,42.0577,0.0000,42.0577,100.00,58.69
2010-11-12 19:00:00,Mawson,142.4564,289.8617,142.4564,0.0000,0.0000,0.0000,147.4053,1500.0000,142.4564,39.8878,0.0000,39.8878,100.00,49.15
2010-11-12 20:00:00,Mawson,138.9904,283.4192,138.9904,0.0000,0.0000,0.0000,144.4288,1500.0000,138.9904,38.9173,0.0000,38.9173,100.00,49.04
2010-11-12 21:00:00,Mawson,130.0639,278.6520,130.0639,0.0000,0.0000,0.0000,148.5881,1500.0000,130.0639,36.4179,0.0000,36.4179,100.00,46.68
2010-11-12 22:00:00,Mawson,125.7258,268.0794,125.7258,0.0000,0.0000,0.0000,142.3536,1500.0000,125.7258,35.2032,0.0000,35.2032,100.00,46.90
2010-11-12 23:00:00,Mawson,141.0949,290.3187,141.0949,0.0000,0.0000,0.0000,149.2238,1500.0000,141.0949,39.5066,0.0000,39.5066,100.00,48.60
2010-11-13 00:00:00,Mawson,135.4490,243.2759,135.4490,0.0000,0.0000,0.0000,107.8269,1500.0000,135.4490,37.9257,0.0000,37.9257,100.00,55.68
2010-11-13 01:00:00,Mawson,109.6548,292.0552,109.6548,0.0000,0.0000,0.0000,182.4004,1500.0000,109.6548,30.7033,0.0000,30.7033,100.00,37.55
2010-11-13 02:00:00,Mawson,123.3186,285.6762,123.3186,0.0000,0.0000,0.0000,162.3576,1500.0000,123.3186,34.5292,0.0000,34.5292,100.00,43.17
2010-11-13 03:00:00,Mawson,127.1208,280.5425,127.1208,0.0000,0.0000,0.0000,153.4217,1500.0000,127.1208,35.5938,0.0000,35.5938,100.00,45.31
2010-11-13 04:00:00,Mawson,125.4684,282.6534,125.4684,0.0000,0.0000,0.0000,157.1850,1500.0000,125.4684,35.1312,0.0000,35.1312,100.00,44.39
2010-11-13 05:00:00,Mawson,143.7764,287.2135,143.7764,0.0000,0.0000,0.0000,143.4371,1500.0000,143.7764,40.2574,0.0000,40.2574,100.00,50.06
2010-11-13 06:00:00,Mawson,144.7485,288.2495,144.7485,0.0000,0.0000,0.0000,143.5010,1500.0000,144.7485,40.5296,0.0000,40.5296,100.00,50.22
2010-11-13 07:00:00,Mawson,123.4804,292.2996,123.4804,0.0000,0.0000,0.0000,168.8192,1500.0000,123.4804,34.5745,0.0000,34.5745,100.00,42.24
2010-11-13 08:00:00,Mawson,133.3847,259.8685,133.3847,0.0000,0.0000,0.0000,126.4838,1500.0000,133.3847,37.3477,0.0000,37.3477,100.00,51.33
2010-11-13 09:00:00,Mawson,112.1462,303.8812,112.1462,0.0000,0.0000,0.0000,191.7350,1500.0000,112.1462,31.4009,0.0000,31.4009,100.00,36.90
2010-11-13 10:00:00,Mawson,141.4999,327.6529,141.4999,0.0000,0.0000,0.0000,186.1530,1500.0000,141.4999,39.6200,0.0000,39.6200,100.00,43.19
2010-11-13 11:00:00,Mawson,133.8372,259.2931,133.8372,0.0000,0.0000,0.0000,125.4559,1500.0000,133.8372,37.4744,0.0000,37.4744,100.00,51.62
2010-11-13 12:00:00,Mawson,146.8144,351.3611,146.8144,0.0000,0.0000,0.0000,204.5467,1500.0000,146.8144,41.1080,0.0000,41.1080,100.00,41.78
2010-11-13 13:00:00,Mawson,135.3451,150.1069,135.3451,0.0000,0.0000,0.0000,14.7618,1500.0000,135.3451,37.8966,0.0000,37.8966,100.00,90.17
2010-11-13 14:00:00,Mawson,124.2822,174.7797,124.2822,0.0000,0.0000,0.0000,50.4975,1500.0000,124.2822,34.7990,0.0000,34.7990,100.00,71.11
2010-11-13 15:00:00,Mawson,134.3466,174.3651,134.3466,0.0000,0.0000,0.0000,40.0185,1500.0000,134.3466,37.6170,0.0000,37.6170,100.00,77.05
2010-11-13 16:00:00,Mawson,134.9537,236.5272,134.9537,0.0000,0.0000,0.0000,101.5735,1500.0000,134.9537,37.7870,0.0000,37.7870,100.00,57.06
2010-11-13 17:00:00,Mawson,133.6221,286.2453,133.6221,0.0000,0.0000,0.0000,152.6232,1500.0000,133.6221,37.4142,0.0000,37.4142,100.00,46.68
2010-11-13 18:00:00,Mawson,130.4566,298.2734,130.4566,0.0000,0.0000,0.0000,167.8168,1500.0000,130.4566,36.5278,0.0000,36.5278,100.00,43.74
2010-11-13 19:00:00,Mawson,147.4765,190.4322,147.4765,0.0000,0.0000,0.0000,42.9557,1500.0000,147.4765,41.2934,0.0000,41.2934,100.00,77.44
2010-11-13 20:00:00,Mawson,136.2440,236.6659,136.2440,0.0000,0.0000,0.0000,100.4219,1500.0000,136.2440,38.1483,0.0000,38.1483,100.00,57.57
2010-11-13 21:00:00,Mawson,137.4177,292.9822,137.4177,0.0000,0.0000,0.0000,155.5645,1500.0000,137.4177,38.4770,0.0000,38.4770,100.00,46.90
2010-11-13 22:00:00,Mawson,131.2172,281.2450,131.2172,0.0000,0.0000,0.0000,150.0278,1500.0000,131.2172,36.7408,0.0000,36.7408,100.00,46.66
2010-11-13 23:00:00,Mawson,122.4880,275.2220,122.4880,0.0000,0.0000,0.0000,152.7340,1500.0000,122.4880,34.2966,0.0000,34.2966,100.00,44.51
2010-11-14 00:00:00,Mawson,127.6647,307.8563,127.6647,0.0000,0.0000,0.0000,180.1916,1500.0000,127.6647,35.7461,0.0000,35.7461,100.00,41.47
2010-11-14 01:00:00,Mawson,128.0809,286.3680,128.0809,0.0000,0.0000,0.0000,158.2871,1500.0000,128.0809,35.8627,0.0000,35.8627,100.00,44.73
2010-11-14 02:00:00,Mawson,102.4927,281.4897,102.4927,0.0000,0.0000,0.0000,178.9970,1500.0000,102.4927,28.6980,0.0000,28.6980,100.00,36.41
2010-11-14 03:00:00,Mawson,116.3352,284.5103,116.3352,0.0000,0.0000,0.0000,168.1751,1500.0000,116.3352,32.5739,0.0000,32.5739,100.00,40.89
2010-11-14 04:00:00,Mawson,140.2304,289.7887,140.2304,0.0000,0.0000,0.0000,149.5583,1500.0000,140.2304,39.2645,0.0000,39.2645,100.00,48.39
2010-11-14 05:00:00,Mawson,121.9674,275.8227,121.9674,0.0000,0.0000,0.0000,153.8553,1500.0000,121.9674,34.1509,0.0000,34.1509,100.00,44.22
2010-11-14 06:00:00,Mawson,130.2413,287.9329,130.2413,0.0000,0.0000,0.0000,157.6916,1500.0000,130.2413,36.4676,0.0000,36.4676,100.00,45.23
2010-11-14 07:00:00,Mawson,116.9970,291.5154,116.9970,0.0000,0.0000,0.0000,174.5184,1500.0000,116.9970,32.7592,0.0000,32.7592,100.00,40.13
2010-11-14 08:00:00,Mawson,110.4495,276.2859,110.4495,0.0000,0.0000,0.0000,165.8364,1500.0000,110.4495,30.9259,0.0000,30.9259,100.00,39.98
2010-11-14 09:00:00,Mawson,121.9098,247.6997,121.9098,0.0000,0.0000,0.0000,125.7899,1500.0000,121.9098,34.1347,0.0000,34.1347,100.00,49.22
2010-11-14 10:00:00,Mawson,133.2174,327.7886,133.2174,0.0000,0.0000,0.0000,194.5712,1500.0000,133.2174,37.3009,0.0000,37.3009,100.00,40.64
2010-11-14 11:00:00,Mawson,133.6517,353.7865,133.6517,0.0000,0.0000,0.0000,220.1348,1500.0000,133.6517,37.4225,0.0000,37.4225,100.00,37.78
2010-11-14 12:00:00,Mawson,137.9402,169.7755,137.9402,0.0000,0.0000,0.0000,31.8353,1500.0000,137.9402,38.6233,0.0000,38.6233,100.00,81.25
2010-11-14 13:00:00,Mawson,133.5655,355.0648,133.5655,0.0000,0.0000,0.0000,221.4993,1500.0000,133.5655,37.3983,0.0000,37.3983,100.00,37.62
2010-11-14 14:00:00,Mawson,130.1805,231.3722,130.1805,0.0000,0.0000,0.0000,101.1917,1500.0000,130.1805,36.4505,0.0000,36.4505,100.00,56.26
2010-11-14 15:00:00,Mawson,137.4244,234.7732,137.4244,0.0000,0.0000,0.0000,97.3488,1500.0000,137.4244,38.4788,0.0000,38.4788,100.00,58.53
2010-11-14 16:00:00,Mawson,124.2875,68.0656,68.0656,0.0000,56.2219,0.0000,0.0000,1440.8191,124.2875,34.8005,0.0000,34.8005,100.00,100.00
2010-11-14 17:00:00,Mawson,141.1452,190.9015,141.1452,49.7563,0.0000,0.0000,0.0000,1488.0875,141.1452,39.5207,0.0000,39.5207,100.00,100.00
2010-11-14 18:00:00,Mawson,151.8231,292.8078,151.8231,12.5394,0.0000,0.0000,128.4453,1500.0000,151.8231,42.5105,0.0000,42.5105,100.00,56.13
2010-11-14 19:00:00,Mawson,158.3501,231.3486,158.3501,0.0000,0.0000,0.0000,72.9985,1500.0000,158.3501,44.3380,0.0000,44.3380,100.00,68.45
2010-11-14 20:00:00,Mawson,144.3790,285.5599,144.3790,0.0000,0.0000,0.0000,141.1809,1500.0000,144.3790,40.4261,0.0000,40.4261,100.00,50.56
2010-11-14 21:00:00,Mawson,134.0823,280.2423,134.0823,0.0000,0.0000,0.0000,146.1600,1500.0000,134.0823,37.5430,0.0000,37.5430,100.00,47.85
2010-11-14 22:00:00,Mawson,136.3220,294.0168,136.3220,0.0000,0.0000,0.0000,157.6948,1500.0000,136.3220,38.1702,0.0000,38.1702,100.00,46.37
2010-11-14 23:00:00,Mawson,131.9969,185.2778,131.9969,0.0000,0.0000,0.0000,53.2809,1500.0000,131.9969,36.9591,0.0000,36.9591,100.00,71.24
2010-11-15 00:00:00,Mawson,121.8124,305.6985,121.8124,0.0000,0.0000,0.0000,183.8861,1500.0000,121.8124,34.1075,0.0000,34.1075,100.00,39.85
2010-11-15 01:00:00,Mawson,122.9793,282.1460,122.9793,0.0000,0.0000,0.0000,159.1667,1500.0000,122.9793,34.4342,0.0000,34.4342,100.00,43.59
2010-11-15 02:00:00,Mawson,111.4472,265.2183,111.4472,0.0000,0.0000,0.0000,153.7711,1500.0000,111.4472,31.2052,0.0000,31.2052,100.00,42.02
2010-11-15 03:00:00,Mawson,138.4015,272.6004,138.4015,0.0000,0.0000,0.0000,134.1989,1500.0000,138.4015,38.7524,0.0000,38.7524,100.00,50.77
2010-11-15 04:00:00,Mawson,127.5072,286.2136,127.5072,0.0000,0.0000,0.0000,158.7064,1500.0000,127.5072,35.7020,0.0000,35.7020,100.00,44.55
2010-11-15 05:00:00,Mawson,129.3066,239.5385,129.3066,0.0000,0.0000,0.0000,110.2319,1500.0000,129.3066,36.2058,0.0000,36.2058,100.00,53.98
2010-11-15 06:00:00,Mawson,132.0030,290.9597,132.0030,0.0000,0.0000,0.0000,158.9567,1500.0000,132.0030,36.9608,0.0000,36.9608,100.00,45.37
2010-11-15 07:00:00,Mawson,115.3439,244.4947,115.3439,0.0000,0.0000,0.0000,129.1508,1500.0000,115.3439,32.2963,0.0000,32.2963,100.00,47.18
2010-11-15 08:00:00,Mawson,119.0582,285.4844,119.0582,0.0000,0.0000,0.0000,166.4262,1500.0000,119.0582,33.3363,0.0000,33.3363,100.00,41.70
2010-11-15 09:00:00,Mawson,144.9598,194.5328,144.9598,0.0000,0.0000,0.0000,49.5730,1500.0000,144.9598,40.5887,0.0000,40.5887,100.00,74.52
2010-11-15 10:00:00,Mawson,130.7612,309.7163,130.7612,0.0000,0.0000,0.0000,178.9551,1500.0000,130.7612,36.6131,0.0000,36.6131,100.00,42.22
2010-11-15 11:00:00,Mawson,137.3857,302.3530,137.3857,0.0000,0.0000,0.0000,164.9673,1500.0000,137.3857,38.4680,0.0000,38.4680,100.00,45.44
2010-11-15 12:00:00,Mawson,151.9782,345.3088,151.9782,0.0000,0.0000,0.0000,193.3306,1500.0000,151.9782,42.5539,0.0000,42.5539,100.00,44.01
2010-11-15 13:00:00,Mawson,122.6367,269.0086,122.6367,0.0000,0.0000,0.0000,146.3719,1500.0000,122.6367,34.3383,0.0000,34.3383,100.00,45.59
2010-11-15 14:00:00,Mawson,127.1582,190.9123,127.1582,0.0000,0.0000,0.0000,63.7541,1500.0000,127.1582,35.6043,0.0000,35.6043,100.00,66.61
2010-11-15 15:00:00,Mawson,134.6731,216.5242,134.6731,0.0000,0.0000,0.0000,81.8511,1500.0000,134.6731,37.7085,0.0000,37.7085,100.00,62.20
2010-11-15 16:00:00,Mawson,127.2702,168.2986,127.2702,0.0000,0.0000,0.0000,41.0284,1500.0000,127.2702,35.6357,0.0000,35.6357,100.00,75.62
2010-11-15 17:00:00,Mawson,147.4283,199.1567,147.4283,0.0000,0.0000,0.0000,51.7284,1500.0000,147.4283,41.2799,0.0000,41.2799,100.00,74.03
2010-11-15 18:00:00,Mawson,140.9110,202.7411,140.9110,0.0000,0.0000,0.0000,61.8301,1500.0000,140.9110,39.4551,0.0000,39.4551,100.00,69.50
2010-11-15 19:00:00,Mawson,135.6783,282.5624,135.6783,0.0000,0.0000,0.0000,146.8841,1500.0000,135.6783,37.9899,0.0000,37.9899,100.00,48.02
2010-11-15 20:00:00,Mawson,122.2565,287.7012,122.2565,0.0000,0.0000,0.0000,165.4447,1500.0000,122.2565,34.2318,0.0000,34.2318,100.00,42.49
2010-11-15 21:00:00,Mawson,125.7866,184.5986,125.7866,0.0000,0.0000,0.0000,58.8120,1500.0000,125.7866,35.2202,0.0000,35.2202,100.00,68.14
2010-11-15 22:00:00,Mawson,136.6394,278.5465,136.6394,0.0000,0.0000,0.0000,141.9071,1500.0000,136.6394,38.2590,0.0000,38.2590,100.00,49.05
2010-11-15 23:00:00,Mawson,122.3381,292.9047,122.3381,0.0000,0.0000,0.0000,170.5666,1500.0000,122.3381,34.2547,0.0000,34.2547,100.00,41.77
2010-11-16 00:00:00,Mawson,110.5032,300.8900,110.5032,0.0000,0.0000,0.0000,190.3868,1500.0000,110.5032,30.9409,0.0000,30.9409,100.00,36.73
2010-11-16 01:00:00,Mawson,124.1456,262.4866,124.1456,0.0000,0.0000,0.0000,138.3410,1500.0000,124.1456,34.7608,0.0000,34.7608,100.00,47.30
2010-11-16 02:00:00,Mawson,130.1086,285.8770,130.1086,0.0000,0.0000,0.0000,155.7684,1500.0000,130.1086,36.4304,0.0000,36.4304,100.00,45.51
2010-11-16 03:00:00,Mawson,135.0555,283.7343,135.0555,0.0000,0.0000,0.0000,148.6788,1500.0000,135.0555,37.8155,0.0000,37.8155,100.00,47.60
2010-11-16 04:00:00,Mawson,128.4755,291.4131,128.4755,0.0000,0.0000,0.0000,162.9376,1500.0000,128.4755,35.9731,0.0000,35.9731,100.00,44.09
2010-11-16 05:00:00,Mawson,130.8413,284.9059,130.8413,0.0000,0.0000,0.0000,154.0646,1500.0000,130.8413,36.6356,0.0000,36.6356,100.00,45.92
2010-11-16 06:00:00,Mawson,154.2120,279.2581,154.2120,0.0000,0.0000,0.0000,125.0461,1500.0000,154.2120,43.1794,0.0000,43.1794,100.00,55.22
2010-11-16 07:00:00,Mawson,143.6597,249.6403,143.6597,0.0000,0.0000,0.0000,105.9806,1500.0000,143.6597,40.2247,0.0000,40.2247,100.00,57.55
2010-11-16 08:00:00,Mawson,135.4249,269.2370,135.4249,0.0000,0.0000,0.0000,133.8121,1500.0000,135.4249,37.9190,0.0000,37.9190,100.00,50.30
2010-11-16 09:00:00,Mawson,150.3968,297.2278,150.3968,0.0000,0.0000,0.0000,146.8310,1500.0000,150.3968,42.1111,0.0000,42.1111,100.00,50.60
2010-11-16 10:00:00,Mawson,141.2182,319.5992,141.2182,0.0000,0.0000,0.0000,178.3810,1500.0000,141.2182,39.5411,0.0000,39.5411,100.00,44.19
2010-11-16 11:00:00,Mawson,136.1650,270.5734,136.1650,0.0000,0.0000,0.0000,134.4084,1500.0000,136.1650,38.1262,0.0000,38.1262,100.00,50.32
2010-11-16 12:00:00,Mawson,134.0170,276.5062,134.0170,0.0000,0.0000,0.0000,142.4892,1500.0000,134.0170,37.5248,0.0000,37.5248,100.00,48.47
2010-11-16 13:00:00,Mawson,128.0758,229.0305,128.0758,0.0000,0.0000,0.0000,100.9547,1500.0000,128.0758,35.8612,0.0000,35.8612,100.00,55.92
2010-11-16 14:00:00,Mawson,140.9003,193.9433,140.9003,0.0000,0.0000,0.0000,53.0430,1500.0000,140.9003,39.4521,0.0000,39.4521,100.00,72.65
2010-11-16 15:00:00,Mawson,130.9032,284.3489,130.9032,0.0000,0.0000,0.0000,153.4457,1500.0000,130.9032,36.6529,0.0000,36.6529,100.00,46.04
2010-11-16 16:00:00,Mawson,151.3111,244.3133,151.3111,0.0000,0.0000,0.0000,93.0022,1500.0000,151.3111,42.3671,0.0000,42.3671,100.00,61.93
2010-11-16 17:00:00,Mawson,142.3704,290.2824,142.3704,0.0000,0.0000,0.0000,147.9120,1500.0000,142.3704,39.8637,0.0000,39.8637,100.00,49.05
2010-11-16 18:00:00,Mawson,152.4049,234.7872,152.4049,0.0000,0.0000,0.0000,82.3823,1500.0000,152.4049,42.6734,0.0000,42.6734,100.00,64.91
2010-11-16 19:00:00,Mawson,153.1777,281.9768,153.1777,0.0000,0.0000,0.0000,128.7991,1500.0000,153.1777,42.8898,0.0000,42.8898,100.00,54.32
2010-11-16 20:00:00,Mawson,127.6325,285.4768,127.6325,0.0000,0.0000,0.0000,157.8443,1500.0000,127.6325,35.7371,0.0000,35.7371,100.00,44.71
2010-11-16 21:00:00,Mawson,134.3880,292.7638,134.3880,0.0000,0.0000,0.0000,158.3758,1500.0000,134.3880,37.6286,0.0000,37.6286,100.00,45.90
2010-11-16 22:00:00,Mawson,115.6595,266.5570,115.6595,0.0000,0.0000,0.0000,150.8975,1500.0000,115.6595,32.3847,0.0000,32.3847,100.00,43.39
2010-11-16 23:00:00,Mawson,122.1307,294.6473,122.1307,0.0000,0.0000,0.0000,172.5166,1500.0000,122.1307,34.1966,0.0000,34.1966,100.00,41.45
2010-11-17 00:00:00,Mawson,128.1735,291.0237,128.1735,0.0000,0.0000,0.0000,162.8502,1500.0000,128.1735,35.8886,0.0000,35.8886,100.00,44.04
2010-11-17 01:00:00,Mawson,132.5242,288.7837,132.5242,0.0000,0.0000,0.0000,156.2595,1500.0000,132.5242,37.1068,0.0000,37.1068,100.00,45.89
2010-11-17 02:00:00,Mawson,116.5000,289.1430,116.5000,0.0000,0.0000,0.0000,172.6430,1500.0000,116.5000,32.6200,0.0000,32.6200,100.00,40.29
2010-11-17 03:00:00,Mawson,126.6531,281.7700,126.6531,0.0000,0.0000,0.0000,155.1169,1500.0000,126.6531,35.4629,0.0000,35.4629,100.00,44.95
2010-11-17 04:00:00,Mawson,138.6469,285.9918,138.6469,0.0000,0.0000,0.0000,147.3449,1500.0000,138.6469,38.8211,0.0000,38.8211,100.00,48.48
2010-11-17 05:00:00,Mawson,139.4076,287.5695,139.4076,0.0000,0.0000,0.0000,148.1619,1500.0000,139.4076,39.0341,0.0000,39.0341,100.00,48.48
2010-11-17 06:00:00,Mawson,127.6679,238.7018,127.6679,0.0000,0.0000,0.0000,111.0339,1500.0000,127.6679,35.7470,0.0000,35.7470,100.00,53.48
2010-11-17 07:00:00,Mawson,130.2314,254.9427,130.2314,0.0000,0.0000,0.0000,124.7113,1500.0000,130.2314,36.4648,0.0000,36.4648,100.00,51.08
2010-11-17 08:00:00,Mawson,137.2016,260.3495,137.2016,0.0000,0.0000,0.0000,123.1479,1500.0000,137.2016,38.4164,0.0000,38.4164,100.00,52.70
2010-11-17 09:00:00,Mawson,137.9884,301.6648,137.9884,0.0000,0.0000,0.0000,163.6764,1500.0000,137.9884,38.6368,0.0000,38.6368,100.00,45.74
2010-11-17 10:00:00,Mawson,134.3820,296.6131,134.3820,0.0000,0.0000,0.0000,162.2311,1500.0000,134.3820,37.6270,0.0000,37.6270,100.00,45.31
2010-11-17 11:00:00,Mawson,146.6640,335.5731,146.6640,0.0000,0.0000,0.0000,188.9091,1500.0000,146.6640,41.0659,0.0000,41.0659,100.00,43.71
2010-11-17 12:00:00,Mawson,134.2133,354.9691,134.2133,0.0000,0.0000,0.0000,220.7558,1500.0000,134.2133,37.5797,0.0000,37.5797,100.00,37.81
2010-11-17 13:00:00,Mawson,143.3389,295.7542,143.3389,0.0000,0.0000,0.0000,152.4153,1500.0000,143.3389,40.1349,0.0000,40.1349,100.00,48.47
2010-11-17 14:00:00,Mawson,126.0026,324.6564,126.0026,0.0000,0.0000,0.0000,198.6538,1500.0000,126.0026,35.2807,0.0000,35.2807,100.00,38.81
2010-11-17 15:00:00,Mawson,132.3111,275.3309,132.3111,0.0000,0.0000,0.0000,143.0198,1500.0000,132.3111,37.0471,0.0000,37.0471,100.00,48.06
2010-11-17 16:00:00,Mawson,143.7145,159.5490,143.7145,0.0000,0.0000,0.0000,15.8345,1500.0000,143.7145,40.2401,0.0000,40.2401,100.00,90.08
2010-11-17 17:00:00,Mawson,137.5542,185.3807,137.5542,0.0000,0.0000,0.0000,47.8265,1500.0000,137.5542,38.5152,0.0000,38.5152,100.00,74.20
2010-11-17 18:00:00,Mawson,169.4438,297.5753,169.4438,0.0000,0.0000,0.0000,128.1315,1500.0000,169.4438,47.4443,0.0000,47.4443,100.00,56.94
2010-11-17 19:00:00,Mawson,133.4062,178.0955,133.4062,0.0000,0.0000,0.0000,44.6893,1500.0000,133.4062,37.3537,0.0000,37.3537,100.00,74.91
2010-11-17 20:00:00,Mawson,122.2588,276.7582,122.2588,0.0000,0.0000,0.0000,154.4994,1500.0000,122.2588,34.2325,0.0000,34.2325,100.00,44.18
2010-11-17 21:00:00,Mawson,135.3771,297.2179,135.3771,0.0000,0.0000,0.0000,161.8408,1500.0000,135.3771,37.9056,0.0000,37.9056,100.00,45.55
2010-11-17 22:00:00,Mawson,127.6708,272.3307,127.6708,0.0000,0.0000,0.0000,144.6599,1500.0000,127.6708,35.7478,0.0000,35.7478,100.00,46.88
2010-11-17 23:00:00,Mawson,120.5838,290.2152,120.5838,0.0000,0.0000,0.0000,169.6314,1500.0000,120.5838,33.7635,0.0000,33.7635,100.00,41.55
2010-11-18 00:00:00,Mawson,126.0817,263.7338,126.0817,0.0000,0.0000,0.0000,137.6521,1500.0000,126.0817,35.3029,0.0000,35.3029,100.00,47.81
2010-11-18 01:00:00,Mawson,128.0523,233.0584,128.0523,0.0000,0.0000,0.0000,105.0061,1500.0000,128.0523,35.8546,0.0000,35.8546,100.00,54.94
2010-11-18 02:00:00,Mawson,131.8152,291.2603,131.8152,0.0000,0.0000,0.0000,159.4451,1500.0000,131.8152,36.9083,0.0000,36.9083,100.00,45.26
2010-11-18 03:00:00,Mawson,127.6952,243.8779,127.6952,0.0000,0.0000,0.0000,116.1827,1500.0000,127.6952,35.7547,0.0000,35.7547,100.00,52.36
2010-11-18 04:00:00,Mawson,121.8970,286.2390,121.8970,0.0000,0.0000,0.0000,164.3420,1500.0000,121.8970,34.1312,0.0000,34.1312,100.00,42.59
2010-11-18 05:00:00,Mawson,121.3751,284.7378,121.3751,0.0000,0.0000,0.0000,163.3627,1500.0000,121.3751,33.9850,0.0000,33.9850,100.00,42.63
2010-11-18 06:00:00,Mawson,148.2314,231.1490,148.2314,0.0000,0.0000,0.0000,82.9176,1500.0000,148.2314,41.5048,0.0000,41.5048,100.00,64.13
2010-11-18 07:00:00,Mawson,141.2688,274.8667,141.2688,0.0000,0.0000,0.0000,133.5979,1500.0000,141.2688,39.5553,0.0000,39.5553,100.00,51.40
2010-11-18 08:00:00,Mawson,110.6848,266.3546,110.6848,0.0000,0.0000,0.0000,155.6698,1500.0000,110.6848,30.9917,0.0000,30.9917,100.00,41.56
2010-11-18 09:00:00,Mawson,134.9816,306.5225,134.9816,0.0000,0.0000,0.0000,171.5409,1500.0000,134.9816,37.7948,0.0000,37.7948,100.00,44.04
2010-11-18 10:00:00,Mawson,139.2547,305.6295,139.2547,0.0000,0.0000,0.0000,166.3748,1500.0000,139.2547,38.9913,0.0000,38.9913,100.00,45.56
2010-11-18 11:00:00,Mawson,125.8890,215.7511,125.8890,0.0000,0.0000,0.0000,89.8621,1500.0000,125.8890,35.2489,0.0000,35.2489,100.00,58.35
2010-11-18 12:00:00,Mawson,138.8988,338.2841,138.8988,0.0000,0.0000,0.0000,199.3853,1500.0000,138.8988,38.8917,0.0000,38.8917,100.00,41.06
2010-11-18 13:00:00,Mawson,123.4359,227.5087,123.4359,0.0000,0.0000,0.0000,104.0728,1500.0000,123.4359,34.5621,0.0000,34.5621,100.00,54.26
2010-11-18 14:00:00,Mawson,126.7460,92.7776,92.7776,0.0000,33.9684,0.0000,0.0000,1464.2438,126.7460,35.4889,0.0000,35.4889,100.00,100.00
2010-11-18 15:00:00,Mawson,116.3825,131.0061,116.3825,14.6236,0.0000,0.0000,0.0000,1478.1362,116.3825,32.5871,0.0000,32.5871,100.00,100.00
2010-11-18 16:00:00,Mawson,123.5783,252.0391,123.5783,23.0145,0.0000,0.0000,105.4463,1500.0000,123.5783,34.6019,0.0000,34.6019,100.00,58.16
2010-11-18 17:00:00,Mawson,139.8581,266.8005,139.8581,0.0000,0.0000,0.0000,126.9424,1500.0000,139.8581,39.1603,0.0000,39.1603,100.00,52.42
2010-11-18 18:00:00,Mawson,139.3031,291.9420,139.3031,0.0000,0.0000,0.0000,152.6389,1500.0000,139.3031,39.0049,0.0000,39.0049,100.00,47.72
2010-11-18 19:00:00,Mawson,130.0385,179.6735,130.0385,0.0000,0.0000,0.0000,49.6350,1500.0000,130.0385,36.4108,0.0000,36.4108,100.00,72.37
2010-11-18 20:00:00,Mawson,130.8798,300.1153,130.8798,0.0000,0.0000,0.0000,169.2355,1500.0000,130.8798,36.6463,0.0000,36.6463,100.00,43.61
2010-11-18 21:00:00,Mawson,126.4086,279.4919,126.4086,0.0000,0.0000,0.0000,153.0833,1500.0000,126.4086,35.3944,0.0000,35.3944,100.00,45.23
2010-11-18 22:00:00,Mawson,125.6280,267.8636,125.6280,0.0000,0.0000,0.0000,142.2356,1500.0000,125.6280,35.1758,0.0000,35.1758,100.00,46.90
2010-11-18 23:00:00,Mawson,142.6497,279.9715,142.6497,0.0000,0.0000,0.0000,137.3218,1500.0000,142.6497,39.9419,0.0000,39.9419,100.00,50.95
2010-11-19 00:00:00,Mawson,114.9728,294.0173,114.9728,0.0000,0.0000,0.0000,179.0445,1500.0000,114.9728,32.1924,0.0000,32.1924,100.00,39.10
2010-11-19 01:00:00,Mawson,120.3278,290.7256,120.3278,0.0000,0.0000,0.0000,170.3978,1500.0000,120.3278,33.6918,0.0000,33.6918,100.00,41.39
2010-11-19 02:00:00,Mawson,126.6291,277.3579,126.6291,0.0000,0.0000,0.0000,150.7288,1500.0000,126.6291,35.4561,0.0000,35.4561,100.00,45.66
2010-11-19 03:00:00,Mawson,142.3284,228.2898,142.3284,0.0000,0.0000,0.0000,85.9614,1500.0000,142.3284,39.8520,0.0000,39.8520,100.00,62.35
2010-11-19 04:00:00,Mawson,129.6846,279.1296,129.6846,0.0000,0.0000,0.0000,149.4450,1500.0000,129.6846,36.3117,0.0000,36.3117,100.00,46.46
2010-11-19 05:00:00,Mawson,124.8916,238.6820,124.8916,0.0000,0.0000,0.0000,113.7904,1500.0000,124.8916,34.9696,0.0000,34.9696,100.00,52.33
2010-11-19 06:00:00,Mawson,137.8888,239.7843,137.8888,0.0000,0.0000,0.0000,101.8955,1500.0000,137.8888,38.6089,0.0000,38.6089,100.00,57.51
2010-11-19 07:00:00,Mawson,129.6933,280.9627,129.6933,0.0000,0.0000,0.0000,151.2694,1500.0000,129.6933,36.3141,0.0000,36.3141,100.00,46.16
2010-11-19 08:00:00,Mawson,144.3704,272.5788,144.3704,0.0000,0.0000,0.0000,128.2084,1500.0000,144.3704,40.4237,0.0000,40.4237,100.00,52.96
2010-11-19 09:00:00,Mawson,130.1194,285.9525,130.1194,0.0000,0.0000,0.0000,155.8331,1500.0000,130.1194,36.4334,0.0000,36.4334,100.00,45.50
2010-11-19 10:00:00,Mawson,166.8356,256.9615,166.8356,0.0000,0.0000,0.0000,90.1259,1500.0000,166.8356,46.7140,0.0000,46.7140,100.00,64.93
2010-11-19 11:00:00,Mawson,125.6982,353.1772,125.6982,0.0000,0.0000,0.0000,227.4790,1500.0000,125.6982,35.1955,0.0000,35.1955,100.00,35.59
2010-11-19 12:00:00,Mawson,145.5943,273.2682,145.5943,0.0000,0.0000,0.0000,127.6739,1500.0000,145.5943,40.7664,0.0000,40.7664,100.00,53.28
2010-11-19 13:00:00,Mawson,127.2994,254.0232,127.2994,0.0000,0.0000,0.0000,126.7238,1500.0000,127.2994,35.6438,0.0000,35.6438,100.00,50.11
2010-11-19 14:00:00,Mawson,119.5366,275.1378,119.5366,0.0000,0.0000,0.0000,155.6012,1500.0000,119.5366,33.4702,0.0000,33.4702,100.00,43.45
2010-11-19 15:00:00,Mawson,121.3365,267.4621,121.3365,0.0000,0.0000,0.0000,146.1256,1500.0000,121.3365,33.9742,0.0000,33.9742,100.00,45.37
2010-11-19 16:00:00,Mawson,145.0498,142.7207,142.7207,0.0000,2.3291,0.0000,0.0000,1497.5483,145.0498,40.6139,0.0000,40.6139,100.00,100.00
2010-11-19 17:00:00,Mawson,128.6964,178.8116,128.6964,2.5807,0.0000,0.0000,47.5345,1500.0000,128.6964,36.0350,0.0000,36.0350,100.00,73.42
2010-11-19 18:00:00,Mawson,132.3027,141.1561,132.3027,0.0000,0.0000,0.0000,8.8534,1500.0000,132.3027,37.0448,0.0000,37.0448,100.00,93.73
2010-11-19 19:00:00,Mawson,138.8433,237.2403,138.8433,0.0000,0.0000,0.0000,98.3970,1500.0000,138.8433,38.8761,0.0000,38.8761,100.00,58.52
2010-11-19 20:00:00,Mawson,122.8972,236.8676,122.8972,0.0000,0.0000,0.0000,113.9704,1500.0000,122.8972,34.4112,0.0000,34.4112,100.00,51.88
2010-11-19 21:00:00,Mawson,141.7616,277.8921,141.7616,0.0000,0.0000,0.0000,136.1305,1500.0000,141.7616,39.6932,0.0000,39.6932,100.00,51.01
2010-11-19 22:00:00,Mawson,119.7080,273.3850,119.7080,0.0000,0.0000,0.0000,153.6770,1500.0000,119.7080,33.5182,0.0000,33.5182,100.00,43.79
2010-11-19 23:00:00,Mawson,137.7259,273.5489,137.7259,0.0000,0.0000,0.0000,135.8230,1500.0000,137.7259,38.5633,0.0000,38.5633,100.00,50.35
2010-11-20 00:00:00,Mawson,122.8772,278.0983,122.8772,0.0000,0.0000,0.0000,155.2211,1500.0000,122.8772,34.4056,0.0000,34.4056,100.00,44.18
2010-11-20 01:00:00,Mawson,116.0759,286.2259,116.0759,0.0000,0.0000,0.0000,170.1500,1500.0000,116.0759,32.5013,0.0000,32.5013,100.00,40.55
2010-11-20 02:00:00,Mawson,128.9690,263.5527,128.9690,0.0000,0.0000,0.0000,134.5837,1500.0000,128.9690,36.1113,0.0000,36.1113,100.00,48.93
2010-11-20 03:00:00,Mawson,130.2115,271.8747,130.2115,0.0000,0.0000,0.0000,141.6632,1500.0000,130.2115,36.4592,0.0000,36.4592,100.00,47.89
2010-11-20 04:00:00,Mawson,127.0438,281.4392,127.0438,0.0000,0.0000,0.0000,154.3954,1500.0000,127.0438,35.5723,0.0000,35.5723,100.00,45.14
2010-11-20 05:00:00,Mawson,115.7355,285.6845,115.7355,0.0000,0.0000,0.0000,169.9490,1500.0000,115.7355,32.4059,0.0000,32.4059,100.00,40.51
2010-11-20 06:00:00,Mawson,121.6048,292.6077,121.6048,0.0000,0.0000,0.0000,171.0029,1500.0000,121.6048,34.0493,0.0000,34.0493,100.00,41.56
2010-11-20 07:00:00,Mawson,125.6493,249.5465,125.6493,0.0000,0.0000,0.0000,123.8972,1500.0000,125.6493,35.1818,0.0000,35.1818,100.00,50.35
2010-11-20 08:00:00,Mawson,124.7960,284.9853,124.7960,0.0000,0.0000,0.0000,160.1893,1500.0000,124.7960,34.9429,0.0000,34.9429,100.00,43.79
2010-11-20 09:00:00,Mawson,133.3678,166.8768,133.3678,0.0000,0.0000,0.0000,33.5090,1500.0000,133.3678,37.3430,0.0000,37.3430,100.00,79.92
2010-11-20 10:00:00,Mawson,135.4658,346.6130,135.4658,0.0000,0.0000,0.0000,211.1472,1500.0000,135.4658,37.9304,0.0000,37.9304,100.00,39.08
2010-11-20 11:00:00,Mawson,138.2606,331.3696,138.2606,0.0000,0.0000,0.0000,193.1090,1500.0000,138.2606,38.7130,0.0000,38.7130,100.00,41.72
2010-11-20 12:00:00,Mawson,144.5980,210.5208,144.5980,0.0000,0.0000,0.0000,65.9228,1500.0000,144.5980,40.4874,0.0000,40.4874,100.00,68.69
2010-11-20 13:00:00,Mawson,139.3868,174.2749,139.3868,0.0000,0.0000,0.0000,34.8881,1500.0000,139.3868,39.0283,0.0000,39.0283,100.00,79.98
2010-11-20 14:00:00,Mawson,128.9369,106.1052,106.1052,0.0000,22.8317,0.0000,0.0000,1475.9666,128.9369,36.1023,0.0000,36.1023,100.00,100.00
2010-11-20 15:00:00,Mawson,135.6439,269.2760,135.6439,25.2983,0.0000,0.0000,108.3338,1500.0000,135.6439,37.9803,0.0000,37.9803,100.00,59.77
2010-11-20 16:00:00,Mawson,127.4670,219.6049,127.4670,0.0000,0.0000,0.0000,92.1379,1500.0000,127.4670,35.6908,0.0000,35.6908,100.00,58.04
2010-11-20 17:00:00,Mawson,152.0979,293.0959,152.0979,0.0000,0.0000,0.0000,140.9980,1500.0000,152.0979,42.5874,0.0000,42.5874,100.00,51.89
2010-11-20 18:00:00,Mawson,146.9675,291.4569,146.9675,0.0000,0.0000,0.0000,144.4894,1500.0000,146.9675,41.1509,0.0000,41.1509,100.00,50.43
2010-11-20 19:00:00,Mawson,122.9678,300.7004,122.9678,0.0000,0.0000,0.0000,177.7326,1500.0000,122.9678,34.4310,0.0000,34.4310,100.00,40.89
2010-11-20 20:00:00,Mawson,126.3102,288.4919,126.3102,0.0000,0.0000,0.0000,162.1817,1500.0000,126.3102,35.3669,0.0000,35.3669,100.00,43.78
2010-11-20 21:00:00,Mawson,132.2339,291.3806,132.2339,0.0000,0.0000,0.0000,159.1467,1500.0000,132.2339,37.0255,0.0000,37.0255,100.00,45.38
2010-11-20 22:00:00,Mawson,130.9212,271.4864,130.9212,0.0000,0.0000,0.0000,140.5652,1500.0000,130.9212,36.6579,0.0000,36.6579,100.00,48.22
2010-11-20 23:00:00,Mawson,122.8955,268.3519,122.8955,0.0000,0.0000,0.0000,145.4564,1500.0000,122.8955,34.4107,0.0000,34.4107,100.00,45.80
2010-11-21 00:00:00,Mawson,122.6205,258.7583,122.6205,0.0000,0.0000,0.0000,136.1378,1500.0000,122.6205,34.3337,0.0000,34.3337,100.00,47.39
2010-11-21 01:00:00,Mawson,123.8543,289.3206,123.8543,0.0000,0.0000,0.0000,165.4663,1500.0000,123.8543,34.6792,0.0000,34.6792,100.00,42.81
2010-11-21 02:00:00,Mawson,130.4289,284.8131,130.4289,0.0000,0.0000,0.0000,154.3842,1500.0000,130.4289,36.5201,0.0000,36.5201,100.00,45.79
2010-11-21 03:00:00,Mawson,145.8222,281.1271,145.8222,0.0000,0.0000,0.0000,135.3049,1500.0000,145.8222,40.8302,0.0000,40.8302,100.00,51.87
2010-11-21 04:00:00,Mawson,127.1172,287.5036,127.1172,0.0000,0.0000,0.0000,160.3864,1500.0000,127.1172,35.5928,0.0000,35.5928,100.00,44.21
2010-11-21 05:00:00,Mawson,127.2573,285.9345,127.2573,0.0000,0.0000,0.0000,158.6772,1500.0000,127.2573,35.6320,0.0000,35.6320,100.00,44.51
2010-11-21 06:00:00,Mawson,127.2600,250.5891,127.2600,0.0000,0.0000,0.0000,123.3291,1500.0000,127.2600,35.6328,0.0000,35.6328,100.00,50.78
2010-11-21 07:00:00,Mawson,144.7491,244.2355,144.7491,0.0000,0.0000,0.0000,99.4864,1500.0000,144.7491,40.5297,0.0000,40.5297,100.00,59.27
2010-11-21 08:00:00,Mawson,124.5449,266.3546,124.5449,0.0000,0.0000,0.0000,141.8097,1500.0000,124.5449,34.8726,0.0000,34.8726,100.00,46.76
2010-11-21 09:00:00,Mawson,117.4190,163.6087,117.4190,0.0000,0.0000,0.0000,46.1897,1500.0000,117.4190,32.8773,0.0000,32.8773,100.00,71.77
2010-11-21 10:00:00,Mawson,123.4631,314.9226,123.4631,0.0000,0.0000,0.0000,191.4595,1500.0000,123.4631,34.5697,0.0000,34.5697,100.00,39.20
2010-11-21 11:00:00,Mawson,124.9630,318.1231,124.9630,0.0000,0.0000,0.0000,193.1601,1500.0000,124.9630,34.9896,0.0000,34.9896,100.00,39.28
2010-11-21 12:00:00,Mawson,120.1825,355.0377,120.1825,0.0000,0.0000,0.0000,234.8552,1500.0000,120.1825,33.6511,0.0000,33.6511,100.00,33.85
2010-11-21 13:00:00,Mawson,117.4163,162.9790,117.4163,0.0000,0.0000,0.0000,45.5627,1500.0000,117.4163,32.8766,0.0000,32.8766,100.00,72.04
2010-11-21 14:00:00,Mawson,124.9423,272.4940,124.9423,0.0000,0.0000,0.0000,147.5517,1500.0000,124.9423,34.9838,0.0000,34.9838,100.00,45.85
2010-11-21 15:00:00,Mawson,120.8352,209.0425,120.8352,0.0000,0.0000,0.0000,88.2073,1500.0000,120.8352,33.8339,0.0000,33.8339,100.00,57.80
2010-11-21 16:00:00,Mawson,144.6539,236.1426,144.6539,0.0000,0.0000,0.0000,91.4887,1500.0000,144.6539,40.5031,0.0000,40.5031,100.00,61.26
2010-11-21 17:00:00,Mawson,141.0119,255.7920,141.0119,0.0000,0.0000,0.0000,114.7801,1500.0000,141.0119,39.4833,0.0000,39.4833,100.00,55.13
2010-11-21 18:00:00,Mawson,141.9410,132.0919,132.0919,0.0000,9.8491,0.0000,0.0000,1489.6325,141.9410,39.7435,0.0000,39.7435,100.00,100.00
2010-11-21 19:00:00,Mawson,144.9994,283.3926,144.9994,10.9131,0.0000,0.0000,127.4801,1500.0000,144.9994,40.5998,0.0000,40.5998,100.00,55.02
2010-11-21 20:00:00,Mawson,134.0194,298.7597,134.0194,0.0000,0.0000,0.0000,164.7403,1500.0000,134.0194,37.5254,0.0000,37.5254,100.00,44.86
2010-11-21 21:00:00,Mawson,149.0311,272.8130,149.0311,0.0000,0.0000,0.0000,123.7819,1500.0000,149.0311,41.7287,0.0000,41.7287,100.00,54.63
2010-11-21 22:00:00,Mawson,138.6113,291.8292,138.6113,0.0000,0.0000,0.0000,153.2179,1500.0000,138.6113,38.8112,0.0000,38.8112,100.00,47.50
2010-11-21 23:00:00,Mawson,122.5430,271.7415,122.5430,0.0000,0.0000,0.0000,149.1985,1500.0000,122.5430,34.3120,0.0000,34.3120,100.00,45.10
2010-11-22 00:00:00,Mawson,128.7770,299.8548,128.7770,0.0000,0.0000,0.0000,171.0778,1500.0000,128.7770,36.0576,0.0000,36.0576,100.00,42.95
2010-11-22 01:00:00,Mawson,134.3079,291.4610,134.3079,0.0000,0.0000,0.0000,157.1531,1500.0000,134.3079,37.6062,0.0000,37.6062,100.00,46.08
2010-11-22 02:00:00,Mawson,130.0686,282.0173,130.0686,0.0000,0.0000,0.0000,151.9487,1500.0000,130.0686,36.4192,0.0000,36.4192,100.00,46.12
2010-11-22 03:00:00,Mawson,129.5229,272.6004,129.5229,0.0000,0.0000,0.0000,143.0775,1500.0000,129.5229,36.2664,0.0000,36.2664,100.00,47.51
2010-11-22 04:00:00,Mawson,129.3091,286.0224,129.3091,0.0000,0.0000,0.0000,156.7133,1500.0000,129.3091,36.2065,0.0000,36.2065,100.00,45.21
2010-11-22 05:00:00,Mawson,114.2357,291.1262,114.2357,0.0000,0.0000,0.0000,176.8905,1500.0000,114.2357,31.9860,0.0000,31.9860,100.00,39.24
2010-11-22 06:00:00,Mawson,136.3582,286.5220,136.3582,0.0000,0.0000,0.0000,150.1638,1500.0000,136.3582,38.1803,0.0000,38.1803,100.00,47.59
2010-11-22 07:00:00,Mawson,137.8304,276.8934,137.8304,0.0000,0.0000,0.0000,139.0630,1500.0000,137.8304,38.5925,0.0000,38.5925,100.00,49.78
2010-11-22 08:00:00,Mawson,131.9851,270.1407,131.9851,0.0000,0.0000,0.0000,138.1556,1500.0000,131.9851,36.9558,0.0000,36.9558,100.00,48.86
2010-11-22 09:00:00,Mawson,127.9153,305.5227,127.9153,0.0000,0.0000,0.0000,177.6074,1500.0000,127.9153,35.8163,0.0000,35.8163,100.00,41.87
2010-11-22 10:00:00,Mawson,134.1039,231.3727,134.1039,0.0000,0.0000,0.0000,97.2688,1500.0000,134.1039,37.5491,0.0000,37.5491,100.00,57.96
2010-11-22 11:00:00,Mawson,153.6169,302.3530,153.6169,0.0000,0.0000,0.0000,148.7361,1500.0000,153.6169,43.0127,0.0000,43.0127,100.00,50.81
2010-11-22 12:00:00,Mawson,130.2477,242.0524,130.2477,0.0000,0.0000,0.0000,111.8047,1500.0000,130.2477,36.4694,0.0000,36.4694,100.00,53.81
2010-11-22 13:00:00,Mawson,128.4347,245.3315,128.4347,0.0000,0.0000,0.0000,116.8968,1500.0000,128.4347,35.9617,0.0000,35.9617,100.00,52.35
2010-11-22 14:00:00,Mawson,121.4726,156.6771,121.4726,0.0000,0.0000,0.0000,35.2045,1500.0000,121.4726,34.0123,0.0000,34.0123,100.00,77.53
2010-11-22 15:00:00,Mawson,133.0647,131.7529,131.7529,0.0000,1.3118,0.0000,0.0000,1498.6192,133.0647,37.2581,0.0000,37.2581,100.00,100.00
2010-11-22 16:00:00,Mawson,134.4086,185.1113,134.4086,1.4535,0.0000,0.0000,49.2492,1500.0000,134.4086,37.6344,0.0000,37.6344,100.00,73.39
2010-11-22 17:00:00,Mawson,162.1627,248.0836,162.1627,0.0000,0.0000,0.0000,85.9209,1500.0000,162.1627,45.4056,0.0000,45.4056,100.00,65.37
2010-11-22 18:00:00,Mawson,140.2674,291.0441,140.2674,0.0000,0.0000,0.0000,150.7767,1500.0000,140.2674,39.2749,0.0000,39.2749,100.00,48.19
2010-11-22 19:00:00,Mawson,163.7336,237.9032,163.7336,0.0000,0.0000,0.0000,74.1696,1500.0000,163.7336,45.8454,0.0000,45.8454,100.00,68.82
2010-11-22 20:00:00,Mawson,143.5061,298.9615,143.5061,0.0000,0.0000,0.0000,155.4554,1500.0000,143.5061,40.1817,0.0000,40.1817,100.00,48.00
2010-11-22 21:00:00,Mawson,130.9442,293.1221,130.9442,0.0000,0.0000,0.0000,162.1779,1500.0000,130.9442,36.6644,0.0000,36.6644,100.00,44.67
2010-11-22 22:00:00,Mawson,139.1092,285.5524,139.1092,0.0000,0.0000,0.0000,146.4432,1500.0000,139.1092,38.9506,0.0000,38.9506,100.00,48.72
2010-11-22 23:00:00,Mawson,129.7852,273.3648,129.7852,0.0000,0.0000,0.0000,143.5796,1500.0000,129.7852,36.3399,0.0000,36.3399,100.00,47.48
2010-11-23 00:00:00,Mawson,139.1658,260.3211,139.1658,0.0000,0.0000,0.0000,121.1553,1500.0000,139.1658,38.9664,0.0000,38.9664,100.00,53.46
2010-11-23 01:00:00,Mawson,138.3209,283.1359,138.3209,0.0000,0.0000,0.0000,144.8150,1500.0000,138.3209,38.7299,0.0000,38.7299,100.00,48.85
2010-11-23 02:00:00,Mawson,119.7196,287.3311,119.7196,0.0000,0.0000,0.0000,167.6115,1500.0000,119.7196,33.5215,0.0000,33.5215,100.00,41.67
2010-11-23 03:00:00,Mawson,152.9921,258.7633,152.9921,0.0000,0.0000,0.0000,105.7712,1500.0000,152.9921,42.8378,0.0000,42.8378,100.00,59.12
2010-11-23 04:00:00,Mawson,140.9783,285.8529,140.9783,0.0000,0.0000,0.0000,144.8746,1500.0000,140.9783,39.4739,0.0000,39.4739,100.00,49.32
2010-11-23 05:00:00,Mawson,129.1688,289.7415,129.1688,0.0000,0.0000,0.0000,160.5727,1500.0000,129.1688,36.1673,0.0000,36.1673,100.00,44.58
2010-11-23 06:00:00,Mawson,130.4238,267.6600,130.4238,0.0000,0.0000,0.0000,137.2362,1500.0000,130.4238,36.5187,0.0000,36.5187,100.00,48.73
2010-11-23 07:00:00,Mawson,131.2941,244.2355,131.2941,0.0000,0.0000,0.0000,112.9414,1500.0000,131.2941,36.7623,0.0000,36.7623,100.00,53.76
2010-11-23 08:00:00,Mawson,123.3851,298.6472,123.3851,0.0000,0.0000,0.0000,175.2621,1500.0000,123.3851,34.5478,0.0000,34.5478,100.00,41.31
2010-11-23 09:00:00,Mawson,110.7517,313.9192,110.7517,0.0000,0.0000,0.0000,203.1675,1500.0000,110.7517,31.0105,0.0000,31.0105,100.00,35.28
2010-11-23 10:00:00,Mawson,126.1202,339.8025,126.1202,0.0000,0.0000,0.0000,213.6823,1500.0000,126.1202,35.3137,0.0000,35.3137,100.00,37.12
2010-11-23 11:00:00,Mawson,132.9089,255.2568,132.9089,0.0000,0.0000,0.0000,122.3479,1500.0000,132.9089,37.2145,0.0000,37.2145,100.00,52.07
2010-11-23 12:00:00,Mawson,130.5005,328.4703,130.5005,0.0000,0.0000,0.0000,197.9698,1500.0000,130.5005,36.5401,0.0000,36.5401,100.00,39.73
2010-11-23 13:00:00,Mawson,142.3835,271.0875,142.3835,0.0000,0.0000,0.0000,128.7040,1500.0000,142.3835,39.8674,0.0000,39.8674,100.00,52.52
2010-11-23 14:00:00,Mawson,132.9463,236.2695,132.9463,0.0000,0.0000,0.0000,103.3232,1500.0000,132.9463,37.2250,0.0000,37.2250,100.00,56.27
2010-11-23 15:00:00,Mawson,124.9832,177.9841,124.9832,0.0000,0.0000,0.0000,53.0009,1500.0000,124.9832,34.9953,0.0000,34.9953,100.00,70.22
2010-11-23 16:00:00,Mawson,131.0781,184.9234,131.0781,0.0000,0.0000,0.0000,53.8453,1500.0000,131.0781,36.7019,0.0000,36.7019,100.00,70.88
2010-11-23 17:00:00,Mawson,125.7362,260.5183,125.7362,0.0000,0.0000,0.0000,134.7821,1500.0000,125.7362,35.2061,0.0000,35.2061,100.00,48.26
2010-11-23 18:00:00,Mawson,152.9628,256.1537,152.9628,0.0000,0.0000,0.0000,103.1909,1500.0000,152.9628,42.8296,0.0000,42.8296,100.00,59.72
2010-11-23 19:00:00,Mawson,158.4428,287.0704,158.4428,0.0000,0.0000,0.0000,128.6276,1500.0000,158.4428,44.3640,0.0000,44.3640,100.00,55.19
2010-11-23 20:00:00,Mawson,162.6393,281.4790,162.6393,0.0000,0.0000,0.0000,118.8397,1500.0000,162.6393,45.5390,0.0000,45.5390,100.00,57.78
2010-11-23 21:00:00,Mawson,131.3736,217.7949,131.3736,0.0000,0.0000,0.0000,86.4213,1500.0000,131.3736,36.7846,0.0000,36.7846,100.00,60.32
2010-11-23 22:00:00,Mawson,126.2251,292.0694,126.2251,0.0000,0.0000,0.0000,165.8443,1500.0000,126.2251,35.3430,0.0000,35.3430,100.00,43.22
2010-11-23 23:00:00,Mawson,115.4570,292.1093,115.4570,0.0000,0.0000,0.0000,176.6523,1500.0000,115.4570,32.3280,0.0000,32.3280,100.00,39.53
2010-11-24 00:00:00,Mawson,113.3698,307.9408,113.3698,0.0000,0.0000,0.0000,194.5710,1500.0000,113.3698,31.7435,0.0000,31.7435,100.00,36.82
2010-11-24 01:00:00,Mawson,125.2309,282.6901,125.2309,0.0000,0.0000,0.0000,157.4592,1500.0000,125.2309,35.0647,0.0000,35.0647,100.00,44.30
2010-11-24 02:00:00,Mawson,127.2528,288.6935,127.2528,0.0000,0.0000,0.0000,161.4407,1500.0000,127.2528,35.6308,0.0000,35.6308,100.00,44.08
2010-11-24 03:00:00,Mawson,122.5767,235.2011,122.5767,0.0000,0.0000,0.0000,112.6244,1500.0000,122.5767,34.3215,0.0000,34.3215,100.00,52.12
2010-11-24 04:00:00,Mawson,108.0204,285.0339,108.0204,0.0000,0.0000,0.0000,177.0135,1500.0000,108.0204,30.2457,0.0000,30.2457,100.00,37.90
2010-11-24 05:00:00,Mawson,129.1983,287.7545,129.1983,0.0000,0.0000,0.0000,158.5562,1500.0000,129.1983,36.1755,0.0000,36.1755,100.00,44.90
2010-11-24 06:00:00,Mawson,120.1736,293.1387,120.1736,0.0000,0.0000,0.0000,172.9651,1500.0000,120.1736,33.6486,0.0000,33.6486,100.00,41.00
2010-11-24 07:00:00,Mawson,146.0748,287.2069,146.0748,0.0000,0.0000,0.0000,141.1321,1500.0000,146.0748,40.9009,0.0000,40.9009,100.00,50.86
2010-11-24 08:00:00,Mawson,129.4405,287.4851,129.4405,0.0000,0.0000,0.0000,158.0446,1500.0000,129.4405,36.2433,0.0000,36.2433,100.00,45.03
2010-11-24 09:00:00,Mawson,131.6465,188.7200,131.6465,0.0000,0.0000,0.0000,57.0735,1500.0000,131.6465,36.8610,0.0000,36.8610,100.00,69.76
2010-11-24 10:00:00,Mawson,143.6325,310.8742,143.6325,0.0000,0.0000,0.0000,167.2417,1500.0000,143.6325,40.2171,0.0000,40.2171,100.00,46.20
2010-11-24 11:00:00,Mawson,115.5465,282.4984,115.5465,0.0000,0.0000,0.0000,166.9519,1500.0000,115.5465,32.3530,0.0000,32.3530,100.00,40.90
2010-11-24 12:00:00,Mawson,116.5825,352.2018,116.5825,0.0000,0.0000,0.0000,235.6193,1500.0000,116.5825,32.6431,0.0000,32.6431,100.00,33.10
2010-11-24 13:00:00,Mawson,159.1801,160.9429,159.1801,0.0000,0.0000,0.0000,1.7628,1500.0000,159.1801,44.5704,0.0000,44.5704,100.00,98.90
2010-11-24 14:00:00,Mawson,119.7254,146.8145,119.7254,0.0000,0.0000,0.0000,27.0891,1500.0000,119.7254,33.5231,0.0000,33.5231,100.00,81.55
2010-11-24 15:00:00,Mawson,132.6095,266.1555,132.6095,0.0000,0.0000,0.0000,133.5460,1500.0000,132.6095,37.1307,0.0000,37.1307,100.00,49.82
2010-11-24 16:00:00,Mawson,129.8949,289.6093,129.8949,0.0000,0.0000,0.0000,159.7144,1500.0000,129.8949,36.3706,0.0000,36.3706,100.00,44.85
2010-11-24 17:00:00,Mawson,137.5356,304.7318,137.5356,0.0000,0.0000,0.0000,167.1962,1500.0000,137.5356,38.5100,0.0000,38.5100,100.00,45.13
2010-11-24 18:00:00,Mawson,145.2679,271.2112,145.2679,0.0000,0.0000,0.0000,125.9433,1500.0000,145.2679,40.6750,0.0000,40.6750,100.00,53.56
2010-11-24 19:00:00,Mawson,141.1856,121.4744,121.4744,0.0000,19.7112,0.0000,0.0000,1479.2514,141.1856,39.5320,0.0000,39.5320,100.00,100.00
2010-11-24 20:00:00,Mawson,134.8442,202.7915,134.8442,21.8407,0.0000,0.0000,46.1066,1500.0000,134.8442,37.7564,0.0000,37.7564,100.00,77.26
2010-11-24 21:00:00,Mawson,127.9099,295.2464,127.9099,0.0000,0.0000,0.0000,167.3365,1500.0000,127.9099,35.8148,0.0000,35.8148,100.00,43.32
2010-11-24 22:00:00,Mawson,145.6282,131.9769,131.9769,0.0000,13.6513,0.0000,0.0000,1485.6302,145.6282,40.7759,0.0000,40.7759,100.00,100.00
2010-11-24 23:00:00,Mawson,117.3515,280.3438,117.3515,15.1261,0.0000,0.0000,147.8662,1500.0000,117.3515,32.8584,0.0000,32.8584,100.00,47.26
2010-11-25 00:00:00,Mawson,137.8667,274.8687,137.8667,0.0000,0.0000,0.0000,137.0020,1500.0000,137.8667,38.6027,0.0000,38.6027,100.00,50.16
2010-11-25 01:00:00,Mawson,132.7936,235.0505,132.7936,0.0000,0.0000,0.0000,102.2569,1500.0000,132.7936,37.1822,0.0000,37.1822,100.00,56.50
2010-11-25 02:00:00,Mawson,138.3491,285.3948,138.3491,0.0000,0.0000,0.0000,147.0457,1500.0000,138.3491,38.7377,0.0000,38.7377,100.00,48.48
2010-11-25 03:00:00,Mawson,124.4274,271.7481,124.4274,0.0000,0.0000,0.0000,147.3207,1500.0000,124.4274,34.8397,0.0000,34.8397,100.00,45.79
2010-11-25 04:00:00,Mawson,122.5847,289.7414,122.5847,0.0000,0.0000,0.0000,167.1567,1500.0000,122.5847,34.3237,0.0000,34.3237,100.00,42.31
2010-11-25 05:00:00,Mawson,131.0651,284.1984,131.0651,0.0000,0.0000,0.0000,153.1333,1500.0000,131.0651,36.6982,0.0000,36.6982,100.00,46.12
2010-11-25 06:00:00,Mawson,132.6798,287.5817,132.6798,0.0000,0.0000,0.0000,154.9019,1500.0000,132.6798,37.1503,0.0000,37.1503,100.00,46.14
2010-11-25 07:00:00,Mawson,139.0338,229.4903,139.0338,0.0000,0.0000,0.0000,90.4565,1500.0000,139.0338,38.9295,0.0000,38.9295,100.00,60.58
2010-11-25 08:00:00,Mawson,127.4203,285.7668,127.4203,0.0000,0.0000,0.0000,158.3465,1500.0000,127.4203,35.6777,0.0000,35.6777,100.00,44.59
2010-11-25 09:00:00,Mawson,118.4206,290.0829,118.4206,0.0000,0.0000,0.0000,171.6623,1500.0000,118.4206,33.1578,0.0000,33.1578,100.00,40.82
2010-11-25 10:00:00,Mawson,136.8270,330.8646,136.8270,0.0000,0.0000,0.0000,194.0376,1500.0000,136.8270,38.3116,0.0000,38.3116,100.00,41.35
2010-11-25 11:00:00,Mawson,128.3404,319.8155,128.3404,0.0000,0.0000,0.0000,191.4751,1500.0000,128.3404,35.9353,0.0000,35.9353,100.00,40.13
2010-11-25 12:00:00,Mawson,151.2744,239.7585,151.2744,0.0000,0.0000,0.0000,88.4841,1500.0000,151.2744,42.3568,0.0000,42.3568,100.00,63.09
2010-11-25 13:00:00,Mawson,137.3415,276.7730,137.3415,0.0000,0.0000,0.0000,139.4315,1500.0000,137.3415,38.4556,0.0000,38.4556,100.00,49.62
2010-11-25 14:00:00,Mawson,118.7490,131.1626,118.7490,0.0000,0.0000,0.0000,12.4136,1500.0000,118.7490,33.2497,0.0000,33.2497,100.00,90.54
2010-11-25 15:00:00,Mawson,131.4320,234.7732,131.4320,0.0000,0.0000,0.0000,103.3412,1500.0000,131.4320,36.8010,0.0000,36.8010,100.00,55.98
2010-11-25 16:00:00,Mawson,138.2378,105.1802,105.1802,0.0000,33.0576,0.0000,0.0000,1465.2025,138.2378,38.7066,0.0000,38.7066,100.00,100.00
2010-11-25 17:00:00,Mawson,128.4963,286.0435,128.4963,36.6289,0.0000,0.0000,120.9183,1500.0000,128.4963,35.9790,0.0000,35.9790,100.00,57.73
2010-11-25 18:00:00,Mawson,133.5176,256.6979,133.5176,0.0000,0.0000,0.0000,123.1803,1500.0000,133.5176,37.3849,0.0000,37.3849,100.00,52.01
2010-11-25 19:00:00,Mawson,130.2662,304.0592,130.2662,0.0000,0.0000,0.0000,173.7930,1500.0000,130.2662,36.4745,0.0000,36.4745,100.00,42.84
2010-11-25 20:00:00,Mawson,121.3488,283.1365,121.3488,0.0000,0.0000,0.0000,161.7877,1500.0000,121.3488,33.9777,0.0000,33.9777,100.00,42.86
2010-11-25 21:00:00,Mawson,136.4623,277.9716,136.4623,0.0000,0.0000,0.0000,141.5093,1500.0000,136.4623,38.2094,0.0000,38.2094,100.00,49.09
2010-11-25 22:00:00,Mawson,122.0734,297.4272,122.0734,0.0000,0.0000,0.0000,175.3538,1500.0000,122.0734,34.1806,0.0000,34.1806,100.00,41.04
2010-11-25 23:00:00,Mawson,141.7932,292.2702,141.7932,0.0000,0.0000,0.0000,150.4770,1500.0000,141.7932,39.7021,0.0000,39.7021,100.00,48.51
2010-11-26 00:00:00,Mawson,133.8185,285.8689,133.8185,0.0000,0.0000,0.0000,152.0504,1500.0000,133.8185,37.4692,0.0000,37.4692,100.00,46.81
2010-11-26 01:00:00,Mawson,122.9317,281.3550,122.9317,0.0000,0.0000,0.0000,158.4233,1500.0000,122.9317,34.4209,0.0000,34.4209,100.00,43.69
2010-11-26 02:00:00,Mawson,120.5343,285.9671,120.5343,0.0000,0.0000,0.0000,165.4328,1500.0000,120.5343,33.7496,0.0000,33.7496,100.00,42.15
2010-11-26 03:00:00,Mawson,117.9171,265.7328,117.9171,0.0000,0.0000,0.0000,147.8157,1500.0000,117.9171,33.0168,0.0000,33.0168,100.00,44.37
2010-11-26 04:00:00,Mawson,128.1675,285.7787,128.1675,0.0000,0.0000,0.0000,157.6112,1500.0000,128.1675,35.8869,0.0000,35.8869,100.00,44.85
2010-11-26 05:00:00,Mawson,125.1655,228.9928,125.1655,0.0000,0.0000,0.0000,103.8273,1500.0000,125.1655,35.0463,0.0000,35.0463,100.00,54.66
2010-11-26 06:00:00,Mawson,137.5966,279.2746,137.5966,0.0000,0.0000,0.0000,141.6780,1500.0000,137.5966,38.5270,0.0000,38.5270,100.00,49.27
2010-11-26 07:00:00,Mawson,119.7434,287.7591,119.7434,0.0000,0.0000,0.0000,168.0157,1500.0000,119.7434,33.5282,0.0000,33.5282,100.00,41.61
2010-11-26 08:00:00,Mawson,122.7408,292.4294,122.7408,0.0000,0.0000,0.0000,169.6886,1500.0000,122.7408,34.3674,0.0000,34.3674,100.00,41.97
2010-11-26 09:00:00,Mawson,121.4518,208.1427,121.4518,0.0000,0.0000,0.0000,86.6909,1500.0000,121.4518,34.0065,0.0000,34.0065,100.00,58.35
2010-11-26 10:00:00,Mawson,140.2767,315.4015,140.2767,0.0000,0.0000,0.0000,175.1248,1500.0000,140.2767,39.2775,0.0000,39.2775,100.00,44.48
2010-11-26 11:00:00,Mawson,137.8224,334.0968,137.8224,0.0000,0.0000,0.0000,196.2744,1500.0000,137.8224,38.5903,0.0000,38.5903,100.00,41.25
2010-11-26 12:00:00,Mawson,140.8397,347.6953,140.8397,0.0000,0.0000,0.0000,206.8556,1500.0000,140.8397,39.4351,0.0000,39.4351,100.00,40.51
2010-11-26 13:00:00,Mawson,145.2253,356.2529,145.2253,0.0000,0.0000,0.0000,211.0276,1500.0000,145.2253,40.6631,0.0000,40.6631,100.00,40.76
2010-11-26 14:00:00,Mawson,145.8631,205.4407,145.8631,0.0000,0.0000,0.0000,59.5776,1500.0000,145.8631,40.8417,0.0000,40.8417,100.00,71.00
2010-11-26 15:00:00,Mawson,121.1109,305.8401,121.1109,0.0000,0.0000,0.0000,184.7292,1500.0000,121.1109,33.9111,0.0000,33.9111,100.00,39.60
2010-11-26 16:00:00,Mawson,150.5195,289.4076,150.5195,0.0000,0.0000,0.0000,138.8881,1500.0000,150.5195,42.1455,0.0000,42.1455,100.00,52.01
2010-11-26 17:00:00,Mawson,145.2043,298.3649,145.2043,0.0000,0.0000,0.0000,153.1606,1500.0000,145.2043,40.6572,0.0000,40.6572,100.00,48.67
2010-11-26 18:00:00,Mawson,139.2038,294.2432,139.2038,0.0000,0.0000,0.0000,155.0394,1500.0000,139.2038,38.9771,0.0000,38.9771,100.00,47.31
2010-11-26 19:00:00,Mawson,135.2605,281.5681,135.2605,0.0000,0.0000,0.0000,146.3076,1500.0000,135.2605,37.8729,0.0000,37.8729,100.00,48.04
2010-11-26 20:00:00,Mawson,129.8765,240.3246,129.8765,0.0000,0.0000,0.0000,110.4481,1500.0000,129.8765,36.3654,0.0000,36.3654,100.00,54.04
2010-11-26 21:00:00,Mawson,122.4374,183.2409,122.4374,0.0000,0.0000,0.0000,60.8035,1500.0000,122.4374,34.2825,0.0000,34.2825,100.00,66.82
2010-11-26 22:00:00,Mawson,147.9092,290.4763,147.9092,0.0000,0.0000,0.0000,142.5671,1500.0000,147.9092,41.4146,0.0000,41.4146,100.00,50.92
2010-11-26 23:00:00,Mawson,120.5558,267.7725,120.5558,0.0000,0.0000,0.0000,147.2167,1500.0000,120.5558,33.7556,0.0000,33.7556,100.00,45.02
2010-11-27 00:00:00,Mawson,131.2787,263.2087,131.2787,0.0000,0.0000,0.0000,131.9300,1500.0000,131.2787,36.7580,0.0000,36.7580,100.00,49.88
2010-11-27 01:00:00,Mawson,114.6941,265.2274,114.6941,0.0000,0.0000,0.0000,150.5333,1500.0000,114.6941,32.1143,0.0000,32.1143,100.00,43.24
2010-11-27 02:00:00,Mawson,119.0657,277.3579,119.0657,0.0000,0.0000,0.0000,158.2922,1500.0000,119.0657,33.3384,0.0000,33.3384,100.00,42.93
2010-11-27 03:00:00,Mawson,152.7956,276.1727,152.7956,0.0000,0.0000,0.0000,123.3771,1500.0000,152.7956,42.7828,0.0000,42.7828,100.00,55.33
2010-11-27 04:00:00,Mawson,133.6703,288.1343,133.6703,0.0000,0.0000,0.0000,154.4640,1500.0000,133.6703,37.4277,0.0000,37.4277,100.00,46.39
2010-11-27 05:00:00,Mawson,124.3770,284.5428,124.3770,0.0000,0.0000,0.0000,160.1658,1500.0000,124.3770,34.8256,0.0000,34.8256,100.00,43.71
2010-11-27 06:00:00,Mawson,135.0859,272.0753,135.0859,0.0000,0.0000,0.0000,136.9894,1500.0000,135.0859,37.8241,0.0000,37.8241,100.00,49.65
2010-11-27 07:00:00,Mawson,140.9414,233.8716,140.9414,0.0000,0.0000,0.0000,92.9302,1500.0000,140.9414,39.4636,0.0000,39.4636,100.00,60.26
2010-11-27 08:00:00,Mawson,115.5896,293.3786,115.5896,0.0000,0.0000,0.0000,177.7890,1500.0000,115.5896,32.3651,0.0000,32.3651,100.00,39.40
2010-11-27 09:00:00,Mawson,119.7124,284.0308,119.7124,0.0000,0.0000,0.0000,164.3184,1500.0000,119.7124,33.5195,0.0000,33.5195,100.00,42.15
2010-11-27 10:00:00,Mawson,143.6889,299.4499,143.6889,0.0000,0.0000,0.0000,155.7610,1500.0000,143.6889,40.2329,0.0000,40.2329,100.00,47.98
2010-11-27 11:00:00,Mawson,128.1904,348.7133,128.1904,0.0000,0.0000,0.0000,220.5229,1500.0000,128.1904,35.8933,0.0000,35.8933,100.00,36.76
2010-11-27 12:00:00,Mawson,128.5073,355.6277,128.5073,0.0000,0.0000,0.0000,227.1204,1500.0000,128.5073,35.9820,0.0000,35.9820,100.00,36.14
2010-11-27 13:00:00,Mawson,131.7679,129.1628,129.1628,0.0000,2.6051,0.0000,0.0000,1497.2578,131.7679,36.8950,0.0000,36.8950,100.00,100.00
2010-11-27 14:00:00,Mawson,125.9725,297.9177,125.9725,2.8865,0.0000,0.0000,169.0587,1500.0000,125.9725,35.2723,0.0000,35.2723,100.00,43.25
2010-11-27 15:00:00,Mawson,135.6968,160.5843,135.6968,0.0000,0.0000,0.0000,24.8875,1500.0000,135.6968,37.9951,0.0000,37.9951,100.00,84.50
2010-11-27 16:00:00,Mawson,139.8166,269.1317,139.8166,0.0000,0.0000,0.0000,129.3151,1500.0000,139.8166,39.1486,0.0000,39.1486,100.00,51.95
2010-11-27 17:00:00,Mawson,140.9834,103.0843,103.0843,0.0000,37.8991,0.0000,0.0000,1460.1062,140.9834,39.4754,0.0000,39.4754,100.00,100.00
2010-11-27 18:00:00,Mawson,150.9451,285.3297,150.9451,41.9935,0.0000,0.0000,92.3911,1500.0000,150.9451,42.2646,0.0000,42.2646,100.00,67.62
2010-11-27 19:00:00,Mawson,136.9073,288.3651,136.9073,0.0000,0.0000,0.0000,151.4578,1500.0000,136.9073,38.3340,0.0000,38.3340,100.00,47.48
2010-11-27 20:00:00,Mawson,131.7174,284.2733,131.7174,0.0000,0.0000,0.0000,152.5559,1500.0000,131.7174,36.8809,0.0000,36.8809,100.00,46.33
2010-11-27 21:00:00,Mawson,119.2304,279.6937,119.2304,0.0000,0.0000,0.0000,160.4633,1500.0000,119.2304,33.3845,0.0000,33.3845,100.00,42.63
2010-11-27 22:00:00,Mawson,133.5345,271.1090,133.5345,0.0000,0.0000,0.0000,137.5745,1500.0000,133.5345,37.3897,0.0000,37.3897,100.00,49.25
2010-11-27 23:00:00,Mawson,132.1319,248.2075,132.1319,0.0000,0.0000,0.0000,116.0756,1500.0000,132.1319,36.9969,0.0000,36.9969,100.00,53.23
2010-11-28 00:00:00,Mawson,109.3602,308.6682,109.3602,0.0000,0.0000,0.0000,199.3080,1500.0000,109.3602,30.6209,0.0000,30.6209,100.00,35.43
2010-11-28 01:00:00,Mawson,112.8080,278.0856,112.8080,0.0000,0.0000,0.0000,165.2776,1500.0000,112.8080,31.5862,0.0000,31.5862,100.00,40.57
2010-11-28 02:00:00,Mawson,136.6092,285.3948,136.6092,0.0000,0.0000,0.0000,148.7856,1500.0000,136.6092,38.2506,0.0000,38.2506,100.00,47.87
2010-11-28 03:00:00,Mawson,112.9720,228.7004,112.9720,0.0000,0.0000,0.0000,115.7284,1500.0000,112.9720,31.6322,0.0000,31.6322,100.00,49.40
2010-11-28 04:00:00,Mawson,141.4424,283.9684,141.4424,0.0000,0.0000,0.0000,142.5260,1500.0000,141.4424,39.6039,0.0000,39.6039,100.00,49.81
2010-11-28 05:00:00,Mawson,122.6351,278.1837,122.6351,0.0000,0.0000,0.0000,155.5486,1500.0000,122.6351,34.3378,0.0000,34.3378,100.00,44.08
2010-11-28 06:00:00,Mawson,145.8199,231.4270,145.8199,0.0000,0.0000,0.0000,85.6071,1500.0000,145.8199,40.8296,0.0000,40.8296,100.00,63.01
2010-11-28 07:00:00,Mawson,133.5393,296.5139,133.5393,0.0000,0.0000,0.0000,162.9746,1500.0000,133.5393,37.3910,0.0000,37.3910,100.00,45.04
2010-11-28 08:00:00,Mawson,130.3764,271.6015,130.3764,0.0000,0.0000,0.0000,141.2251,1500.0000,130.3764,36.5054,0.0000,36.5054,100.00,48.00
2010-11-28 09:00:00,Mawson,126.2850,284.6990,126.2850,0.0000,0.0000,0.0000,158.4140,1500.0000,126.2850,35.3598,0.0000,35.3598,100.00,44.36
2010-11-28 10:00:00,Mawson,127.4734,255.0923,127.4734,0.0000,0.0000,0.0000,127.6189,1500.0000,127.4734,35.6926,0.0000,35.6926,100.00,49.97
2010-11-28 11:00:00,Mawson,144.4869,339.6559,144.4869,0.0000,0.0000,0.0000,195.1690,1500.0000,144.4869,40.4563,0.0000,40.4563,100.00,42.54
2010-11-28 12:00:00,Mawson,128.9275,365.4969,128.9275,0.0000,0.0000,0.0000,236.5694,1500.0000,128.9275,36.0997,0.0000,36.0997,100.00,35.27
2010-11-28 13:00:00,Mawson,145.5984,218.0380,145.5984,0.0000,0.0000,0.0000,72.4396,1500.0000,145.5984,40.7676,0.0000,40.7676,100.00,66.78
2010-11-28 14:00:00,Mawson,130.7187,104.5687,104.5687,0.0000,26.1500,0.0000,0.0000,1472.4737,130.7187,36.6012,0.0000,36.6012,100.00,100.00
2010-11-28 15:00:00,Mawson,115.8935,123.3509,115.8935,7.4574,0.0000,0.0000,0.0000,1479.5582,115.8935,32.4502,0.0000,32.4502,100.00,100.00
2010-11-28 16:00:00,Mawson,132.9569,204.9874,132.9569,21.5177,0.0000,0.0000,50.5128,1500.0000,132.9569,37.2279,0.0000,37.2279,100.00,75.36
2010-11-28 17:00:00,Mawson,148.7476,311.5403,148.7476,0.0000,0.0000,0.0000,162.7927,1500.0000,148.7476,41.6493,0.0000,41.6493,100.00,47.75
2010-11-28 18:00:00,Mawson,151.7076,249.4227,151.7076,0.0000,0.0000,0.0000,97.7151,1500.0000,151.7076,42.4781,0.0000,42.4781,100.00,60.82
2010-11-28 19:00:00,Mawson,151.4228,234.1791,151.4228,0.0000,0.0000,0.0000,82.7563,1500.0000,151.4228,42.3984,0.0000,42.3984,100.00,64.66
2010-11-28 20:00:00,Mawson,135.1164,288.5924,135.1164,0.0000,0.0000,0.0000,153.4760,1500.0000,135.1164,37.8326,0.0000,37.8326,100.00,46.82
2010-11-28 21:00:00,Mawson,132.2593,288.7201,132.2593,0.0000,0.0000,0.0000,156.4608,1500.0000,132.2593,37.0326,0.0000,37.0326,100.00,45.81
2010-11-28 22:00:00,Mawson,141.2979,270.8927,141.2979,0.0000,0.0000,0.0000,129.5948,1500.0000,141.2979,39.5634,0.0000,39.5634,100.00,52.16
2010-11-28 23:00:00,Mawson,115.3539,274.5988,115.3539,0.0000,0.0000,0.0000,159.2449,1500.0000,115.3539,32.2991,0.0000,32.2991,100.00,42.01
2010-11-29 00:00:00,Mawson,114.3596,299.3754,114.3596,0.0000,0.0000,0.0000,185.0158,1500.0000,114.3596,32.0207,0.0000,32.0207,100.00,38.20
2010-11-29 01:00:00,Mawson,116.0542,270.6718,116.0542,0.0000,0.0000,0.0000,154.6176,1500.0000,116.0542,32.4952,0.0000,32.4952,100.00,42.88
2010-11-29 02:00:00,Mawson,137.0684,284.1263,137.0684,0.0000,0.0000,0.0000,147.0579,1500.0000,137.0684,38.3792,0.0000,38.3792,100.00,48.24
2010-11-29 03:00:00,Mawson,125.2845,272.5369,125.2845,0.0000,0.0000,0.0000,147.2524,1500.0000,125.2845,35.0797,0.0000,35.0797,100.00,45.97
2010-11-29 04:00:00,Mawson,124.0105,277.9593,124.0105,0.0000,0.0000,0.0000,153.9488,1500.0000,124.0105,34.7229,0.0000,34.7229,100.00,44.61
2010-11-29 05:00:00,Mawson,141.4973,230.7673,141.4973,0.0000,0.0000,0.0000,89.2700,1500.0000,141.4973,39.6192,0.0000,39.6192,100.00,61.32
2010-11-29 06:00:00,Mawson,121.6056,288.2495,121.6056,0.0000,0.0000,0.0000,166.6439,1500.0000,121.6056,34.0496,0.0000,34.0496,100.00,42.19
2010-11-29 07:00:00,Mawson,143.4047,289.7762,143.4047,0.0000,0.0000,0.0000,146.3715,1500.0000,143.4047,40.1533,0.0000,40.1533,100.00,49.49
2010-11-29 08:00:00,Mawson,143.0202,170.3615,143.0202,0.0000,0.0000,0.0000,27.3413,1500.0000,143.0202,40.0457,0.0000,40.0457,100.00,83.95
2010-11-29 09:00:00,Mawson,120.9492,298.6055,120.9492,0.0000,0.0000,0.0000,177.6563,1500.0000,120.9492,33.8658,0.0000,33.8658,100.00,40.50
2010-11-29 10:00:00,Mawson,114.5893,331.1275,114.5893,0.0000,0.0000,0.0000,216.5382,1500.0000,114.5893,32.0850,0.0000,32.0850,100.00,34.61
2010-11-29 11:00:00,Mawson,134.3278,352.1826,134.3278,0.0000,0.0000,0.0000,217.8548,1500.0000,134.3278,37.6118,0.0000,37.6118,100.00,38.14
2010-11-29 12:00:00,Mawson,125.1327,333.3513,125.1327,0.0000,0.0000,0.0000,208.2186,1500.0000,125.1327,35.0372,0.0000,35.0372,100.00,37.54
2010-11-29 13:00:00,Mawson,133.2628,276.7730,133.2628,0.0000,0.0000,0.0000,143.5102,1500.0000,133.2628,37.3136,0.0000,37.3136,100.00,48.15
2010-11-29 14:00:00,Mawson,131.3074,141.5694,131.3074,0.0000,0.0000,0.0000,10.2620,1500.0000,131.3074,36.7661,0.0000,36.7661,100.00,92.75
2010-11-29 15:00:00,Mawson,127.5383,271.1685,127.5383,0.0000,0.0000,0.0000,143.6302,1500.0000,127.5383,35.7107,0.0000,35.7107,100.00,47.03
2010-11-29 16:00:00,Mawson,128.6802,98.5317,98.5317,0.0000,30.1485,0.0000,0.0000,1468.2647,128.6802,36.0305,0.0000,36.0305,100.00,100.00
2010-11-29 17:00:00,Mawson,151.4847,206.5323,151.4847,33.4055,0.0000,0.0000,21.6421,1500.0000,151.4847,42.4157,0.0000,42.4157,100.00,89.52
2010-11-29 18:00:00,Mawson,169.6107,247.3698,169.6107,0.0000,0.0000,0.0000,77.7591,1500.0000,169.6107,47.4910,0.0000,47.4910,100.00,68.57
2010-11-29 19:00:00,Mawson,141.5297,283.2662,141.5297,0.0000,0.0000,0.0000,141.7365,1500.0000,141.5297,39.6283,0.0000,39.6283,100.00,49.96
2010-11-29 20:00:00,Mawson,135.1837,304.2715,135.1837,0.0000,0.0000,0.0000,169.0878,1500.0000,135.1837,37.8514,0.0000,37.8514,100.00,44.43
2010-11-29 21:00:00,Mawson,125.1018,290.9470,125.1018,0.0000,0.0000,0.0000,165.8452,1500.0000,125.1018,35.0285,0.0000,35.0285,100.00,43.00
2010-11-29 22:00:00,Mawson,117.3283,270.9073,117.3283,0.0000,0.0000,0.0000,153.5790,1500.0000,117.3283,32.8519,0.0000,32.8519,100.00,43.31
2010-11-29 23:00:00,Mawson,104.2751,268.3519,104.2751,0.0000,0.0000,0.0000,164.0768,1500.0000,104.2751,29.1970,0.0000,29.1970,100.00,38.86
2010-11-30 00:00:00,Mawson,134.2394,305.1096,134.2394,0.0000,0.0000,0.0000,170.8702,1500.0000,134.2394,37.5870,0.0000,37.5870,100.00,44.00
2010-11-30 01:00:00,Mawson,112.6917,243.1599,112.6917,0.0000,0.0000,0.0000,130.4682,1500.0000,112.6917,31.5537,0.0000,31.5537,100.00,46.34
2010-11-30 02:00:00,Mawson,120.2281,277.5838,120.2281,0.0000,0.0000,0.0000,157.3557,1500.0000,120.2281,33.6639,0.0000,33.6639,100.00,43.31
2010-11-30 03:00:00,Mawson,118.5290,283.5036,118.5290,0.0000,0.0000,0.0000,164.9746,1500.0000,118.5290,33.1881,0.0000,33.1881,100.00,41.81
2010-11-30 04:00:00,Mawson,135.4008,284.2207,135.4008,0.0000,0.0000,0.0000,148.8199,1500.0000,135.4008,37.9122,0.0000,37.9122,100.00,47.64
2010-11-30 05:00:00,Mawson,126.3476,284.2683,126.3476,0.0000,0.0000,0.0000,157.9207,1500.0000,126.3476,35.3773,0.0000,35.3773,100.00,44.45
2010-11-30 06:00:00,Mawson,133.4973,281.0276,133.4973,0.0000,0.0000,0.0000,147.5303,1500.0000,133.4973,37.3792,0.0000,37.3792,100.00,47.50
2010-11-30 07:00:00,Mawson,113.9985,277.4616,113.9985,0.0000,0.0000,0.0000,163.4631,1500.0000,113.9985,31.9196,0.0000,31.9196,100.00,41.09
2010-11-30 08:00:00,Mawson,117.7991,269.7337,117.7991,0.0000,0.0000,0.0000,151.9346,1500.0000,117.7991,32.9837,0.0000,32.9837,100.00,43.67
2010-11-30 09:00:00,Mawson,137.2488,308.9045,137.2488,0.0000,0.0000,0.0000,171.6557,1500.0000,137.2488,38.4297,0.0000,38.4297,100.00,44.43
2010-11-30 10:00:00,Mawson,121.8892,296.9879,121.8892,0.0000,0.0000,0.0000,175.0987,1500.0000,121.8892,34.1290,0.0000,34.1290,100.00,41.04
2010-11-30 11:00:00,Mawson,124.5870,349.7635,124.5870,0.0000,0.0000,0.0000,225.1765,1500.0000,124.5870,34.8844,0.0000,34.8844,100.00,35.62
2010-11-30 12:00:00,Mawson,147.9003,250.7933,147.9003,0.0000,0.0000,0.0000,102.8930,1500.0000,147.9003,41.4121,0.0000,41.4121,100.00,58.97
2010-11-30 13:00:00,Mawson,159.1727,151.8372,151.8372,0.0000,7.3355,0.0000,0.0000,1492.2784,159.1727,44.5684,0.0000,44.5684,100.00,100.00
2010-11-30 14:00:00,Mawson,132.0819,328.2050,132.0819,8.1280,0.0000,0.0000,187.9951,1500.0000,132.0819,36.9829,0.0000,36.9829,100.00,42.72
2010-11-30 15:00:00,Mawson,143.3297,319.1986,143.3297,0.0000,0.0000,0.0000,175.8689,1500.0000,143.3297,40.1323,0.0000,40.1323,100.00,44.90
2010-11-30 16:00:00,Mawson,141.9705,56.5499,56.5499,0.0000,85.4206,0.0000,0.0000,1410.0836,141.9705,39.7517,0.0000,39.7517,100.00,100.00
2010-11-30 17:00:00,Mawson,133.1875,224.8447,133.1875,91.6572,0.0000,0.0000,0.0000,1497.1579,133.1875,37.2925,0.0000,37.2925,100.00,100.00
2010-11-30 18:00:00,Mawson,127.7105,256.0574,127.7105,2.9917,0.0000,0.0000,125.3552,1500.0000,127.7105,35.7589,0.0000,35.7589,100.00,51.04
2010-11-30 19:00:00,Mawson,157.3198,263.2732,157.3198,0.0000,0.0000,0.0000,105.9534,1500.0000,157.3198,44.0495,0.0000,44.0495,100.00,59.76
2010-11-30 20:00:00,Mawson,138.1221,91.2937,91.2937,0.0000,46.8284,0.0000,0.0000,1450.7069,138.1221,38.6742,0.0000,38.6742,100.00,100.00
2010-11-30 21:00:00,Mawson,116.6564,218.1710,116.6564,51.8874,0.0000,0.0000,49.6272,1500.0000,116.6564,32.6638,0.0000,32.6638,100.00,77.25
2010-11-30 22:00:00,Mawson,141.7173,290.4649,141.7173,0.0000,0.0000,0.0000,148.7476,1500.0000,141.7173,39.6808,0.0000,39.6808,100.00,48.79
2010-11-30 23:00:00,Mawson,109.3013,282.1724,109.3013,0.0000,0.0000,0.0000,172.8711,1500.0000,109.3013,30.6044,0.0000,30.6044,100.00,38.74
2010-12-01 00:00:00,Mawson,110.4721,99.9966,99.9966,0.0000,10.4755,0.0000,0.0000,1488.9732,110.4721,30.9322,0.0000,30.9322,100.00,100.00
2010-12-01 01:00:00,Mawson,117.4951,227.4245,117.4951,11.6072,0.0000,0.0000,98.3222,1500.0000,117.4951,32.8986,0.0000,32.8986,100.00,56.77
2010-12-01 02:00:00,Mawson,121.9129,109.4420,109.4420,0.0000,12.4709,0.0000,0.0000,1486.8727,121.9129,34.1356,0.0000,34.1356,100.00,100.00
2010-12-01 03:00:00,Mawson,110.0429,259.4296,110.0429,13.8182,0.0000,0.0000,135.5685,1500.0000,110.0429,30.8120,0.0000,30.8120,100.00,47.74
2010-12-01 04:00:00,Mawson,123.9487,235.2040,123.9487,0.0000,0.0000,0.0000,111.2553,1500.0000,123.9487,34.7056,0.0000,34.7056,100.00,52.70
2010-12-01 05:00:00,Mawson,122.4956,286.4496,122.4956,0.0000,0.0000,0.0000,163.9540,1500.0000,122.4956,34.2988,0.0000,34.2988,100.00,42.76
2010-12-01 06:00:00,Mawson,122.7038,232.1569,122.7038,0.0000,0.0000,0.0000,109.4531,1500.0000,122.7038,34.3571,0.0000,34.3571,100.00,52.85
2010-12-01 07:00:00,Mawson,131.0132,249.4214,131.0132,0.0000,0.0000,0.0000,118.4082,1500.0000,131.0132,36.6837,0.0000,36.6837,100.00,52.53
2010-12-01 08:00:00,Mawson,123.7285,286.3908,123.7285,0.0000,0.0000,0.0000,162.6623,1500.0000,123.7285,34.6440,0.0000,34.6440,100.00,43.20
2010-12-01 09:00:00,Mawson,119.3870,261.6329,119.3870,0.0000,0.0000,0.0000,142.2459,1500.0000,119.3870,33.4284,0.0000,33.4284,100.00,45.63
2010-12-01 10:00:00,Mawson,123.1179,205.5504,123.1179,0.0000,0.0000,0.0000,82.4325,1500.0000,123.1179,34.4730,0.0000,34.4730,100.00,59.90
2010-12-01 11:00:00,Mawson,136.6614,289.1373,136.6614,0.0000,0.0000,0.0000,152.4759,1500.0000,136.6614,38.2652,0.0000,38.2652,100.00,47.27
2010-12-01 12:00:00,Mawson,117.5699,107.8399,107.8399,0.0000,9.7300,0.0000,0.0000,1489.7579,117.5699,32.9196,0.0000,32.9196,100.00,100.00
2010-12-01 13:00:00,Mawson,117.1224,262.4562,117.1224,10.7812,0.0000,0.0000,134.5526,1500.0000,117.1224,32.7943,0.0000,32.7943,100.00,48.73
2010-12-01 14:00:00,Mawson,124.9355,108.3156,108.3156,0.0000,16.6199,0.0000,0.0000,1482.5054,124.9355,34.9819,0.0000,34.9819,100.00,100.00
2010-12-01 15:00:00,Mawson,119.1745,47.6895,47.6895,0.0000,71.4850,0.0000,0.0000,1407.2580,119.1745,33.3689,0.0000,33.3689,100.00,100.00
2010-12-01 16:00:00,Mawson,123.4162,63.6701,63.6701,0.0000,59.7461,0.0000,0.0000,1344.3674,123.4162,34.5565,0.0000,34.5565,100.00,100.00
2010-12-01 17:00:00,Mawson,123.0001,37.2996,37.2996,0.0000,85.7005,0.0000,0.0000,1254.1563,123.0001,34.4400,0.0000,34.4400,100.00,100.00
2010-12-01 18:00:00,Mawson,128.0473,64.9531,64.9531,0.0000,63.0942,0.0000,0.0000,1187.7414,128.0473,35.8532,0.0000,35.8532,100.00,100.00
2010-12-01 19:00:00,Mawson,139.4176,231.2515,139.4176,91.8339,0.0000,0.0000,0.0000,1274.9836,139.4176,39.0369,0.0000,39.0369,100.00,100.00
2010-12-01 20:00:00,Mawson,118.8837,295.8179,118.8837,176.9342,0.0000,0.0000,0.0000,1443.0711,118.8837,33.2874,0.0000,33.2874,100.00,100.00
2010-12-01 21:00:00,Mawson,138.9020,91.3419,91.3419,0.0000,47.5601,0.0000,0.0000,1393.0078,138.9020,38.8926,0.0000,38.8926,100.00,100.00
2010-12-01 22:00:00,Mawson,127.9864,259.8990,127.9864,112.6234,0.0000,0.0000,19.2892,1500.0000,127.9864,35.8362,0.0000,35.8362,100.00,92.58
2010-12-01 23:00:00,Mawson,125.3908,265.7543,125.3908,0.0000,0.0000,0.0000,140.3635,1500.0000,125.3908,35.1094,0.0000,35.1094,100.00,47.18
2010-12-02 00:00:00,Mawson,111.9024,285.0907,111.9024,0.0000,0.0000,0.0000,173.1883,1500.0000,111.9024,31.3327,0.0000,31.3327,100.00,39.25
2010-12-02 01:00:00,Mawson,114.0219,252.4865,114.0219,0.0000,0.0000,0.0000,138.4646,1500.0000,114.0219,31.9261,0.0000,31.9261,100.00,45.16
2010-12-02 02:00:00,Mawson,108.6376,278.1756,108.6376,0.0000,0.0000,0.0000,169.5380,1500.0000,108.6376,30.4185,0.0000,30.4185,100.00,39.05
2010-12-02 03:00:00,Mawson,121.2555,230.8610,121.2555,0.0000,0.0000,0.0000,109.6055,1500.0000,121.2555,33.9515,0.0000,33.9515,100.00,52.52
2010-12-02 04:00:00,Mawson,116.1774,282.0669,116.1774,0.0000,0.0000,0.0000,165.8895,1500.0000,116.1774,32.5297,0.0000,32.5297,100.00,41.19
2010-12-02 05:00:00,Mawson,141.2995,287.8000,141.2995,0.0000,0.0000,0.0000,146.5005,1500.0000,141.2995,39.5639,0.0000,39.5639,100.00,49.10
2010-12-02 06:00:00,Mawson,127.2610,285.2140,127.2610,0.0000,0.0000,0.0000,157.9530,1500.0000,127.2610,35.6331,0.0000,35.6331,100.00,44.62
2010-12-02 07:00:00,Mawson,119.2613,242.7809,119.2613,0.0000,0.0000,0.0000,123.5196,1500.0000,119.2613,33.3932,0.0000,33.3932,100.00,49.12
2010-12-02 08:00:00,Mawson,123.1458,302.7646,123.1458,0.0000,0.0000,0.0000,179.6188,1500.0000,123.1458,34.4808,0.0000,34.4808,100.00,40.67
2010-12-02 09:00:00,Mawson,124.2366,267.0826,124.2366,0.0000,0.0000,0.0000,142.8460,1500.0000,124.2366,34.7862,0.0000,34.7862,100.00,46.52
2010-12-02 10:00:00,Mawson,134.0810,126.8759,126.8759,0.0000,7.2051,0.0000,0.0000,1492.4157,134.0810,37.5427,0.0000,37.5427,100.00,100.00
2010-12-02 11:00:00,Mawson,129.7067,154.9987,129.7067,7.9835,0.0000,0.0000,17.3085,1500.0000,129.7067,36.3179,0.0000,36.3179,100.00,88.83
2010-12-02 12:00:00,Mawson,128.4692,59.7471,59.7471,0.0000,68.7221,0.0000,0.0000,1427.6609,128.4692,35.9714,0.0000,35.9714,100.00,100.00
2010-12-02 13:00:00,Mawson,129.9338,38.3219,38.3219,0.0000,91.6119,0.0000,0.0000,1331.2274,129.9338,36.3815,0.0000,36.3815,100.00,100.00
2010-12-02 14:00:00,Mawson,128.1944,276.7521,128.1944,148.5577,0.0000,0.0000,0.0000,1472.3572,128.1944,35.8944,0.0000,35.8944,100.00,100.00
2010-12-02 15:00:00,Mawson,132.7424,186.2976,132.7424,29.0977,0.0000,0.0000,24.4575,1500.0000,132.7424,37.1679,0.0000,37.1679,100.00,86.87
2010-12-02 16:00:00,Mawson,129.6845,202.7223,129.6845,0.0000,0.0000,0.0000,73.0378,1500.0000,129.6845,36.3117,0.0000,36.3117,100.00,63.97
2010-12-02 17:00:00,Mawson,145.2266,186.7706,145.2266,0.0000,0.0000,0.0000,41.5440,1500.0000,145.2266,40.6634,0.0000,40.6634,100.00,77.76
2010-12-02 18:00:00,Mawson,144.3923,224.5504,144.3923,0.0000,0.0000,0.0000,80.1581,1500.0000,144.3923,40.4298,0.0000,40.4298,100.00,64.30
2010-12-02 19:00:00,Mawson,138.8147,137.5512,137.5512,0.0000,1.2635,0.0000,0.0000,1498.6700,138.8147,38.8681,0.0000,38.8681,100.00,100.00
2010-12-02 20:00:00,Mawson,153.9609,139.1261,139.1261,0.0000,14.8348,0.0000,0.0000,1483.0544,153.9609,43.1091,0.0000,43.1091,100.00,100.00
2010-12-02 21:00:00,Mawson,132.0671,261.4542,132.0671,17.8375,0.0000,0.0000,111.5496,1500.0000,132.0671,36.9788,0.0000,36.9788,100.00,57.33
2010-12-02 22:00:00,Mawson,119.3528,268.4247,119.3528,0.0000,0.0000,0.0000,149.0719,1500.0000,119.3528,33.4188,0.0000,33.4188,100.00,44.46
2010-12-02 23:00:00,Mawson,129.6764,246.5973,129.6764,0.0000,0.0000,0.0000,116.9209,1500.0000,129.6764,36.3094,0.0000,36.3094,100.00,52.59
2010-12-03 00:00:00,Mawson,113.8510,278.6310,113.8510,0.0000,0.0000,0.0000,164.7800,1500.0000,113.8510,31.8783,0.0000,31.8783,100.00,40.86
2010-12-03 01:00:00,Mawson,125.0165,272.0713,125.0165,0.0000,0.0000,0.0000,147.0548,1500.0000,125.0165,35.0046,0.0000,35.0046,100.00,45.95
2010-12-03 02:00:00,Mawson,120.3410,283.1458,120.3410,0.0000,0.0000,0.0000,162.8048,1500.0000,120.3410,33.6955,0.0000,33.6955,100.00,42.50
2010-12-03 03:00:00,Mawson,107.7044,274.9209,107.7044,0.0000,0.0000,0.0000,167.2165,1500.0000,107.7044,30.1572,0.0000,30.1572,100.00,39.18
2010-12-03 04:00:00,Mawson,125.8600,270.2704,125.8600,0.0000,0.0000,0.0000,144.4104,1500.0000,125.8600,35.2408,0.0000,35.2408,100.00,46.57
2010-12-03 05:00:00,Mawson,123.3411,237.3669,123.3411,0.0000,0.0000,0.0000,114.0258,1500.0000,123.3411,34.5355,0.0000,34.5355,100.00,51.96
2010-12-03 06:00:00,Mawson,117.2323,291.9958,117.2323,0.0000,0.0000,0.0000,174.7635,1500.0000,117.2323,32.8250,0.0000,32.8250,100.00,40.15
2010-12-03 07:00:00,Mawson,107.5130,272.8487,107.5130,0.0000,0.0000,0.0000,165.3357,1500.0000,107.5130,30.1036,0.0000,30.1036,100.00,39.40
2010-12-03 08:00:00,Mawson,105.1394,194.8722,105.1394,0.0000,0.0000,0.0000,89.7328,1500.0000,105.1394,29.4390,0.0000,29.4390,100.00,53.95
2010-12-03 09:00:00,Mawson,114.8016,266.2661,114.8016,0.0000,0.0000,0.0000,151.4645,1500.0000,114.8016,32.1444,0.0000,32.1444,100.00,43.12
2010-12-03 10:00:00,Mawson,112.5575,157.1043,112.5575,0.0000,0.0000,0.0000,44.5468,1500.0000,112.5575,31.5161,0.0000,31.5161,100.00,71.65
2010-12-03 11:00:00,Mawson,149.9874,234.8649,149.9874,0.0000,0.0000,0.0000,84.8775,1500.0000,149.9874,41.9965,0.0000,41.9965,100.00,63.86
2010-12-03 12:00:00,Mawson,127.6198,134.6272,127.6198,0.0000,0.0000,0.0000,7.0074,1500.0000,127.6198,35.7335,0.0000,35.7335,100.00,94.79
2010-12-03 13:00:00,Mawson,114.5422,66.6236,66.6236,0.0000,47.9186,0.0000,0.0000,1449.5594,114.5422,32.0718,0.0000,32.0718,100.00,100.00
2010-12-03 14:00:00,Mawson,114.1256,221.3556,114.1256,53.0954,0.0000,0.0000,54.1346,1500.0000,114.1256,31.9552,0.0000,31.9552,100.00,75.54
2010-12-03 15:00:00,Mawson,126.6465,16.1461,16.1461,0.0000,110.5004,0.0000,0.0000,1383.6838,126.6465,35.4610,0.0000,35.4610,100.00,100.00
2010-12-03 16:00:00,Mawson,133.4701,87.7186,87.7186,0.0000,45.7515,0.0000,0.0000,1335.5243,133.4701,37.3716,0.0000,37.3716,100.00,100.00
2010-12-03 17:00:00,Mawson,127.9354,98.6232,98.6232,0.0000,29.3122,0.0000,0.0000,1304.6694,127.9354,35.8219,0.0000,35.8219,100.00,100.00
2010-12-03 18:00:00,Mawson,129.9423,181.7391,129.9423,51.7968,0.0000,0.0000,0.0000,1353.8763,129.9423,36.3838,0.0000,36.3838,100.00,100.00
2010-12-03 19:00:00,Mawson,127.3267,211.0416,127.3267,83.7149,0.0000,0.0000,0.0000,1433.4055,127.3267,35.6515,0.0000,35.6515,100.00,100.00
2010-12-03 20:00:00,Mawson,131.0344,246.4485,131.0344,70.0995,0.0000,0.0000,45.3146,1500.0000,131.0344,36.6896,0.0000,36.6896,100.00,81.61
2010-12-03 21:00:00,Mawson,116.8402,270.1578,116.8402,0.0000,0.0000,0.0000,153.3176,1500.0000,116.8402,32.7153,0.0000,32.7153,100.00,43.25
2010-12-03 22:00:00,Mawson,117.8577,260.7840,117.8577,0.0000,0.0000,0.0000,142.9263,1500.0000,117.8577,33.0002,0.0000,33.0002,100.00,45.19
2010-12-03 23:00:00,Mawson,112.3034,244.1240,112.3034,0.0000,0.0000,0.0000,131.8206,1500.0000,112.3034,31.4450,0.0000,31.4450,100.00,46.00
2010-12-04 00:00:00,Mawson,124.0005,265.5288,124.0005,0.0000,0.0000,0.0000,141.5283,1500.0000,124.0005,34.7201,0.0000,34.7201,100.00,46.70
2010-12-04 01:00:00,Mawson,116.4439,274.9174,116.4439,0.0000,0.0000,0.0000,158.4735,1500.0000,116.4439,32.6043,0.0000,32.6043,100.00,42.36
2010-12-04 02:00:00,Mawson,114.4468,234.9576,114.4468,0.0000,0.0000,0.0000,120.5108,1500.0000,114.4468,32.0451,0.0000,32.0451,100.00,48.71
2010-12-04 03:00:00,Mawson,126.0057,234.3912,126.0057,0.0000,0.0000,0.0000,108.3855,1500.0000,126.0057,35.2816,0.0000,35.2816,100.00,53.76
2010-12-04 04:00:00,Mawson,124.6275,241.9991,124.6275,0.0000,0.0000,0.0000,117.3716,1500.0000,124.6275,34.8957,0.0000,34.8957,100.00,51.50
2010-12-04 05:00:00,Mawson,117.6456,196.4044,117.6456,0.0000,0.0000,0.0000,78.7588,1500.0000,117.6456,32.9408,0.0000,32.9408,100.00,59.90
2010-12-04 06:00:00,Mawson,118.5487,284.3694,118.5487,0.0000,0.0000,0.0000,165.8207,1500.0000,118.5487,33.1936,0.0000,33.1936,100.00,41.69
2010-12-04 07:00:00,Mawson,128.9196,147.5616,128.9196,0.0000,0.0000,0.0000,18.6420,1500.0000,128.9196,36.0975,0.0000,36.0975,100.00,87.37
2010-12-04 08:00:00,Mawson,110.2997,282.3309,110.2997,0.0000,0.0000,0.0000,172.0312,1500.0000,110.2997,30.8839,0.0000,30.8839,100.00,39.07
2010-12-04 09:00:00,Mawson,127.9067,301.1022,127.9067,0.0000,0.0000,0.0000,173.1955,1500.0000,127.9067,35.8139,0.0000,35.8139,100.00,42.48
2010-12-04 10:00:00,Mawson,124.1758,52.1439,52.1439,0.0000,72.0319,0.0000,0.0000,1424.1769,124.1758,34.7692,0.0000,34.7692,100.00,100.00
2010-12-04 11:00:00,Mawson,132.7716,223.0637,132.7716,79.8137,0.0000,0.0000,10.4784,1500.0000,132.7716,37.1760,0.0000,37.1760,100.00,95.30
2010-12-04 12:00:00,Mawson,140.6164,119.7771,119.7771,0.0000,20.8393,0.0000,0.0000,1478.0639,140.6164,39.3726,0.0000,39.3726,100.00,100.00
2010-12-04 13:00:00,Mawson,127.5182,274.2760,127.5182,23.0906,0.0000,0.0000,123.6672,1500.0000,127.5182,35.7051,0.0000,35.7051,100.00,54.91
2010-12-04 14:00:00,Mawson,105.6154,49.1461,49.1461,0.0000,56.4693,0.0000,0.0000,1440.5586,105.6154,29.5723,0.0000,29.5723,100.00,100.00
2010-12-04 15:00:00,Mawson,131.6392,55.9743,55.9743,0.0000,75.6649,0.0000,0.0000,1360.9114,131.6392,36.8590,0.0000,36.8590,100.00,100.00
2010-12-04 16:00:00,Mawson,143.3571,48.0504,48.0504,0.0000,95.3067,0.0000,0.0000,1260.5885,143.3571,40.1400,0.0000,40.1400,100.00,100.00
2010-12-04 17:00:00,Mawson,116.6266,207.5895,116.6266,90.9629,0.0000,0.0000,0.0000,1347.0033,116.6266,32.6554,0.0000,32.6554,100.00,100.00
2010-12-04 18:00:00,Mawson,124.2333,181.4268,124.2333,57.1935,0.0000,0.0000,0.0000,1401.3371,124.2333,34.7853,0.0000,34.7853,100.00,100.00
2010-12-04 19:00:00,Mawson,132.0484,180.0914,132.0484,48.0430,0.0000,0.0000,0.0000,1446.9780,132.0484,36.9736,0.0000,36.9736,100.00,100.00
2010-12-04 20:00:00,Mawson,118.0811,289.4076,118.0811,55.8127,0.0000,0.0000,115.5138,1500.0000,118.0811,33.0627,0.0000,33.0627,100.00,60.09
2010-12-04 21:00:00,Mawson,117.0069,272.8130,117.0069,0.0000,0.0000,0.0000,155.8061,1500.0000,117.0069,32.7619,0.0000,32.7619,100.00,42.89
2010-12-04 22:00:00,Mawson,152.7948,260.3842,152.7948,0.0000,0.0000,0.0000,107.5894,1500.0000,152.7948,42.7825,0.0000,42.7825,100.00,58.68
2010-12-04 23:00:00,Mawson,127.9287,195.2605,127.9287,0.0000,0.0000,0.0000,67.3318,1500.0000,127.9287,35.8200,0.0000,35.8200,100.00,65.52
2010-12-05 00:00:00,Mawson,94.8887,297.1047,94.8887,0.0000,0.0000,0.0000,202.2160,1500.0000,94.8887,26.5688,0.0000,26.5688,100.00,31.94
2010-12-05 01:00:00,Mawson,116.3651,236.0141,116.3651,0.0000,0.0000,0.0000,119.6490,1500.0000,116.3651,32.5822,0.0000,32.5822,100.00,49.30
2010-12-05 02:00:00,Mawson,122.3277,265.7762,122.3277,0.0000,0.0000,0.0000,143.4485,1500.0000,122.3277,34.2518,0.0000,34.2518,100.00,46.03
2010-12-05 03:00:00,Mawson,104.0617,235.6141,104.0617,0.0000,0.0000,0.0000,131.5524,1500.0000,104.0617,29.1373,0.0000,29.1373,100.00,44.17
2010-12-05 04:00:00,Mawson,112.4029,246.4109,112.4029,0.0000,0.0000,0.0000,134.0080,1500.0000,112.4029,31.4728,0.0000,31.4728,100.00,45.62
2010-12-05 05:00:00,Mawson,113.3681,94.5398,94.5398,0.0000,18.8283,0.0000,0.0000,1480.1807,113.3681,31.7431,0.0000,31.7431,100.00,100.00
2010-12-05 06:00:00,Mawson,119.1553,285.0108,119.1553,20.8624,0.0000,0.0000,144.9931,1500.0000,119.1553,33.3635,0.0000,33.3635,100.00,49.13
2010-12-05 07:00:00,Mawson,112.1553,248.0339,112.1553,0.0000,0.0000,0.0000,135.8786,1500.0000,112.1553,31.4035,0.0000,31.4035,100.00,45.22
2010-12-05 08:00:00,Mawson,128.3631,289.7828,128.3631,0.0000,0.0000,0.0000,161.4197,1500.0000,128.3631,35.9417,0.0000,35.9417,100.00,44.30
2010-12-05 09:00:00,Mawson,117.0183,268.8021,117.0183,0.0000,0.0000,0.0000,151.7838,1500.0000,117.0183,32.7651,0.0000,32.7651,100.00,43.53
2010-12-05 10:00:00,Mawson,144.7044,262.4654,144.7044,0.0000,0.0000,0.0000,117.7610,1500.0000,144.7044,40.5172,0.0000,40.5172,100.00,55.13
2010-12-05 11:00:00,Mawson,118.6113,102.1717,102.1717,0.0000,16.4396,0.0000,0.0000,1482.6952,118.6113,33.2112,0.0000,33.2112,100.00,100.00
2010-12-05 12:00:00,Mawson,125.8308,177.9781,125.8308,18.2156,0.0000,0.0000,33.9317,1500.0000,125.8308,35.2326,0.0000,35.2326,100.00,80.93
2010-12-05 13:00:00,Mawson,106.2646,28.0697,28.0697,0.0000,78.1949,0.0000,0.0000,1417.6896,106.2646,29.7541,0.0000,29.7541,100.00,100.00
2010-12-05 14:00:00,Mawson,115.0446,49.7713,49.7713,0.0000,65.2733,0.0000,0.0000,1348.9808,115.0446,32.2125,0.0000,32.2125,100.00,100.00
2010-12-05 15:00:00,Mawson,120.3602,130.3572,120.3602,9.9970,0.0000,0.0000,0.0000,1358.4780,120.3602,33.7009,0.0000,33.7009,100.00,100.00
2010-12-05 16:00:00,Mawson,122.9164,67.3383,67.3383,0.0000,55.5781,0.0000,0.0000,1299.9747,122.9164,34.4166,0.0000,34.4166,100.00,100.00
2010-12-05 17:00:00,Mawson,144.6279,254.8824,144.6279,110.2545,0.0000,0.0000,0.0000,1404.7165,144.6279,40.4958,0.0000,40.4958,100.00,100.00
2010-12-05 18:00:00,Mawson,160.7924,171.6861,160.7924,10.8937,0.0000,0.0000,0.0000,1415.0655,160.7924,45.0219,0.0000,45.0219,100.00,100.00
2010-12-05 19:00:00,Mawson,124.3065,178.1054,124.3065,53.7989,0.0000,0.0000,0.0000,1466.1745,124.3065,34.8058,0.0000,34.8058,100.00,100.00
2010-12-05 20:00:00,Mawson,108.2974,55.5302,55.5302,0.0000,52.7672,0.0000,0.0000,1410.6301,108.2974,30.3233,0.0000,30.3233,100.00,100.00
2010-12-05 21:00:00,Mawson,117.6802,165.6387,117.6802,47.9585,0.0000,0.0000,0.0000,1456.1906,117.6802,32.9505,0.0000,32.9505,100.00,100.00
2010-12-05 22:00:00,Mawson,116.6244,168.8694,116.6244,46.1151,0.0000,0.0000,6.1299,1500.0000,116.6244,32.6548,0.0000,32.6548,100.00,96.37
2010-12-05 23:00:00,Mawson,121.5740,259.9705,121.5740,0.0000,0.0000,0.0000,138.3965,1500.0000,121.5740,34.0407,0.0000,34.0407,100.00,46.76
2010-12-06 00:00:00,Mawson,119.3848,226.5418,119.3848,0.0000,0.0000,0.0000,107.1570,1500.0000,119.3848,33.4277,0.0000,33.4277,100.00,52.70
2010-12-06 01:00:00,Mawson,110.9565,261.0912,110.9565,0.0000,0.0000,0.0000,150.1347,1500.0000,110.9565,31.0678,0.0000,31.0678,100.00,42.50
2010-12-06 02:00:00,Mawson,110.1343,139.0851,110.1343,0.0000,0.0000,0.0000,28.9508,1500.0000,110.1343,30.8376,0.0000,30.8376,100.00,79.18
2010-12-06 03:00:00,Mawson,124.1623,268.8661,124.1623,0.0000,0.0000,0.0000,144.7038,1500.0000,124.1623,34.7654,0.0000,34.7654,100.00,46.18
2010-12-06 04:00:00,Mawson,117.3041,197.0387,117.3041,0.0000,0.0000,0.0000,79.7346,1500.0000,117.3041,32.8451,0.0000,32.8451,100.00,59.53
2010-12-06 05:00:00,Mawson,112.2509,237.6878,112.2509,0.0000,0.0000,0.0000,125.4369,1500.0000,112.2509,31.4303,0.0000,31.4303,100.00,47.23
2010-12-06 06:00:00,Mawson,121.8868,272.3710,121.8868,0.0000,0.0000,0.0000,150.4842,1500.0000,121.8868,34.1283,0.0000,34.1283,100.00,44.75
2010-12-06 07:00:00,Mawson,122.0445,277.2510,122.0445,0.0000,0.0000,0.0000,155.2065,1500.0000,122.0445,34.1725,0.0000,34.1725,100.00,44.02
2010-12-06 08:00:00,Mawson,123.1779,174.1302,123.1779,0.0000,0.0000,0.0000,50.9523,1500.0000,123.1779,34.4898,0.0000,34.4898,100.00,70.74
2010-12-06 09:00:00,Mawson,119.9513,261.4765,119.9513,0.0000,0.0000,0.0000,141.5252,1500.0000,119.9513,33.5864,0.0000,33.5864,100.00,45.87
2010-12-06 10:00:00,Mawson,111.3535,264.6461,111.3535,0.0000,0.0000,0.0000,153.2926,1500.0000,111.3535,31.1790,0.0000,31.1790,100.00,42.08
2010-12-06 11:00:00,Mawson,125.4689,137.4367,125.4689,0.0000,0.0000,0.0000,11.9678,1500.0000,125.4689,35.1313,0.0000,35.1313,100.00,91.29
2010-12-06 12:00:00,Mawson,111.7256,147.6940,111.7256,0.0000,0.0000,0.0000,35.9684,1500.0000,111.7256,31.2832,0.0000,31.2832,100.00,75.65
2010-12-06 13:00:00,Mawson,120.2834,64.3496,64.3496,0.0000,55.9338,0.0000,0.0000,1441.1223,120.2834,33.6794,0.0000,33.6794,100.00,100.00
2010-12-06 14:00:00,Mawson,115.8107,187.8172,115.8107,61.9765,0.0000,0.0000,10.0300,1500.0000,115.8107,32.4270,0.0000,32.4270,100.00,94.66
2010-12-06 15:00:00,Mawson,130.5484,257.5111,130.5484,0.0000,0.0000,0.0000,126.9627,1500.0000,130.5484,36.5536,0.0000,36.5536,100.00,50.70
2010-12-06 16:00:00,Mawson,123.1767,229.9196,123.1767,0.0000,0.0000,0.0000,106.7429,1500.0000,123.1767,34.4895,0.0000,34.4895,100.00,53.57
2010-12-06 17:00:00,Mawson,143.1192,75.9498,75.9498,0.0000,67.1694,0.0000,0.0000,1429.2954,143.1192,40.0734,0.0000,40.0734,100.00,100.00
2010-12-06 18:00:00,Mawson,142.2564,241.5719,142.2564,74.4259,0.0000,0.0000,24.8896,1500.0000,142.2564,39.8318,0.0000,39.8318,100.00,89.70
2010-12-06 19:00:00,Mawson,137.5074,186.6669,137.5074,0.0000,0.0000,0.0000,49.1595,1500.0000,137.5074,38.5021,0.0000,38.5021,100.00,73.66
2010-12-06 20:00:00,Mawson,144.3586,257.2282,144.3586,0.0000,0.0000,0.0000,112.8696,1500.0000,144.3586,40.4204,0.0000,40.4204,100.00,56.12
2010-12-06 21:00:00,Mawson,111.0869,96.8139,96.8139,0.0000,14.2730,0.0000,0.0000,1484.9758,111.0869,31.1043,0.0000,31.1043,100.00,100.00
2010-12-06 22:00:00,Mawson,113.3890,229.0265,113.3890,15.8150,0.0000,0.0000,99.8225,1500.0000,113.3890,31.7489,0.0000,31.7489,100.00,56.41
2010-12-06 23:00:00,Mawson,126.1656,262.7664,126.1656,0.0000,0.0000,0.0000,136.6008,1500.0000,126.1656,35.3264,0.0000,35.3264,100.00,48.01
2010-12-07 00:00:00,Mawson,122.2193,142.7401,122.2193,0.0000,0.0000,0.0000,20.5208,1500.0000,122.2193,34.2214,0.0000,34.2214,100.00,85.62
2010-12-07 01:00:00,Mawson,107.2365,235.5409,107.2365,0.0000,0.0000,0.0000,128.3044,1500.0000,107.2365,30.0262,0.0000,30.0262,100.00,45.53
2010-12-07 02:00:00,Mawson,112.3986,225.1332,112.3986,0.0000,0.0000,0.0000,112.7346,1500.0000,112.3986,31.4716,0.0000,31.4716,100.00,49.93
2010-12-07 03:00:00,Mawson,121.8943,265.1886,121.8943,0.0000,0.0000,0.0000,143.2943,1500.0000,121.8943,34.1304,0.0000,34.1304,100.00,45.97
2010-12-07 04:00:00,Mawson,124.6946,250.4466,124.6946,0.0000,0.0000,0.0000,125.7520,1500.0000,124.6946,34.9145,0.0000,34.9145,100.00,49.79
2010-12-07 05:00:00,Mawson,119.2474,288.9166,119.2474,0.0000,0.0000,0.0000,169.6692,1500.0000,119.2474,33.3893,0.0000,33.3893,100.00,41.27
2010-12-07 06:00:00,Mawson,134.9483,297.0373,134.9483,0.0000,0.0000,0.0000,162.0890,1500.0000,134.9483,37.7855,0.0000,37.7855,100.00,45.43
2010-12-07 07:00:00,Mawson,145.6876,252.3159,145.6876,0.0000,0.0000,0.0000,106.6283,1500.0000,145.6876,40.7925,0.0000,40.7925,100.00,57.74
2010-12-07 08:00:00,Mawson,126.3023,285.2604,126.3023,0.0000,0.0000,0.0000,158.9581,1500.0000,126.3023,35.3646,0.0000,35.3646,100.00,44.28
2010-12-07 09:00:00,Mawson,111.5550,267.3977,111.5550,0.0000,0.0000,0.0000,155.8427,1500.0000,111.5550,31.2354,0.0000,31.2354,100.00,41.72
2010-12-07 10:00:00,Mawson,132.5697,102.0377,102.0377,0.0000,30.5320,0.0000,0.0000,1467.8611,132.5697,37.1195,0.0000,37.1195,100.00,100.00
2010-12-07 11:00:00,Mawson,140.2502,274.5385,140.2502,33.8305,0.0000,0.0000,100.4578,1500.0000,140.2502,39.2701,0.0000,39.2701,100.00,63.41
2010-12-07 12:00:00,Mawson,143.7766,295.2431,143.7766,0.0000,0.0000,0.0000,151.4665,1500.0000,143.7766,40.2574,0.0000,40.2574,100.00,48.70
2010-12-07 13:00:00,Mawson,116.3809,43.1149,43.1149,0.0000,73.2660,0.0000,0.0000,1422.8779,116.3809,32.5867,0.0000,32.5867,100.00,100.00
2010-12-07 14:00:00,Mawson,121.7529,285.0546,121.7529,81.1812,0.0000,0.0000,82.1205,1500.0000,121.7529,34.0908,0.0000,34.0908,100.00,71.19
2010-12-07 15:00:00,Mawson,124.8530,180.9362,124.8530,0.0000,0.0000,0.0000,56.0832,1500.0000,124.8530,34.9588,0.0000,34.9588,100.00,69.00
2010-12-07 16:00:00,Mawson,140.2017,135.3840,135.3840,0.0000,4.8177,0.0000,0.0000,1494.9287,140.2017,39.2565,0.0000,39.2565,100.00,100.00
2010-12-07 17:00:00,Mawson,144.2473,178.4007,144.2473,5.3382,0.0000,0.0000,28.8152,1500.0000,144.2473,40.3892,0.0000,40.3892,100.00,83.85
2010-12-07 18:00:00,Mawson,138.0842,247.5464,138.0842,0.0000,0.0000,0.0000,109.4622,1500.0000,138.0842,38.6636,0.0000,38.6636,100.00,55.78
2010-12-07 19:00:00,Mawson,116.6220,126.4003,116.6220,0.0000,0.0000,0.0000,9.7783,1500.0000,116.6220,32.6542,0.0000,32.6542,100.00,92.26
2010-12-07 20:00:00,Mawson,129.1325,126.7927,126.7927,0.0000,2.3398,0.0000,0.0000,1497.5371,129.1325,36.1571,0.0000,36.1571,100.00,100.00
2010-12-07 21:00:00,Mawson,123.9256,41.3711,41.3711,0.0000,82.5545,0.0000,0.0000,1410.6376,123.9256,34.6992,0.0000,34.6992,100.00,100.00
2010-12-07 22:00:00,Mawson,134.2589,251.5951,134.2589,94.0657,0.0000,0.0000,23.2705,1500.0000,134.2589,37.5925,0.0000,37.5925,100.00,90.75
2010-12-07 23:00:00,Mawson,110.9817,259.6459,110.9817,0.0000,0.0000,0.0000,148.6642,1500.0000,110.9817,31.0749,0.0000,31.0749,100.00,42.74
2010-12-08 00:00:00,Mawson,115.6663,229.6306,115.6663,0.0000,0.0000,0.0000,113.9643,1500.0000,115.6663,32.3866,0.0000,32.3866,100.00,50.37
2010-12-08 01:00:00,Mawson,119.7026,195.2980,119.7026,0.0000,0.0000,0.0000,75.5954,1500.0000,119.7026,33.5167,0.0000,33.5167,100.00,61.29
2010-12-08 02:00:00,Mawson,118.4484,279.0083,118.4484,0.0000,0.0000,0.0000,160.5599,1500.0000,118.4484,33.1656,0.0000,33.1656,100.00,42.45
2010-12-08 03:00:00,Mawson,138.1344,236.2906,138.1344,0.0000,0.0000,0.0000,98.1562,1500.0000,138.1344,38.6776,0.0000,38.6776,100.00,58.46
2010-12-08 04:00:00,Mawson,131.7368,287.6094,131.7368,0.0000,0.0000,0.0000,155.8726,1500.0000,131.7368,36.8863,0.0000,36.8863,100.00,45.80
2010-12-08 05:00:00,Mawson,129.6224,285.5356,129.6224,0.0000,0.0000,0.0000,155.9132,1500.0000,129.6224,36.2943,0.0000,36.2943,100.00,45.40
2010-12-08 06:00:00,Mawson,133.3168,237.2632,133.3168,0.0000,0.0000,0.0000,103.9464,1500.0000,133.3168,37.3287,0.0000,37.3287,100.00,56.19
2010-12-08 07:00:00,Mawson,125.5590,296.9963,125.5590,0.0000,0.0000,0.0000,171.4373,1500.0000,125.5590,35.1565,0.0000,35.1565,100.00,42.28
2010-12-08 08:00:00,Mawson,116.1056,268.8975,116.1056,0.0000,0.0000,0.0000,152.7919,1500.0000,116.1056,32.5096,0.0000,32.5096,100.00,43.18
2010-12-08 09:00:00,Mawson,133.7980,264.5530,133.7980,0.0000,0.0000,0.0000,130.7550,1500.0000,133.7980,37.4634,0.0000,37.4634,100.00,50.58
2010-12-08 10:00:00,Mawson,116.7312,213.8173,116.7312,0.0000,0.0000,0.0000,97.0861,1500.0000,116.7312,32.6847,0.0000,32.6847,100.00,54.59
2010-12-08 11:00:00,Mawson,126.8541,72.2378,72.2378,0.0000,54.6163,0.0000,0.0000,1442.5092,126.8541,35.5191,0.0000,35.5191,100.00,100.00
2010-12-08 12:00:00,Mawson,131.3819,159.8642,131.3819,28.4823,0.0000,0.0000,0.0000,1469.5673,131.3819,36.7869,0.0000,36.7869,100.00,100.00
2010-12-08 13:00:00,Mawson,120.4454,36.7779,36.7779,0.0000,83.6675,0.0000,0.0000,1381.4963,120.4454,33.7247,0.0000,33.7247,100.00,100.00
2010-12-08 14:00:00,Mawson,132.8259,155.6864,132.8259,22.8605,0.0000,0.0000,0.0000,1403.2138,132.8259,37.1913,0.0000,37.1913,100.00,100.00
2010-12-08 15:00:00,Mawson,113.5989,141.1612,113.5989,27.5623,0.0000,0.0000,0.0000,1429.3980,113.5989,31.8077,0.0000,31.8077,100.00,100.00
2010-12-08 16:00:00,Mawson,121.0720,204.3567,121.0720,74.3179,0.0000,0.0000,8.9668,1500.0000,121.0720,33.9002,0.0000,33.9002,100.00,95.61
2010-12-08 17:00:00,Mawson,128.9056,50.1987,50.1987,0.0000,78.7069,0.0000,0.0000,1417.1506,128.9056,36.0936,0.0000,36.0936,100.00,100.00
2010-12-08 18:00:00,Mawson,157.1281,168.8203,157.1281,11.6922,0.0000,0.0000,0.0000,1428.2582,157.1281,43.9959,0.0000,43.9959,100.00,100.00
2010-12-08 19:00:00,Mawson,122.0820,175.4634,122.0820,53.3814,0.0000,0.0000,0.0000,1478.9706,122.0820,34.1830,0.0000,34.1830,100.00,100.00
2010-12-08 20:00:00,Mawson,138.5742,244.2913,138.5742,22.1363,0.0000,0.0000,83.5808,1500.0000,138.5742,38.8008,0.0000,38.8008,100.00,65.79
2010-12-08 21:00:00,Mawson,133.6554,189.8910,133.6554,0.0000,0.0000,0.0000,56.2356,1500.0000,133.6554,37.4235,0.0000,37.4235,100.00,70.39
2010-12-08 22:00:00,Mawson,112.4652,210.2527,112.4652,0.0000,0.0000,0.0000,97.7875,1500.0000,112.4652,31.4903,0.0000,31.4903,100.00,53.49
2010-12-08 23:00:00,Mawson,125.4170,229.8075,125.4170,0.0000,0.0000,0.0000,104.3905,1500.0000,125.4170,35.1168,0.0000,35.1168,100.00,54.57
2010-12-09 00:00:00,Mawson,117.0317,227.2108,117.0317,0.0000,0.0000,0.0000,110.1791,1500.0000,117.0317,32.7689,0.0000,32.7689,100.00,51.51
2010-12-09 01:00:00,Mawson,109.2576,255.3856,109.2576,0.0000,0.0000,0.0000,146.1280,1500.0000,109.2576,30.5921,0.0000,30.5921,100.00,42.78
2010-12-09 02:00:00,Mawson,114.7470,237.1350,114.7470,0.0000,0.0000,0.0000,122.3880,1500.0000,114.7470,32.1292,0.0000,32.1292,100.00,48.39
2010-12-09 03:00:00,Mawson,123.0663,279.3665,123.0663,0.0000,0.0000,0.0000,156.3002,1500.0000,123.0663,34.4586,0.0000,34.4586,100.00,44.05
2010-12-09 04:00:00,Mawson,126.9701,296.6995,126.9701,0.0000,0.0000,0.0000,169.7294,1500.0000,126.9701,35.5516,0.0000,35.5516,100.00,42.79
2010-12-09 05:00:00,Mawson,134.8539,233.6448,134.8539,0.0000,0.0000,0.0000,98.7909,1500.0000,134.8539,37.7591,0.0000,37.7591,100.00,57.72
2010-12-09 06:00:00,Mawson,111.5167,232.0551,111.5167,0.0000,0.0000,0.0000,120.5384,1500.0000,111.5167,31.2247,0.0000,31.2247,100.00,48.06
2010-12-09 07:00:00,Mawson,105.8360,238.2666,105.8360,0.0000,0.0000,0.0000,132.4306,1500.0000,105.8360,29.6341,0.0000,29.6341,100.00,44.42
2010-12-09 08:00:00,Mawson,129.9426,181.2748,129.9426,0.0000,0.0000,0.0000,51.3322,1500.0000,129.9426,36.3839,0.0000,36.3839,100.00,71.68
2010-12-09 09:00:00,Mawson,118.3658,143.7397,118.3658,0.0000,0.0000,0.0000,25.3739,1500.0000,118.3658,33.1424,0.0000,33.1424,100.00,82.35
2010-12-09 10:00:00,Mawson,134.1734,62.1902,62.1902,0.0000,71.9832,0.0000,0.0000,1424.2282,134.1734,37.5686,0.0000,37.5686,100.00,100.00
2010-12-09 11:00:00,Mawson,142.0022,74.7476,74.7476,0.0000,67.2546,0.0000,0.0000,1353.4339,142.0022,39.7606,0.0000,39.7606,100.00,100.00
2010-12-09 12:00:00,Mawson,129.4173,67.9321,67.9321,0.0000,61.4852,0.0000,0.0000,1288.7126,129.4173,36.2368,0.0000,36.2368,100.00,100.00
2010-12-09 13:00:00,Mawson,121.3889,130.7128,121.3889,9.3239,0.0000,0.0000,0.0000,1297.5703,121.3889,33.9889,0.0000,33.9889,100.00,100.00
2010-12-09 14:00:00,Mawson,120.8875,166.4508,120.8875,45.5633,0.0000,0.0000,0.0000,1340.8555,120.8875,33.8485,0.0000,33.8485,100.00,100.00
2010-12-09 15:00:00,Mawson,107.7272,63.4184,63.4184,0.0000,44.3088,0.0000,0.0000,1294.2146,107.7272,30.1636,0.0000,30.1636,100.00,100.00
2010-12-09 16:00:00,Mawson,120.7926,187.0997,120.7926,66.3071,0.0000,0.0000,0.0000,1357.2064,120.7926,33.8219,0.0000,33.8219,100.00,100.00
2010-12-09 17:00:00,Mawson,131.8133,53.0032,53.0032,0.0000,78.8101,0.0000,0.0000,1274.2484,131.8133,36.9077,0.0000,36.9077,100.00,100.00
2010-12-09 18:00:00,Mawson,139.9050,276.0540,139.9050,136.1490,0.0000,0.0000,0.0000,1403.5899,139.9050,39.1734,0.0000,39.1734,100.00,100.00
2010-12-09 19:00:00,Mawson,120.2971,169.0995,120.2971,48.8024,0.0000,0.0000,0.0000,1449.9522,120.2971,33.6832,0.0000,33.6832,100.00,100.00
2010-12-09 20:00:00,Mawson,139.4561,251.1327,139.4561,52.6819,0.0000,0.0000,58.9947,1500.0000,139.4561,39.0477,0.0000,39.0477,100.00,76.51
2010-12-09 21:00:00,Mawson,130.8249,134.6406,130.8249,0.0000,0.0000,0.0000,3.8157,1500.0000,130.8249,36.6310,0.0000,36.6310,100.00,97.17
2010-12-09 22:00:00,Mawson,108.3219,220.2348,108.3219,0.0000,0.0000,0.0000,111.9129,1500.0000,108.3219,30.3301,0.0000,30.3301,100.00,49.18
2010-12-09 23:00:00,Mawson,108.6721,260.3365,108.6721,0.0000,0.0000,0.0000,151.6644,1500.0000,108.6721,30.4282,0.0000,30.4282,100.00,41.74
2010-12-10 00:00:00,Mawson,119.1536,280.3305,119.1536,0.0000,0.0000,0.0000,161.1769,1500.0000,119.1536,33.3630,0.0000,33.3630,100.00,42.50
2010-12-10 01:00:00,Mawson,114.3176,241.7674,114.3176,0.0000,0.0000,0.0000,127.4498,1500.0000,114.3176,32.0089,0.0000,32.0089,100.00,47.28
2010-12-10 02:00:00,Mawson,114.0473,249.8067,114.0473,0.0000,0.0000,0.0000,135.7594,1500.0000,114.0473,31.9332,0.0000,31.9332,100.00,45.65
2010-12-10 03:00:00,Mawson,123.3300,265.6953,123.3300,0.0000,0.0000,0.0000,142.3653,1500.0000,123.3300,34.5324,0.0000,34.5324,100.00,46.42
2010-12-10 04:00:00,Mawson,114.7115,304.4404,114.7115,0.0000,0.0000,0.0000,189.7289,1500.0000,114.7115,32.1192,0.0000,32.1192,100.00,37.68
2010-12-10 05:00:00,Mawson,133.9377,244.2523,133.9377,0.0000,0.0000,0.0000,110.3146,1500.0000,133.9377,37.5026,0.0000,37.5026,100.00,54.84
2010-12-10 06:00:00,Mawson,104.1312,41.3832,41.3832,0.0000,62.7480,0.0000,0.0000,1433.9495,104.1312,29.1567,0.0000,29.1567,100.00,100.00
2010-12-10 07:00:00,Mawson,110.9294,294.1538,110.9294,69.5269,0.0000,0.0000,113.6975,1500.0000,110.9294,31.0602,0.0000,31.0602,100.00,61.35
2010-12-10 08:00:00,Mawson,113.8641,186.9465,113.8641,0.0000,0.0000,0.0000,73.0824,1500.0000,113.8641,31.8819,0.0000,31.8819,100.00,60.91
2010-12-10 09:00:00,Mawson,130.3269,257.2050,130.3269,0.0000,0.0000,0.0000,126.8781,1500.0000,130.3269,36.4915,0.0000,36.4915,100.00,50.67
2010-12-10 10:00:00,Mawson,128.9265,270.3862,128.9265,0.0000,0.0000,0.0000,141.4597,1500.0000,128.9265,36.0994,0.0000,36.0994,100.00,47.68
2010-12-10 11:00:00,Mawson,122.0979,184.5856,122.0979,0.0000,0.0000,0.0000,62.4877,1500.0000,122.0979,34.1874,0.0000,34.1874,100.00,66.15
2010-12-10 12:00:00,Mawson,129.9533,71.4161,71.4161,0.0000,58.5372,0.0000,0.0000,1438.3819,129.9533,36.3869,0.0000,36.3869,100.00,100.00
2010-12-10 13:00:00,Mawson,120.5404,51.9895,51.9895,0.0000,68.5509,0.0000,0.0000,1366.2231,120.5404,33.7513,0.0000,33.7513,100.00,100.00
2010-12-10 14:00:00,Mawson,127.9134,136.2964,127.9134,8.3830,0.0000,0.0000,0.0000,1374.1869,127.9134,35.8158,0.0000,35.8158,100.00,100.00
2010-12-10 15:00:00,Mawson,116.7956,111.5708,111.5708,0.0000,5.2248,0.0000,0.0000,1368.6871,116.7956,32.7028,0.0000,32.7028,100.00,100.00
2010-12-10 16:00:00,Mawson,118.4428,188.0675,118.4428,69.6247,0.0000,0.0000,0.0000,1434.8306,118.4428,33.1640,0.0000,33.1640,100.00,100.00
2010-12-10 17:00:00,Mawson,155.1544,119.3500,119.3500,0.0000,35.8044,0.0000,0.0000,1397.1417,155.1544,43.4432,0.0000,43.4432,100.00,100.00
2010-12-10 18:00:00,Mawson,127.2430,100.3740,100.3740,0.0000,26.8690,0.0000,0.0000,1368.8586,127.2430,35.6280,0.0000,35.6280,100.00,100.00
2010-12-10 19:00:00,Mawson,125.2272,68.7112,68.7112,0.0000,56.5160,0.0000,0.0000,1309.3681,125.2272,35.0636,0.0000,35.0636,100.00,100.00
2010-12-10 20:00:00,Mawson,127.2559,227.9575,127.2559,100.7016,0.0000,0.0000,0.0000,1405.0346,127.2559,35.6317,0.0000,35.6317,100.00,100.00
2010-12-10 21:00:00,Mawson,136.0099,58.4174,58.4174,0.0000,77.5925,0.0000,0.0000,1323.3583,136.0099,38.0828,0.0000,38.0828,100.00,100.00
2010-12-10 22:00:00,Mawson,137.7109,264.5156,137.7109,126.8047,0.0000,0.0000,0.0000,1443.8227,137.7109,38.5591,0.0000,38.5591,100.00,100.00
2010-12-10 23:00:00,Mawson,111.0262,258.1405,111.0262,59.1340,0.0000,0.0000,87.9803,1500.0000,111.0262,31.0873,0.0000,31.0873,100.00,65.92
2010-12-11 00:00:00,Mawson,112.6805,157.7325,112.6805,0.0000,0.0000,0.0000,45.0520,1500.0000,112.6805,31.5505,0.0000,31.5505,100.00,71.44
2010-12-11 01:00:00,Mawson,109.4437,231.7511,109.4437,0.0000,0.0000,0.0000,122.3074,1500.0000,109.4437,30.6442,0.0000,30.6442,100.00,47.22
2010-12-11 02:00:00,Mawson,116.3172,256.8620,116.3172,0.0000,0.0000,0.0000,140.5448,1500.0000,116.3172,32.5688,0.0000,32.5688,100.00,45.28
2010-12-11 03:00:00,Mawson,116.8502,226.3301,116.8502,0.0000,0.0000,0.0000,109.4799,1500.0000,116.8502,32.7181,0.0000,32.7181,100.00,51.63
2010-12-11 04:00:00,Mawson,124.1046,288.4409,124.1046,0.0000,0.0000,0.0000,164.3363,1500.0000,124.1046,34.7493,0.0000,34.7493,100.00,43.03
2010-12-11 05:00:00,Mawson,115.3687,269.8093,115.3687,0.0000,0.0000,0.0000,154.4406,1500.0000,115.3687,32.3032,0.0000,32.3032,100.00,42.76
2010-12-11 06:00:00,Mawson,108.7086,157.6044,108.7086,0.0000,0.0000,0.0000,48.8958,1500.0000,108.7086,30.4384,0.0000,30.4384,100.00,68.98
2010-12-11 07:00:00,Mawson,113.1849,70.6504,70.6504,0.0000,42.5345,0.0000,0.0000,1455.2268,113.1849,31.6918,0.0000,31.6918,100.00,100.00
2010-12-11 08:00:00,Mawson,110.7358,314.8428,110.7358,47.1296,0.0000,0.0000,156.9774,1500.0000,110.7358,31.0060,0.0000,31.0060,100.00,50.14
2010-12-11 09:00:00,Mawson,136.1567,147.4694,136.1567,0.0000,0.0000,0.0000,11.3127,1500.0000,136.1567,38.1239,0.0000,38.1239,100.00,92.33
2010-12-11 10:00:00,Mawson,129.7325,58.5464,58.5464,0.0000,71.1861,0.0000,0.0000,1425.0673,129.7325,36.3251,0.0000,36.3251,100.00,100.00
2010-12-11 11:00:00,Mawson,111.7975,115.0344,111.7975,3.2369,0.0000,0.0000,0.0000,1428.1423,111.7975,31.3033,0.0000,31.3033,100.00,100.00
2010-12-11 12:00:00,Mawson,123.3782,130.7101,123.3782,7.3319,0.0000,0.0000,0.0000,1435.1076,123.3782,34.5459,0.0000,34.5459,100.00,100.00
2010-12-11 13:00:00,Mawson,123.7484,164.8057,123.7484,41.0573,0.0000,0.0000,0.0000,1474.1121,123.7484,34.6496,0.0000,34.6496,100.00,100.00
2010-12-11 14:00:00,Mawson,120.6317,127.8717,120.6317,7.2400,0.0000,0.0000,0.0000,1480.9901,120.6317,33.7769,0.0000,33.7769,100.00,100.00
2010-12-11 15:00:00,Mawson,140.5220,215.8249,140.5220,20.0105,0.0000,0.0000,55.2924,1500.0000,140.5220,39.3462,0.0000,39.3462,100.00,74.38
2010-12-11 16:00:00,Mawson,129.5992,62.6405,62.6405,0.0000,66.9587,0.0000,0.0000,1429.5172,129.5992,36.2878,0.0000,36.2878,100.00,100.00
2010-12-11 17:00:00,Mawson,134.0539,62.6873,62.6873,0.0000,71.3666,0.0000,0.0000,1354.3944,134.0539,37.5351,0.0000,37.5351,100.00,100.00
2010-12-11 18:00:00,Mawson,124.0526,242.4989,124.0526,118.4463,0.0000,0.0000,0.0000,1466.9184,124.0526,34.7347,0.0000,34.7347,100.00,100.00
2010-12-11 19:00:00,Mawson,144.8771,102.0131,102.0131,0.0000,42.8640,0.0000,0.0000,1421.7984,144.8771,40.5656,0.0000,40.5656,100.00,100.00
2010-12-11 20:00:00,Mawson,116.8623,163.8976,116.8623,47.0353,0.0000,0.0000,0.0000,1466.4819,116.8623,32.7214,0.0000,32.7214,100.00,100.00
2010-12-11 21:00:00,Mawson,104.3167,232.5663,104.3167,35.2822,0.0000,0.0000,92.9674,1500.0000,104.3167,29.2087,0.0000,29.2087,100.00,60.03
2010-12-11 22:00:00,Mawson,130.0002,274.0373,130.0002,0.0000,0.0000,0.0000,144.0371,1500.0000,130.0002,36.4001,0.0000,36.4001,100.00,47.44
2010-12-11 23:00:00,Mawson,118.5943,121.3745,118.5943,0.0000,0.0000,0.0000,2.7802,1500.0000,118.5943,33.2064,0.0000,33.2064,100.00,97.71
2010-12-12 00:00:00,Mawson,121.5632,281.9955,121.5632,0.0000,0.0000,0.0000,160.4323,1500.0000,121.5632,34.0377,0.0000,34.0377,100.00,43.11
2010-12-12 01:00:00,Mawson,101.3301,228.9223,101.3301,0.0000,0.0000,0.0000,127.5922,1500.0000,101.3301,28.3724,0.0000,28.3724,100.00,44.26
2010-12-12 02:00:00,Mawson,106.9858,279.1782,106.9858,0.0000,0.0000,0.0000,172.1924,1500.0000,106.9858,29.9560,0.0000,29.9560,100.00,38.32
2010-12-12 03:00:00,Mawson,110.4494,240.0277,110.4494,0.0000,0.0000,0.0000,129.5783,1500.0000,110.4494,30.9258,0.0000,30.9258,100.00,46.02
2010-12-12 04:00:00,Mawson,136.6852,298.0692,136.6852,0.0000,0.0000,0.0000,161.3840,1500.0000,136.6852,38.2719,0.0000,38.2719,100.00,45.86
2010-12-12 05:00:00,Mawson,132.3059,280.9179,132.3059,0.0000,0.0000,0.0000,148.6120,1500.0000,132.3059,37.0457,0.0000,37.0457,100.00,47.10
2010-12-12 06:00:00,Mawson,123.8325,291.5986,123.8325,0.0000,0.0000,0.0000,167.7661,1500.0000,123.8325,34.6731,0.0000,34.6731,100.00,42.47
2010-12-12 07:00:00,Mawson,128.2553,246.3596,128.2553,0.0000,0.0000,0.0000,118.1043,1500.0000,128.2553,35.9115,0.0000,35.9115,100.00,52.06
2010-12-12 08:00:00,Mawson,119.7140,189.6507,119.7140,0.0000,0.0000,0.0000,69.9367,1500.0000,119.7140,33.5199,0.0000,33.5199,100.00,63.12
2010-12-12 09:00:00,Mawson,115.5811,44.4142,44.4142,0.0000,71.1669,0.0000,0.0000,1425.0875,115.5811,32.3627,0.0000,32.3627,100.00,100.00
2010-12-12 10:00:00,Mawson,113.9143,108.1772,108.1772,0.0000,5.7371,0.0000,0.0000,1419.0484,113.9143,31.8960,0.0000,31.8960,100.00,100.00
2010-12-12 11:00:00,Mawson,138.3191,161.9916,138.3191,23.6725,0.0000,0.0000,0.0000,1441.5373,138.3191,38.7293,0.0000,38.7293,100.00,100.00
2010-12-12 12:00:00,Mawson,136.9027,217.1973,136.9027,61.5397,0.0000,0.0000,18.7549,1500.0000,136.9027,38.3328,0.0000,38.3328,100.00,91.37
2010-12-12 13:00:00,Mawson,134.3636,288.7149,134.3636,0.0000,0.0000,0.0000,154.3513,1500.0000,134.3636,37.6218,0.0000,37.6218,100.00,46.54
2010-12-12 14:00:00,Mawson,120.4792,77.1819,77.1819,0.0000,43.2973,0.0000,0.0000,1454.4239,120.4792,33.7342,0.0000,33.7342,100.00,100.00
2010-12-12 15:00:00,Mawson,108.3037,33.7409,33.7409,0.0000,74.5628,0.0000,0.0000,1375.9367,108.3037,30.3250,0.0000,30.3250,100.00,100.00
2010-12-12 16:00:00,Mawson,140.2213,63.7250,63.7250,0.0000,76.4963,0.0000,0.0000,1295.4143,140.2213,39.2620,0.0000,39.2620,100.00,100.00
2010-12-12 17:00:00,Mawson,126.3536,285.2503,126.3536,158.8967,0.0000,0.0000,0.0000,1446.3662,126.3536,35.3790,0.0000,35.3790,100.00,100.00
2010-12-12 18:00:00,Mawson,139.7864,133.7600,133.7600,0.0000,6.0264,0.0000,0.0000,1440.0226,139.7864,39.1402,0.0000,39.1402,100.00,100.00
2010-12-12 19:00:00,Mawson,124.7174,293.1124,124.7174,63.1341,0.0000,0.0000,105.2609,1500.0000,124.7174,34.9209,0.0000,34.9209,100.00,64.09
2010-12-12 20:00:00,Mawson,110.5084,245.3232,110.5084,0.0000,0.0000,0.0000,134.8148,1500.0000,110.5084,30.9424,0.0000,30.9424,100.00,45.05
2010-12-12 21:00:00,Mawson,133.8658,238.7217,133.8658,0.0000,0.0000,0.0000,104.8559,1500.0000,133.8658,37.4824,0.0000,37.4824,100.00,56.08
2010-12-12 22:00:00,Mawson,118.4741,144.6631,118.4741,0.0000,0.0000,0.0000,26.1890,1500.0000,118.4741,33.1727,0.0000,33.1727,100.00,81.90
2010-12-12 23:00:00,Mawson,123.0385,284.4782,123.0385,0.0000,0.0000,0.0000,161.4397,1500.0000,123.0385,34.4508,0.0000,34.4508,100.00,43.25
2010-12-13 00:00:00,Mawson,123.3040,265.0729,123.3040,0.0000,0.0000,0.0000,141.7689,1500.0000,123.3040,34.5251,0.0000,34.5251,100.00,46.52
2010-12-13 01:00:00,Mawson,140.6494,252.8745,140.6494,0.0000,0.0000,0.0000,112.2251,1500.0000,140.6494,39.3818,0.0000,39.3818,100.00,55.62
2010-12-13 02:00:00,Mawson,123.8707,277.7681,123.8707,0.0000,0.0000,0.0000,153.8974,1500.0000,123.8707,34.6838,0.0000,34.6838,100.00,44.60
2010-12-13 03:00:00,Mawson,128.9253,264.8321,128.9253,0.0000,0.0000,0.0000,135.9068,1500.0000,128.9253,36.0991,0.0000,36.0991,100.00,48.68
2010-12-13 04:00:00,Mawson,138.2216,197.0387,138.2216,0.0000,0.0000,0.0000,58.8171,1500.0000,138.2216,38.7020,0.0000,38.7020,100.00,70.15
2010-12-13 05:00:00,Mawson,128.6923,234.1592,128.6923,0.0000,0.0000,0.0000,105.4669,1500.0000,128.6923,36.0338,0.0000,36.0338,100.00,54.96
2010-12-13 06:00:00,Mawson,120.9826,292.4066,120.9826,0.0000,0.0000,0.0000,171.4240,1500.0000,120.9826,33.8751,0.0000,33.8751,100.00,41.37
2010-12-13 07:00:00,Mawson,114.2853,168.9282,114.2853,0.0000,0.0000,0.0000,54.6429,1500.0000,114.2853,31.9999,0.0000,31.9999,100.00,67.65
2010-12-13 08:00:00,Mawson,123.1025,262.8540,123.1025,0.0000,0.0000,0.0000,139.7515,1500.0000,123.1025,34.4687,0.0000,34.4687,100.00,46.83
2010-12-13 09:00:00,Mawson,126.0351,270.3952,126.0351,0.0000,0.0000,0.0000,144.3601,1500.0000,126.0351,35.2898,0.0000,35.2898,100.00,46.61
2010-12-13 10:00:00,Mawson,117.9909,270.0196,117.9909,0.0000,0.0000,0.0000,152.0287,1500.0000,117.9909,33.0375,0.0000,33.0375,100.00,43.70
2010-12-13 11:00:00,Mawson,135.0850,274.8100,135.0850,0.0000,0.0000,0.0000,139.7250,1500.0000,135.0850,37.8238,0.0000,37.8238,100.00,49.16
2010-12-13 12:00:00,Mawson,130.7176,252.6443,130.7176,0.0000,0.0000,0.0000,121.9267,1500.0000,130.7176,36.6009,0.0000,36.6009,100.00,51.74
2010-12-13 13:00:00,Mawson,114.7307,51.7679,51.7679,0.0000,62.9628,0.0000,0.0000,1433.7234,114.7307,32.1246,0.0000,32.1246,100.00,100.00
2010-12-13 14:00:00,Mawson,138.0995,194.3885,138.0995,56.2890,0.0000,0.0000,0.0000,1487.1979,138.0995,38.6679,0.0000,38.6679,100.00,100.00
2010-12-13 15:00:00,Mawson,133.4392,107.4182,107.4182,0.0000,26.0210,0.0000,0.0000,1459.8074,133.4392,37.3630,0.0000,37.3630,100.00,100.00
2010-12-13 16:00:00,Mawson,124.8405,120.3346,120.3346,0.0000,4.5059,0.0000,0.0000,1455.0643,124.8405,34.9553,0.0000,34.9553,100.00,100.00
2010-12-13 17:00:00,Mawson,132.3464,211.9961,132.3464,47.3007,0.0000,0.0000,32.3490,1500.0000,132.3464,37.0570,0.0000,37.0570,100.00,84.74
2010-12-13 18:00:00,Mawson,130.7783,190.9523,130.7783,0.0000,0.0000,0.0000,60.1740,1500.0000,130.7783,36.6179,0.0000,36.6179,100.00,68.49
2010-12-13 19:00:00,Mawson,130.1925,132.8485,130.1925,0.0000,0.0000,0.0000,2.6560,1500.0000,130.1925,36.4539,0.0000,36.4539,100.00,98.00
2010-12-13 20:00:00,Mawson,129.3835,287.7602,129.3835,0.0000,0.0000,0.0000,158.3767,1500.0000,129.3835,36.2274,0.0000,36.2274,100.00,44.96
2010-12-13 21:00:00,Mawson,117.2964,88.0367,88.0367,0.0000,29.2597,0.0000,0.0000,1469.2003,117.2964,32.8430,0.0000,32.8430,100.00,100.00
2010-12-13 22:00:00,Mawson,116.4782,127.1340,116.4782,10.6558,0.0000,0.0000,0.0000,1479.3233,116.4782,32.6139,0.0000,32.6139,100.00,100.00
2010-12-13 23:00:00,Mawson,106.9612,49.3667,49.3667,0.0000,57.5945,0.0000,0.0000,1418.6975,106.9612,29.9491,0.0000,29.9491,100.00,100.00
2010-12-14 00:00:00,Mawson,127.0987,252.7198,127.0987,85.5815,0.0000,0.0000,40.0396,1500.0000,127.0987,35.5876,0.0000,35.5876,100.00,84.16
2010-12-14 01:00:00,Mawson,115.5104,220.2384,115.5104,0.0000,0.0000,0.0000,104.7280,1500.0000,115.5104,32.3429,0.0000,32.3429,100.00,52.45
2010-12-14 02:00:00,Mawson,106.2032,228.4503,106.2032,0.0000,0.0000,0.0000,122.2471,1500.0000,106.2032,29.7369,0.0000,29.7369,100.00,46.49
2010-12-14 03:00:00,Mawson,113.9292,266.2258,113.9292,0.0000,0.0000,0.0000,152.2966,1500.0000,113.9292,31.9002,0.0000,31.9002,100.00,42.79
2010-12-14 04:00:00,Mawson,113.4604,242.0533,113.4604,0.0000,0.0000,0.0000,128.5929,1500.0000,113.4604,31.7689,0.0000,31.7689,100.00,46.87
2010-12-14 05:00:00,Mawson,124.9117,233.7211,124.9117,0.0000,0.0000,0.0000,108.8094,1500.0000,124.9117,34.9753,0.0000,34.9753,100.00,53.44
2010-12-14 06:00:00,Mawson,106.6772,247.0813,106.6772,0.0000,0.0000,0.0000,140.4041,1500.0000,106.6772,29.8696,0.0000,29.8696,100.00,43.17
2010-12-14 07:00:00,Mawson,136.7638,239.9353,136.7638,0.0000,0.0000,0.0000,103.1715,1500.0000,136.7638,38.2939,0.0000,38.2939,100.00,57.00
2010-12-14 08:00:00,Mawson,117.4558,284.9695,117.4558,0.0000,0.0000,0.0000,167.5137,1500.0000,117.4558,32.8876,0.0000,32.8876,100.00,41.22
2010-12-14 09:00:00,Mawson,120.0742,155.9867,120.0742,0.0000,0.0000,0.0000,35.9125,1500.0000,120.0742,33.6208,0.0000,33.6208,100.00,76.98
2010-12-14 10:00:00,Mawson,140.4592,165.4764,140.4592,0.0000,0.0000,0.0000,25.0172,1500.0000,140.4592,39.3286,0.0000,39.3286,100.00,84.88
2010-12-14 11:00:00,Mawson,130.8006,37.6698,37.6698,0.0000,93.1308,0.0000,0.0000,1401.9676,130.8006,36.6242,0.0000,36.6242,100.00,100.00
2010-12-14 12:00:00,Mawson,124.6507,198.6866,124.6507,74.0359,0.0000,0.0000,0.0000,1472.3017,124.6507,34.9022,0.0000,34.9022,100.00,100.00
2010-12-14 13:00:00,Mawson,108.8595,214.8619,108.8595,29.1561,0.0000,0.0000,76.8463,1500.0000,108.8595,30.4807,0.0000,30.4807,100.00,64.23
2010-12-14 14:00:00,Mawson,108.6932,23.9775,23.9775,0.0000,84.7157,0.0000,0.0000,1410.8256,108.6932,30.4341,0.0000,30.4341,100.00,100.00
2010-12-14 15:00:00,Mawson,116.4268,32.9524,32.9524,0.0000,83.4744,0.0000,0.0000,1322.9578,116.4268,32.5995,0.0000,32.5995,100.00,100.00
2010-12-14 16:00:00,Mawson,138.6275,92.4105,92.4105,0.0000,46.2170,0.0000,0.0000,1274.3083,138.6275,38.8157,0.0000,38.8157,100.00,100.00
2010-12-14 17:00:00,Mawson,129.0533,177.5700,129.0533,48.5167,0.0000,0.0000,0.0000,1320.3992,129.0533,36.1349,0.0000,36.1349,100.00,100.00
2010-12-14 18:00:00,Mawson,118.1221,187.5112,118.1221,69.3891,0.0000,0.0000,0.0000,1386.3188,118.1221,33.0742,0.0000,33.0742,100.00,100.00
2010-12-14 19:00:00,Mawson,131.7950,189.9732,131.7950,58.1782,0.0000,0.0000,0.0000,1441.5881,131.7950,36.9026,0.0000,36.9026,100.00,100.00
2010-12-14 20:00:00,Mawson,123.4832,180.0896,123.4832,56.6064,0.0000,0.0000,0.0000,1495.3642,123.4832,34.5753,0.0000,34.5753,100.00,100.00
2010-12-14 21:00:00,Mawson,143.5254,216.6410,143.5254,4.8798,0.0000,0.0000,68.2358,1500.0000,143.5254,40.1871,0.0000,40.1871,100.00,68.50
2010-12-14 22:00:00,Mawson,118.1202,220.8028,118.1202,0.0000,0.0000,0.0000,102.6826,1500.0000,118.1202,33.0737,0.0000,33.0737,100.00,53.50
2010-12-14 23:00:00,Mawson,117.3426,249.9620,117.3426,0.0000,0.0000,0.0000,132.6194,1500.0000,117.3426,32.8559,0.0000,32.8559,100.00,46.94
2010-12-15 00:00:00,Mawson,139.3950,286.7538,139.3950,0.0000,0.0000,0.0000,147.3588,1500.0000,139.3950,39.0306,0.0000,39.0306,100.00,48.61
2010-12-15 01:00:00,Mawson,120.0530,278.9558,120.0530,0.0000,0.0000,0.0000,158.9028,1500.0000,120.0530,33.6148,0.0000,33.6148,100.00,43.04
2010-12-15 02:00:00,Mawson,124.0379,227.8674,124.0379,0.0000,0.0000,0.0000,103.8295,1500.0000,124.0379,34.7306,0.0000,34.7306,100.00,54.43
2010-12-15 03:00:00,Mawson,121.6814,261.1336,121.6814,0.0000,0.0000,0.0000,139.4522,1500.0000,121.6814,34.0708,0.0000,34.0708,100.00,46.60
2010-12-15 04:00:00,Mawson,122.1979,196.2620,122.1979,0.0000,0.0000,0.0000,74.0641,1500.0000,122.1979,34.2154,0.0000,34.2154,100.00,62.26
2010-12-15 05:00:00,Mawson,125.1449,236.3071,125.1449,0.0000,0.0000,0.0000,111.1622,1500.0000,125.1449,35.0406,0.0000,35.0406,100.00,52.96
2010-12-15 06:00:00,Mawson,123.6343,246.4094,123.6343,0.0000,0.0000,0.0000,122.7751,1500.0000,123.6343,34.6176,0.0000,34.6176,100.00,50.17
2010-12-15 07:00:00,Mawson,126.8620,247.5723,126.8620,0.0000,0.0000,0.0000,120.7103,1500.0000,126.8620,35.5214,0.0000,35.5214,100.00,51.24
2010-12-15 08:00:00,Mawson,131.9533,285.0672,131.9533,0.0000,0.0000,0.0000,153.1139,1500.0000,131.9533,36.9469,0.0000,36.9469,100.00,46.29
2010-12-15 09:00:00,Mawson,138.3702,269.6120,138.3702,0.0000,0.0000,0.0000,131.2418,1500.0000,138.3702,38.7437,0.0000,38.7437,100.00,51.32
2010-12-15 10:00:00,Mawson,124.6970,59.0638,59.0638,0.0000,65.6332,0.0000,0.0000,1430.9124,124.6970,34.9152,0.0000,34.9152,100.00,100.00
2010-12-15 11:00:00,Mawson,127.7620,62.0252,62.0252,0.0000,65.7368,0.0000,0.0000,1361.7158,127.7620,35.7734,0.0000,35.7734,100.00,100.00
2010-12-15 12:00:00,Mawson,123.0081,146.5864,123.0081,23.5783,0.0000,0.0000,0.0000,1384.1152,123.0081,34.4423,0.0000,34.4423,100.00,100.00
2010-12-15 13:00:00,Mawson,131.5899,44.2113,44.2113,0.0000,87.3786,0.0000,0.0000,1292.1377,131.5899,36.8452,0.0000,36.8452,100.00,100.00
2010-12-15 14:00:00,Mawson,134.4478,210.9212,134.4478,76.4734,0.0000,0.0000,0.0000,1364.7874,134.4478,37.6454,0.0000,37.6454,100.00,100.00
2010-12-15 15:00:00,Mawson,111.8716,90.6379,90.6379,0.0000,21.2337,0.0000,0.0000,1342.4362,111.8716,31.3240,0.0000,31.3240,100.00,100.00
2010-12-15 16:00:00,Mawson,140.5126,77.3432,77.3432,0.0000,63.1694,0.0000,0.0000,1275.9421,140.5126,39.3435,0.0000,39.3435,100.00,100.00
2010-12-15 17:00:00,Mawson,152.3956,248.5620,152.3956,96.1664,0.0000,0.0000,0.0000,1367.3001,152.3956,42.6708,0.0000,42.6708,100.00,100.00
2010-12-15 18:00:00,Mawson,135.6495,84.9228,84.9228,0.0000,50.7267,0.0000,0.0000,1313.9036,135.6495,37.9819,0.0000,37.9819,100.00,100.00
2010-12-15 19:00:00,Mawson,136.2960,112.6441,112.6441,0.0000,23.6519,0.0000,0.0000,1289.0069,136.2960,38.1629,0.0000,38.1629,100.00,100.00
2010-12-15 20:00:00,Mawson,119.5552,214.9031,119.5552,95.3479,0.0000,0.0000,0.0000,1379.5874,119.5552,33.4755,0.0000,33.4755,100.00,100.00
2010-12-15 21:00:00,Mawson,125.1335,130.4653,125.1335,5.3318,0.0000,0.0000,0.0000,1384.6526,125.1335,35.0374,0.0000,35.0374,100.00,100.00
2010-12-15 22:00:00,Mawson,120.5247,162.3658,120.5247,41.8411,0.0000,0.0000,0.0000,1424.4016,120.5247,33.7469,0.0000,33.7469,100.00,100.00
2010-12-15 23:00:00,Mawson,134.8136,181.7817,134.8136,46.9681,0.0000,0.0000,0.0000,1469.0213,134.8136,37.7478,0.0000,37.7478,100.00,100.00
2010-12-16 00:00:00,Mawson,117.7329,179.8722,117.7329,32.6091,0.0000,0.0000,29.5302,1500.0000,117.7329,32.9652,0.0000,32.9652,100.00,83.58
2010-12-16 01:00:00,Mawson,120.5682,257.5897,120.5682,0.0000,0.0000,0.0000,137.0215,1500.0000,120.5682,33.7591,0.0000,33.7591,100.00,46.81
2010-12-16 02:00:00,Mawson,126.8747,227.7449,126.8747,0.0000,0.0000,0.0000,100.8702,1500.0000,126.8747,35.5249,0.0000,35.5249,100.00,55.71
2010-12-16 03:00:00,Mawson,106.2019,232.8904,106.2019,0.0000,0.0000,0.0000,126.6885,1500.0000,106.2019,29.7365,0.0000,29.7365,100.00,45.60
2010-12-16 04:00:00,Mawson,116.0578,253.6730,116.0578,0.0000,0.0000,0.0000,137.6152,1500.0000,116.0578,32.4962,0.0000,32.4962,100.00,45.75
2010-12-16 05:00:00,Mawson,118.8589,288.5065,118.8589,0.0000,0.0000,0.0000,169.6476,1500.0000,118.8589,33.2805,0.0000,33.2805,100.00,41.20
2010-12-16 06:00:00,Mawson,116.6778,259.4927,116.6778,0.0000,0.0000,0.0000,142.8149,1500.0000,116.6778,32.6698,0.0000,32.6698,100.00,44.96
2010-12-16 07:00:00,Mawson,136.1290,248.2371,136.1290,0.0000,0.0000,0.0000,112.1081,1500.0000,136.1290,38.1161,0.0000,38.1161,100.00,54.84
2010-12-16 08:00:00,Mawson,122.6181,262.3575,122.6181,0.0000,0.0000,0.0000,139.7394,1500.0000,122.6181,34.3331,0.0000,34.3331,100.00,46.74
2010-12-16 09:00:00,Mawson,129.7070,196.5359,129.7070,0.0000,0.0000,0.0000,66.8289,1500.0000,129.7070,36.3180,0.0000,36.3180,100.00,66.00
2010-12-16 10:00:00,Mawson,145.0960,74.8216,74.8216,0.0000,70.2744,0.0000,0.0000,1426.0269,145.0960,40.6269,0.0000,40.6269,100.00,100.00
2010-12-16 11:00:00,Mawson,132.5636,82.5798,82.5798,0.0000,49.9838,0.0000,0.0000,1373.4124,132.5636,37.1178,0.0000,37.1178,100.00,100.00
2010-12-16 12:00:00,Mawson,120.7223,211.8617,120.7223,91.1394,0.0000,0.0000,0.0000,1459.9949,120.7223,33.8022,0.0000,33.8022,100.00,100.00
2010-12-16 13:00:00,Mawson,134.9901,175.4446,134.9901,40.4545,0.0000,0.0000,0.0000,1498.4266,134.9901,37.7972,0.0000,37.7972,100.00,100.00
2010-12-16 14:00:00,Mawson,112.5538,77.5995,77.5995,0.0000,34.9543,0.0000,0.0000,1461.6326,112.5538,31.5151,0.0000,31.5151,100.00,100.00
2010-12-16 15:00:00,Mawson,139.8417,74.0767,74.0767,0.0000,65.7650,0.0000,0.0000,1392.4063,139.8417,39.1557,0.0000,39.1557,100.00,100.00
2010-12-16 16:00:00,Mawson,127.0350,218.6668,127.0350,91.6318,0.0000,0.0000,0.0000,1479.4565,127.0350,35.5698,0.0000,35.5698,100.00,100.00
2010-12-16 17:00:00,Mawson,118.4145,121.0497,118.4145,2.6352,0.0000,0.0000,0.0000,1481.9600,118.4145,33.1561,0.0000,33.1561,100.00,100.00
2010-12-16 18:00:00,Mawson,140.8287,245.4306,140.8287,18.9895,0.0000,0.0000,85.6124,1500.0000,140.8287,39.4320,0.0000,39.4320,100.00,65.12
2010-12-16 19:00:00,Mawson,128.2993,226.2373,128.2993,0.0000,0.0000,0.0000,97.9380,1500.0000,128.2993,35.9238,0.0000,35.9238,100.00,56.71
2010-12-16 20:00:00,Mawson,122.5616,116.7147,116.7147,0.0000,5.8469,0.0000,0.0000,1493.8454,122.5616,34.3172,0.0000,34.3172,100.00,100.00
2010-12-16 21:00:00,Mawson,117.0214,227.4196,117.0214,6.4786,0.0000,0.0000,103.9196,1500.0000,117.0214,32.7660,0.0000,32.7660,100.00,54.30
2010-12-16 22:00:00,Mawson,123.3362,146.2503,123.3362,0.0000,0.0000,0.0000,22.9141,1500.0000,123.3362,34.5341,0.0000,34.5341,100.00,84.33
2010-12-16 23:00:00,Mawson,121.9244,188.3113,121.9244,0.0000,0.0000,0.0000,66.3869,1500.0000,121.9244,34.1388,0.0000,34.1388,100.00,64.75
2010-12-17 00:00:00,Mawson,117.1513,242.7933,117.1513,0.0000,0.0000,0.0000,125.6420,1500.0000,117.1513,32.8024,0.0000,32.8024,100.00,48.25
2010-12-17 01:00:00,Mawson,123.6918,259.8402,123.6918,0.0000,0.0000,0.0000,136.1484,1500.0000,123.6918,34.6337,0.0000,34.6337,100.00,47.60
2010-12-17 02:00:00,Mawson,111.8849,228.3655,111.8849,0.0000,0.0000,0.0000,116.4806,1500.0000,111.8849,31.3278,0.0000,31.3278,100.00,48.99
2010-12-17 03:00:00,Mawson,131.4760,234.3736,131.4760,0.0000,0.0000,0.0000,102.8976,1500.0000,131.4760,36.8133,0.0000,36.8133,100.00,56.10
2010-12-17 04:00:00,Mawson,121.6798,254.5916,121.6798,0.0000,0.0000,0.0000,132.9118,1500.0000,121.6798,34.0703,0.0000,34.0703,100.00,47.79
2010-12-17 05:00:00,Mawson,115.7862,264.9207,115.7862,0.0000,0.0000,0.0000,149.1345,1500.0000,115.7862,32.4201,0.0000,32.4201,100.00,43.71
2010-12-17 06:00:00,Mawson,139.5678,279.2987,139.5678,0.0000,0.0000,0.0000,139.7309,1500.0000,139.5678,39.0790,0.0000,39.0790,100.00,49.97
2010-12-17 07:00:00,Mawson,113.3388,245.8083,113.3388,0.0000,0.0000,0.0000,132.4695,1500.0000,113.3388,31.7349,0.0000,31.7349,100.00,46.11
2010-12-17 08:00:00,Mawson,120.5012,284.4619,120.5012,0.0000,0.0000,0.0000,163.9607,1500.0000,120.5012,33.7403,0.0000,33.7403,100.00,42.36
2010-12-17 09:00:00,Mawson,125.1030,272.6922,125.1030,0.0000,0.0000,0.0000,147.5892,1500.0000,125.1030,35.0288,0.0000,35.0288,100.00,45.88
2010-12-17 10:00:00,Mawson,118.8864,111.6565,111.6565,0.0000,7.2299,0.0000,0.0000,1492.3896,118.8864,33.2882,0.0000,33.2882,100.00,100.00
2010-12-17 11:00:00,Mawson,155.2545,80.1934,80.1934,0.0000,75.0611,0.0000,0.0000,1413.3779,155.2545,43.4713,0.0000,43.4713,100.00,100.00
2010-12-17 12:00:00,Mawson,115.6846,252.7577,115.6846,91.1812,0.0000,0.0000,45.8919,1500.0000,115.6846,32.3917,0.0000,32.3917,100.00,81.84
2010-12-17 13:00:00,Mawson,118.6179,216.8080,118.6179,0.0000,0.0000,0.0000,98.1901,1500.0000,118.6179,33.2130,0.0000,33.2130,100.00,54.71
2010-12-17 14:00:00,Mawson,114.8739,124.4136,114.8739,0.0000,0.0000,0.0000,9.5397,1500.0000,114.8739,32.1647,0.0000,32.1647,100.00,92.33
2010-12-17 15:00:00,Mawson,109.3014,153.3209,109.3014,0.0000,0.0000,0.0000,44.0195,1500.0000,109.3014,30.6044,0.0000,30.6044,100.00,71.29
2010-12-17 16:00:00,Mawson,136.7472,100.8437,100.8437,0.0000,35.9035,0.0000,0.0000,1462.2068,136.7472,38.2892,0.0000,38.2892,100.00,100.00
2010-12-17 17:00:00,Mawson,127.6444,249.3688,127.6444,39.7823,0.0000,0.0000,81.9421,1500.0000,127.6444,35.7404,0.0000,35.7404,100.00,67.14
2010-12-17 18:00:00,Mawson,134.1867,35.6553,35.6553,0.0000,98.5314,0.0000,0.0000,1396.2827,134.1867,37.5723,0.0000,37.5723,100.00,100.00
2010-12-17 19:00:00,Mawson,125.0110,119.3877,119.3877,0.0000,5.6233,0.0000,0.0000,1390.3635,125.0110,35.0031,0.0000,35.0031,100.00,100.00
2010-12-17 20:00:00,Mawson,129.6671,180.9181,129.6671,51.2510,0.0000,0.0000,0.0000,1439.0519,129.6671,36.3068,0.0000,36.3068,100.00,100.00
2010-12-17 21:00:00,Mawson,125.8883,249.9975,125.8883,64.1559,0.0000,0.0000,59.9533,1500.0000,125.8883,35.2487,0.0000,35.2487,100.00,76.02
2010-12-17 22:00:00,Mawson,104.0638,163.5079,104.0638,0.0000,0.0000,0.0000,59.4441,1500.0000,104.0638,29.1379,0.0000,29.1379,100.00,63.64
2010-12-17 23:00:00,Mawson,113.9447,68.7352,68.7352,0.0000,45.2095,0.0000,0.0000,1452.4111,113.9447,31.9045,0.0000,31.9045,100.00,100.00
2010-12-18 00:00:00,Mawson,114.5863,303.6041,114.5863,50.0936,0.0000,0.0000,138.9242,1500.0000,114.5863,32.0842,0.0000,32.0842,100.00,54.24
2010-12-18 01:00:00,Mawson,125.9176,227.3649,125.9176,0.0000,0.0000,0.0000,101.4473,1500.0000,125.9176,35.2569,0.0000,35.2569,100.00,55.38
2010-12-18 02:00:00,Mawson,125.8096,221.3986,125.8096,0.0000,0.0000,0.0000,95.5890,1500.0000,125.8096,35.2267,0.0000,35.2267,100.00,56.82
2010-12-18 03:00:00,Mawson,118.1478,284.2205,118.1478,0.0000,0.0000,0.0000,166.0727,1500.0000,118.1478,33.0814,0.0000,33.0814,100.00,41.57
2010-12-18 04:00:00,Mawson,116.8412,238.1389,116.8412,0.0000,0.0000,0.0000,121.2977,1500.0000,116.8412,32.7155,0.0000,32.7155,100.00,49.06
2010-12-18 05:00:00,Mawson,126.0728,232.8484,126.0728,0.0000,0.0000,0.0000,106.7756,1500.0000,126.0728,35.3004,0.0000,35.3004,100.00,54.14
2010-12-18 06:00:00,Mawson,131.3990,232.0551,131.3990,0.0000,0.0000,0.0000,100.6561,1500.0000,131.3990,36.7917,0.0000,36.7917,100.00,56.62
2010-12-18 07:00:00,Mawson,121.8555,145.1770,121.8555,0.0000,0.0000,0.0000,23.3215,1500.0000,121.8555,34.1195,0.0000,34.1195,100.00,83.94
2010-12-18 08:00:00,Mawson,132.1879,131.5664,131.5664,0.0000,0.6215,0.0000,0.0000,1499.3458,132.1879,37.0126,0.0000,37.0126,100.00,100.00
2010-12-18 09:00:00,Mawson,107.2698,148.4991,107.2698,0.6886,0.0000,0.0000,40.5407,1500.0000,107.2698,30.0355,0.0000,30.0355,100.00,72.70
2010-12-18 10:00:00,Mawson,132.6885,262.9939,132.6885,0.0000,0.0000,0.0000,130.3054,1500.0000,132.6885,37.1528,0.0000,37.1528,100.00,50.45
2010-12-18 11:00:00,Mawson,112.5807,268.8394,112.5807,0.0000,0.0000,0.0000,156.2587,1500.0000,112.5807,31.5226,0.0000,31.5226,100.00,41.88
2010-12-18 12:00:00,Mawson,124.9399,192.6632,124.9399,0.0000,0.0000,0.0000,67.7233,1500.0000,124.9399,34.9832,0.0000,34.9832,100.00,64.85
2010-12-18 13:00:00,Mawson,122.9005,162.2985,122.9005,0.0000,0.0000,0.0000,39.3980,1500.0000,122.9005,34.4121,0.0000,34.4121,100.00,75.72
2010-12-18 14:00:00,Mawson,127.9489,88.9767,88.9767,0.0000,38.9722,0.0000,0.0000,1458.9766,127.9489,35.8257,0.0000,35.8257,100.00,100.00
2010-12-18 15:00:00,Mawson,126.8733,136.9183,126.8733,10.0450,0.0000,0.0000,0.0000,1468.5194,126.8733,35.5245,0.0000,35.5245,100.00,100.00
2010-12-18 16:00:00,Mawson,123.4126,186.8646,123.4126,33.1375,0.0000,0.0000,30.3145,1500.0000,123.4126,34.5555,0.0000,34.5555,100.00,83.78
2010-12-18 17:00:00,Mawson,143.3122,42.9374,42.9374,0.0000,100.3748,0.0000,0.0000,1394.3423,143.3122,40.1274,0.0000,40.1274,100.00,100.00
2010-12-18 18:00:00,Mawson,138.6795,61.6875,61.6875,0.0000,76.9920,0.0000,0.0000,1313.2981,138.6795,38.8303,0.0000,38.8303,100.00,100.00
2010-12-18 19:00:00,Mawson,112.1409,226.1398,112.1409,113.9989,0.0000,0.0000,0.0000,1421.5971,112.1409,31.3995,0.0000,31.3995,100.00,100.00
2010-12-18 20:00:00,Mawson,121.4853,147.9348,121.4853,26.4495,0.0000,0.0000,0.0000,1446.7241,121.4853,34.0159,0.0000,34.0159,100.00,100.00
2010-12-18 21:00:00,Mawson,122.1626,130.0779,122.1626,7.9153,0.0000,0.0000,0.0000,1454.2436,122.1626,34.2055,0.0000,34.2055,100.00,100.00
2010-12-18 22:00:00,Mawson,115.3582,240.9656,115.3582,48.1646,0.0000,0.0000,77.4428,1500.0000,115.3582,32.3003,0.0000,32.3003,100.00,67.86
2010-12-18 23:00:00,Mawson,122.6572,233.4141,122.6572,0.0000,0.0000,0.0000,110.7569,1500.0000,122.6572,34.3440,0.0000,34.3440,100.00,52.55
2010-12-19 00:00:00,Mawson,124.8223,249.0498,124.8223,0.0000,0.0000,0.0000,124.2275,1500.0000,124.8223,34.9502,0.0000,34.9502,100.00,50.12
2010-12-19 01:00:00,Mawson,114.6392,287.0590,114.6392,0.0000,0.0000,0.0000,172.4198,1500.0000,114.6392,32.0990,0.0000,32.0990,100.00,39.94
2010-12-19 02:00:00,Mawson,117.5536,234.6038,117.5536,0.0000,0.0000,0.0000,117.0502,1500.0000,117.5536,32.9150,0.0000,32.9150,100.00,50.11
2010-12-19 03:00:00,Mawson,132.9121,240.0056,132.9121,0.0000,0.0000,0.0000,107.0935,1500.0000,132.9121,37.2154,0.0000,37.2154,100.00,55.38
2010-12-19 04:00:00,Mawson,110.5746,239.2367,110.5746,0.0000,0.0000,0.0000,128.6621,1500.0000,110.5746,30.9609,0.0000,30.9609,100.00,46.22
2010-12-19 05:00:00,Mawson,107.5012,237.3669,107.5012,0.0000,0.0000,0.0000,129.8657,1500.0000,107.5012,30.1003,0.0000,30.1003,100.00,45.29
2010-12-19 06:00:00,Mawson,119.3717,272.2785,119.3717,0.0000,0.0000,0.0000,152.9068,1500.0000,119.3717,33.4241,0.0000,33.4241,100.00,43.84
2010-12-19 07:00:00,Mawson,134.7464,240.5752,134.7464,0.0000,0.0000,0.0000,105.8288,1500.0000,134.7464,37.7290,0.0000,37.7290,100.00,56.01
2010-12-19 08:00:00,Mawson,119.4284,287.0029,119.4284,0.0000,0.0000,0.0000,167.5745,1500.0000,119.4284,33.4400,0.0000,33.4400,100.00,41.61
2010-12-19 09:00:00,Mawson,141.1346,259.4482,141.1346,0.0000,0.0000,0.0000,118.3136,1500.0000,141.1346,39.5177,0.0000,39.5177,100.00,54.40
2010-12-19 10:00:00,Mawson,123.1437,112.3544,112.3544,0.0000,10.7893,0.0000,0.0000,1488.6428,123.1437,34.4802,0.0000,34.4802,100.00,100.00
2010-12-19 11:00:00,Mawson,136.7710,267.1249,136.7710,11.9549,0.0000,0.0000,118.3990,1500.0000,136.7710,38.2959,0.0000,38.2959,100.00,55.68
2010-12-19 12:00:00,Mawson,115.5869,212.6885,115.5869,0.0000,0.0000,0.0000,97.1016,1500.0000,115.5869,32.3643,0.0000,32.3643,100.00,54.35
2010-12-19 13:00:00,Mawson,128.2309,28.8542,28.8542,0.0000,99.3767,0.0000,0.0000,1395.3929,128.2309,35.9047,0.0000,35.9047,100.00,100.00
2010-12-19 14:00:00,Mawson,113.0931,72.0297,72.0297,0.0000,41.0634,0.0000,0.0000,1352.1683,113.0931,31.6661,0.0000,31.6661,100.00,100.00
2010-12-19 15:00:00,Mawson,123.6844,172.8398,123.6844,49.1554,0.0000,0.0000,0.0000,1398.8659,123.6844,34.6316,0.0000,34.6316,100.00,100.00
2010-12-19 16:00:00,Mawson,153.7199,182.4176,153.7199,28.6977,0.0000,0.0000,0.0000,1426.1288,153.7199,43.0416,0.0000,43.0416,100.00,100.00
2010-12-19 17:00:00,Mawson,159.6434,76.8915,76.8915,0.0000,82.7519,0.0000,0.0000,1339.0215,159.6434,44.7002,0.0000,44.7002,100.00,100.00
2010-12-19 18:00:00,Mawson,138.7926,81.2544,81.2544,0.0000,57.5382,0.0000,0.0000,1278.4550,138.7926,38.8619,0.0000,38.8619,100.00,100.00
2010-12-19 19:00:00,Mawson,131.4575,73.4927,73.4927,0.0000,57.9648,0.0000,0.0000,1217.4394,131.4575,36.8081,0.0000,36.8081,100.00,100.00
2010-12-19 20:00:00,Mawson,115.1411,53.0813,53.0813,0.0000,62.0598,0.0000,0.0000,1152.1133,115.1411,32.2395,0.0000,32.2395,100.00,100.00
2010-12-19 21:00:00,Mawson,121.4986,85.5731,85.5731,0.0000,35.9255,0.0000,0.0000,1114.2970,121.4986,34.0196,0.0000,34.0196,100.00,100.00
2010-12-19 22:00:00,Mawson,140.1570,84.3371,84.3371,0.0000,55.8199,0.0000,0.0000,1055.5392,140.1570,39.2440,0.0000,39.2440,100.00,100.00
2010-12-19 23:00:00,Mawson,107.7451,279.9704,107.7451,172.2253,0.0000,0.0000,0.0000,1219.1532,107.7451,30.1686,0.0000,30.1686,100.00,100.00
2010-12-20 00:00:00,Mawson,116.2498,294.8364,116.2498,178.5866,0.0000,0.0000,0.0000,1388.8105,116.2498,32.5499,0.0000,32.5499,100.00,100.00
2010-12-20 01:00:00,Mawson,111.4163,232.3478,111.4163,117.0416,0.0000,0.0000,3.8899,1500.0000,111.4163,31.1966,0.0000,31.1966,100.00,98.33
2010-12-20 02:00:00,Mawson,125.9563,227.7449,125.9563,0.0000,0.0000,0.0000,101.7886,1500.0000,125.9563,35.2678,0.0000,35.2678,100.00,55.31
2010-12-20 03:00:00,Mawson,108.0895,274.5903,108.0895,0.0000,0.0000,0.0000,166.5008,1500.0000,108.0895,30.2651,0.0000,30.2651,100.00,39.36
2010-12-20 04:00:00,Mawson,111.4805,240.2987,111.4805,0.0000,0.0000,0.0000,128.8182,1500.0000,111.4805,31.2145,0.0000,31.2145,100.00,46.39
2010-12-20 05:00:00,Mawson,122.2015,273.2793,122.2015,0.0000,0.0000,0.0000,151.0778,1500.0000,122.2015,34.2164,0.0000,34.2164,100.00,44.72
2010-12-20 06:00:00,Mawson,121.4694,232.3508,121.4694,0.0000,0.0000,0.0000,110.8814,1500.0000,121.4694,34.0114,0.0000,34.0114,100.00,52.28
2010-12-20 07:00:00,Mawson,117.6423,252.0278,117.6423,0.0000,0.0000,0.0000,134.3855,1500.0000,117.6423,32.9398,0.0000,32.9398,100.00,46.68
2010-12-20 08:00:00,Mawson,133.7526,180.5868,133.7526,0.0000,0.0000,0.0000,46.8342,1500.0000,133.7526,37.4507,0.0000,37.4507,100.00,74.07
2010-12-20 09:00:00,Mawson,115.7332,267.1002,115.7332,0.0000,0.0000,0.0000,151.3670,1500.0000,115.7332,32.4053,0.0000,32.4053,100.00,43.33
2010-12-20 10:00:00,Mawson,130.5638,245.1174,130.5638,0.0000,0.0000,0.0000,114.5536,1500.0000,130.5638,36.5579,0.0000,36.5579,100.00,53.27
2010-12-20 11:00:00,Mawson,127.7622,68.4745,68.4745,0.0000,59.2877,0.0000,0.0000,1437.5919,127.7622,35.7734,0.0000,35.7734,100.00,100.00
2010-12-20 12:00:00,Mawson,119.1488,192.8983,119.1488,65.6927,0.0000,0.0000,8.0568,1500.0000,119.1488,33.3617,0.0000,33.3617,100.00,95.82
2010-12-20 13:00:00,Mawson,119.5242,85.8961,85.8961,0.0000,33.6281,0.0000,0.0000,1464.6020,119.5242,33.4668,0.0000,33.4668,100.00,100.00
2010-12-20 14:00:00,Mawson,110.0167,270.9237,110.0167,37.2611,0.0000,0.0000,123.6459,1500.0000,110.0167,30.8047,0.0000,30.8047,100.00,54.36
2010-12-20 15:00:00,Mawson,113.8486,139.6690,113.8486,0.0000,0.0000,0.0000,25.8204,1500.0000,113.8486,31.8776,0.0000,31.8776,100.00,81.51
2010-12-20 16:00:00,Mawson,135.2327,86.6670,86.6670,0.0000,48.5657,0.0000,0.0000,1448.8782,135.2327,37.8652,0.0000,37.8652,100.00,100.00
2010-12-20 17:00:00,Mawson,124.8806,65.9016,65.9016,0.0000,58.9790,0.0000,0.0000,1386.7951,124.8806,34.9666,0.0000,34.9666,100.00,100.00
2010-12-20 18:00:00,Mawson,134.1754,187.3053,134.1754,53.1299,0.0000,0.0000,0.0000,1437.2685,134.1754,37.5691,0.0000,37.5691,100.00,100.00
2010-12-20 19:00:00,Mawson,116.9741,149.6175,116.9741,32.6434,0.0000,0.0000,0.0000,1468.2797,116.9741,32.7527,0.0000,32.7527,100.00,100.00
2010-12-20 20:00:00,Mawson,135.4998,103.5753,103.5753,0.0000,31.9245,0.0000,0.0000,1434.6750,135.4998,37.9399,0.0000,37.9399,100.00,100.00
2010-12-20 21:00:00,Mawson,125.8530,240.9579,125.8530,68.7632,0.0000,0.0000,46.3417,1500.0000,125.8530,35.2388,0.0000,35.2388,100.00,80.77
2010-12-20 22:00:00,Mawson,123.8108,217.3464,123.8108,0.0000,0.0000,0.0000,93.5356,1500.0000,123.8108,34.6670,0.0000,34.6670,100.00,56.96
2010-12-20 23:00:00,Mawson,118.1840,194.9957,118.1840,0.0000,0.0000,0.0000,76.8117,1500.0000,118.1840,33.0915,0.0000,33.0915,100.00,60.61
2010-12-21 00:00:00,Mawson,125.7958,257.9164,125.7958,0.0000,0.0000,0.0000,132.1206,1500.0000,125.7958,35.2228,0.0000,35.2228,100.00,48.77
2010-12-21 01:00:00,Mawson,136.6455,228.5892,136.6455,0.0000,0.0000,0.0000,91.9437,1500.0000,136.6455,38.2607,0.0000,38.2607,100.00,59.78
2010-12-21 02:00:00,Mawson,123.5684,261.4394,123.5684,0.0000,0.0000,0.0000,137.8710,1500.0000,123.5684,34.5992,0.0000,34.5992,100.00,47.26
2010-12-21 03:00:00,Mawson,110.5874,221.7975,110.5874,0.0000,0.0000,0.0000,111.2101,1500.0000,110.5874,30.9645,0.0000,30.9645,100.00,49.86
2010-12-21 04:00:00,Mawson,119.0352,273.5751,119.0352,0.0000,0.0000,0.0000,154.5399,1500.0000,119.0352,33.3299,0.0000,33.3299,100.00,43.51
2010-12-21 05:00:00,Mawson,126.3118,154.1822,126.3118,0.0000,0.0000,0.0000,27.8704,1500.0000,126.3118,35.3673,0.0000,35.3673,100.00,81.92
2010-12-21 06:00:00,Mawson,121.5699,256.9507,121.5699,0.0000,0.0000,0.0000,135.3808,1500.0000,121.5699,34.0396,0.0000,34.0396,100.00,47.31
2010-12-21 07:00:00,Mawson,129.4215,277.9825,129.4215,0.0000,0.0000,0.0000,148.5610,1500.0000,129.4215,36.2380,0.0000,36.2380,100.00,46.56
2010-12-21 08:00:00,Mawson,117.5386,269.6012,117.5386,0.0000,0.0000,0.0000,152.0626,1500.0000,117.5386,32.9108,0.0000,32.9108,100.00,43.60
2010-12-21 09:00:00,Mawson,129.9002,71.3976,71.3976,0.0000,58.5026,0.0000,0.0000,1438.4183,129.9002,36.3721,0.0000,36.3721,100.00,100.00
2010-12-21 10:00:00,Mawson,134.2150,127.2925,127.2925,0.0000,6.9225,0.0000,0.0000,1431.1315,134.2150,37.5802,0.0000,37.5802,100.00,100.00
2010-12-21 11:00:00,Mawson,117.0658,123.6746,117.0658,6.6088,0.0000,0.0000,0.0000,1437.4098,117.0658,32.7784,0.0000,32.7784,100.00,100.00
2010-12-21 12:00:00,Mawson,116.0448,74.1227,74.1227,0.0000,41.9221,0.0000,0.0000,1393.2813,116.0448,32.4925,0.0000,32.4925,100.00,100.00
2010-12-21 13:00:00,Mawson,127.2477,62.3459,62.3459,0.0000,64.9018,0.0000,0.0000,1324.9636,127.2477,35.6294,0.0000,35.6294,100.00,100.00
2010-12-21 14:00:00,Mawson,134.1383,93.4514,93.4514,0.0000,40.6869,0.0000,0.0000,1282.1353,134.1383,37.5587,0.0000,37.5587,100.00,100.00
2010-12-21 15:00:00,Mawson,116.8010,76.0408,76.0408,0.0000,40.7602,0.0000,0.0000,1239.2298,116.8010,32.7043,0.0000,32.7043,100.00,100.00
2010-12-21 16:00:00,Mawson,117.5422,83.6810,83.6810,0.0000,33.8612,0.0000,0.0000,1203.5865,117.5422,32.9118,0.0000,32.9118,100.00,100.00
2010-12-21 17:00:00,Mawson,123.3895,59.6862,59.6862,0.0000,63.7033,0.0000,0.0000,1136.5304,123.3895,34.5491,0.0000,34.5491,100.00,100.00
2010-12-21 18:00:00,Mawson,127.2021,52.9448,52.9448,0.0000,74.2573,0.0000,0.0000,1058.3648,127.2021,35.6166,0.0000,35.6166,100.00,100.00
2010-12-21 19:00:00,Mawson,144.8544,86.4074,86.4074,0.0000,58.4470,0.0000,0.0000,996.8416,144.8544,40.5592,0.0000,40.5592,100.00,100.00
2010-12-21 20:00:00,Mawson,120.0430,211.2328,120.0430,91.1898,0.0000,0.0000,0.0000,1083.4719,120.0430,33.6120,0.0000,33.6120,100.00,100.00
2010-12-21 21:00:00,Mawson,131.7979,159.2710,131.7979,27.4731,0.0000,0.0000,0.0000,1109.5714,131.7979,36.9034,0.0000,36.9034,100.00,100.00
2010-12-21 22:00:00,Mawson,118.2809,95.5422,95.5422,0.0000,22.7387,0.0000,0.0000,1085.6359,118.2809,33.1187,0.0000,33.1187,100.00,100.00
2010-12-21 23:00:00,Mawson,114.5311,230.1903,114.5311,115.6592,0.0000,0.0000,0.0000,1195.5121,114.5311,32.0687,0.0000,32.0687,100.00,100.00
2010-12-22 00:00:00,Mawson,110.3227,220.8946,110.3227,110.5719,0.0000,0.0000,0.0000,1300.5554,110.3227,30.8904,0.0000,30.8904,100.00,100.00
2010-12-22 01:00:00,Mawson,109.4650,275.0660,109.4650,165.6010,0.0000,0.0000,0.0000,1457.8764,109.4650,30.6502,0.0000,30.6502,100.00,100.00
2010-12-22 02:00:00,Mawson,116.0628,233.7050,116.0628,44.3406,0.0000,0.0000,73.3016,1500.0000,116.0628,32.4976,0.0000,32.4976,100.00,68.64
2010-12-22 03:00:00,Mawson,116.3192,281.4380,116.3192,0.0000,0.0000,0.0000,165.1188,1500.0000,116.3192,32.5694,0.0000,32.5694,100.00,41.33
2010-12-22 04:00:00,Mawson,122.1181,295.0880,122.1181,0.0000,0.0000,0.0000,172.9699,1500.0000,122.1181,34.1931,0.0000,34.1931,100.00,41.38
2010-12-22 05:00:00,Mawson,122.5545,227.9568,122.5545,0.0000,0.0000,0.0000,105.4023,1500.0000,122.5545,34.3153,0.0000,34.3153,100.00,53.76
2010-12-22 06:00:00,Mawson,116.2611,238.8059,116.2611,0.0000,0.0000,0.0000,122.5448,1500.0000,116.2611,32.5531,0.0000,32.5531,100.00,48.68
2010-12-22 07:00:00,Mawson,126.0072,79.7447,79.7447,0.0000,46.2625,0.0000,0.0000,1451.3026,126.0072,35.2820,0.0000,35.2820,100.00,100.00
2010-12-22 08:00:00,Mawson,116.9695,301.7048,116.9695,51.2604,0.0000,0.0000,133.4749,1500.0000,116.9695,32.7515,0.0000,32.7515,100.00,55.76
2010-12-22 09:00:00,Mawson,115.8924,261.5706,115.8924,0.0000,0.0000,0.0000,145.6782,1500.0000,115.8924,32.4499,0.0000,32.4499,100.00,44.31
2010-12-22 10:00:00,Mawson,128.7300,70.5395,70.5395,0.0000,58.1905,0.0000,0.0000,1438.7468,128.7300,36.0444,0.0000,36.0444,100.00,100.00
2010-12-22 11:00:00,Mawson,130.4306,190.2884,130.4306,59.8578,0.0000,0.0000,0.0000,1495.6118,130.4306,36.5206,0.0000,36.5206,100.00,100.00
2010-12-22 12:00:00,Mawson,142.7159,104.9142,104.9142,0.0000,37.8017,0.0000,0.0000,1455.8205,142.7159,39.9605,0.0000,39.9605,100.00,100.00
2010-12-22 13:00:00,Mawson,136.9973,185.7454,136.9973,46.5047,0.0000,0.0000,2.2434,1500.0000,136.9973,38.3592,0.0000,38.3592,100.00,98.79
2010-12-22 14:00:00,Mawson,120.0401,72.9456,72.9456,0.0000,47.0945,0.0000,0.0000,1450.4268,120.0401,33.6112,0.0000,33.6112,100.00,100.00
2010-12-22 15:00:00,Mawson,125.7785,27.3975,27.3975,0.0000,98.3810,0.0000,0.0000,1346.8679,125.7785,35.2180,0.0000,35.2180,100.00,100.00
2010-12-22 16:00:00,Mawson,131.7698,156.6125,131.7698,24.8427,0.0000,0.0000,0.0000,1370.4685,131.7698,36.8955,0.0000,36.8955,100.00,100.00
2010-12-22 17:00:00,Mawson,127.2402,241.0979,127.2402,113.8577,0.0000,0.0000,0.0000,1478.6333,127.2402,35.6273,0.0000,35.6273,100.00,100.00
2010-12-22 18:00:00,Mawson,126.4361,63.2320,63.2320,0.0000,63.2041,0.0000,0.0000,1412.1026,126.4361,35.4021,0.0000,35.4021,100.00,100.00
2010-12-22 19:00:00,Mawson,124.5245,37.2198,37.2198,0.0000,87.3047,0.0000,0.0000,1320.2030,124.5245,34.8669,0.0000,34.8669,100.00,100.00
2010-12-22 20:00:00,Mawson,114.4492,163.6503,114.4492,49.2011,0.0000,0.0000,0.0000,1366.9440,114.4492,32.0458,0.0000,32.0458,100.00,100.00
2010-12-22 21:00:00,Mawson,121.5548,127.3702,121.5548,5.8154,0.0000,0.0000,0.0000,1372.4686,121.5548,34.0353,0.0000,34.0353,100.00,100.00
2010-12-22 22:00:00,Mawson,114.3232,269.2162,114.3232,134.2435,0.0000,0.0000,20.6495,1500.0000,114.3232,32.0105,0.0000,32.0105,100.00,92.33
2010-12-22 23:00:00,Mawson,120.4960,260.0443,120.4960,0.0000,0.0000,0.0000,139.5483,1500.0000,120.4960,33.7389,0.0000,33.7389,100.00,46.34
2010-12-23 00:00:00,Mawson,121.4852,163.3864,121.4852,0.0000,0.0000,0.0000,41.9012,1500.0000,121.4852,34.0159,0.0000,34.0159,100.00,74.35
2010-12-23 01:00:00,Mawson,127.2000,261.3243,127.2000,0.0000,0.0000,0.0000,134.1243,1500.0000,127.2000,35.6160,0.0000,35.6160,100.00,48.68
2010-12-23 02:00:00,Mawson,116.3484,234.8132,116.3484,0.0000,0.0000,0.0000,118.4648,1500.0000,116.3484,32.5776,0.0000,32.5776,100.00,49.55
2010-12-23 03:00:00,Mawson,118.9980,256.9655,118.9980,0.0000,0.0000,0.0000,137.9675,1500.0000,118.9980,33.3194,0.0000,33.3194,100.00,46.31
2010-12-23 04:00:00,Mawson,130.0463,245.5264,130.0463,0.0000,0.0000,0.0000,115.4801,1500.0000,130.0463,36.4130,0.0000,36.4130,100.00,52.97
2010-12-23 05:00:00,Mawson,124.4045,228.8601,124.4045,0.0000,0.0000,0.0000,104.4556,1500.0000,124.4045,34.8333,0.0000,34.8333,100.00,54.36
2010-12-23 06:00:00,Mawson,136.3294,240.7636,136.3294,0.0000,0.0000,0.0000,104.4342,1500.0000,136.3294,38.1722,0.0000,38.1722,100.00,56.62
2010-12-23 07:00:00,Mawson,123.8177,245.1154,123.8177,0.0000,0.0000,0.0000,121.2977,1500.0000,123.8177,34.6690,0.0000,34.6690,100.00,50.51
2010-12-23 08:00:00,Mawson,130.3624,271.8303,130.3624,0.0000,0.0000,0.0000,141.4679,1500.0000,130.3624,36.5015,0.0000,36.5015,100.00,47.96
2010-12-23 09:00:00,Mawson,113.4801,231.4758,113.4801,0.0000,0.0000,0.0000,117.9957,1500.0000,113.4801,31.7744,0.0000,31.7744,100.00,49.02
2010-12-23 10:00:00,Mawson,135.7485,262.5668,135.7485,0.0000,0.0000,0.0000,126.8183,1500.0000,135.7485,38.0096,0.0000,38.0096,100.00,51.70
2010-12-23 11:00:00,Mawson,119.8475,53.4890,53.4890,0.0000,66.3585,0.0000,0.0000,1430.1489,119.8475,33.5573,0.0000,33.5573,100.00,100.00
2010-12-23 12:00:00,Mawson,130.6934,307.3751,130.6934,73.5274,0.0000,0.0000,103.1543,1500.0000,130.6934,36.5942,0.0000,36.5942,100.00,66.44
2010-12-23 13:00:00,Mawson,115.4799,270.7885,115.4799,0.0000,0.0000,0.0000,155.3086,1500.0000,115.4799,32.3344,0.0000,32.3344,100.00,42.65
2010-12-23 14:00:00,Mawson,117.6744,241.1355,117.6744,0.0000,0.0000,0.0000,123.4611,1500.0000,117.6744,32.9488,0.0000,32.9488,100.00,48.80
2010-12-23 15:00:00,Mawson,118.0537,192.4066,118.0537,0.0000,0.0000,0.0000,74.3529,1500.0000,118.0537,33.0550,0.0000,33.0550,100.00,61.36
2010-12-23 16:00:00,Mawson,137.3096,212.1630,137.3096,0.0000,0.0000,0.0000,74.8534,1500.0000,137.3096,38.4467,0.0000,38.4467,100.00,64.72
2010-12-23 17:00:00,Mawson,127.9640,168.9180,127.9640,0.0000,0.0000,0.0000,40.9540,1500.0000,127.9640,35.8299,0.0000,35.8299,100.00,75.76
2010-12-23 18:00:00,Mawson,147.7107,278.8975,147.7107,0.0000,0.0000,0.0000,131.1868,1500.0000,147.7107,41.3590,0.0000,41.3590,100.00,52.96
2010-12-23 19:00:00,Mawson,117.7350,155.4079,117.7350,0.0000,0.0000,0.0000,37.6729,1500.0000,117.7350,32.9658,0.0000,32.9658,100.00,75.76
2010-12-23 20:00:00,Mawson,116.7788,242.9121,116.7788,0.0000,0.0000,0.0000,126.1333,1500.0000,116.7788,32.6981,0.0000,32.6981,100.00,48.07
2010-12-23 21:00:00,Mawson,109.4916,285.4381,109.4916,0.0000,0.0000,0.0000,175.9465,1500.0000,109.4916,30.6576,0.0000,30.6576,100.00,38.36
2010-12-23 22:00:00,Mawson,120.1956,288.8044,120.1956,0.0000,0.0000,0.0000,168.6088,1500.0000,120.1956,33.6548,0.0000,33.6548,100.00,41.62
2010-12-23 23:00:00,Mawson,118.0746,229.7475,118.0746,0.0000,0.0000,0.0000,111.6729,1500.0000,118.0746,33.0609,0.0000,33.0609,100.00,51.39
2010-12-24 00:00:00,Mawson,114.9774,116.6388,114.9774,0.0000,0.0000,0.0000,1.6614,1500.0000,114.9774,32.1937,0.0000,32.1937,100.00,98.58
2010-12-24 01:00:00,Mawson,112.1693,271.9036,112.1693,0.0000,0.0000,0.0000,159.7343,1500.0000,112.1693,31.4074,0.0000,31.4074,100.00,41.25
2010-12-24 02:00:00,Mawson,109.4105,270.9424,109.4105,0.0000,0.0000,0.0000,161.5319,1500.0000,109.4105,30.6349,0.0000,30.6349,100.00,40.38
2010-12-24 03:00:00,Mawson,110.8949,281.7135,110.8949,0.0000,0.0000,0.0000,170.8186,1500.0000,110.8949,31.0506,0.0000,31.0506,100.00,39.36
2010-12-24 04:00:00,Mawson,119.1218,296.5312,119.1218,0.0000,0.0000,0.0000,177.4094,1500.0000,119.1218,33.3541,0.0000,33.3541,100.00,40.17
2010-12-24 05:00:00,Mawson,110.8557,235.5862,110.8557,0.0000,0.0000,0.0000,124.7305,1500.0000,110.8557,31.0396,0.0000,31.0396,100.00,47.06
2010-12-24 06:00:00,Mawson,136.8928,157.9001,136.8928,0.0000,0.0000,0.0000,21.0073,1500.0000,136.8928,38.3300,0.0000,38.3300,100.00,86.70
2010-12-24 07:00:00,Mawson,120.4954,295.2698,120.4954,0.0000,0.0000,0.0000,174.7744,1500.0000,120.4954,33.7387,0.0000,33.7387,100.00,40.81
2010-12-24 08:00:00,Mawson,114.2920,272.6288,114.2920,0.0000,0.0000,0.0000,158.3368,1500.0000,114.2920,32.0018,0.0000,32.0018,100.00,41.92
2010-12-24 09:00:00,Mawson,116.4608,272.0288,116.4608,0.0000,0.0000,0.0000,155.5680,1500.0000,116.4608,32.6090,0.0000,32.6090,100.00,42.81
2010-12-24 10:00:00,Mawson,118.3579,165.4048,118.3579,0.0000,0.0000,0.0000,47.0469,1500.0000,118.3579,33.1402,0.0000,33.1402,100.00,71.56
2010-12-24 11:00:00,Mawson,123.8715,288.4257,123.8715,0.0000,0.0000,0.0000,164.5542,1500.0000,123.8715,34.6840,0.0000,34.6840,100.00,42.95
2010-12-24 12:00:00,Mawson,127.7493,60.5462,60.5462,0.0000,67.2031,0.0000,0.0000,1429.2599,127.7493,35.7698,0.0000,35.7698,100.00,100.00
2010-12-24 13:00:00,Mawson,117.8404,172.2409,117.8404,54.4005,0.0000,0.0000,0.0000,1480.9404,117.8404,32.9953,0.0000,32.9953,100.00,100.00
2010-12-24 14:00:00,Mawson,120.2887,88.9767,88.9767,0.0000,31.3120,0.0000,0.0000,1447.9804,120.2887,33.6808,0.0000,33.6808,100.00,100.00
2010-12-24 15:00:00,Mawson,136.9635,71.4403,71.4403,0.0000,65.5232,0.0000,0.0000,1379.0086,136.9635,38.3498,0.0000,38.3498,100.00,100.00
2010-12-24 16:00:00,Mawson,123.4878,75.2801,75.2801,0.0000,48.2077,0.0000,0.0000,1328.2636,123.4878,34.5766,0.0000,34.5766,100.00,100.00
2010-12-24 17:00:00,Mawson,139.8406,132.1982,132.1982,0.0000,7.6424,0.0000,0.0000,1320.2190,139.8406,39.1554,0.0000,39.1554,100.00,100.00
2010-12-24 18:00:00,Mawson,118.6936,79.1458,79.1458,0.0000,39.5478,0.0000,0.0000,1278.5897,118.6936,33.2342,0.0000,33.2342,100.00,100.00
2010-12-24 19:00:00,Mawson,147.0058,80.5485,80.5485,0.0000,66.4573,0.0000,0.0000,1208.6347,147.0058,41.1616,0.0000,41.1616,100.00,100.00
2010-12-24 20:00:00,Mawson,125.6233,245.6826,125.6233,120.0593,0.0000,0.0000,0.0000,1322.6910,125.6233,35.1745,0.0000,35.1745,100.00,100.00
2010-12-24 21:00:00,Mawson,120.4821,66.6072,66.6072,0.0000,53.8749,0.0000,0.0000,1265.9806,120.4821,33.7350,0.0000,33.7350,100.00,100.00
2010-12-24 22:00:00,Mawson,117.9555,149.4469,117.9555,31.4914,0.0000,0.0000,0.0000,1295.8974,117.9555,33.0275,0.0000,33.0275,100.00,100.00
2010-12-24 23:00:00,Mawson,110.1227,139.8332,110.1227,29.7105,0.0000,0.0000,0.0000,1324.1224,110.1227,30.8344,0.0000,30.8344,100.00,100.00
2010-12-25 00:00:00,Mawson,105.7952,257.6229,105.7952,151.8277,0.0000,0.0000,0.0000,1468.3587,105.7952,29.6227,0.0000,29.6227,100.00,100.00
2010-12-25 01:00:00,Mawson,112.5316,234.7906,112.5316,33.3066,0.0000,0.0000,88.9524,1500.0000,112.5316,31.5088,0.0000,31.5088,100.00,62.11
2010-12-25 02:00:00,Mawson,119.7257,227.9305,119.7257,0.0000,0.0000,0.0000,108.2048,1500.0000,119.7257,33.5232,0.0000,33.5232,100.00,52.53
2010-12-25 03:00:00,Mawson,114.1027,227.1103,114.1027,0.0000,0.0000,0.0000,113.0076,1500.0000,114.1027,31.9488,0.0000,31.9488,100.00,50.24
2010-12-25 04:00:00,Mawson,113.9867,151.1615,113.9867,0.0000,0.0000,0.0000,37.1748,1500.0000,113.9867,31.9163,0.0000,31.9163,100.00,75.41
2010-12-25 05:00:00,Mawson,109.4544,281.8158,109.4544,0.0000,0.0000,0.0000,172.3614,1500.0000,109.4544,30.6472,0.0000,30.6472,100.00,38.84
2010-12-25 06:00:00,Mawson,118.1183,236.9323,118.1183,0.0000,0.0000,0.0000,118.8140,1500.0000,118.1183,33.0731,0.0000,33.0731,100.00,49.85
2010-12-25 07:00:00,Mawson,129.7467,285.3492,129.7467,0.0000,0.0000,0.0000,155.6025,1500.0000,129.7467,36.3291,0.0000,36.3291,100.00,45.47
2010-12-25 08:00:00,Mawson,104.8837,194.8069,104.8837,0.0000,0.0000,0.0000,89.9232,1500.0000,104.8837,29.3674,0.0000,29.3674,100.00,53.84
2010-12-25 09:00:00,Mawson,125.2906,267.0826,125.2906,0.0000,0.0000,0.0000,141.7920,1500.0000,125.2906,35.0814,0.0000,35.0814,100.00,46.91
2010-12-25 10:00:00,Mawson,138.4790,43.7769,43.7769,0.0000,94.7021,0.0000,0.0000,1400.3136,138.4790,38.7741,0.0000,38.7741,100.00,100.00
2010-12-25 11:00:00,Mawson,109.8758,270.1486,109.8758,104.9331,0.0000,0.0000,55.3397,1500.0000,109.8758,30.7652,0.0000,30.7652,100.00,79.52
2010-12-25 12:00:00,Mawson,116.2168,145.5346,116.2168,0.0000,0.0000,0.0000,29.3178,1500.0000,116.2168,32.5407,0.0000,32.5407,100.00,79.86
2010-12-25 13:00:00,Mawson,124.5064,180.1397,124.5064,0.0000,0.0000,0.0000,55.6333,1500.0000,124.5064,34.8618,0.0000,34.8618,100.00,69.12
2010-12-25 14:00:00,Mawson,111.6982,49.0616,49.0616,0.0000,62.6366,0.0000,0.0000,1434.0667,111.6982,31.2755,0.0000,31.2755,100.00,100.00
2010-12-25 15:00:00,Mawson,118.1278,221.6677,118.1278,69.4034,0.0000,0.0000,34.1365,1500.0000,118.1278,33.0758,0.0000,33.0758,100.00,84.60
2010-12-25 16:00:00,Mawson,118.8434,95.3574,95.3574,0.0000,23.4860,0.0000,0.0000,1475.2779,118.8434,33.2762,0.0000,33.2762,100.00,100.00
2010-12-25 17:00:00,Mawson,131.3001,75.3605,75.3605,0.0000,55.9396,0.0000,0.0000,1416.3941,131.3001,36.7640,0.0000,36.7640,100.00,100.00
2010-12-25 18:00:00,Mawson,127.4089,153.2287,127.4089,25.8198,0.0000,0.0000,0.0000,1440.9229,127.4089,35.6745,0.0000,35.6745,100.00,100.00
2010-12-25 19:00:00,Mawson,135.0930,86.4074,86.4074,0.0000,48.6856,0.0000,0.0000,1389.6749,135.0930,37.8260,0.0000,37.8260,100.00,100.00
2010-12-25 20:00:00,Mawson,144.1138,201.8786,144.1138,57.7648,0.0000,0.0000,0.0000,1444.5515,144.1138,40.3519,0.0000,40.3519,100.00,100.00
2010-12-25 21:00:00,Mawson,107.4593,86.2526,86.2526,0.0000,21.2067,0.0000,0.0000,1422.2286,107.4593,30.0886,0.0000,30.0886,100.00,100.00
2010-12-25 22:00:00,Mawson,129.4821,240.1313,129.4821,81.8646,0.0000,0.0000,28.7846,1500.0000,129.4821,36.2550,0.0000,36.2550,100.00,88.01
2010-12-25 23:00:00,Mawson,122.9224,229.5589,122.9224,0.0000,0.0000,0.0000,106.6365,1500.0000,122.9224,34.4183,0.0000,34.4183,100.00,53.55
2010-12-26 00:00:00,Mawson,104.1355,305.4294,104.1355,0.0000,0.0000,0.0000,201.2939,1500.0000,104.1355,29.1579,0.0000,29.1579,100.00,34.09
2010-12-26 01:00:00,Mawson,120.9353,217.5923,120.9353,0.0000,0.0000,0.0000,96.6570,1500.0000,120.9353,33.8619,0.0000,33.8619,100.00,55.58
2010-12-26 02:00:00,Mawson,113.9271,252.4242,113.9271,0.0000,0.0000,0.0000,138.4971,1500.0000,113.9271,31.8996,0.0000,31.8996,100.00,45.13
2010-12-26 03:00:00,Mawson,126.2306,235.0897,126.2306,0.0000,0.0000,0.0000,108.8591,1500.0000,126.2306,35.3446,0.0000,35.3446,100.00,53.69
2010-12-26 04:00:00,Mawson,117.7713,301.0975,117.7713,0.0000,0.0000,0.0000,183.3262,1500.0000,117.7713,32.9760,0.0000,32.9760,100.00,39.11
2010-12-26 05:00:00,Mawson,122.2502,127.9276,122.2502,0.0000,0.0000,0.0000,5.6774,1500.0000,122.2502,34.2301,0.0000,34.2301,100.00,95.56
2010-12-26 06:00:00,Mawson,112.5176,281.2852,112.5176,0.0000,0.0000,0.0000,168.7676,1500.0000,112.5176,31.5049,0.0000,31.5049,100.00,40.00
2010-12-26 07:00:00,Mawson,114.7889,284.6414,114.7889,0.0000,0.0000,0.0000,169.8525,1500.0000,114.7889,32.1409,0.0000,32.1409,100.00,40.33
2010-12-26 08:00:00,Mawson,112.2924,186.1407,112.2924,0.0000,0.0000,0.0000,73.8483,1500.0000,112.2924,31.4419,0.0000,31.4419,100.00,60.33
2010-12-26 09:00:00,Mawson,114.2689,267.0826,114.2689,0.0000,0.0000,0.0000,152.8137,1500.0000,114.2689,31.9953,0.0000,31.9953,100.00,42.78
2010-12-26 10:00:00,Mawson,130.2052,178.9446,130.2052,0.0000,0.0000,0.0000,48.7394,1500.0000,130.2052,36.4575,0.0000,36.4575,100.00,72.76
2010-12-26 11:00:00,Mawson,134.6863,258.0632,134.6863,0.0000,0.0000,0.0000,123.3769,1500.0000,134.6863,37.7122,0.0000,37.7122,100.00,52.19
2010-12-26 12:00:00,Mawson,134.4729,111.3048,111.3048,0.0000,23.1681,0.0000,0.0000,1475.6125,134.4729,37.6524,0.0000,37.6524,100.00,100.00
2010-12-26 13:00:00,Mawson,119.1822,274.6535,119.1822,25.6710,0.0000,0.0000,129.8003,1500.0000,119.1822,33.3710,0.0000,33.3710,100.00,52.74
2010-12-26 14:00:00,Mawson,140.7263,264.2821,140.7263,0.0000,0.0000,0.0000,123.5558,1500.0000,140.7263,39.4034,0.0000,39.4034,100.00,53.25
2010-12-26 15:00:00,Mawson,118.2082,75.0923,75.0923,0.0000,43.1159,0.0000,0.0000,1454.6148,118.2082,33.0983,0.0000,33.0983,100.00,100.00
2010-12-26 16:00:00,Mawson,127.5442,126.3998,126.3998,0.0000,1.1444,0.0000,0.0000,1453.4102,127.5442,35.7124,0.0000,35.7124,100.00,100.00
2010-12-26 17:00:00,Mawson,120.8765,57.7356,57.7356,0.0000,63.1409,0.0000,0.0000,1386.9461,120.8765,33.8454,0.0000,33.8454,100.00,100.00
2010-12-26 18:00:00,Mawson,137.4526,273.1663,137.4526,119.0041,0.0000,0.0000,16.7096,1500.0000,137.4526,38.4867,0.0000,38.4867,100.00,93.88
2010-12-26 19:00:00,Mawson,120.6453,257.3681,120.6453,0.0000,0.0000,0.0000,136.7228,1500.0000,120.6453,33.7807,0.0000,33.7807,100.00,46.88
2010-12-26 20:00:00,Mawson,126.2178,117.4433,117.4433,0.0000,8.7745,0.0000,0.0000,1490.7637,126.2178,35.3410,0.0000,35.3410,100.00,100.00
2010-12-26 21:00:00,Mawson,132.4577,217.3635,132.4577,9.7224,0.0000,0.0000,75.1834,1500.0000,132.4577,37.0882,0.0000,37.0882,100.00,65.41
2010-12-26 22:00:00,Mawson,127.5209,253.8949,127.5209,0.0000,0.0000,0.0000,126.3740,1500.0000,127.5209,35.7059,0.0000,35.7059,100.00,50.23
2010-12-26 23:00:00,Mawson,109.8958,139.1796,109.8958,0.0000,0.0000,0.0000,29.2838,1500.0000,109.8958,30.7708,0.0000,30.7708,100.00,78.96
2010-12-27 00:00:00,Mawson,113.1429,128.9229,113.1429,0.0000,0.0000,0.0000,15.7800,1500.0000,113.1429,31.6800,0.0000,31.6800,100.00,87.76
2010-12-27 01:00:00,Mawson,119.9128,230.7607,119.9128,0.0000,0.0000,0.0000,110.8479,1500.0000,119.9128,33.5756,0.0000,33.5756,100.00,51.96
2010-12-27 02:00:00,Mawson,121.5150,270.6037,121.5150,0.0000,0.0000,0.0000,149.0887,1500.0000,121.5150,34.0242,0.0000,34.0242,100.00,44.91
2010-12-27 03:00:00,Mawson,105.7111,233.4616,105.7111,0.0000,0.0000,0.0000,127.7505,1500.0000,105.7111,29.5991,0.0000,29.5991,100.00,45.28
2010-12-27 04:00:00,Mawson,123.5679,245.8280,123.5679,0.0000,0.0000,0.0000,122.2601,1500.0000,123.5679,34.5990,0.0000,34.5990,100.00,50.27
2010-12-27 05:00:00,Mawson,121.4769,277.7959,121.4769,0.0000,0.0000,0.0000,156.3190,1500.0000,121.4769,34.0135,0.0000,34.0135,100.00,43.73
2010-12-27 06:00:00,Mawson,120.4837,272.0753,120.4837,0.0000,0.0000,0.0000,151.5916,1500.0000,120.4837,33.7354,0.0000,33.7354,100.00,44.28
2010-12-27 07:00:00,Mawson,114.2549,240.5482,114.2549,0.0000,0.0000,0.0000,126.2933,1500.0000,114.2549,31.9914,0.0000,31.9914,100.00,47.50
2010-12-27 08:00:00,Mawson,110.2942,311.9317,110.2942,0.0000,0.0000,0.0000,201.6375,1500.0000,110.2942,30.8824,0.0000,30.8824,100.00,35.36
2010-12-27 09:00:00,Mawson,126.2686,268.2810,126.2686,0.0000,0.0000,0.0000,142.0124,1500.0000,126.2686,35.3552,0.0000,35.3552,100.00,47.07
2010-12-27 10:00:00,Mawson,135.9681,275.6276,135.9681,0.0000,0.0000,0.0000,139.6595,1500.0000,135.9681,38.0711,0.0000,38.0711,100.00,49.33
2010-12-27 11:00:00,Mawson,118.6250,165.3170,118.6250,0.0000,0.0000,0.0000,46.6920,1500.0000,118.6250,33.2150,0.0000,33.2150,100.00,71.76
2010-12-27 12:00:00,Mawson,124.3974,145.6074,124.3974,0.0000,0.0000,0.0000,21.2100,1500.0000,124.3974,34.8313,0.0000,34.8313,100.00,85.43
2010-12-27 13:00:00,Mawson,116.9572,176.2954,116.9572,0.0000,0.0000,0.0000,59.3382,1500.0000,116.9572,32.7480,0.0000,32.7480,100.00,66.34
2010-12-27 14:00:00,Mawson,129.6756,147.4348,129.6756,0.0000,0.0000,0.0000,17.7592,1500.0000,129.6756,36.3092,0.0000,36.3092,100.00,87.95
2010-12-27 15:00:00,Mawson,130.4704,68.4335,68.4335,0.0000,62.0369,0.0000,0.0000,1434.6980,130.4704,36.5317,0.0000,36.5317,100.00,100.00
2010-12-27 16:00:00,Mawson,129.2558,79.4731,79.4731,0.0000,49.7827,0.0000,0.0000,1382.2952,129.2558,36.1916,0.0000,36.1916,100.00,100.00
2010-12-27 17:00:00,Mawson,123.2314,269.9045,123.2314,123.8998,0.0000,0.0000,22.7733,1500.0000,123.2314,34.5048,0.0000,34.5048,100.00,91.56
2010-12-27 18:00:00,Mawson,122.1742,177.8984,122.1742,0.0000,0.0000,0.0000,55.7242,1500.0000,122.1742,34.2088,0.0000,34.2088,100.00,68.68
2010-12-27 19:00:00,Mawson,122.5955,146.7387,122.5955,0.0000,0.0000,0.0000,24.1432,1500.0000,122.5955,34.3267,0.0000,34.3267,100.00,83.55
2010-12-27 20:00:00,Mawson,127.2626,253.8276,127.2626,0.0000,0.0000,0.0000,126.5650,1500.0000,127.2626,35.6335,0.0000,35.6335,100.00,50.14
2010-12-27 21:00:00,Mawson,133.1098,264.8023,133.1098,0.0000,0.0000,0.0000,131.6925,1500.0000,133.1098,37.2707,0.0000,37.2707,100.00,50.27
2010-12-27 22:00:00,Mawson,114.2232,113.2685,113.2685,0.0000,0.9547,0.0000,0.0000,1498.9951,114.2232,31.9825,0.0000,31.9825,100.00,100.00
2010-12-27 23:00:00,Mawson,124.5917,251.1411,124.5917,1.0578,0.0000,0.0000,125.4916,1500.0000,124.5917,34.8857,0.0000,34.8857,100.00,50.03
2010-12-28 00:00:00,Mawson,113.1917,164.5702,113.1917,0.0000,0.0000,0.0000,51.3785,1500.0000,113.1917,31.6937,0.0000,31.6937,100.00,68.78
2010-12-28 01:00:00,Mawson,115.0417,193.9255,115.0417,0.0000,0.0000,0.0000,78.8838,1500.0000,115.0417,32.2117,0.0000,32.2117,100.00,59.32
2010-12-28 02:00:00,Mawson,100.4918,286.9926,100.4918,0.0000,0.0000,0.0000,186.5008,1500.0000,100.4918,28.1377,0.0000,28.1377,100.00,35.02
2010-12-28 03:00:00,Mawson,112.1853,214.8199,112.1853,0.0000,0.0000,0.0000,102.6346,1500.0000,112.1853,31.4119,0.0000,31.4119,100.00,52.22
2010-12-28 04:00:00,Mawson,133.9779,291.0926,133.9779,0.0000,0.0000,0.0000,157.1147,1500.0000,133.9779,37.5138,0.0000,37.5138,100.00,46.03
2010-12-28 05:00:00,Mawson,131.4400,109.6924,109.6924,0.0000,21.7476,0.0000,0.0000,1477.1078,131.4400,36.8032,0.0000,36.8032,100.00,100.00
2010-12-28 06:00:00,Mawson,105.6636,245.9157,105.6636,24.0971,0.0000,0.0000,116.1550,1500.0000,105.6636,29.5858,0.0000,29.5858,100.00,52.77
2010-12-28 07:00:00,Mawson,124.1708,230.3703,124.1708,0.0000,0.0000,0.0000,106.1995,1500.0000,124.1708,34.7678,0.0000,34.7678,100.00,53.90
2010-12-28 08:00:00,Mawson,118.2489,261.3602,118.2489,0.0000,0.0000,0.0000,143.1113,1500.0000,118.2489,33.1097,0.0000,33.1097,100.00,45.24
2010-12-28 09:00:00,Mawson,124.5571,270.5892,124.5571,0.0000,0.0000,0.0000,146.0321,1500.0000,124.5571,34.8760,0.0000,34.8760,100.00,46.03
2010-12-28 10:00:00,Mawson,109.5782,194.5624,109.5782,0.0000,0.0000,0.0000,84.9842,1500.0000,109.5782,30.6819,0.0000,30.6819,100.00,56.32
2010-12-28 11:00:00,Mawson,140.6852,100.0265,100.0265,0.0000,40.6587,0.0000,0.0000,1457.2014,140.6852,39.3919,0.0000,39.3919,100.00,100.00
2010-12-28 12:00:00,Mawson,125.5212,204.9266,125.5212,45.0512,0.0000,0.0000,34.3542,1500.0000,125.5212,35.1459,0.0000,35.1459,100.00,83.24
2010-12-28 13:00:00,Mawson,143.7119,72.6982,72.6982,0.0000,71.0137,0.0000,0.0000,1425.2487,143.7119,40.2393,0.0000,40.2393,100.00,100.00
2010-12-28 14:00:00,Mawson,122.6485,35.5036,35.5036,0.0000,87.1449,0.0000,0.0000,1333.5173,122.6485,34.3416,0.0000,34.3416,100.00,100.00
2010-12-28 15:00:00,Mawson,141.9895,96.6736,96.6736,0.0000,45.3159,0.0000,0.0000,1285.8163,141.9895,39.7571,0.0000,39.7571,100.00,100.00
2010-12-28 16:00:00,Mawson,140.8645,298.4137,140.8645,157.5492,0.0000,0.0000,0.0000,1435.4881,140.8645,39.4421,0.0000,39.4421,100.00,100.00
2010-12-28 17:00:00,Mawson,143.6432,77.9013,77.9013,0.0000,65.7419,0.0000,0.0000,1366.2861,143.6432,40.2201,0.0000,40.2201,100.00,100.00
2010-12-28 18:00:00,Mawson,137.2980,65.5908,65.5908,0.0000,71.7072,0.0000,0.0000,1290.8048,137.2980,38.4434,0.0000,38.4434,100.00,100.00
2010-12-28 19:00:00,Mawson,136.1830,279.9799,136.1830,143.7969,0.0000,0.0000,0.0000,1427.4118,136.1830,38.1312,0.0000,38.1312,100.00,100.00
2010-12-28 20:00:00,Mawson,116.2813,199.6851,116.2813,76.4086,0.0000,0.0000,6.9952,1500.0000,116.2813,32.5588,0.0000,32.5588,100.00,96.50
2010-12-28 21:00:00,Mawson,131.1832,103.1541,103.1541,0.0000,28.0291,0.0000,0.0000,1470.4957,131.1832,36.7313,0.0000,36.7313,100.00,100.00
2010-12-28 22:00:00,Mawson,117.6304,230.6550,117.6304,31.0572,0.0000,0.0000,81.9674,1500.0000,117.6304,32.9365,0.0000,32.9365,100.00,64.46
2010-12-28 23:00:00,Mawson,122.1070,70.3988,70.3988,0.0000,51.7082,0.0000,0.0000,1445.5703,122.1070,34.1900,0.0000,34.1900,100.00,100.00
2010-12-29 00:00:00,Mawson,138.6932,240.1776,138.6932,57.2944,0.0000,0.0000,44.1900,1500.0000,138.6932,38.8341,0.0000,38.8341,100.00,81.60
2010-12-29 01:00:00,Mawson,117.4807,228.4726,117.4807,0.0000,0.0000,0.0000,110.9919,1500.0000,117.4807,32.8946,0.0000,32.8946,100.00,51.42
2010-12-29 02:00:00,Mawson,114.7500,267.8440,114.7500,0.0000,0.0000,0.0000,153.0940,1500.0000,114.7500,32.1300,0.0000,32.1300,100.00,42.84
2010-12-29 03:00:00,Mawson,121.9971,259.1703,121.9971,0.0000,0.0000,0.0000,137.1732,1500.0000,121.9971,34.1592,0.0000,34.1592,100.00,47.07
2010-12-29 04:00:00,Mawson,105.0967,276.1105,105.0967,0.0000,0.0000,0.0000,171.0138,1500.0000,105.0967,29.4271,0.0000,29.4271,100.00,38.06
2010-12-29 05:00:00,Mawson,115.1724,91.7934,91.7934,0.0000,23.3790,0.0000,0.0000,1475.3905,115.1724,32.2483,0.0000,32.2483,100.00,100.00
2010-12-29 06:00:00,Mawson,123.9710,232.2494,123.9710,25.9047,0.0000,0.0000,82.3737,1500.0000,123.9710,34.7119,0.0000,34.7119,100.00,64.53
2010-12-29 07:00:00,Mawson,119.2006,257.1698,119.2006,0.0000,0.0000,0.0000,137.9692,1500.0000,119.2006,33.3762,0.0000,33.3762,100.00,46.35
2010-12-29 08:00:00,Mawson,104.9040,289.5766,104.9040,0.0000,0.0000,0.0000,184.6726,1500.0000,104.9040,29.3731,0.0000,29.3731,100.00,36.23
2010-12-29 09:00:00,Mawson,126.3199,160.3242,126.3199,0.0000,0.0000,0.0000,34.0043,1500.0000,126.3199,35.3696,0.0000,35.3696,100.00,78.79
2010-12-29 10:00:00,Mawson,119.3068,146.6033,119.3068,0.0000,0.0000,0.0000,27.2965,1500.0000,119.3068,33.4059,0.0000,33.4059,100.00,81.38
2010-12-29 11:00:00,Mawson,112.7995,179.2127,112.7995,0.0000,0.0000,0.0000,66.4132,1500.0000,112.7995,31.5839,0.0000,31.5839,100.00,62.94
2010-12-29 12:00:00,Mawson,129.3807,243.6154,129.3807,0.0000,0.0000,0.0000,114.2347,1500.0000,129.3807,36.2266,0.0000,36.2266,100.00,53.11
2010-12-29 13:00:00,Mawson,103.3912,63.6616,63.6616,0.0000,39.7296,0.0000,0.0000,1458.1794,103.3912,28.9495,0.0000,28.9495,100.00,100.00
2010-12-29 14:00:00,Mawson,122.8359,214.0383,122.8359,44.0217,0.0000,0.0000,47.1807,1500.0000,122.8359,34.3941,0.0000,34.3941,100.00,77.96
2010-12-29 15:00:00,Mawson,119.8056,183.7113,119.8056,0.0000,0.0000,0.0000,63.9057,1500.0000,119.8056,33.5456,0.0000,33.5456,100.00,65.21
2010-12-29 16:00:00,Mawson,112.3853,154.2092,112.3853,0.0000,0.0000,0.0000,41.8239,1500.0000,112.3853,31.4679,0.0000,31.4679,100.00,72.88
2010-12-29 17:00:00,Mawson,128.5921,211.2127,128.5921,0.0000,0.0000,0.0000,82.6206,1500.0000,128.5921,36.0058,0.0000,36.0058,100.00,60.88
2010-12-29 18:00:00,Mawson,127.9149,98.1351,98.1351,0.0000,29.7798,0.0000,0.0000,1468.6528,127.9149,35.8162,0.0000,35.8162,100.00,100.00
2010-12-29 19:00:00,Mawson,123.2114,229.7174,123.2114,32.9970,0.0000,0.0000,73.5090,1500.0000,123.2114,34.4992,0.0000,34.4992,100.00,68.00
2010-12-29 20:00:00,Mawson,124.0398,70.8359,70.8359,0.0000,53.2039,0.0000,0.0000,1443.9959,124.0398,34.7311,0.0000,34.7311,100.00,100.00
2010-12-29 21:00:00,Mawson,127.2065,134.9365,127.2065,7.7300,0.0000,0.0000,0.0000,1451.3394,127.2065,35.6178,0.0000,35.6178,100.00,100.00
2010-12-29 22:00:00,Mawson,104.6229,71.2258,71.2258,0.0000,33.3971,0.0000,0.0000,1416.1846,104.6229,29.2944,0.0000,29.2944,100.00,100.00
2010-12-29 23:00:00,Mawson,107.9407,165.9855,107.9407,58.0448,0.0000,0.0000,0.0000,1471.3271,107.9407,30.2234,0.0000,30.2234,100.00,100.00
2010-12-30 00:00:00,Mawson,108.9383,301.7343,108.9383,30.1820,0.0000,0.0000,162.6140,1500.0000,108.9383,30.5027,0.0000,30.5027,100.00,46.11
2010-12-30 01:00:00,Mawson,137.4738,226.5069,137.4738,0.0000,0.0000,0.0000,89.0331,1500.0000,137.4738,38.4927,0.0000,38.4927,100.00,60.69
2010-12-30 02:00:00,Mawson,112.3100,238.1432,112.3100,0.0000,0.0000,0.0000,125.8332,1500.0000,112.3100,31.4468,0.0000,31.4468,100.00,47.16
2010-12-30 03:00:00,Mawson,112.1638,234.6516,112.1638,0.0000,0.0000,0.0000,122.4878,1500.0000,112.1638,31.4059,0.0000,31.4059,100.00,47.80
2010-12-30 04:00:00,Mawson,115.2762,277.5587,115.2762,0.0000,0.0000,0.0000,162.2825,1500.0000,115.2762,32.2773,0.0000,32.2773,100.00,41.53
2010-12-30 05:00:00,Mawson,126.4104,243.5906,126.4104,0.0000,0.0000,0.0000,117.1802,1500.0000,126.4104,35.3949,0.0000,35.3949,100.00,51.89
2010-12-30 06:00:00,Mawson,129.9111,283.6059,129.9111,0.0000,0.0000,0.0000,153.6948,1500.0000,129.9111,36.3751,0.0000,36.3751,100.00,45.81
2010-12-30 07:00:00,Mawson,123.3531,281.3598,123.3531,0.0000,0.0000,0.0000,158.0067,1500.0000,123.3531,34.5389,0.0000,34.5389,100.00,43.84
2010-12-30 08:00:00,Mawson,133.9735,273.0422,133.9735,0.0000,0.0000,0.0000,139.0687,1500.0000,133.9735,37.5126,0.0000,37.5126,100.00,49.07
2010-12-30 09:00:00,Mawson,123.6202,182.6932,123.6202,0.0000,0.0000,0.0000,59.0730,1500.0000,123.6202,34.6137,0.0000,34.6137,100.00,67.67
2010-12-30 10:00:00,Mawson,119.6573,262.4640,119.6573,0.0000,0.0000,0.0000,142.8067,1500.0000,119.6573,33.5040,0.0000,33.5040,100.00,45.59
2010-12-30 11:00:00,Mawson,126.2464,80.2249,80.2249,0.0000,46.0215,0.0000,0.0000,1451.5563,126.2464,35.3490,0.0000,35.3490,100.00,100.00
2010-12-30 12:00:00,Mawson,123.9082,119.1136,119.1136,0.0000,4.7946,0.0000,0.0000,1446.5094,123.9082,34.6943,0.0000,34.6943,100.00,100.00
2010-12-30 13:00:00,Mawson,114.2494,123.5088,114.2494,9.2594,0.0000,0.0000,0.0000,1455.3058,114.2494,31.9898,0.0000,31.9898,100.00,100.00
2010-12-30 14:00:00,Mawson,108.2109,106.7398,106.7398,0.0000,1.4711,0.0000,0.0000,1453.7573,108.2109,30.2991,0.0000,30.2991,100.00,100.00
2010-12-30 15:00:00,Mawson,125.4370,238.7195,125.4370,48.6766,0.0000,0.0000,64.6059,1500.0000,125.4370,35.1224,0.0000,35.1224,100.00,72.94
2010-12-30 16:00:00,Mawson,140.1627,125.1432,125.1432,0.0000,15.0195,0.0000,0.0000,1484.1900,140.1627,39.2456,0.0000,39.2456,100.00,100.00
2010-12-30 17:00:00,Mawson,123.3475,85.2788,85.2788,0.0000,38.0687,0.0000,0.0000,1444.1177,123.3475,34.5373,0.0000,34.5373,100.00,100.00
2010-12-30 18:00:00,Mawson,147.2403,165.9678,147.2403,18.7275,0.0000,0.0000,0.0000,1461.9088,147.2403,41.2273,0.0000,41.2273,100.00,100.00
2010-12-30 19:00:00,Mawson,128.8415,66.3430,66.3430,0.0000,62.4985,0.0000,0.0000,1396.1209,128.8415,36.0756,0.0000,36.0756,100.00,100.00
2010-12-30 20:00:00,Mawson,125.2490,76.5717,76.5717,0.0000,48.6773,0.0000,0.0000,1344.8817,125.2490,35.0697,0.0000,35.0697,100.00,100.00
2010-12-30 21:00:00,Mawson,130.6673,257.0288,130.6673,126.3615,0.0000,0.0000,0.0000,1464.9251,130.6673,36.5868,0.0000,36.5868,100.00,100.00
2010-12-30 22:00:00,Mawson,114.1101,229.9465,114.1101,36.9210,0.0000,0.0000,78.9154,1500.0000,114.1101,31.9508,0.0000,31.9508,100.00,65.68
2010-12-30 23:00:00,Mawson,118.3576,138.9187,118.3576,0.0000,0.0000,0.0000,20.5611,1500.0000,118.3576,33.1401,0.0000,33.1401,100.00,85.20
2010-12-31 00:00:00,Mawson,128.0131,288.0238,128.0131,0.0000,0.0000,0.0000,160.0107,1500.0000,128.0131,35.8437,0.0000,35.8437,100.00,44.45
2010-12-31 01:00:00,Mawson,130.0571,248.6760,130.0571,0.0000,0.0000,0.0000,118.6189,1500.0000,130.0571,36.4160,0.0000,36.4160,100.00,52.30
2010-12-31 02:00:00,Mawson,113.6474,268.7050,113.6474,0.0000,0.0000,0.0000,155.0576,1500.0000,113.6474,31.8213,0.0000,31.8213,100.00,42.29
2010-12-31 03:00:00,Mawson,123.0705,284.7718,123.0705,0.0000,0.0000,0.0000,161.7013,1500.0000,123.0705,34.4597,0.0000,34.4597,100.00,43.22
2010-12-31 04:00:00,Mawson,115.1450,307.3800,115.1450,0.0000,0.0000,0.0000,192.2350,1500.0000,115.1450,32.2406,0.0000,32.2406,100.00,37.46
2010-12-31 05:00:00,Mawson,115.3542,149.3258,115.3542,0.0000,0.0000,0.0000,33.9716,1500.0000,115.3542,32.2992,0.0000,32.2992,100.00,77.25
2010-12-31 06:00:00,Mawson,122.1795,285.1415,122.1795,0.0000,0.0000,0.0000,162.9620,1500.0000,122.1795,34.2103,0.0000,34.2103,100.00,42.85
2010-12-31 07:00:00,Mawson,131.7237,246.2793,131.7237,0.0000,0.0000,0.0000,114.5556,1500.0000,131.7237,36.8826,0.0000,36.8826,100.00,53.49
2010-12-31 08:00:00,Mawson,137.1989,152.1069,137.1989,0.0000,0.0000,0.0000,14.9080,1500.0000,137.1989,38.4157,0.0000,38.4157,100.00,90.20
2010-12-31 09:00:00,Mawson,126.9280,272.3153,126.9280,0.0000,0.0000,0.0000,145.3873,1500.0000,126.9280,35.5398,0.0000,35.5398,100.00,46.61
2010-12-31 10:00:00,Mawson,113.0841,78.7944,78.7944,0.0000,34.2897,0.0000,0.0000,1463.9056,113.0841,31.6635,0.0000,31.6635,100.00,100.00
2010-12-31 11:00:00,Mawson,128.0694,166.1808,128.0694,37.9941,0.0000,0.0000,0.1173,1500.0000,128.0694,35.8594,0.0000,35.8594,100.00,99.93
2010-12-31 12:00:00,Mawson,124.1258,217.3237,124.1258,0.0000,0.0000,0.0000,93.1979,1500.0000,124.1258,34.7552,0.0000,34.7552,100.00,57.12
2010-12-31 13:00:00,Mawson,137.6974,170.9194,137.6974,0.0000,0.0000,0.0000,33.2220,1500.0000,137.6974,38.5553,0.0000,38.5553,100.00,80.56
2010-12-31 14:00:00,Mawson,126.6726,40.3414,40.3414,0.0000,86.3312,0.0000,0.0000,1409.1251,126.6726,35.4683,0.0000,35.4683,100.00,100.00
2010-12-31 15:00:00,Mawson,134.1712,102.5271,102.5271,0.0000,31.6441,0.0000,0.0000,1375.8155,134.1712,37.5679,0.0000,37.5679,100.00,100.00
2010-12-31 16:00:00,Mawson,124.8573,134.9741,124.8573,10.1168,0.0000,0.0000,0.0000,1385.4264,124.8573,34.9600,0.0000,34.9600,100.00,100.00
2010-12-31 17:00:00,Mawson,138.9835,36.6684,36.6684,0.0000,102.3151,0.0000,0.0000,1277.7263,138.9835,38.9154,0.0000,38.9154,100.00,100.00
2010-12-31 18:00:00,Mawson,140.7902,166.1494,140.7902,25.3592,0.0000,0.0000,0.0000,1301.8176,140.7902,39.4213,0.0000,39.4213,100.00,100.00
2010-12-31 19:00:00,Mawson,135.7699,151.0764,135.7699,15.3065,0.0000,0.0000,0.0000,1316.3587,135.7699,38.0156,0.0000,38.0156,100.00,100.00
2010-12-31 20:00:00,Mawson,110.4698,115.2684,110.4698,4.7986,0.0000,0.0000,0.0000,1320.9174,110.4698,30.9315,0.0000,30.9315,100.00,100.00
2010-12-31 21:00:00,Mawson,142.1680,187.9681,142.1680,45.8001,0.0000,0.0000,0.0000,1364.4275,142.1680,39.8070,0.0000,39.8070,100.00,100.00
2010-12-31 22:00:00,Mawson,119.5846,151.9200,119.5846,32.3354,0.0000,0.0000,0.0000,1395.1461,119.5846,33.4837,0.0000,33.4837,100.00,100.00
