timestamp_utc,station,actual_load_kwh,baseline_prediction_kwh,xgboost_prediction_kwh
2010-10-21 08:00:00,Casey,223.5814,226.4896,205.1324
2010-10-21 09:00:00,Casey,228.1043,222.2141,211.1681
2010-10-21 10:00:00,Casey,245.4820,223.5814,212.8410
2010-10-21 11:00:00,Casey,211.1377,228.1043,218.3518
2010-10-21 12:00:00,Casey,226.4796,245.4820,215.2281
2010-10-21 13:00:00,Casey,221.0500,211.1377,207.6863
2010-10-21 14:00:00,Casey,192.9050,226.4796,206.5203
2010-10-21 15:00:00,Casey,190.0442,221.0500,207.5244
2010-10-21 16:00:00,Casey,180.0691,192.9050,217.3085
2010-10-21 17:00:00,Casey,236.1461,190.0442,224.2272
2010-10-21 18:00:00,Casey,212.0869,180.0691,229.5771
2010-10-21 19:00:00,Casey,197.1033,236.1461,224.2130
2010-10-21 20:00:00,Casey,213.1995,212.0869,213.1380
2010-10-21 21:00:00,Casey,230.7034,197.1033,209.6843
2010-10-21 22:00:00,Casey,202.8593,213.1995,204.1443
2010-10-21 23:00:00,Casey,171.5195,230.7034,197.8583
2010-10-22 00:00:00,Casey,180.6160,202.8593,193.5801
2010-10-22 01:00:00,Casey,196.2504,171.5195,194.6017
2010-10-22 02:00:00,Casey,202.4412,180.6160,196.3647
2010-10-22 03:00:00,Casey,193.6595,196.2504,199.8551
2010-10-22 04:00:00,Casey,218.7163,202.4412,202.7200
2010-10-22 05:00:00,Casey,230.2865,193.6595,201.4258
2010-10-22 06:00:00,Casey,199.0730,218.7163,208.4237
2010-10-22 07:00:00,Casey,202.5006,230.2865,207.9167
2010-10-22 08:00:00,Casey,198.8517,199.0730,209.2996
2010-10-22 09:00:00,Casey,206.5541,202.5006,210.9330
2010-10-22 10:00:00,Casey,216.7089,198.8517,212.0912
2010-10-22 11:00:00,Casey,197.9387,206.5541,215.0552
2010-10-22 12:00:00,Casey,206.0513,216.7089,211.9691
2010-10-22 13:00:00,Casey,208.7196,197.9387,204.7563
2010-10-22 14:00:00,Casey,191.4846,206.0513,201.0417
2010-10-22 15:00:00,Casey,184.5378,208.7196,200.2651
2010-10-22 16:00:00,Casey,196.5782,191.4846,209.5070
2010-10-22 17:00:00,Casey,239.8955,184.5378,219.9214
2010-10-22 18:00:00,Casey,263.0944,196.5782,224.1373
2010-10-22 19:00:00,Casey,268.6838,239.8955,225.0641
2010-10-22 20:00:00,Casey,236.3923,263.0944,215.1765
2010-10-22 21:00:00,Casey,226.9720,268.6838,211.3149
2010-10-22 22:00:00,Casey,197.7562,236.3923,201.5126
2010-10-22 23:00:00,Casey,181.2503,226.9720,198.5163
2010-10-23 00:00:00,Casey,210.0713,197.7562,197.4274
2010-10-23 01:00:00,Casey,193.5753,181.2503,194.3120
2010-10-23 02:00:00,Casey,194.8863,210.0713,193.3879
2010-10-23 03:00:00,Casey,255.7004,193.5753,200.1350
2010-10-23 04:00:00,Casey,211.5747,194.8863,208.7128
2010-10-23 05:00:00,Casey,188.8536,255.7004,210.6010
2010-10-23 06:00:00,Casey,202.1061,211.5747,208.0589
2010-10-23 07:00:00,Casey,209.0464,188.8536,207.7204
2010-10-23 08:00:00,Casey,207.1052,202.1061,207.1180
2010-10-23 09:00:00,Casey,185.0345,209.0464,209.3585
2010-10-23 10:00:00,Casey,217.2571,207.1052,211.1329
2010-10-23 11:00:00,Casey,220.6995,185.0345,215.6950
2010-10-23 12:00:00,Casey,204.5944,217.2571,213.7602
2010-10-23 13:00:00,Casey,198.2881,220.6995,207.1239
2010-10-23 14:00:00,Casey,188.6349,204.5944,205.2038
2010-10-23 15:00:00,Casey,190.9133,198.2881,204.6574
2010-10-23 16:00:00,Casey,212.6639,188.6349,211.3599
2010-10-23 17:00:00,Casey,234.5552,190.9133,224.0869
2010-10-23 18:00:00,Casey,218.2445,212.6639,232.1497
2010-10-23 19:00:00,Casey,218.2150,234.5552,223.2765
2010-10-23 20:00:00,Casey,224.9902,218.2445,213.3818
2010-10-23 21:00:00,Casey,214.2937,218.2150,212.9942
2010-10-23 22:00:00,Casey,203.5685,224.9902,204.7653
2010-10-23 23:00:00,Casey,198.4046,214.2937,198.7124
2010-10-24 00:00:00,Casey,200.9819,203.5685,194.1972
2010-10-24 01:00:00,Casey,181.4117,198.4046,195.2325
2010-10-24 02:00:00,Casey,211.8220,200.9819,194.3158
2010-10-24 03:00:00,Casey,190.2417,181.4117,198.2168
2010-10-24 04:00:00,Casey,197.1181,211.8220,204.6508
2010-10-24 05:00:00,Casey,240.4788,190.2417,201.6664
2010-10-24 06:00:00,Casey,225.0278,197.1181,207.6273
2010-10-24 07:00:00,Casey,199.9946,240.4788,207.4643
2010-10-24 08:00:00,Casey,199.8839,225.0278,205.9581
2010-10-24 09:00:00,Casey,207.7881,199.9946,210.5427
2010-10-24 10:00:00,Casey,214.3825,199.8839,211.1102
2010-10-24 11:00:00,Casey,195.8159,207.7881,214.9535
2010-10-24 12:00:00,Casey,246.7681,214.3825,213.9285
2010-10-24 13:00:00,Casey,215.0623,195.8159,207.4531
2010-10-24 14:00:00,Casey,187.0286,246.7681,203.2596
2010-10-24 15:00:00,Casey,205.0110,215.0623,205.1616
2010-10-24 16:00:00,Casey,196.1378,187.0286,212.4879
2010-10-24 17:00:00,Casey,241.6034,205.0110,223.2473
2010-10-24 18:00:00,Casey,240.8161,196.1378,227.8087
2010-10-24 19:00:00,Casey,214.7033,241.6034,227.2999
2010-10-24 20:00:00,Casey,212.7733,240.8161,212.1684
2010-10-24 21:00:00,Casey,240.6233,214.7033,211.3467
2010-10-24 22:00:00,Casey,191.5419,212.7733,204.3965
2010-10-24 23:00:00,Casey,195.1751,240.6233,198.7767
2010-10-25 00:00:00,Casey,219.4679,191.5419,196.4346
2010-10-25 01:00:00,Casey,216.0748,195.1751,195.3547
2010-10-25 02:00:00,Casey,177.8944,219.4679,199.5249
2010-10-25 03:00:00,Casey,189.4295,216.0748,200.9656
2010-10-25 04:00:00,Casey,231.3250,177.8944,203.5308
2010-10-25 05:00:00,Casey,210.3948,189.4295,204.4591
2010-10-25 06:00:00,Casey,225.3590,231.3250,211.7385
2010-10-25 07:00:00,Casey,203.4218,210.3948,209.6570
2010-10-25 08:00:00,Casey,191.4899,225.3590,207.5995
2010-10-25 09:00:00,Casey,201.1486,203.4218,209.0679
2010-10-25 10:00:00,Casey,228.4897,191.4899,212.3817
2010-10-25 11:00:00,Casey,219.9231,201.1486,216.3441
2010-10-25 12:00:00,Casey,233.0612,228.4897,215.9605
2010-10-25 13:00:00,Casey,223.2213,219.9231,210.2248
2010-10-25 14:00:00,Casey,186.6160,233.0612,205.3954
2010-10-25 15:00:00,Casey,197.8819,223.2213,205.9020
2010-10-25 16:00:00,Casey,229.2974,186.6160,214.0699
2010-10-25 17:00:00,Casey,240.5829,197.8819,227.5711
2010-10-25 18:00:00,Casey,240.9098,229.2974,235.2590
2010-10-25 19:00:00,Casey,211.0028,240.5829,231.2704
2010-10-25 20:00:00,Casey,215.9696,240.9098,218.5249
2010-10-25 21:00:00,Casey,213.2017,211.0028,214.5105
2010-10-25 22:00:00,Casey,217.7423,215.9696,205.8915
2010-10-25 23:00:00,Casey,192.4377,213.2017,198.3781
2010-10-26 00:00:00,Casey,181.6895,217.7423,197.0842
2010-10-26 01:00:00,Casey,184.0845,192.4377,196.3266
2010-10-26 02:00:00,Casey,209.7432,181.6895,196.8253
2010-10-26 03:00:00,Casey,202.0829,184.0845,200.1063
2010-10-26 04:00:00,Casey,218.0265,209.7432,202.5163
2010-10-26 05:00:00,Casey,239.1365,202.0829,204.8606
2010-10-26 06:00:00,Casey,200.2983,218.0265,211.0682
2010-10-26 07:00:00,Casey,210.8079,239.1365,206.8174
2010-10-26 08:00:00,Casey,187.1625,200.2983,207.1805
2010-10-26 09:00:00,Casey,215.4128,210.8079,210.7794
2010-10-26 10:00:00,Casey,199.1163,187.1625,211.9344
2010-10-26 11:00:00,Casey,221.5449,215.4128,216.6598
2010-10-26 12:00:00,Casey,218.1962,199.1163,216.2758
2010-10-26 13:00:00,Casey,187.1783,221.5449,209.2067
2010-10-26 14:00:00,Casey,215.7120,218.1962,205.0895
2010-10-26 15:00:00,Casey,204.1173,187.1783,204.8878
2010-10-26 16:00:00,Casey,204.4667,215.7120,213.0453
2010-10-26 17:00:00,Casey,236.6520,204.1173,221.8922
2010-10-26 18:00:00,Casey,228.3301,204.4667,229.7710
2010-10-26 19:00:00,Casey,219.5061,236.6520,224.7250
2010-10-26 20:00:00,Casey,208.9452,228.3301,212.1909
2010-10-26 21:00:00,Casey,173.8758,219.5061,212.3519
2010-10-26 22:00:00,Casey,197.1717,208.9452,201.6296
2010-10-26 23:00:00,Casey,193.7820,173.8758,197.1309
2010-10-27 00:00:00,Casey,192.4609,197.1717,192.6978
2010-10-27 01:00:00,Casey,177.5094,193.7820,192.8193
2010-10-27 02:00:00,Casey,202.0784,192.4609,194.2999
2010-10-27 03:00:00,Casey,193.1017,177.5094,199.0219
2010-10-27 04:00:00,Casey,218.8653,202.0784,200.9682
2010-10-27 05:00:00,Casey,210.3693,193.1017,203.2144
2010-10-27 06:00:00,Casey,209.6667,218.8653,208.0276
2010-10-27 07:00:00,Casey,203.1057,210.3693,206.4262
2010-10-27 08:00:00,Casey,211.9886,209.6667,205.3876
2010-10-27 09:00:00,Casey,202.9735,203.1057,209.1291
2010-10-27 10:00:00,Casey,186.7443,211.9886,209.6581
2010-10-27 11:00:00,Casey,247.5460,202.9735,212.1407
2010-10-27 12:00:00,Casey,209.4468,186.7443,215.9079
2010-10-27 13:00:00,Casey,219.8176,247.5460,204.9943
2010-10-27 14:00:00,Casey,194.8483,209.4468,204.8676
2010-10-27 15:00:00,Casey,216.1099,219.8176,204.5790
2010-10-27 16:00:00,Casey,221.4755,194.8483,211.8856
2010-10-27 17:00:00,Casey,244.9308,216.1099,222.4009
2010-10-27 18:00:00,Casey,220.5261,221.4755,229.9796
2010-10-27 19:00:00,Casey,201.4643,244.9308,222.9601
2010-10-27 20:00:00,Casey,234.0235,220.5261,211.7466
2010-10-27 21:00:00,Casey,190.4021,201.4643,212.3661
2010-10-27 22:00:00,Casey,207.9824,234.0235,205.0065
2010-10-27 23:00:00,Casey,205.6672,190.4021,197.1778
2010-10-28 00:00:00,Casey,202.0570,207.9824,192.9011
2010-10-28 01:00:00,Casey,207.7322,205.6672,193.7995
2010-10-28 02:00:00,Casey,198.5266,202.0570,195.6489
2010-10-28 03:00:00,Casey,205.8116,207.7322,200.7914
2010-10-28 04:00:00,Casey,180.9110,198.5266,202.9545
2010-10-28 05:00:00,Casey,209.3171,205.8116,204.0306
2010-10-28 06:00:00,Casey,185.1240,180.9110,209.6200
2010-10-28 07:00:00,Casey,195.5485,209.3171,209.9026
2010-10-28 08:00:00,Casey,212.0945,185.1240,208.0118
2010-10-28 09:00:00,Casey,225.4882,195.5485,210.8469
2010-10-28 10:00:00,Casey,214.4688,212.0945,213.3839
2010-10-28 11:00:00,Casey,228.2438,225.4882,213.0210
2010-10-28 12:00:00,Casey,230.4463,214.4688,216.3985
2010-10-28 13:00:00,Casey,220.0054,228.2438,208.0921
2010-10-28 14:00:00,Casey,187.5985,230.4463,205.7789
2010-10-28 15:00:00,Casey,199.9981,220.0054,205.6182
2010-10-28 16:00:00,Casey,219.2973,187.5985,213.8659
2010-10-28 17:00:00,Casey,216.2578,199.9981,224.1269
2010-10-28 18:00:00,Casey,200.1933,219.2973,229.0383
2010-10-28 19:00:00,Casey,231.5433,216.2578,221.9645
2010-10-28 20:00:00,Casey,179.1442,200.1933,212.9360
2010-10-28 21:00:00,Casey,200.6066,231.5433,209.2335
2010-10-28 22:00:00,Casey,211.7125,179.1442,201.5391
2010-10-28 23:00:00,Casey,208.2507,200.6066,196.5683
2010-10-29 00:00:00,Casey,193.8312,211.7125,193.5148
2010-10-29 01:00:00,Casey,168.4525,208.2507,193.4921
2010-10-29 02:00:00,Casey,174.1517,193.8312,194.4377
2010-10-29 03:00:00,Casey,194.4740,168.4525,196.6349
2010-10-29 04:00:00,Casey,198.2744,174.1517,198.3961
2010-10-29 05:00:00,Casey,215.1399,194.4740,200.5807
2010-10-29 06:00:00,Casey,209.3510,198.2744,207.0719
2010-10-29 07:00:00,Casey,249.8905,215.1399,205.4866
2010-10-29 08:00:00,Casey,196.3185,209.3510,208.1453
2010-10-29 09:00:00,Casey,195.2990,249.8905,207.9244
2010-10-29 10:00:00,Casey,202.2443,196.3185,211.4181
2010-10-29 11:00:00,Casey,231.5630,195.2990,214.7473
2010-10-29 12:00:00,Casey,230.7020,202.2443,214.8929
2010-10-29 13:00:00,Casey,211.0226,231.5630,207.9541
2010-10-29 14:00:00,Casey,229.3140,230.7020,204.3459
2010-10-29 15:00:00,Casey,217.6672,211.0226,205.3420
2010-10-29 16:00:00,Casey,217.4451,229.3140,212.4496
2010-10-29 17:00:00,Casey,227.5941,217.6672,223.5397
2010-10-29 18:00:00,Casey,231.9697,217.4451,227.7340
2010-10-29 19:00:00,Casey,229.9170,227.5941,224.7418
2010-10-29 20:00:00,Casey,195.2890,231.9697,213.4713
2010-10-29 21:00:00,Casey,224.3881,229.9170,209.3640
2010-10-29 22:00:00,Casey,203.2405,195.2890,204.5364
2010-10-29 23:00:00,Casey,195.0907,224.3881,199.0652
2010-10-30 00:00:00,Casey,212.1389,203.2405,196.1758
2010-10-30 01:00:00,Casey,188.1235,195.0907,193.9798
2010-10-30 02:00:00,Casey,189.1327,212.1389,195.3698
2010-10-30 03:00:00,Casey,224.4187,188.1235,198.5944
2010-10-30 04:00:00,Casey,224.0010,189.1327,208.7600
2010-10-30 05:00:00,Casey,199.8922,224.4187,209.7023
2010-10-30 06:00:00,Casey,175.2373,224.0010,210.3049
2010-10-30 07:00:00,Casey,219.2817,199.8922,210.9589
2010-10-30 08:00:00,Casey,196.0506,175.2373,209.0954
2010-10-30 09:00:00,Casey,183.5630,219.2817,209.0038
2010-10-30 10:00:00,Casey,221.2767,196.0506,210.6339
2010-10-30 11:00:00,Casey,219.3083,183.5630,214.7628
2010-10-30 12:00:00,Casey,221.0466,221.2767,215.2691
2010-10-30 13:00:00,Casey,208.1662,219.3083,205.8004
2010-10-30 14:00:00,Casey,191.2752,221.0466,206.4774
2010-10-30 15:00:00,Casey,202.4982,208.1662,206.9799
2010-10-30 16:00:00,Casey,200.4496,191.2752,212.8753
2010-10-30 17:00:00,Casey,236.8578,202.4982,223.8941
2010-10-30 18:00:00,Casey,234.9094,200.4496,228.8092
2010-10-30 19:00:00,Casey,214.9390,236.8578,223.8033
2010-10-30 20:00:00,Casey,220.9658,234.9094,213.3981
2010-10-30 21:00:00,Casey,215.0521,214.9390,210.9781
2010-10-30 22:00:00,Casey,224.1097,220.9658,205.9494
2010-10-30 23:00:00,Casey,209.6280,215.0521,200.7689
2010-10-31 00:00:00,Casey,211.2516,224.1097,195.3569
2010-10-31 01:00:00,Casey,172.4093,209.6280,195.9028
2010-10-31 02:00:00,Casey,198.1830,211.2516,192.6259
2010-10-31 03:00:00,Casey,202.1069,172.4093,198.7977
2010-10-31 04:00:00,Casey,197.6175,198.1830,204.7079
2010-10-31 05:00:00,Casey,198.9625,202.1069,204.8558
2010-10-31 06:00:00,Casey,207.9170,197.6175,208.7583
2010-10-31 07:00:00,Casey,194.4242,198.9625,206.6174
2010-10-31 08:00:00,Casey,229.9354,207.9170,208.3010
2010-10-31 09:00:00,Casey,208.5393,194.4242,210.2906
2010-10-31 10:00:00,Casey,194.6133,229.9354,210.9692
2010-10-31 11:00:00,Casey,202.0896,208.5393,214.6052
2010-10-31 12:00:00,Casey,219.6595,194.6133,216.4784
2010-10-31 13:00:00,Casey,193.1009,202.0896,208.7542
2010-10-31 14:00:00,Casey,230.3556,219.6595,204.0420
2010-10-31 15:00:00,Casey,227.7688,193.1009,205.1189
2010-10-31 16:00:00,Casey,237.2759,230.3556,213.2728
2010-10-31 17:00:00,Casey,203.5098,227.7688,222.3891
2010-10-31 18:00:00,Casey,200.4198,237.2759,225.0101
2010-10-31 19:00:00,Casey,247.8784,203.5098,222.4844
2010-10-31 20:00:00,Casey,231.4320,200.4198,215.0942
2010-10-31 21:00:00,Casey,213.2662,247.8784,213.7139
2010-10-31 22:00:00,Casey,203.2035,231.4320,204.2706
2010-10-31 23:00:00,Casey,192.9189,213.2662,197.7591
2010-11-01 00:00:00,Casey,190.9711,203.2035,195.4270
2010-11-01 01:00:00,Casey,192.4702,192.9189,197.8192
2010-11-01 02:00:00,Casey,181.3060,190.9711,195.1396
2010-11-01 03:00:00,Casey,192.1497,192.4702,199.6957
2010-11-01 04:00:00,Casey,217.3878,181.3060,202.0841
2010-11-01 05:00:00,Casey,215.6633,192.1497,203.6610
2010-11-01 06:00:00,Casey,205.9276,217.3878,207.3107
2010-11-01 07:00:00,Casey,184.4157,215.6633,208.1740
2010-11-01 08:00:00,Casey,225.0272,205.9276,206.0297
2010-11-01 09:00:00,Casey,191.3581,184.4157,209.5341
2010-11-01 10:00:00,Casey,210.4550,225.0272,212.0814
2010-11-01 11:00:00,Casey,232.1174,191.3581,214.8782
2010-11-01 12:00:00,Casey,190.6717,210.4550,217.4327
2010-11-01 13:00:00,Casey,189.2831,232.1174,207.6713
2010-11-01 14:00:00,Casey,214.2672,190.6717,203.9865
2010-11-01 15:00:00,Casey,209.8477,189.2831,206.8222
2010-11-01 16:00:00,Casey,205.5833,214.2672,211.1826
2010-11-01 17:00:00,Casey,213.2192,209.8477,222.7145
2010-11-01 18:00:00,Casey,224.5810,205.5833,222.0726
2010-11-01 19:00:00,Casey,222.3712,213.2192,219.3769
2010-11-01 20:00:00,Casey,195.6545,224.5810,213.0693
2010-11-01 21:00:00,Casey,199.0795,222.3712,207.8868
2010-11-01 22:00:00,Casey,199.8704,195.6545,199.7860
2010-11-01 23:00:00,Casey,204.2976,199.0795,195.5288
2010-11-02 00:00:00,Casey,187.6472,199.8704,190.5802
2010-11-02 01:00:00,Casey,183.2567,204.2976,190.7901
2010-11-02 02:00:00,Casey,201.5407,187.6472,192.9171
2010-11-02 03:00:00,Casey,198.1586,183.2567,196.7463
2010-11-02 04:00:00,Casey,206.9686,201.5407,201.4236
2010-11-02 05:00:00,Casey,202.0788,198.1586,202.1381
2010-11-02 06:00:00,Casey,196.6520,206.9686,207.8950
2010-11-02 07:00:00,Casey,177.6414,202.0788,203.3055
2010-11-02 08:00:00,Casey,214.8896,196.6520,199.8636
2010-11-02 09:00:00,Casey,224.0258,177.6414,205.4464
2010-11-02 10:00:00,Casey,197.5152,214.8896,209.7072
2010-11-02 11:00:00,Casey,202.1091,224.0258,209.1653
2010-11-02 12:00:00,Casey,217.1423,197.5152,209.0405
2010-11-02 13:00:00,Casey,232.8043,202.1091,201.9125
2010-11-02 14:00:00,Casey,226.7363,217.1423,205.2138
2010-11-02 15:00:00,Casey,204.8503,232.8043,206.6302
2010-11-02 16:00:00,Casey,220.0031,226.7363,210.3777
2010-11-02 17:00:00,Casey,224.6997,204.8503,221.7681
2010-11-02 18:00:00,Casey,210.4037,220.0031,223.2380
2010-11-02 19:00:00,Casey,215.1328,224.6997,221.7043
2010-11-02 20:00:00,Casey,214.7300,210.4037,211.4765
2010-11-02 21:00:00,Casey,221.7446,215.1328,208.6835
2010-11-02 22:00:00,Casey,209.6132,214.7300,202.6029
2010-11-02 23:00:00,Casey,173.8958,221.7446,197.2906
2010-11-03 00:00:00,Casey,214.4288,209.6132,192.5269
2010-11-03 01:00:00,Casey,191.9418,173.8958,191.2930
2010-11-03 02:00:00,Casey,207.0750,214.4288,197.4393
2010-11-03 03:00:00,Casey,206.8667,191.9418,199.7061
2010-11-03 04:00:00,Casey,212.0735,207.0750,203.4603
2010-11-03 05:00:00,Casey,191.2197,206.8667,203.8544
2010-11-03 06:00:00,Casey,199.4291,212.0735,208.3469
2010-11-03 07:00:00,Casey,194.7895,191.2197,208.0724
2010-11-03 08:00:00,Casey,209.8452,199.4291,205.7868
2010-11-03 09:00:00,Casey,181.4736,194.7895,211.2376
2010-11-03 10:00:00,Casey,189.1163,209.8452,212.4038
2010-11-03 11:00:00,Casey,231.7458,181.4736,212.3495
2010-11-03 12:00:00,Casey,238.9950,189.1163,215.9334
2010-11-03 13:00:00,Casey,193.8771,231.7458,206.0653
2010-11-03 14:00:00,Casey,208.9334,238.9950,205.2316
2010-11-03 15:00:00,Casey,195.7758,193.8771,205.5768
2010-11-03 16:00:00,Casey,199.6487,208.9334,210.1819
2010-11-03 17:00:00,Casey,230.1528,195.7758,219.5596
2010-11-03 18:00:00,Casey,219.5413,199.6487,227.7948
2010-11-03 19:00:00,Casey,227.7642,230.1528,219.1888
2010-11-03 20:00:00,Casey,204.1973,219.5413,211.3615
2010-11-03 21:00:00,Casey,239.5586,227.7642,209.5858
2010-11-03 22:00:00,Casey,210.6336,204.1973,203.7622
2010-11-03 23:00:00,Casey,197.3765,239.5586,198.3262
2010-11-04 00:00:00,Casey,203.3996,210.6336,194.6470
2010-11-04 01:00:00,Casey,186.6400,197.3765,197.3237
2010-11-04 02:00:00,Casey,193.5830,203.3996,197.9250
2010-11-04 03:00:00,Casey,210.5664,186.6400,197.9175
2010-11-04 04:00:00,Casey,189.2996,193.5830,203.5351
2010-11-04 05:00:00,Casey,177.0465,210.5664,201.6672
2010-11-04 06:00:00,Casey,204.4090,189.2996,206.7612
2010-11-04 07:00:00,Casey,204.2596,177.0465,205.7591
2010-11-04 08:00:00,Casey,206.6626,204.4090,205.4345
2010-11-04 09:00:00,Casey,207.4076,204.2596,209.6584
2010-11-04 10:00:00,Casey,211.3044,206.6626,210.0457
2010-11-04 11:00:00,Casey,201.6522,207.4076,213.1728
2010-11-04 12:00:00,Casey,235.2017,211.3044,212.6785
2010-11-04 13:00:00,Casey,223.0129,201.6522,208.9901
2010-11-04 14:00:00,Casey,206.4311,235.2017,204.8323
2010-11-04 15:00:00,Casey,208.7752,223.0129,205.8141
2010-11-04 16:00:00,Casey,206.8312,206.4311,212.9222
2010-11-04 17:00:00,Casey,274.9328,208.7752,222.7779
2010-11-04 18:00:00,Casey,243.7420,206.8312,227.3363
2010-11-04 19:00:00,Casey,239.1347,274.9328,225.9881
2010-11-04 20:00:00,Casey,198.1794,243.7420,215.8244
2010-11-04 21:00:00,Casey,219.2982,239.1347,209.3980
2010-11-04 22:00:00,Casey,223.3289,198.1794,206.3806
2010-11-04 23:00:00,Casey,198.3437,219.2982,199.9317
2010-11-05 00:00:00,Casey,197.7472,223.3289,193.4888
2010-11-05 01:00:00,Casey,191.3335,198.3437,195.3608
2010-11-05 02:00:00,Casey,193.8757,197.7472,193.9667
2010-11-05 03:00:00,Casey,206.1586,191.3335,198.4810
2010-11-05 04:00:00,Casey,197.8517,193.8757,204.8438
2010-11-05 05:00:00,Casey,196.9572,206.1586,202.9673
2010-11-05 06:00:00,Casey,185.2593,197.8517,207.7313
2010-11-05 07:00:00,Casey,200.2923,196.9572,207.6684
2010-11-05 08:00:00,Casey,206.8030,185.2593,206.6306
2010-11-05 09:00:00,Casey,200.8390,200.2923,209.5912
2010-11-05 10:00:00,Casey,223.2909,206.8030,212.4236
2010-11-05 11:00:00,Casey,209.0532,200.8390,214.3600
2010-11-05 12:00:00,Casey,241.1820,223.2909,213.7172
2010-11-05 13:00:00,Casey,239.6805,209.0532,209.6393
2010-11-05 14:00:00,Casey,231.2989,241.1820,208.3971
2010-11-05 15:00:00,Casey,202.9327,239.6805,209.6047
2010-11-05 16:00:00,Casey,207.8678,231.2989,216.2434
2010-11-05 17:00:00,Casey,223.7491,202.9327,221.9726
2010-11-05 18:00:00,Casey,235.5026,207.8678,228.4436
2010-11-05 19:00:00,Casey,220.7767,223.7491,226.7330
2010-11-05 20:00:00,Casey,223.0132,235.5026,214.1355
2010-11-05 21:00:00,Casey,172.1130,220.7767,209.7145
2010-11-05 22:00:00,Casey,224.5068,223.0132,203.2677
2010-11-05 23:00:00,Casey,189.1115,172.1130,200.5574
2010-11-06 00:00:00,Casey,220.2916,224.5068,192.0485
2010-11-06 01:00:00,Casey,172.1656,189.1115,193.9180
2010-11-06 02:00:00,Casey,180.9718,220.2916,193.4612
2010-11-06 03:00:00,Casey,225.0223,172.1656,196.8860
2010-11-06 04:00:00,Casey,206.8694,180.9718,203.7739
2010-11-06 05:00:00,Casey,201.4032,225.0223,201.4233
2010-11-06 06:00:00,Casey,226.3622,206.8694,207.4264
2010-11-06 07:00:00,Casey,195.6345,201.4032,207.3861
2010-11-06 08:00:00,Casey,186.7143,226.3622,206.1006
2010-11-06 09:00:00,Casey,217.5931,195.6345,209.2885
2010-11-06 10:00:00,Casey,249.0917,186.7143,211.4373
2010-11-06 11:00:00,Casey,203.8355,217.5931,219.0815
2010-11-06 12:00:00,Casey,290.2982,249.0917,215.4278
2010-11-06 13:00:00,Casey,207.9839,203.8355,213.9552
2010-11-06 14:00:00,Casey,180.4075,290.2982,207.6670
2010-11-06 15:00:00,Casey,223.3026,207.9839,204.5911
2010-11-06 16:00:00,Casey,246.1476,180.4075,214.0254
2010-11-06 17:00:00,Casey,209.5084,223.3026,228.7642
2010-11-06 18:00:00,Casey,291.0622,246.1476,227.7318
2010-11-06 19:00:00,Casey,228.7628,209.5084,230.5834
2010-11-06 20:00:00,Casey,191.7114,291.0622,216.7688
2010-11-06 21:00:00,Casey,208.1043,228.7628,211.1697
2010-11-06 22:00:00,Casey,185.7964,191.7114,204.7278
2010-11-06 23:00:00,Casey,196.1481,208.1043,199.1894
2010-11-07 00:00:00,Casey,207.7337,185.7964,197.4556
2010-11-07 01:00:00,Casey,199.7000,196.1481,193.3086
2010-11-07 02:00:00,Casey,197.7169,207.7337,197.9273
2010-11-07 03:00:00,Casey,190.9489,199.7000,204.2237
2010-11-07 04:00:00,Casey,214.1552,197.7169,208.0258
2010-11-07 05:00:00,Casey,205.7980,190.9489,207.7162
2010-11-07 06:00:00,Casey,212.9457,214.1552,209.5940
2010-11-07 07:00:00,Casey,204.2520,205.7980,210.6895
2010-11-07 08:00:00,Casey,188.8678,212.9457,208.6250
2010-11-07 09:00:00,Casey,201.3576,204.2520,211.7352
2010-11-07 10:00:00,Casey,202.0085,188.8678,213.2184
2010-11-07 11:00:00,Casey,210.8605,201.3576,215.0607
2010-11-07 12:00:00,Casey,198.5396,202.0085,214.9020
2010-11-07 13:00:00,Casey,186.2091,210.8605,207.7679
2010-11-07 14:00:00,Casey,198.1447,198.5396,205.2154
2010-11-07 15:00:00,Casey,198.2640,186.2091,205.5962
2010-11-07 16:00:00,Casey,251.5402,198.1447,212.9303
2010-11-07 17:00:00,Casey,212.6234,198.2640,224.4635
2010-11-07 18:00:00,Casey,225.3991,251.5402,225.2316
2010-11-07 19:00:00,Casey,235.8210,212.6234,221.6117
2010-11-07 20:00:00,Casey,174.7406,225.3991,214.5697
2010-11-07 21:00:00,Casey,219.2958,235.8210,207.3602
2010-11-07 22:00:00,Casey,209.8126,174.7406,201.4888
2010-11-07 23:00:00,Casey,202.7252,219.2958,195.7910
2010-11-08 00:00:00,Casey,214.8865,209.8126,191.9142
2010-11-08 01:00:00,Casey,186.1854,202.7252,192.1437
2010-11-08 02:00:00,Casey,202.6997,214.8865,192.3103
2010-11-08 03:00:00,Casey,179.0698,186.1854,197.2792
2010-11-08 04:00:00,Casey,214.6769,202.6997,202.8917
2010-11-08 05:00:00,Casey,193.9233,179.0698,202.8161
2010-11-08 06:00:00,Casey,221.6342,214.6769,207.9886
2010-11-08 07:00:00,Casey,223.8987,193.9233,207.7081
2010-11-08 08:00:00,Casey,197.7767,221.6342,206.2836
2010-11-08 09:00:00,Casey,219.1240,223.8987,210.1140
2010-11-08 10:00:00,Casey,220.2860,197.7767,210.1272
2010-11-08 11:00:00,Casey,218.3367,219.1240,215.8970
2010-11-08 12:00:00,Casey,244.1050,220.2860,215.5719
2010-11-08 13:00:00,Casey,224.0998,218.3367,207.2809
2010-11-08 14:00:00,Casey,209.8721,244.1050,202.9102
2010-11-08 15:00:00,Casey,222.1383,224.0998,206.6493
2010-11-08 16:00:00,Casey,217.6040,209.8721,213.9348
2010-11-08 17:00:00,Casey,211.8018,222.1383,225.1997
2010-11-08 18:00:00,Casey,225.2671,217.6040,224.9037
2010-11-08 19:00:00,Casey,237.0538,211.8018,227.6092
2010-11-08 20:00:00,Casey,219.9779,225.2671,212.7545
2010-11-08 21:00:00,Casey,237.2910,237.0538,210.8008
2010-11-08 22:00:00,Casey,213.1135,219.9779,207.4818
2010-11-08 23:00:00,Casey,208.1302,237.2910,198.7169
2010-11-09 00:00:00,Casey,201.6520,213.1135,199.9347
2010-11-09 01:00:00,Casey,195.0601,208.1302,199.1620
2010-11-09 02:00:00,Casey,190.1845,201.6520,199.8260
2010-11-09 03:00:00,Casey,186.0630,195.0601,203.4532
2010-11-09 04:00:00,Casey,201.4008,190.1845,209.2554
2010-11-09 05:00:00,Casey,196.7439,186.0630,207.0569
2010-11-09 06:00:00,Casey,218.1808,201.4008,210.4489
2010-11-09 07:00:00,Casey,229.9590,196.7439,211.1164
2010-11-09 08:00:00,Casey,234.9289,218.1808,211.6616
2010-11-09 09:00:00,Casey,205.5426,229.9590,214.4118
2010-11-09 10:00:00,Casey,187.6464,234.9289,215.4445
2010-11-09 11:00:00,Casey,196.6078,205.5426,217.1805
2010-11-09 12:00:00,Casey,229.9699,187.6464,219.3100
2010-11-09 13:00:00,Casey,192.1091,196.6078,209.8562
2010-11-09 14:00:00,Casey,187.1535,229.9699,206.7579
2010-11-09 15:00:00,Casey,203.3419,192.1091,206.2846
2010-11-09 16:00:00,Casey,200.5809,187.1535,212.7398
2010-11-09 17:00:00,Casey,237.2353,203.3419,220.2038
2010-11-09 18:00:00,Casey,194.4885,200.5809,224.7507
2010-11-09 19:00:00,Casey,232.9417,237.2353,220.7303
2010-11-09 20:00:00,Casey,218.4569,194.4885,210.4812
2010-11-09 21:00:00,Casey,188.1785,232.9417,209.3697
2010-11-09 22:00:00,Casey,207.2610,218.4569,200.4298
2010-11-09 23:00:00,Casey,205.2661,188.1785,199.0715
2010-11-10 00:00:00,Casey,200.1090,207.2610,191.4351
2010-11-10 01:00:00,Casey,197.4474,205.2661,191.2872
2010-11-10 02:00:00,Casey,213.5247,200.1090,192.7043
2010-11-10 03:00:00,Casey,208.2948,197.4474,198.4383
2010-11-10 04:00:00,Casey,193.2440,213.5247,203.6236
2010-11-10 05:00:00,Casey,182.8218,208.2948,202.2061
2010-11-10 06:00:00,Casey,225.9304,193.2440,207.1055
2010-11-10 07:00:00,Casey,204.8427,182.8218,208.0267
2010-11-10 08:00:00,Casey,212.6943,225.9304,207.6486
2010-11-10 09:00:00,Casey,195.2368,204.8427,210.0623
2010-11-10 10:00:00,Casey,211.8449,212.6943,209.0046
2010-11-10 11:00:00,Casey,235.0904,195.2368,211.0359
2010-11-10 12:00:00,Casey,200.1263,211.8449,214.7786
2010-11-10 13:00:00,Casey,225.0529,235.0904,205.9204
2010-11-10 14:00:00,Casey,195.4278,200.1263,203.9166
2010-11-10 15:00:00,Casey,211.8722,225.0529,204.1075
2010-11-10 16:00:00,Casey,188.1445,195.4278,212.9404
2010-11-10 17:00:00,Casey,192.7615,211.8722,221.8599
2010-11-10 18:00:00,Casey,261.3217,188.1445,227.7544
2010-11-10 19:00:00,Casey,263.5118,192.7615,221.8339
2010-11-10 20:00:00,Casey,218.3740,261.3217,212.6252
2010-11-10 21:00:00,Casey,194.6706,263.5118,211.5568
2010-11-10 22:00:00,Casey,196.0168,218.3740,201.7704
2010-11-10 23:00:00,Casey,197.8026,194.6706,199.5926
2010-11-11 00:00:00,Casey,201.5466,196.0168,196.0896
2010-11-11 01:00:00,Casey,195.2917,197.8026,191.2210
2010-11-11 02:00:00,Casey,198.6975,201.5466,194.0301
2010-11-11 03:00:00,Casey,215.6935,195.2917,200.4384
2010-11-11 04:00:00,Casey,190.4769,198.6975,203.4524
2010-11-11 05:00:00,Casey,221.0920,215.6935,201.8688
2010-11-11 06:00:00,Casey,178.6955,190.4769,207.6131
2010-11-11 07:00:00,Casey,197.2541,221.0920,208.1522
2010-11-11 08:00:00,Casey,188.7709,178.6955,206.9626
2010-11-11 09:00:00,Casey,196.1439,197.2541,209.7009
2010-11-11 10:00:00,Casey,220.6599,188.7709,211.3446
2010-11-11 11:00:00,Casey,204.5584,196.1439,214.7376
2010-11-11 12:00:00,Casey,251.5551,220.6599,216.0066
2010-11-11 13:00:00,Casey,180.9786,204.5584,208.5723
2010-11-11 14:00:00,Casey,241.7490,251.5551,202.0061
2010-11-11 15:00:00,Casey,200.1308,180.9786,206.8839
2010-11-11 16:00:00,Casey,255.1449,241.7490,212.4921
2010-11-11 17:00:00,Casey,201.4369,200.1308,228.0931
2010-11-11 18:00:00,Casey,224.9914,255.1449,227.5420
2010-11-11 19:00:00,Casey,232.9012,201.4369,223.7050
2010-11-11 20:00:00,Casey,161.1109,224.9914,214.2509
2010-11-11 21:00:00,Casey,205.6691,232.9012,206.7341
2010-11-11 22:00:00,Casey,204.2891,161.1109,201.9591
2010-11-11 23:00:00,Casey,224.6209,205.6691,194.0690
2010-11-12 00:00:00,Casey,194.0101,204.2891,194.5965
2010-11-12 01:00:00,Casey,222.1712,224.6209,194.1946
2010-11-12 02:00:00,Casey,199.0201,194.0101,192.7808
2010-11-12 03:00:00,Casey,166.7771,222.1712,197.2980
2010-11-12 04:00:00,Casey,213.3062,199.0201,202.6060
2010-11-12 05:00:00,Casey,197.8371,166.7771,202.3748
2010-11-12 06:00:00,Casey,226.6496,213.3062,208.6743
2010-11-12 07:00:00,Casey,192.4594,197.8371,205.9904
2010-11-12 08:00:00,Casey,194.8854,226.6496,208.0263
2010-11-12 09:00:00,Casey,251.0977,192.4594,209.8979
2010-11-12 10:00:00,Casey,224.1159,194.8854,213.1620
2010-11-12 11:00:00,Casey,193.6850,251.0977,214.9523
2010-11-12 12:00:00,Casey,231.7002,224.1159,214.1624
2010-11-12 13:00:00,Casey,171.3573,193.6850,211.8268
2010-11-12 14:00:00,Casey,213.2957,231.7002,203.9788
2010-11-12 15:00:00,Casey,195.3095,171.3573,210.5300
2010-11-12 16:00:00,Casey,202.3848,213.2957,212.7414
2010-11-12 17:00:00,Casey,227.1845,195.3095,225.5057
2010-11-12 18:00:00,Casey,248.7843,202.3848,222.9482
2010-11-12 19:00:00,Casey,222.1530,227.1845,224.3655
2010-11-12 20:00:00,Casey,186.2074,248.7843,211.4153
2010-11-12 21:00:00,Casey,241.5534,222.1530,209.3334
2010-11-12 22:00:00,Casey,227.2381,186.2074,201.7751
2010-11-12 23:00:00,Casey,211.6971,241.5534,199.9458
2010-11-13 00:00:00,Casey,202.6631,227.2381,196.6991
2010-11-13 01:00:00,Casey,176.3682,211.6971,196.3146
2010-11-13 02:00:00,Casey,192.4417,202.6631,195.5771
2010-11-13 03:00:00,Casey,180.6409,176.3682,197.0586
2010-11-13 04:00:00,Casey,193.0143,192.4417,204.1124
2010-11-13 05:00:00,Casey,223.7354,180.6409,203.5367
2010-11-13 06:00:00,Casey,206.1473,193.0143,207.8719
2010-11-13 07:00:00,Casey,196.3701,223.7354,208.7504
2010-11-13 08:00:00,Casey,200.0651,206.1473,206.6800
2010-11-13 09:00:00,Casey,207.3888,196.3701,208.1318
2010-11-13 10:00:00,Casey,202.1600,200.0651,210.3404
2010-11-13 11:00:00,Casey,170.8436,207.3888,211.6285
2010-11-13 12:00:00,Casey,204.1225,202.1600,211.7754
2010-11-13 13:00:00,Casey,207.6497,170.8436,208.5404
2010-11-13 14:00:00,Casey,214.1534,204.1225,202.3163
2010-11-13 15:00:00,Casey,193.5356,207.6497,205.7044
2010-11-13 16:00:00,Casey,189.5509,214.1534,209.4653
2010-11-13 17:00:00,Casey,195.4424,193.5356,218.2010
2010-11-13 18:00:00,Casey,218.3856,189.5509,217.5395
2010-11-13 19:00:00,Casey,200.9194,195.4424,219.0085
2010-11-13 20:00:00,Casey,222.5663,218.3856,205.7999
2010-11-13 21:00:00,Casey,209.2500,200.9194,201.4556
2010-11-13 22:00:00,Casey,218.4115,222.5663,198.8144
2010-11-13 23:00:00,Casey,179.9653,209.2500,192.6852
2010-11-14 00:00:00,Casey,213.9913,218.4115,188.6565
2010-11-14 01:00:00,Casey,193.3948,179.9653,189.8369
2010-11-14 02:00:00,Casey,179.8518,213.9913,188.9716
2010-11-14 03:00:00,Casey,216.6704,193.3948,194.5217
2010-11-14 04:00:00,Casey,204.4577,179.8518,196.1945
2010-11-14 05:00:00,Casey,209.8370,216.6704,199.2500
2010-11-14 06:00:00,Casey,217.9726,204.4577,202.2828
2010-11-14 07:00:00,Casey,193.2874,209.8370,200.9892
2010-11-14 08:00:00,Casey,211.9139,217.9726,200.5280
2010-11-14 09:00:00,Casey,224.9493,193.2874,202.0828
2010-11-14 10:00:00,Casey,206.9232,211.9139,209.7528
2010-11-14 11:00:00,Casey,204.7449,224.9493,211.3363
2010-11-14 12:00:00,Casey,199.1680,206.9232,211.3953
2010-11-14 13:00:00,Casey,237.5171,204.7449,205.0666
2010-11-14 14:00:00,Casey,219.9366,199.1680,205.8802
2010-11-14 15:00:00,Casey,193.9527,237.5171,204.5002
2010-11-14 16:00:00,Casey,204.9478,219.9366,210.6625
2010-11-14 17:00:00,Casey,239.1622,193.9527,221.6390
2010-11-14 18:00:00,Casey,211.5785,204.9478,224.3784
2010-11-14 19:00:00,Casey,222.1798,239.1622,220.3449
2010-11-14 20:00:00,Casey,217.0665,211.5785,210.4194
2010-11-14 21:00:00,Casey,190.7643,222.1798,209.2663
2010-11-14 22:00:00,Casey,198.4710,217.0665,202.0682
2010-11-14 23:00:00,Casey,226.0361,190.7643,201.3269
2010-11-15 00:00:00,Casey,208.8724,198.4710,195.2037
2010-11-15 01:00:00,Casey,180.8093,226.0361,194.6481
2010-11-15 02:00:00,Casey,198.4832,208.8724,193.4095
2010-11-15 03:00:00,Casey,195.8409,180.8093,199.9554
2010-11-15 04:00:00,Casey,219.0953,198.4832,203.1528
2010-11-15 05:00:00,Casey,206.1554,195.8409,203.0461
2010-11-15 06:00:00,Casey,204.0794,219.0953,208.8853
2010-11-15 07:00:00,Casey,185.8082,206.1554,209.0272
2010-11-15 08:00:00,Casey,211.3360,204.0794,206.7272
2010-11-15 09:00:00,Casey,197.7879,185.8082,211.3508
2010-11-15 10:00:00,Casey,227.5928,211.3360,213.0987
2010-11-15 11:00:00,Casey,242.0072,197.7879,216.0535
2010-11-15 12:00:00,Casey,204.6079,227.5928,216.5916
2010-11-15 13:00:00,Casey,203.3965,242.0072,207.1523
2010-11-15 14:00:00,Casey,196.7354,204.6079,207.2244
2010-11-15 15:00:00,Casey,199.2733,203.3965,207.6344
2010-11-15 16:00:00,Casey,210.6745,196.7354,210.5611
2010-11-15 17:00:00,Casey,250.1485,199.2733,221.1360
2010-11-15 18:00:00,Casey,218.8513,210.6745,230.1812
2010-11-15 19:00:00,Casey,215.6679,250.1485,220.1626
2010-11-15 20:00:00,Casey,212.2885,218.8513,212.2510
2010-11-15 21:00:00,Casey,180.8965,215.6679,211.2438
2010-11-15 22:00:00,Casey,215.6456,212.2885,203.8890
2010-11-15 23:00:00,Casey,223.6657,180.8965,198.4205
2010-11-16 00:00:00,Casey,205.6991,215.6456,194.3284
2010-11-16 01:00:00,Casey,211.9764,223.6657,195.0810
2010-11-16 02:00:00,Casey,209.6212,205.6991,192.7484
2010-11-16 03:00:00,Casey,251.3335,211.9764,199.2372
2010-11-16 04:00:00,Casey,234.1862,209.6212,206.2494
2010-11-16 05:00:00,Casey,240.9694,251.3335,208.6172
2010-11-16 06:00:00,Casey,200.0937,234.1862,214.7898
2010-11-16 07:00:00,Casey,189.1904,240.9694,213.1725
2010-11-16 08:00:00,Casey,179.2352,200.0937,210.9503
2010-11-16 09:00:00,Casey,191.2706,189.1904,214.1880
2010-11-16 10:00:00,Casey,229.5617,179.2352,213.4917
2010-11-16 11:00:00,Casey,229.4619,191.2706,217.1935
2010-11-16 12:00:00,Casey,207.5092,229.5617,217.7610
2010-11-16 13:00:00,Casey,211.5780,229.4619,208.6655
2010-11-16 14:00:00,Casey,192.9503,207.5092,206.1617
2010-11-16 15:00:00,Casey,200.3855,211.5780,206.1572
2010-11-16 16:00:00,Casey,230.5063,192.9503,212.8680
2010-11-16 17:00:00,Casey,222.6745,200.3855,227.3208
2010-11-16 18:00:00,Casey,225.2137,230.5063,232.1385
2010-11-16 19:00:00,Casey,228.5768,222.6745,224.4917
2010-11-16 20:00:00,Casey,214.8104,225.2137,215.2136
2010-11-16 21:00:00,Casey,219.5617,228.5768,211.8181
2010-11-16 22:00:00,Casey,221.3059,214.8104,200.6777
2010-11-16 23:00:00,Casey,172.3781,219.5617,200.1637
2010-11-17 00:00:00,Casey,171.8172,221.3059,197.6446
2010-11-17 01:00:00,Casey,173.3823,172.3781,194.2274
2010-11-17 02:00:00,Casey,176.2463,171.8172,199.4998
2010-11-17 03:00:00,Casey,225.7989,173.3823,199.5727
2010-11-17 04:00:00,Casey,195.5390,176.2463,205.6503
2010-11-17 05:00:00,Casey,198.5818,225.7989,202.9713
2010-11-17 06:00:00,Casey,215.3406,195.5390,209.3647
2010-11-17 07:00:00,Casey,193.0115,198.5818,206.2787
2010-11-17 08:00:00,Casey,225.3479,215.3406,205.7097
2010-11-17 09:00:00,Casey,196.1078,193.0115,208.1099
2010-11-17 10:00:00,Casey,236.1515,225.3479,210.8400
2010-11-17 11:00:00,Casey,227.4704,196.1078,216.2366
2010-11-17 12:00:00,Casey,219.4763,236.1515,215.2956
2010-11-17 13:00:00,Casey,197.4056,227.4704,207.3650
2010-11-17 14:00:00,Casey,225.2379,219.4763,205.6821
2010-11-17 15:00:00,Casey,208.9551,197.4056,204.3749
2010-11-17 16:00:00,Casey,205.9898,225.2379,212.0739
2010-11-17 17:00:00,Casey,214.7995,208.9551,223.0200
2010-11-17 18:00:00,Casey,243.8331,205.9898,225.7996
2010-11-17 19:00:00,Casey,220.8385,214.7995,227.0936
2010-11-17 20:00:00,Casey,226.6760,243.8331,211.5537
2010-11-17 21:00:00,Casey,203.6376,220.8385,212.3365
2010-11-17 22:00:00,Casey,191.8168,226.6760,203.1587
2010-11-17 23:00:00,Casey,188.9244,203.6376,197.7465
2010-11-18 00:00:00,Casey,202.5703,191.8168,194.7305
2010-11-18 01:00:00,Casey,175.1281,188.9244,195.4948
2010-11-18 02:00:00,Casey,214.6196,202.5703,193.5680
2010-11-18 03:00:00,Casey,210.3940,175.1281,199.4734
2010-11-18 04:00:00,Casey,192.4237,214.6196,204.1353
2010-11-18 05:00:00,Casey,201.3354,210.3940,201.7948
2010-11-18 06:00:00,Casey,180.9611,192.4237,208.6077
2010-11-18 07:00:00,Casey,195.9940,201.3354,208.9259
2010-11-18 08:00:00,Casey,230.0839,180.9611,207.1948
2010-11-18 09:00:00,Casey,241.5425,195.9940,211.4177
2010-11-18 10:00:00,Casey,222.0456,230.0839,212.8487
2010-11-18 11:00:00,Casey,193.8321,241.5425,214.0849
2010-11-18 12:00:00,Casey,207.3067,222.0456,217.0476
2010-11-18 13:00:00,Casey,220.8064,193.8321,209.5061
2010-11-18 14:00:00,Casey,176.6250,207.3067,205.6406
2010-11-18 15:00:00,Casey,215.6260,220.8064,207.5206
2010-11-18 16:00:00,Casey,210.4819,176.6250,210.0967
2010-11-18 17:00:00,Casey,230.3527,215.6260,222.3371
2010-11-18 18:00:00,Casey,260.2753,210.4819,221.6622
2010-11-18 19:00:00,Casey,199.0729,230.3527,224.1604
2010-11-18 20:00:00,Casey,213.5021,260.2753,212.7701
2010-11-18 21:00:00,Casey,241.1756,199.0729,211.8228
2010-11-18 22:00:00,Casey,185.6423,213.5021,204.7148
2010-11-18 23:00:00,Casey,184.3909,241.1756,198.1735
2010-11-19 00:00:00,Casey,201.2990,185.6423,195.7173
2010-11-19 01:00:00,Casey,188.1582,184.3909,193.3969
2010-11-19 02:00:00,Casey,194.9616,201.2990,194.6987
2010-11-19 03:00:00,Casey,221.0435,188.1582,200.8576
2010-11-19 04:00:00,Casey,214.8486,194.9616,203.4828
2010-11-19 05:00:00,Casey,190.4852,221.0435,202.2335
2010-11-19 06:00:00,Casey,203.8422,214.8486,207.9911
2010-11-19 07:00:00,Casey,198.6368,190.4852,207.1147
2010-11-19 08:00:00,Casey,197.4658,203.8422,206.9452
2010-11-19 09:00:00,Casey,189.2613,198.6368,210.6150
2010-11-19 10:00:00,Casey,238.0819,197.4658,215.2017
2010-11-19 11:00:00,Casey,229.2876,189.2613,216.4658
2010-11-19 12:00:00,Casey,234.1498,238.0819,212.6065
2010-11-19 13:00:00,Casey,202.2413,229.2876,208.8672
2010-11-19 14:00:00,Casey,208.2687,234.1498,205.5238
2010-11-19 15:00:00,Casey,217.3039,202.2413,206.7250
2010-11-19 16:00:00,Casey,202.1085,208.2687,214.8690
2010-11-19 17:00:00,Casey,202.6110,217.3039,223.2817
2010-11-19 18:00:00,Casey,256.1004,202.1085,224.6315
2010-11-19 19:00:00,Casey,237.3902,202.6110,224.2406
2010-11-19 20:00:00,Casey,210.8785,256.1004,212.7989
2010-11-19 21:00:00,Casey,213.7075,237.3902,209.6842
2010-11-19 22:00:00,Casey,215.8787,210.8785,206.2216
2010-11-19 23:00:00,Casey,215.5102,213.7075,197.3356
2010-11-20 00:00:00,Casey,202.1272,215.8787,193.9557
2010-11-20 01:00:00,Casey,169.3486,215.5102,194.6236
2010-11-20 02:00:00,Casey,198.4518,202.1272,195.0428
2010-11-20 03:00:00,Casey,196.5614,169.3486,198.5512
2010-11-20 04:00:00,Casey,206.1836,198.4518,204.4088
2010-11-20 05:00:00,Casey,194.4014,196.5614,203.7700
2010-11-20 06:00:00,Casey,197.3622,206.1836,207.5722
2010-11-20 07:00:00,Casey,232.8581,194.4014,205.3957
2010-11-20 08:00:00,Casey,216.3566,197.3622,207.2824
2010-11-20 09:00:00,Casey,201.5696,232.8581,208.3282
2010-11-20 10:00:00,Casey,223.3440,216.3566,210.6930
2010-11-20 11:00:00,Casey,192.7585,201.5696,217.0183
2010-11-20 12:00:00,Casey,246.5387,223.3440,214.9636
2010-11-20 13:00:00,Casey,211.3513,192.7585,209.9224
2010-11-20 14:00:00,Casey,187.1722,246.5387,203.8354
2010-11-20 15:00:00,Casey,222.0814,211.3513,205.6370
2010-11-20 16:00:00,Casey,225.8997,187.1722,212.7800
2010-11-20 17:00:00,Casey,213.4951,222.0814,221.9536
2010-11-20 18:00:00,Casey,239.8564,225.8997,223.4226
2010-11-20 19:00:00,Casey,237.8851,213.4951,225.8598
2010-11-20 20:00:00,Casey,203.0873,239.8564,211.6156
2010-11-20 21:00:00,Casey,205.2840,237.8851,212.5487
2010-11-20 22:00:00,Casey,214.2238,203.0873,203.3303
2010-11-20 23:00:00,Casey,194.5907,205.2840,197.4159
2010-11-21 00:00:00,Casey,229.5636,214.2238,195.4835
2010-11-21 01:00:00,Casey,197.4798,194.5907,196.8059
2010-11-21 02:00:00,Casey,191.5301,229.5636,194.9690
2010-11-21 03:00:00,Casey,207.1924,197.4798,198.7009
2010-11-21 04:00:00,Casey,192.2245,191.5301,203.9866
2010-11-21 05:00:00,Casey,204.1893,207.1924,203.0847
2010-11-21 06:00:00,Casey,205.0774,192.2245,208.1685
2010-11-21 07:00:00,Casey,191.5703,204.1893,206.9224
2010-11-21 08:00:00,Casey,194.9491,205.0774,208.1995
2010-11-21 09:00:00,Casey,189.9300,191.5703,210.1073
2010-11-21 10:00:00,Casey,234.8440,194.9491,210.9252
2010-11-21 11:00:00,Casey,213.6891,189.9300,215.1600
2010-11-21 12:00:00,Casey,214.3771,234.8440,213.4235
2010-11-21 13:00:00,Casey,239.0486,213.6891,208.8956
2010-11-21 14:00:00,Casey,210.4338,214.3771,206.9736
2010-11-21 15:00:00,Casey,230.3240,239.0486,206.3533
2010-11-21 16:00:00,Casey,237.5974,210.4338,215.0338
2010-11-21 17:00:00,Casey,245.5152,230.3240,225.6530
2010-11-21 18:00:00,Casey,212.4266,237.5974,232.6152
2010-11-21 19:00:00,Casey,195.3434,245.5152,223.4812
2010-11-21 20:00:00,Casey,213.3577,212.4266,212.0822
2010-11-21 21:00:00,Casey,186.1007,195.3434,210.9982
2010-11-21 22:00:00,Casey,198.7327,213.3577,201.7099
2010-11-21 23:00:00,Casey,200.9683,186.1007,195.3851
2010-11-22 00:00:00,Casey,213.2475,198.7327,194.0419
2010-11-22 01:00:00,Casey,200.7283,200.9683,194.1441
2010-11-22 02:00:00,Casey,188.2712,213.2475,194.3780
2010-11-22 03:00:00,Casey,207.3014,200.7283,198.5276
2010-11-22 04:00:00,Casey,205.0149,188.2712,204.3360
2010-11-22 05:00:00,Casey,188.1070,207.3014,202.2688
2010-11-22 06:00:00,Casey,228.5964,205.0149,207.9948
2010-11-22 07:00:00,Casey,179.1078,188.1070,207.5340
2010-11-22 08:00:00,Casey,206.5244,228.5964,207.0479
2010-11-22 09:00:00,Casey,180.7684,179.1078,209.2381
2010-11-22 10:00:00,Casey,215.4256,206.5244,212.3886
2010-11-22 11:00:00,Casey,235.7048,180.7684,217.2587
2010-11-22 12:00:00,Casey,199.8572,215.4256,216.5531
2010-11-22 13:00:00,Casey,208.0914,235.7048,206.9402
2010-11-22 14:00:00,Casey,191.3697,199.8572,204.9179
2010-11-22 15:00:00,Casey,232.6222,208.0914,203.7703
2010-11-22 16:00:00,Casey,196.1462,191.3697,211.4656
2010-11-22 17:00:00,Casey,232.3577,232.6222,221.4589
2010-11-22 18:00:00,Casey,240.7481,196.1462,227.7329
2010-11-22 19:00:00,Casey,237.9626,232.3577,220.7873
2010-11-22 20:00:00,Casey,204.1456,240.7481,212.8051
2010-11-22 21:00:00,Casey,222.7472,237.9626,208.1886
2010-11-22 22:00:00,Casey,207.9561,204.1456,200.4068
2010-11-22 23:00:00,Casey,195.3291,222.7472,199.6024
2010-11-23 00:00:00,Casey,171.0030,207.9561,195.5293
2010-11-23 01:00:00,Casey,186.0617,195.3291,194.6333
2010-11-23 02:00:00,Casey,204.5174,171.0030,191.8801
2010-11-23 03:00:00,Casey,206.5347,186.0617,199.7695
2010-11-23 04:00:00,Casey,183.2721,204.5174,201.4690
2010-11-23 05:00:00,Casey,221.3566,206.5347,203.1094
2010-11-23 06:00:00,Casey,231.4932,183.2721,209.4229
2010-11-23 07:00:00,Casey,223.0823,221.3566,207.3299
2010-11-23 08:00:00,Casey,209.6747,231.4932,205.6058
2010-11-23 09:00:00,Casey,226.7889,223.0823,209.7695
2010-11-23 10:00:00,Casey,225.6792,209.6747,211.2251
2010-11-23 11:00:00,Casey,217.6038,226.7889,211.5778
2010-11-23 12:00:00,Casey,216.2157,225.6792,217.5418
2010-11-23 13:00:00,Casey,196.2968,217.6038,203.9750
2010-11-23 14:00:00,Casey,202.7705,216.2157,205.5775
2010-11-23 15:00:00,Casey,214.5879,196.2968,205.6148
2010-11-23 16:00:00,Casey,197.6523,202.7705,211.9246
2010-11-23 17:00:00,Casey,232.7564,214.5879,221.8655
2010-11-23 18:00:00,Casey,233.3338,197.6523,227.2839
2010-11-23 19:00:00,Casey,226.3614,232.7564,222.6370
2010-11-23 20:00:00,Casey,200.4894,233.3338,212.9326
2010-11-23 21:00:00,Casey,217.1793,226.3614,210.2178
2010-11-23 22:00:00,Casey,194.9544,200.4894,205.6342
2010-11-23 23:00:00,Casey,212.4435,217.1793,200.1364
2010-11-24 00:00:00,Casey,206.0786,194.9544,197.1123
2010-11-24 01:00:00,Casey,179.8516,212.4435,191.8855
2010-11-24 02:00:00,Casey,189.7172,206.0786,194.9439
2010-11-24 03:00:00,Casey,209.9639,179.8516,200.0653
2010-11-24 04:00:00,Casey,197.7133,189.7172,204.6921
2010-11-24 05:00:00,Casey,195.5818,209.9639,202.1596
2010-11-24 06:00:00,Casey,177.3402,197.7133,209.9014
2010-11-24 07:00:00,Casey,199.8785,195.5818,210.1455
2010-11-24 08:00:00,Casey,219.6564,177.3402,207.1135
2010-11-24 09:00:00,Casey,217.9424,199.8785,210.7513
2010-11-24 10:00:00,Casey,206.3343,219.6564,212.4645
2010-11-24 11:00:00,Casey,209.3102,217.9424,213.4141
2010-11-24 12:00:00,Casey,199.9058,206.3343,213.8242
2010-11-24 13:00:00,Casey,232.9086,209.3102,205.9573
2010-11-24 14:00:00,Casey,203.7542,199.9058,205.9418
2010-11-24 15:00:00,Casey,194.0865,232.9086,203.1490
2010-11-24 16:00:00,Casey,248.9189,203.7542,212.2885
2010-11-24 17:00:00,Casey,220.5669,194.0865,224.9855
2010-11-24 18:00:00,Casey,201.2451,248.9189,225.9671
2010-11-24 19:00:00,Casey,224.1094,220.5669,220.0359
2010-11-24 20:00:00,Casey,201.0944,201.2451,213.1779
2010-11-24 21:00:00,Casey,202.9523,224.1094,209.2388
2010-11-24 22:00:00,Casey,177.1494,201.0944,201.1494
2010-11-24 23:00:00,Casey,172.3843,202.9523,194.5009
2010-11-25 00:00:00,Casey,186.4566,177.1494,191.1865
2010-11-25 01:00:00,Casey,203.1625,172.3843,190.0392
2010-11-25 02:00:00,Casey,197.2607,186.4566,192.7781
2010-11-25 03:00:00,Casey,195.8300,203.1625,198.0287
2010-11-25 04:00:00,Casey,197.4769,197.2607,200.4873
2010-11-25 05:00:00,Casey,181.0893,195.8300,197.7514
2010-11-25 06:00:00,Casey,193.1505,197.4769,200.4344
2010-11-25 07:00:00,Casey,206.9811,181.0893,200.4246
2010-11-25 08:00:00,Casey,210.7371,193.1505,204.1320
2010-11-25 09:00:00,Casey,211.5581,206.9811,206.4769
2010-11-25 10:00:00,Casey,221.2240,210.7371,207.1581
2010-11-25 11:00:00,Casey,216.7883,211.5581,211.3144
2010-11-25 12:00:00,Casey,204.9462,221.2240,210.7708
2010-11-25 13:00:00,Casey,214.3373,216.7883,203.7993
2010-11-25 14:00:00,Casey,209.2628,204.9462,201.2887
2010-11-25 15:00:00,Casey,205.2436,214.3373,202.4030
2010-11-25 16:00:00,Casey,220.7377,209.2628,209.2570
2010-11-25 17:00:00,Casey,232.2642,205.2436,223.8972
2010-11-25 18:00:00,Casey,213.0005,220.7377,226.0060
2010-11-25 19:00:00,Casey,236.0713,232.2642,217.6163
2010-11-25 20:00:00,Casey,201.3539,213.0005,210.9967
2010-11-25 21:00:00,Casey,207.4302,236.0713,207.8152
2010-11-25 22:00:00,Casey,193.2400,201.3539,202.7973
2010-11-25 23:00:00,Casey,192.2667,207.4302,193.8357
2010-11-26 00:00:00,Casey,182.3136,193.2400,190.2713
2010-11-26 01:00:00,Casey,193.9008,192.2667,192.9478
2010-11-26 02:00:00,Casey,217.5853,182.3136,193.3258
2010-11-26 03:00:00,Casey,179.2837,193.9008,197.7822
2010-11-26 04:00:00,Casey,187.3547,217.5853,202.8510
2010-11-26 05:00:00,Casey,186.6667,179.2837,201.0269
2010-11-26 06:00:00,Casey,218.0607,187.3547,205.0073
2010-11-26 07:00:00,Casey,215.7037,186.6667,206.2409
2010-11-26 08:00:00,Casey,201.6407,218.0607,207.1779
2010-11-26 09:00:00,Casey,194.5442,215.7037,209.5456
2010-11-26 10:00:00,Casey,198.2748,201.6407,210.1529
2010-11-26 11:00:00,Casey,210.6462,194.5442,211.4527
2010-11-26 12:00:00,Casey,208.2270,198.2748,211.9158
2010-11-26 13:00:00,Casey,186.7739,210.6462,204.1857
2010-11-26 14:00:00,Casey,167.9096,208.2270,200.3187
2010-11-26 15:00:00,Casey,204.6432,186.7739,198.7020
2010-11-26 16:00:00,Casey,195.7958,167.9096,205.6146
2010-11-26 17:00:00,Casey,214.6763,204.6432,213.9701
2010-11-26 18:00:00,Casey,225.7198,195.7958,219.8690
2010-11-26 19:00:00,Casey,225.8089,214.6763,216.3786
2010-11-26 20:00:00,Casey,207.8368,225.7198,203.8811
2010-11-26 21:00:00,Casey,218.4292,225.8089,199.7298
2010-11-26 22:00:00,Casey,187.3409,207.8368,198.4734
2010-11-26 23:00:00,Casey,189.9953,218.4292,192.4688
2010-11-27 00:00:00,Casey,173.3158,187.3409,191.4953
2010-11-27 01:00:00,Casey,167.0925,189.9953,190.8661
2010-11-27 02:00:00,Casey,208.6251,173.3158,187.5980
2010-11-27 03:00:00,Casey,192.0184,167.0925,200.1817
2010-11-27 04:00:00,Casey,209.1695,208.6251,195.5312
2010-11-27 05:00:00,Casey,223.7446,192.0184,198.0843
2010-11-27 06:00:00,Casey,215.4734,209.1695,200.7676
2010-11-27 07:00:00,Casey,209.7624,223.7446,201.2554
2010-11-27 08:00:00,Casey,224.6939,215.4734,200.1709
2010-11-27 09:00:00,Casey,179.8542,209.7624,205.1784
2010-11-27 10:00:00,Casey,202.7062,224.6939,203.6527
2010-11-27 11:00:00,Casey,243.3696,179.8542,205.6290
2010-11-27 12:00:00,Casey,203.2050,202.7062,212.2451
2010-11-27 13:00:00,Casey,216.2363,243.3696,203.1056
2010-11-27 14:00:00,Casey,197.9636,203.2050,202.5701
2010-11-27 15:00:00,Casey,211.1634,216.2363,202.5649
2010-11-27 16:00:00,Casey,213.0859,197.9636,208.8871
2010-11-27 17:00:00,Casey,253.5293,211.1634,221.3346
2010-11-27 18:00:00,Casey,229.9607,213.0859,227.8461
2010-11-27 19:00:00,Casey,261.3135,253.5293,222.0176
2010-11-27 20:00:00,Casey,197.5287,229.9607,215.4197
2010-11-27 21:00:00,Casey,181.4002,261.3135,213.4227
2010-11-27 22:00:00,Casey,191.8268,197.5287,203.9893
2010-11-27 23:00:00,Casey,196.9227,181.4002,197.4773
2010-11-28 00:00:00,Casey,186.4820,191.8268,191.3511
2010-11-28 01:00:00,Casey,186.7152,196.9227,191.9770
2010-11-28 02:00:00,Casey,200.7533,186.4820,194.4931
2010-11-28 03:00:00,Casey,189.0896,186.7152,198.8683
2010-11-28 04:00:00,Casey,212.4685,200.7533,200.7274
2010-11-28 05:00:00,Casey,177.7774,189.0896,202.7368
2010-11-28 06:00:00,Casey,230.4741,212.4685,208.6378
2010-11-28 07:00:00,Casey,208.2426,177.7774,207.1818
2010-11-28 08:00:00,Casey,192.8016,230.4741,207.2343
2010-11-28 09:00:00,Casey,217.7277,208.2426,210.0959
2010-11-28 10:00:00,Casey,236.3535,192.8016,209.7405
2010-11-28 11:00:00,Casey,200.8866,217.7277,214.3280
2010-11-28 12:00:00,Casey,207.9605,236.3535,215.4330
2010-11-28 13:00:00,Casey,205.9229,200.8866,205.8087
2010-11-28 14:00:00,Casey,218.4475,207.9605,205.5630
2010-11-28 15:00:00,Casey,220.3216,205.9229,205.8617
2010-11-28 16:00:00,Casey,177.1104,218.4475,213.2963
2010-11-28 17:00:00,Casey,230.4513,220.3216,221.0721
2010-11-28 18:00:00,Casey,236.5912,177.1104,222.7939
2010-11-28 19:00:00,Casey,225.0589,230.4513,222.1751
2010-11-28 20:00:00,Casey,197.5351,236.5912,210.6708
2010-11-28 21:00:00,Casey,208.1014,225.0589,208.6603
2010-11-28 22:00:00,Casey,213.8895,197.5351,199.2857
2010-11-28 23:00:00,Casey,166.7091,208.1014,198.0044
2010-11-29 00:00:00,Casey,194.6187,213.8895,191.4153
2010-11-29 01:00:00,Casey,212.8469,166.7091,193.5197
2010-11-29 02:00:00,Casey,180.9111,194.6187,193.1456
2010-11-29 03:00:00,Casey,195.9183,212.8469,197.5198
2010-11-29 04:00:00,Casey,200.5393,180.9111,202.1656
2010-11-29 05:00:00,Casey,195.7521,195.9183,202.9510
2010-11-29 06:00:00,Casey,217.1481,200.5393,204.7214
2010-11-29 07:00:00,Casey,210.0235,195.7521,209.3205
2010-11-29 08:00:00,Casey,206.0450,217.1481,207.6303
2010-11-29 09:00:00,Casey,222.8826,210.0235,208.8397
2010-11-29 10:00:00,Casey,202.0600,206.0450,212.2291
2010-11-29 11:00:00,Casey,226.0567,222.8826,213.7189
2010-11-29 12:00:00,Casey,196.7806,202.0600,214.0562
2010-11-29 13:00:00,Casey,215.1787,226.0567,206.2873
2010-11-29 14:00:00,Casey,186.0532,196.7806,204.8386
2010-11-29 15:00:00,Casey,196.1609,215.1787,204.4365
2010-11-29 16:00:00,Casey,217.4861,186.0532,210.3671
2010-11-29 17:00:00,Casey,227.9410,196.1609,219.8299
2010-11-29 18:00:00,Casey,235.6574,217.4861,229.5862
2010-11-29 19:00:00,Casey,212.9104,227.9410,220.1310
2010-11-29 20:00:00,Casey,232.7294,235.6574,210.1953
2010-11-29 21:00:00,Casey,190.8036,212.9104,209.6191
2010-11-29 22:00:00,Casey,192.5189,232.7294,201.4787
2010-11-29 23:00:00,Casey,200.1868,190.8036,195.1949
2010-11-30 00:00:00,Casey,192.6321,192.5189,192.0770
2010-11-30 01:00:00,Casey,210.7493,200.1868,195.4561
2010-11-30 02:00:00,Casey,215.5397,192.6321,194.4447
2010-11-30 03:00:00,Casey,210.5442,210.7493,199.0128
2010-11-30 04:00:00,Casey,203.3827,215.5397,203.5609
2010-11-30 05:00:00,Casey,204.0184,210.5442,202.2581
2010-11-30 06:00:00,Casey,193.3667,203.3827,209.0444
2010-11-30 07:00:00,Casey,214.9276,204.0184,207.0651
2010-11-30 08:00:00,Casey,201.8044,193.3667,207.7805
2010-11-30 09:00:00,Casey,198.8795,214.9276,211.2187
2010-11-30 10:00:00,Casey,195.2705,201.8044,213.1694
2010-11-30 11:00:00,Casey,209.3236,198.8795,213.1848
2010-11-30 12:00:00,Casey,224.6439,195.2705,213.9285
2010-11-30 13:00:00,Casey,213.7505,209.3236,206.3529
2010-11-30 14:00:00,Casey,215.1535,224.6439,203.5144
2010-11-30 15:00:00,Casey,247.0305,213.7505,204.7183
2010-11-30 16:00:00,Casey,220.6121,215.1535,213.4139
2010-11-30 17:00:00,Casey,191.8196,247.0305,220.5765
2010-11-30 18:00:00,Casey,214.2484,220.6121,226.1152
2010-11-30 19:00:00,Casey,226.0414,191.8196,221.3492
2010-11-30 20:00:00,Casey,185.7194,214.2484,212.6206
2010-11-30 21:00:00,Casey,208.4585,226.0414,210.4311
2010-11-30 22:00:00,Casey,206.3830,185.7194,201.7312
2010-11-30 23:00:00,Casey,214.8553,208.4585,194.3370
2010-12-01 00:00:00,Casey,196.6547,206.3830,191.6998
2010-12-01 01:00:00,Casey,176.9145,214.8553,192.6691
2010-12-01 02:00:00,Casey,195.8117,196.6547,196.5857
2010-12-01 03:00:00,Casey,194.8451,176.9145,198.1510
2010-12-01 04:00:00,Casey,181.4273,195.8117,203.0212
2010-12-01 05:00:00,Casey,191.6624,194.8451,201.2166
2010-12-01 06:00:00,Casey,184.1845,181.4273,204.6079
2010-12-01 07:00:00,Casey,193.9193,191.6624,203.0116
2010-12-01 08:00:00,Casey,214.2785,184.1845,201.9476
2010-12-01 09:00:00,Casey,182.8789,193.9193,206.2193
2010-12-01 10:00:00,Casey,193.8603,214.2785,204.6664
2010-12-01 11:00:00,Casey,247.8417,182.8789,205.2126
2010-12-01 12:00:00,Casey,195.7438,193.8603,213.9273
2010-12-01 13:00:00,Casey,191.4150,247.8417,202.6358
2010-12-01 14:00:00,Casey,191.0532,195.7438,199.5633
2010-12-01 15:00:00,Casey,182.5221,191.4150,199.3544
2010-12-01 16:00:00,Casey,218.0145,191.0532,203.6465
2010-12-01 17:00:00,Casey,213.0792,182.5221,212.7758
2010-12-01 18:00:00,Casey,189.3099,218.0145,216.8539
2010-12-01 19:00:00,Casey,239.8870,213.0792,213.9080
2010-12-01 20:00:00,Casey,193.2482,189.3099,207.9070
2010-12-01 21:00:00,Casey,233.4016,239.8870,200.2584
2010-12-01 22:00:00,Casey,185.9811,193.2482,197.4763
2010-12-01 23:00:00,Casey,179.4166,233.4016,189.1369
2010-12-02 00:00:00,Casey,173.6490,185.9811,188.8409
2010-12-02 01:00:00,Casey,232.0022,179.4166,185.3203
2010-12-02 02:00:00,Casey,166.8498,173.6490,192.8241
2010-12-02 03:00:00,Casey,212.0481,232.0022,192.5581
2010-12-02 04:00:00,Casey,200.0316,166.8498,197.1636
2010-12-02 05:00:00,Casey,167.0967,212.0481,196.5534
2010-12-02 06:00:00,Casey,188.5020,200.0316,197.3485
2010-12-02 07:00:00,Casey,209.7642,167.0967,199.2547
2010-12-02 08:00:00,Casey,238.5318,188.5020,199.3336
2010-12-02 09:00:00,Casey,211.4802,209.7642,201.6795
2010-12-02 10:00:00,Casey,195.7054,238.5318,204.0880
2010-12-02 11:00:00,Casey,218.3001,211.4802,207.2774
2010-12-02 12:00:00,Casey,208.1701,195.7054,204.2301
2010-12-02 13:00:00,Casey,166.2411,218.3001,200.2110
2010-12-02 14:00:00,Casey,194.5251,208.1701,196.2012
2010-12-02 15:00:00,Casey,202.6744,166.2411,199.8211
2010-12-02 16:00:00,Casey,209.4133,194.5251,207.1608
2010-12-02 17:00:00,Casey,174.7076,202.6744,215.2814
2010-12-02 18:00:00,Casey,211.2544,209.4133,217.5490
2010-12-02 19:00:00,Casey,243.2017,174.7076,214.1669
2010-12-02 20:00:00,Casey,194.2735,211.2544,207.5053
2010-12-02 21:00:00,Casey,179.6303,243.2017,198.0975
2010-12-02 22:00:00,Casey,198.4480,194.2735,196.6426
2010-12-02 23:00:00,Casey,156.1301,179.6303,192.3951
2010-12-03 00:00:00,Casey,180.9133,198.4480,182.5601
2010-12-03 01:00:00,Casey,204.0353,156.1301,188.1954
2010-12-03 02:00:00,Casey,195.5865,180.9133,190.8861
2010-12-03 03:00:00,Casey,199.3543,204.0353,194.3478
2010-12-03 04:00:00,Casey,187.4100,195.5865,196.2268
2010-12-03 05:00:00,Casey,198.0508,199.3543,194.7651
2010-12-03 06:00:00,Casey,212.4414,187.4100,197.4814
2010-12-03 07:00:00,Casey,183.9949,198.0508,200.1064
2010-12-03 08:00:00,Casey,199.1930,212.4414,201.5060
2010-12-03 09:00:00,Casey,221.5500,183.9949,202.2041
2010-12-03 10:00:00,Casey,208.4208,199.1930,201.7345
2010-12-03 11:00:00,Casey,187.3789,221.5500,201.9985
2010-12-03 12:00:00,Casey,207.0689,208.4208,204.0427
2010-12-03 13:00:00,Casey,186.8015,187.3789,198.2258
2010-12-03 14:00:00,Casey,190.2303,207.0689,194.4664
2010-12-03 15:00:00,Casey,198.5474,186.8015,195.3608
2010-12-03 16:00:00,Casey,197.1266,190.2303,204.2675
2010-12-03 17:00:00,Casey,176.9156,198.5474,216.5541
2010-12-03 18:00:00,Casey,205.6771,197.1266,212.2086
2010-12-03 19:00:00,Casey,201.4853,176.9156,213.5822
2010-12-03 20:00:00,Casey,201.4612,205.6771,199.8325
2010-12-03 21:00:00,Casey,222.6511,201.4853,194.9015
2010-12-03 22:00:00,Casey,212.0554,201.4612,194.9461
2010-12-03 23:00:00,Casey,180.5524,222.6511,188.1369
2010-12-04 00:00:00,Casey,194.9010,212.0554,185.1538
2010-12-04 01:00:00,Casey,174.4319,180.5524,188.1808
2010-12-04 02:00:00,Casey,225.5617,194.9010,191.0361
2010-12-04 03:00:00,Casey,196.2665,174.4319,195.1398
2010-12-04 04:00:00,Casey,203.5706,225.5617,197.9942
2010-12-04 05:00:00,Casey,240.7866,196.2665,195.8939
2010-12-04 06:00:00,Casey,209.9385,203.5706,203.1672
2010-12-04 07:00:00,Casey,185.9421,240.7866,199.8515
2010-12-04 08:00:00,Casey,172.6164,209.9385,198.6561
2010-12-04 09:00:00,Casey,196.5933,185.9421,204.0283
2010-12-04 10:00:00,Casey,210.4997,172.6164,204.7128
2010-12-04 11:00:00,Casey,221.0982,196.5933,205.9402
2010-12-04 12:00:00,Casey,207.2132,210.4997,206.2527
2010-12-04 13:00:00,Casey,175.5997,221.0982,200.9157
2010-12-04 14:00:00,Casey,195.1841,207.2132,196.0463
2010-12-04 15:00:00,Casey,196.6095,175.5997,196.5860
2010-12-04 16:00:00,Casey,211.7584,195.1841,205.9468
2010-12-04 17:00:00,Casey,202.3105,196.6095,215.9174
2010-12-04 18:00:00,Casey,225.2044,211.7584,222.3112
2010-12-04 19:00:00,Casey,204.6520,202.3105,219.1241
2010-12-04 20:00:00,Casey,209.3053,225.2044,203.3074
2010-12-04 21:00:00,Casey,188.7631,204.6520,203.0886
2010-12-04 22:00:00,Casey,197.4135,209.3053,195.9696
2010-12-04 23:00:00,Casey,175.3037,188.7631,191.5507
2010-12-05 00:00:00,Casey,165.1009,197.4135,189.3440
2010-12-05 01:00:00,Casey,166.1222,175.3037,186.5011
2010-12-05 02:00:00,Casey,188.4943,165.1009,187.9810
2010-12-05 03:00:00,Casey,184.5441,166.1222,194.4474
2010-12-05 04:00:00,Casey,183.4540,188.4943,196.1950
2010-12-05 05:00:00,Casey,208.0633,184.5441,195.5021
2010-12-05 06:00:00,Casey,224.7748,183.4540,197.4843
2010-12-05 07:00:00,Casey,201.1684,208.0633,195.2894
2010-12-05 08:00:00,Casey,164.2779,224.7748,196.8347
2010-12-05 09:00:00,Casey,206.8961,201.1684,195.0670
2010-12-05 10:00:00,Casey,215.9791,164.2779,200.5282
2010-12-05 11:00:00,Casey,216.5050,206.8961,201.9784
2010-12-05 12:00:00,Casey,177.5055,215.9791,203.1255
2010-12-05 13:00:00,Casey,186.8008,216.5050,193.5468
2010-12-05 14:00:00,Casey,202.6490,177.5055,190.8481
2010-12-05 15:00:00,Casey,192.6391,186.8008,196.1458
2010-12-05 16:00:00,Casey,229.1242,202.6490,203.2740
2010-12-05 17:00:00,Casey,225.7429,192.6391,217.4386
2010-12-05 18:00:00,Casey,211.4566,229.1242,219.3016
2010-12-05 19:00:00,Casey,203.1632,225.7429,210.7525
2010-12-05 20:00:00,Casey,203.0744,211.4566,202.9451
2010-12-05 21:00:00,Casey,207.9389,203.1632,199.5959
2010-12-05 22:00:00,Casey,173.4185,203.0744,195.1712
2010-12-05 23:00:00,Casey,191.5060,207.9389,187.1063
2010-12-06 00:00:00,Casey,207.0021,173.4185,183.1161
2010-12-06 01:00:00,Casey,171.7313,191.5060,190.3202
2010-12-06 02:00:00,Casey,193.8374,207.0021,190.4384
2010-12-06 03:00:00,Casey,194.9463,171.7313,191.7572
2010-12-06 04:00:00,Casey,173.1092,193.8374,195.3549
2010-12-06 05:00:00,Casey,193.1584,194.9463,195.7405
2010-12-06 06:00:00,Casey,201.4526,173.1092,200.7634
2010-12-06 07:00:00,Casey,208.0875,193.1584,200.0446
2010-12-06 08:00:00,Casey,175.4417,201.4526,197.4538
2010-12-06 09:00:00,Casey,206.1712,208.0875,199.9018
2010-12-06 10:00:00,Casey,200.1891,175.4417,201.7026
2010-12-06 11:00:00,Casey,213.9757,206.1712,200.8806
2010-12-06 12:00:00,Casey,212.0211,200.1891,204.4525
2010-12-06 13:00:00,Casey,207.0138,213.9757,197.0372
2010-12-06 14:00:00,Casey,192.7615,212.0211,197.4014
2010-12-06 15:00:00,Casey,193.2115,207.0138,196.6635
2010-12-06 16:00:00,Casey,212.0964,192.7615,205.4686
2010-12-06 17:00:00,Casey,226.9327,193.2115,215.8400
2010-12-06 18:00:00,Casey,226.0051,212.0964,221.3633
2010-12-06 19:00:00,Casey,239.2845,226.9327,216.6874
2010-12-06 20:00:00,Casey,191.4238,226.0051,208.9718
2010-12-06 21:00:00,Casey,208.6396,239.2845,199.7147
2010-12-06 22:00:00,Casey,195.2895,191.4238,196.5365
2010-12-06 23:00:00,Casey,190.9360,208.6396,188.0329
2010-12-07 00:00:00,Casey,198.7752,195.2895,189.3064
2010-12-07 01:00:00,Casey,206.1464,190.9360,190.2537
2010-12-07 02:00:00,Casey,175.7267,198.7752,190.7070
2010-12-07 03:00:00,Casey,187.0663,206.1464,195.0163
2010-12-07 04:00:00,Casey,182.3116,175.7267,196.7462
2010-12-07 05:00:00,Casey,180.1552,187.0663,195.8151
2010-12-07 06:00:00,Casey,192.2325,182.3116,200.1166
2010-12-07 07:00:00,Casey,231.1424,180.1552,199.5110
2010-12-07 08:00:00,Casey,207.8778,192.2325,200.9095
2010-12-07 09:00:00,Casey,200.5093,231.1424,200.1238
2010-12-07 10:00:00,Casey,193.0993,207.8778,205.5028
2010-12-07 11:00:00,Casey,200.6617,200.5093,206.2085
2010-12-07 12:00:00,Casey,226.4225,193.0993,206.9660
2010-12-07 13:00:00,Casey,192.9179,200.6617,200.8259
2010-12-07 14:00:00,Casey,198.2069,226.4225,197.8386
2010-12-07 15:00:00,Casey,208.0371,192.9179,199.9409
2010-12-07 16:00:00,Casey,191.8341,198.2069,208.0246
2010-12-07 17:00:00,Casey,211.6803,208.0371,214.4458
2010-12-07 18:00:00,Casey,223.6904,191.8341,218.3771
2010-12-07 19:00:00,Casey,197.5910,211.6803,217.4571
2010-12-07 20:00:00,Casey,224.2063,223.6904,205.7362
2010-12-07 21:00:00,Casey,204.8470,197.5910,198.5915
2010-12-07 22:00:00,Casey,184.6732,224.2063,197.5934
2010-12-07 23:00:00,Casey,189.7447,204.8470,191.8724
2010-12-08 00:00:00,Casey,192.2598,184.6732,190.1966
2010-12-08 01:00:00,Casey,189.0067,189.7447,190.1190
2010-12-08 02:00:00,Casey,180.3224,192.2598,189.5088
2010-12-08 03:00:00,Casey,177.0627,189.0067,191.9524
2010-12-08 04:00:00,Casey,204.4104,180.3224,197.0436
2010-12-08 05:00:00,Casey,200.4339,177.0627,196.4041
2010-12-08 06:00:00,Casey,195.3159,204.4104,198.3316
2010-12-08 07:00:00,Casey,177.2195,200.4339,199.1001
2010-12-08 08:00:00,Casey,217.0244,195.3159,201.8434
2010-12-08 09:00:00,Casey,191.5712,177.2195,201.7523
2010-12-08 10:00:00,Casey,209.0756,217.0244,199.9561
2010-12-08 11:00:00,Casey,207.2169,191.5712,205.2570
2010-12-08 12:00:00,Casey,195.2088,209.0756,206.8614
2010-12-08 13:00:00,Casey,197.1856,207.2169,199.6088
2010-12-08 14:00:00,Casey,179.8317,195.2088,196.9843
2010-12-08 15:00:00,Casey,181.1790,197.1856,195.2423
2010-12-08 16:00:00,Casey,168.7907,179.8317,202.7397
2010-12-08 17:00:00,Casey,211.4216,181.1790,212.9517
2010-12-08 18:00:00,Casey,211.1703,168.7907,216.6025
2010-12-08 19:00:00,Casey,220.5398,211.4216,210.9272
2010-12-08 20:00:00,Casey,225.8051,211.1703,200.9749
2010-12-08 21:00:00,Casey,194.5353,220.5398,199.1165
2010-12-08 22:00:00,Casey,194.4653,225.8051,192.3978
2010-12-08 23:00:00,Casey,173.8184,194.5353,187.5400
2010-12-09 00:00:00,Casey,197.7631,194.4653,183.0699
2010-12-09 01:00:00,Casey,195.0024,173.8184,188.5779
2010-12-09 02:00:00,Casey,191.7439,197.7631,190.5879
2010-12-09 03:00:00,Casey,216.9043,195.0024,189.4909
2010-12-09 04:00:00,Casey,184.7973,191.7439,196.8151
2010-12-09 05:00:00,Casey,206.6644,216.9043,195.0243
2010-12-09 06:00:00,Casey,198.6966,184.7973,196.5966
2010-12-09 07:00:00,Casey,194.0476,206.6644,198.8145
2010-12-09 08:00:00,Casey,214.0554,198.6966,199.9532
2010-12-09 09:00:00,Casey,225.3101,194.0476,202.1591
2010-12-09 10:00:00,Casey,201.1042,214.0554,203.3395
2010-12-09 11:00:00,Casey,208.4582,225.3101,204.9824
2010-12-09 12:00:00,Casey,206.4459,201.1042,207.4577
2010-12-09 13:00:00,Casey,216.5112,208.4582,197.1374
2010-12-09 14:00:00,Casey,184.7048,206.4459,196.9793
2010-12-09 15:00:00,Casey,201.4569,216.5112,197.4084
2010-12-09 16:00:00,Casey,206.7834,184.7048,207.4182
2010-12-09 17:00:00,Casey,235.8473,201.4569,216.9032
2010-12-09 18:00:00,Casey,215.0480,206.7834,219.4064
2010-12-09 19:00:00,Casey,238.3765,235.8473,220.4840
2010-12-09 20:00:00,Casey,199.7380,215.0480,212.9255
2010-12-09 21:00:00,Casey,213.5565,238.3765,206.7246
2010-12-09 22:00:00,Casey,192.3211,199.7380,200.6695
2010-12-09 23:00:00,Casey,184.0280,213.5565,196.1631
2010-12-10 00:00:00,Casey,194.5016,192.3211,191.4263
2010-12-10 01:00:00,Casey,167.2368,184.0280,190.9246
2010-12-10 02:00:00,Casey,192.2944,194.5016,191.9339
2010-12-10 03:00:00,Casey,174.6416,167.2368,196.9058
2010-12-10 04:00:00,Casey,208.6581,192.2944,197.6202
2010-12-10 05:00:00,Casey,198.5923,174.6416,197.0917
2010-12-10 06:00:00,Casey,200.1824,208.6581,201.0801
2010-12-10 07:00:00,Casey,180.9310,198.5923,200.8390
2010-12-10 08:00:00,Casey,186.7100,200.1824,198.9036
2010-12-10 09:00:00,Casey,201.9122,180.9310,201.7554
2010-12-10 10:00:00,Casey,187.6631,186.7100,204.6411
2010-12-10 11:00:00,Casey,205.8203,201.9122,203.8155
2010-12-10 12:00:00,Casey,186.0288,187.6631,204.4888
2010-12-10 13:00:00,Casey,195.9217,205.8203,198.5410
2010-12-10 14:00:00,Casey,209.5933,186.0288,195.1943
2010-12-10 15:00:00,Casey,203.4685,195.9217,198.0479
2010-12-10 16:00:00,Casey,222.0617,209.5933,207.1981
2010-12-10 17:00:00,Casey,235.5513,203.4685,214.3053
2010-12-10 18:00:00,Casey,203.3773,222.0617,218.9288
2010-12-10 19:00:00,Casey,224.1780,235.5513,212.5320
2010-12-10 20:00:00,Casey,192.6827,203.3773,206.9180
2010-12-10 21:00:00,Casey,201.6788,224.1780,202.0030
2010-12-10 22:00:00,Casey,193.8899,192.6827,195.8507
2010-12-10 23:00:00,Casey,183.2293,201.6788,188.9148
2010-12-11 00:00:00,Casey,205.1842,193.8899,187.2224
2010-12-11 01:00:00,Casey,201.9902,183.2293,189.9996
2010-12-11 02:00:00,Casey,194.3817,205.1842,187.3369
2010-12-11 03:00:00,Casey,177.9079,201.9902,193.4685
2010-12-11 04:00:00,Casey,206.3804,194.3817,194.9409
2010-12-11 05:00:00,Casey,171.8143,177.9079,196.7126
2010-12-11 06:00:00,Casey,239.3530,206.3804,201.5047
2010-12-11 07:00:00,Casey,206.0024,171.8143,200.8997
2010-12-11 08:00:00,Casey,176.7400,239.3530,198.3869
2010-12-11 09:00:00,Casey,230.0827,206.0024,198.2886
2010-12-11 10:00:00,Casey,212.8963,176.7400,203.1409
2010-12-11 11:00:00,Casey,197.0301,230.0827,206.4069
2010-12-11 12:00:00,Casey,194.4687,212.8963,204.9068
2010-12-11 13:00:00,Casey,200.9275,197.0301,201.8073
2010-12-11 14:00:00,Casey,194.0206,194.4687,199.9560
2010-12-11 15:00:00,Casey,172.8129,200.9275,199.1736
2010-12-11 16:00:00,Casey,216.4134,194.0206,206.0732
2010-12-11 17:00:00,Casey,210.0173,172.8129,216.4825
2010-12-11 18:00:00,Casey,221.8450,216.4134,218.4568
2010-12-11 19:00:00,Casey,228.4578,210.0173,210.7462
2010-12-11 20:00:00,Casey,189.8164,221.8450,207.3457
2010-12-11 21:00:00,Casey,217.2863,228.4578,200.1244
2010-12-11 22:00:00,Casey,173.1105,189.8164,194.3382
2010-12-11 23:00:00,Casey,168.5172,217.2863,191.9565
2010-12-12 00:00:00,Casey,189.5271,173.1105,186.7920
2010-12-12 01:00:00,Casey,166.4011,168.5172,187.8378
2010-12-12 02:00:00,Casey,185.8254,189.5271,186.6566
2010-12-12 03:00:00,Casey,196.2427,166.4011,192.7888
2010-12-12 04:00:00,Casey,198.3307,185.8254,197.7230
2010-12-12 05:00:00,Casey,177.8584,196.2427,196.1284
2010-12-12 06:00:00,Casey,197.1170,198.3307,196.8457
2010-12-12 07:00:00,Casey,205.1363,177.8584,201.2127
2010-12-12 08:00:00,Casey,191.5406,197.1170,197.0779
2010-12-12 09:00:00,Casey,179.6673,205.1363,197.1196
2010-12-12 10:00:00,Casey,199.4913,191.5406,198.3549
2010-12-12 11:00:00,Casey,182.9270,179.6673,200.4640
2010-12-12 12:00:00,Casey,211.6546,199.4913,196.8934
2010-12-12 13:00:00,Casey,183.9309,182.9270,191.1604
2010-12-12 14:00:00,Casey,200.8300,211.6546,189.3159
2010-12-12 15:00:00,Casey,192.9733,183.9309,191.8090
2010-12-12 16:00:00,Casey,196.9457,200.8300,198.2368
2010-12-12 17:00:00,Casey,223.7085,192.9733,212.5452
2010-12-12 18:00:00,Casey,255.4895,196.9457,211.7384
2010-12-12 19:00:00,Casey,216.2406,223.7085,219.6122
2010-12-12 20:00:00,Casey,206.7606,255.4895,201.9304
2010-12-12 21:00:00,Casey,200.1186,216.2406,199.1384
2010-12-12 22:00:00,Casey,184.3430,206.7606,193.7137
2010-12-12 23:00:00,Casey,194.0443,200.1186,187.4078
2010-12-13 00:00:00,Casey,186.5706,184.3430,186.5386
2010-12-13 01:00:00,Casey,184.2990,194.0443,189.8640
2010-12-13 02:00:00,Casey,163.4686,186.5706,186.6571
2010-12-13 03:00:00,Casey,171.5838,184.2990,191.5618
2010-12-13 04:00:00,Casey,189.2624,163.4686,194.3681
2010-12-13 05:00:00,Casey,204.7830,171.5838,190.4143
2010-12-13 06:00:00,Casey,211.9415,189.2624,196.8245
2010-12-13 07:00:00,Casey,195.2477,204.7830,197.4787
2010-12-13 08:00:00,Casey,215.8776,211.9415,196.4342
2010-12-13 09:00:00,Casey,178.4042,195.2477,197.3423
2010-12-13 10:00:00,Casey,190.5403,215.8776,197.3280
2010-12-13 11:00:00,Casey,214.3069,178.4042,203.2588
2010-12-13 12:00:00,Casey,226.6042,190.5403,205.8884
2010-12-13 13:00:00,Casey,216.3165,214.3069,198.2466
2010-12-13 14:00:00,Casey,222.4916,226.6042,197.2835
2010-12-13 15:00:00,Casey,182.4964,216.3165,197.7110
2010-12-13 16:00:00,Casey,201.7019,222.4916,203.3601
2010-12-13 17:00:00,Casey,228.3693,182.4964,215.1274
2010-12-13 18:00:00,Casey,218.8863,201.7019,221.3461
2010-12-13 19:00:00,Casey,205.2350,228.3693,216.7974
2010-12-13 20:00:00,Casey,194.1382,218.8863,205.3685
2010-12-13 21:00:00,Casey,234.7272,205.2350,199.9953
2010-12-13 22:00:00,Casey,174.8924,194.1382,196.1669
2010-12-13 23:00:00,Casey,214.0390,234.7272,189.7845
2010-12-14 00:00:00,Casey,157.2984,174.8924,186.6434
2010-12-14 01:00:00,Casey,192.7783,214.0390,190.1953
2010-12-14 02:00:00,Casey,189.6976,157.2984,191.9577
2010-12-14 03:00:00,Casey,207.5635,192.7783,190.6658
2010-12-14 04:00:00,Casey,189.4217,189.6976,196.0263
2010-12-14 05:00:00,Casey,189.4414,207.5635,194.6703
2010-12-14 06:00:00,Casey,218.3984,189.4217,200.6508
2010-12-14 07:00:00,Casey,211.6905,189.4414,200.3492
2010-12-14 08:00:00,Casey,219.8334,218.3984,201.7475
2010-12-14 09:00:00,Casey,177.8480,211.6905,205.1308
2010-12-14 10:00:00,Casey,191.3871,219.8334,204.2018
2010-12-14 11:00:00,Casey,206.6588,177.8480,206.6409
2010-12-14 12:00:00,Casey,183.0803,191.3871,209.5815
2010-12-14 13:00:00,Casey,202.4463,206.6588,199.3149
2010-12-14 14:00:00,Casey,172.9338,183.0803,197.9630
2010-12-14 15:00:00,Casey,210.9134,202.4463,198.0096
2010-12-14 16:00:00,Casey,208.2225,172.9338,203.2900
2010-12-14 17:00:00,Casey,210.2047,210.9134,212.5009
2010-12-14 18:00:00,Casey,217.5135,208.2225,219.6440
2010-12-14 19:00:00,Casey,198.9756,210.2047,212.4745
2010-12-14 20:00:00,Casey,186.0986,217.5135,206.3258
2010-12-14 21:00:00,Casey,199.9107,198.9756,198.6909
2010-12-14 22:00:00,Casey,180.6453,186.0986,197.1953
2010-12-14 23:00:00,Casey,206.2311,199.9107,183.9315
2010-12-15 00:00:00,Casey,161.1161,180.6453,189.1305
2010-12-15 01:00:00,Casey,172.4978,206.2311,185.5172
2010-12-15 02:00:00,Casey,212.0411,161.1161,188.0703
2010-12-15 03:00:00,Casey,192.7101,172.4978,190.6335
2010-12-15 04:00:00,Casey,230.2108,212.0411,198.7070
2010-12-15 05:00:00,Casey,190.0876,192.7101,197.7039
2010-12-15 06:00:00,Casey,205.1120,230.2108,200.0543
2010-12-15 07:00:00,Casey,190.8206,190.0876,197.8725
2010-12-15 08:00:00,Casey,200.8275,205.1120,198.2107
2010-12-15 09:00:00,Casey,179.1545,190.8206,200.2037
2010-12-15 10:00:00,Casey,209.3853,200.8275,199.2874
2010-12-15 11:00:00,Casey,184.0993,179.1545,202.8910
2010-12-15 12:00:00,Casey,207.1487,209.3853,202.2377
2010-12-15 13:00:00,Casey,190.1377,184.0993,195.7635
2010-12-15 14:00:00,Casey,188.4456,207.1487,193.6805
2010-12-15 15:00:00,Casey,215.8996,190.1377,193.0047
2010-12-15 16:00:00,Casey,191.7854,188.4456,202.2111
2010-12-15 17:00:00,Casey,197.5186,215.8996,215.8814
2010-12-15 18:00:00,Casey,228.3174,191.7854,214.8341
2010-12-15 19:00:00,Casey,221.2719,197.5186,216.8664
2010-12-15 20:00:00,Casey,186.7463,228.3174,200.7571
2010-12-15 21:00:00,Casey,236.7790,221.2719,195.9757
2010-12-15 22:00:00,Casey,208.7896,186.7463,195.5039
2010-12-15 23:00:00,Casey,193.0663,236.7790,191.0349
2010-12-16 00:00:00,Casey,185.1163,208.7896,189.3572
2010-12-16 01:00:00,Casey,182.7845,193.0663,189.5293
2010-12-16 02:00:00,Casey,181.3456,185.1163,188.9938
2010-12-16 03:00:00,Casey,215.2797,182.7845,193.6548
2010-12-16 04:00:00,Casey,189.5056,181.3456,199.5564
2010-12-16 05:00:00,Casey,191.9705,215.2797,197.4395
2010-12-16 06:00:00,Casey,202.7706,189.5056,200.4631
2010-12-16 07:00:00,Casey,189.8963,191.9705,200.4735
2010-12-16 08:00:00,Casey,197.7686,202.7706,198.4586
2010-12-16 09:00:00,Casey,203.3660,189.8963,202.0587
2010-12-16 10:00:00,Casey,197.4762,197.7686,202.6953
2010-12-16 11:00:00,Casey,202.8401,203.3660,204.0712
2010-12-16 12:00:00,Casey,178.5943,197.4762,205.0239
2010-12-16 13:00:00,Casey,199.4601,202.8401,198.4196
2010-12-16 14:00:00,Casey,175.1188,178.5943,196.3537
2010-12-16 15:00:00,Casey,228.1974,199.4601,197.1543
2010-12-16 16:00:00,Casey,175.3532,175.1188,205.9908
2010-12-16 17:00:00,Casey,232.3935,228.1974,211.5000
2010-12-16 18:00:00,Casey,221.1218,175.3532,216.3980
2010-12-16 19:00:00,Casey,223.0666,232.3935,210.9121
2010-12-16 20:00:00,Casey,192.1902,221.1218,203.4618
2010-12-16 21:00:00,Casey,191.3991,223.0666,198.6318
2010-12-16 22:00:00,Casey,236.5996,192.1902,196.2618
2010-12-16 23:00:00,Casey,213.7460,191.3991,194.4309
2010-12-17 00:00:00,Casey,181.0134,236.5996,188.4072
2010-12-17 01:00:00,Casey,174.2217,213.7460,187.8671
2010-12-17 02:00:00,Casey,175.5278,181.0134,188.9246
2010-12-17 03:00:00,Casey,200.1138,174.2217,191.8598
2010-12-17 04:00:00,Casey,203.8746,175.5278,196.7654
2010-12-17 05:00:00,Casey,199.5662,200.1138,196.9201
2010-12-17 06:00:00,Casey,199.6731,203.8746,199.7771
2010-12-17 07:00:00,Casey,173.5722,199.5662,199.3415
2010-12-17 08:00:00,Casey,204.2301,199.6731,196.9264
2010-12-17 09:00:00,Casey,200.3862,173.5722,199.4335
2010-12-17 10:00:00,Casey,186.8915,204.2301,203.4274
2010-12-17 11:00:00,Casey,197.3217,200.3862,203.1604
2010-12-17 12:00:00,Casey,214.0147,186.8915,205.0753
2010-12-17 13:00:00,Casey,162.3556,197.3217,196.5158
2010-12-17 14:00:00,Casey,187.0566,214.0147,194.3778
2010-12-17 15:00:00,Casey,217.7306,162.3556,196.9607
2010-12-17 16:00:00,Casey,217.2082,187.0566,207.3513
2010-12-17 17:00:00,Casey,232.3722,217.7306,205.0246
2010-12-17 18:00:00,Casey,206.6071,217.2082,217.6920
2010-12-17 19:00:00,Casey,210.7821,232.3722,215.9910
2010-12-17 20:00:00,Casey,211.2698,206.6071,202.4763
2010-12-17 21:00:00,Casey,211.2110,210.7821,200.8432
2010-12-17 22:00:00,Casey,162.1314,211.2698,197.3949
2010-12-17 23:00:00,Casey,183.2076,211.2110,189.1429
2010-12-18 00:00:00,Casey,173.7375,162.1314,187.2492
2010-12-18 01:00:00,Casey,192.2186,183.2076,188.3482
2010-12-18 02:00:00,Casey,197.3560,173.7375,189.8370
2010-12-18 03:00:00,Casey,226.8863,192.2186,191.0265
2010-12-18 04:00:00,Casey,196.4740,197.3560,199.7392
2010-12-18 05:00:00,Casey,209.5021,226.8863,196.0205
2010-12-18 06:00:00,Casey,191.7368,196.4740,199.3064
2010-12-18 07:00:00,Casey,205.2599,209.5021,199.6236
2010-12-18 08:00:00,Casey,207.5143,191.7368,197.9745
2010-12-18 09:00:00,Casey,202.8743,205.2599,201.0054
2010-12-18 10:00:00,Casey,223.4490,207.5143,204.1084
2010-12-18 11:00:00,Casey,187.0626,202.8743,206.0041
2010-12-18 12:00:00,Casey,204.4458,223.4490,204.8155
2010-12-18 13:00:00,Casey,211.2604,187.0626,199.1577
2010-12-18 14:00:00,Casey,182.2854,204.4458,198.2476
2010-12-18 15:00:00,Casey,197.7932,211.2604,198.4566
2010-12-18 16:00:00,Casey,182.1502,182.2854,207.4053
2010-12-18 17:00:00,Casey,188.5256,197.7932,217.1960
2010-12-18 18:00:00,Casey,197.5299,182.1502,216.0850
2010-12-18 19:00:00,Casey,211.0151,188.5256,212.6958
2010-12-18 20:00:00,Casey,208.8694,197.5299,205.8686
2010-12-18 21:00:00,Casey,217.7025,211.0151,198.6782
2010-12-18 22:00:00,Casey,205.0886,208.8694,199.8738
2010-12-18 23:00:00,Casey,190.5464,217.7025,188.7856
2010-12-19 00:00:00,Casey,189.5953,205.0886,186.0961
2010-12-19 01:00:00,Casey,182.8957,190.5464,187.1776
2010-12-19 02:00:00,Casey,199.4805,189.5953,188.8421
2010-12-19 03:00:00,Casey,201.9518,182.8957,193.6566
2010-12-19 04:00:00,Casey,232.2457,199.4805,197.0718
2010-12-19 05:00:00,Casey,187.4719,201.9518,197.8234
2010-12-19 06:00:00,Casey,222.3365,232.2457,199.6278
2010-12-19 07:00:00,Casey,200.8263,187.4719,200.6188
2010-12-19 08:00:00,Casey,195.6392,222.3365,198.9724
2010-12-19 09:00:00,Casey,191.8304,200.8263,201.6773
2010-12-19 10:00:00,Casey,210.9758,195.6392,201.5785
2010-12-19 11:00:00,Casey,215.6849,191.8304,207.5700
2010-12-19 12:00:00,Casey,241.4431,210.9758,203.5990
2010-12-19 13:00:00,Casey,200.5850,215.6849,201.2602
2010-12-19 14:00:00,Casey,204.3229,241.4431,197.0921
2010-12-19 15:00:00,Casey,206.9360,200.5850,199.0731
2010-12-19 16:00:00,Casey,194.4435,204.3229,207.6071
2010-12-19 17:00:00,Casey,202.7589,206.9360,218.8380
2010-12-19 18:00:00,Casey,223.6625,194.4435,224.6108
2010-12-19 19:00:00,Casey,190.4542,202.7589,218.6761
2010-12-19 20:00:00,Casey,210.1526,223.6625,210.9493
2010-12-19 21:00:00,Casey,208.9726,190.4542,207.3733
2010-12-19 22:00:00,Casey,188.4426,210.1526,200.5165
2010-12-19 23:00:00,Casey,178.8291,208.9726,193.8273
2010-12-20 00:00:00,Casey,192.2504,188.4426,189.6578
2010-12-20 01:00:00,Casey,198.7707,178.8291,190.2961
2010-12-20 02:00:00,Casey,202.5462,192.2504,190.6713
2010-12-20 03:00:00,Casey,182.7976,198.7707,195.4110
2010-12-20 04:00:00,Casey,187.4095,202.5462,197.8576
2010-12-20 05:00:00,Casey,194.2763,182.7976,198.2071
2010-12-20 06:00:00,Casey,209.1439,187.4095,199.7629
2010-12-20 07:00:00,Casey,194.2856,194.2763,201.3234
2010-12-20 08:00:00,Casey,177.8787,209.1439,199.2697
2010-12-20 09:00:00,Casey,194.5183,194.2856,201.6417
2010-12-20 10:00:00,Casey,220.8490,177.8787,200.4361
2010-12-20 11:00:00,Casey,204.2088,194.5183,205.7688
2010-12-20 12:00:00,Casey,192.2814,220.8490,205.7824
2010-12-20 13:00:00,Casey,215.0483,204.2088,201.5354
2010-12-20 14:00:00,Casey,184.1764,192.2814,199.3896
2010-12-20 15:00:00,Casey,215.2087,215.0483,195.8076
2010-12-20 16:00:00,Casey,215.3682,184.1764,206.2312
2010-12-20 17:00:00,Casey,213.5959,215.2087,215.6819
2010-12-20 18:00:00,Casey,206.5597,215.3682,216.8069
2010-12-20 19:00:00,Casey,217.8422,213.5959,213.4475
2010-12-20 20:00:00,Casey,195.0649,206.5597,205.5109
2010-12-20 21:00:00,Casey,218.1234,217.8422,197.7746
2010-12-20 22:00:00,Casey,181.2265,195.0649,196.9212
2010-12-20 23:00:00,Casey,166.1288,218.1234,189.0824
2010-12-21 00:00:00,Casey,186.9526,181.2265,190.8251
2010-12-21 01:00:00,Casey,183.4877,166.1288,188.4872
2010-12-21 02:00:00,Casey,203.7681,186.9526,191.3003
2010-12-21 03:00:00,Casey,209.1257,183.4877,193.2399
2010-12-21 04:00:00,Casey,184.7315,203.7681,197.3614
2010-12-21 05:00:00,Casey,184.3257,209.1257,194.8008
2010-12-21 06:00:00,Casey,196.5736,184.7315,198.0382
2010-12-21 07:00:00,Casey,192.1739,184.3257,200.2362
2010-12-21 08:00:00,Casey,200.8900,196.5736,199.8278
2010-12-21 09:00:00,Casey,201.7263,192.1739,201.2495
2010-12-21 10:00:00,Casey,216.3449,200.8900,201.9210
2010-12-21 11:00:00,Casey,203.1809,201.7263,204.5416
2010-12-21 12:00:00,Casey,194.8528,216.3449,204.5503
2010-12-21 13:00:00,Casey,200.9146,203.1809,197.0114
2010-12-21 14:00:00,Casey,179.6310,194.8528,197.7140
2010-12-21 15:00:00,Casey,182.5010,200.9146,196.9740
2010-12-21 16:00:00,Casey,192.2438,179.6310,205.0743
2010-12-21 17:00:00,Casey,194.6003,182.5010,215.5063
2010-12-21 18:00:00,Casey,205.1615,192.2438,215.1926
2010-12-21 19:00:00,Casey,194.7617,194.6003,209.2033
2010-12-21 20:00:00,Casey,202.2332,205.1615,199.7160
2010-12-21 21:00:00,Casey,195.5183,194.7617,192.1811
2010-12-21 22:00:00,Casey,178.1361,202.2332,190.7086
2010-12-21 23:00:00,Casey,175.5499,195.5183,184.7026
2010-12-22 00:00:00,Casey,202.3547,178.1361,185.9543
2010-12-22 01:00:00,Casey,171.6816,175.5499,184.9912
2010-12-22 02:00:00,Casey,198.0127,202.3547,185.6358
2010-12-22 03:00:00,Casey,181.3818,171.6816,189.3219
2010-12-22 04:00:00,Casey,174.5966,198.0127,193.3423
2010-12-22 05:00:00,Casey,218.9136,181.3818,190.7905
2010-12-22 06:00:00,Casey,205.1495,174.5966,189.9458
2010-12-22 07:00:00,Casey,214.8487,218.9136,193.1233
2010-12-22 08:00:00,Casey,178.5603,205.1495,193.8867
2010-12-22 09:00:00,Casey,194.1491,214.8487,192.6090
2010-12-22 10:00:00,Casey,190.8057,178.5603,196.2250
2010-12-22 11:00:00,Casey,197.3997,194.1491,199.8316
2010-12-22 12:00:00,Casey,208.1683,190.8057,197.9084
2010-12-22 13:00:00,Casey,192.3878,197.3997,192.8967
2010-12-22 14:00:00,Casey,209.0890,208.1683,189.9977
2010-12-22 15:00:00,Casey,187.0366,192.3878,191.7228
2010-12-22 16:00:00,Casey,210.1562,209.0890,198.5051
2010-12-22 17:00:00,Casey,217.2659,187.0366,210.4580
2010-12-22 18:00:00,Casey,203.8507,210.1562,213.6457
2010-12-22 19:00:00,Casey,175.0445,217.2659,214.7214
2010-12-22 20:00:00,Casey,232.4476,203.8507,197.7214
2010-12-22 21:00:00,Casey,198.8542,175.0445,196.5596
2010-12-22 22:00:00,Casey,195.6949,232.4476,192.7799
2010-12-22 23:00:00,Casey,168.4391,198.8542,189.3279
2010-12-23 00:00:00,Casey,187.4651,195.6949,186.1689
2010-12-23 01:00:00,Casey,203.4049,168.4391,187.4419
2010-12-23 02:00:00,Casey,188.1128,187.4651,185.5381
2010-12-23 03:00:00,Casey,187.5485,203.4049,190.0005
2010-12-23 04:00:00,Casey,213.6555,188.1128,195.5074
2010-12-23 05:00:00,Casey,161.7251,187.5485,194.7144
2010-12-23 06:00:00,Casey,198.6678,213.6555,196.1337
2010-12-23 07:00:00,Casey,206.1992,161.7251,197.1346
2010-12-23 08:00:00,Casey,201.1124,198.6678,197.0708
2010-12-23 09:00:00,Casey,203.6068,206.1992,197.8275
2010-12-23 10:00:00,Casey,221.8617,201.1124,201.2781
2010-12-23 11:00:00,Casey,233.8872,203.6068,206.8057
2010-12-23 12:00:00,Casey,196.7014,221.8617,204.3773
2010-12-23 13:00:00,Casey,179.7958,233.8872,196.5424
2010-12-23 14:00:00,Casey,211.6484,196.7014,197.4412
2010-12-23 15:00:00,Casey,220.2452,179.7958,199.7642
2010-12-23 16:00:00,Casey,184.9271,211.6484,206.4546
2010-12-23 17:00:00,Casey,210.3245,220.2452,216.3976
2010-12-23 18:00:00,Casey,207.0378,184.9271,218.5873
2010-12-23 19:00:00,Casey,229.4035,210.3245,213.1331
2010-12-23 20:00:00,Casey,199.4059,207.0378,203.3737
2010-12-23 21:00:00,Casey,193.9919,229.4035,201.0477
2010-12-23 22:00:00,Casey,210.6780,199.4059,195.1306
2010-12-23 23:00:00,Casey,190.0630,193.9919,191.4170
2010-12-24 00:00:00,Casey,163.9025,210.6780,188.7493
2010-12-24 01:00:00,Casey,198.5441,190.0630,187.1962
2010-12-24 02:00:00,Casey,179.5079,163.9025,191.3937
2010-12-24 03:00:00,Casey,184.1568,198.5441,194.8534
2010-12-24 04:00:00,Casey,173.6076,179.5079,195.7388
2010-12-24 05:00:00,Casey,193.8662,184.1568,198.2520
2010-12-24 06:00:00,Casey,194.0134,173.6076,197.6847
2010-12-24 07:00:00,Casey,223.4942,193.8662,199.0036
2010-12-24 08:00:00,Casey,207.7857,194.0134,198.9875
2010-12-24 09:00:00,Casey,217.0101,223.4942,199.3602
2010-12-24 10:00:00,Casey,188.0967,207.7857,203.6867
2010-12-24 11:00:00,Casey,209.7023,217.0101,204.3524
2010-12-24 12:00:00,Casey,224.9685,188.0967,205.9714
2010-12-24 13:00:00,Casey,220.6266,209.7023,197.7476
2010-12-24 14:00:00,Casey,171.3449,224.9685,196.2224
2010-12-24 15:00:00,Casey,195.6304,220.6266,198.1766
2010-12-24 16:00:00,Casey,231.8778,171.3449,207.5669
2010-12-24 17:00:00,Casey,219.8804,195.6304,213.6005
2010-12-24 18:00:00,Casey,228.2096,231.8778,218.4537
2010-12-24 19:00:00,Casey,209.5050,219.8804,217.8310
2010-12-24 20:00:00,Casey,224.3782,228.2096,206.9892
2010-12-24 21:00:00,Casey,184.5447,209.5050,200.1457
2010-12-24 22:00:00,Casey,179.5296,224.3782,196.7810
2010-12-24 23:00:00,Casey,167.7955,184.5447,190.7213
2010-12-25 00:00:00,Casey,174.9917,179.5296,187.4489
2010-12-25 01:00:00,Casey,201.3643,167.7955,187.3079
2010-12-25 02:00:00,Casey,206.6738,174.9917,190.2940
2010-12-25 03:00:00,Casey,186.4124,201.3643,192.8599
2010-12-25 04:00:00,Casey,161.1813,206.6738,194.8641
2010-12-25 05:00:00,Casey,190.5971,186.4124,193.5107
2010-12-25 06:00:00,Casey,201.5653,161.1813,199.3956
2010-12-25 07:00:00,Casey,179.1314,190.5971,197.4275
2010-12-25 08:00:00,Casey,179.5085,201.5653,199.3790
2010-12-25 09:00:00,Casey,197.4837,179.1314,199.8751
2010-12-25 10:00:00,Casey,181.5566,179.5085,201.6262
2010-12-25 11:00:00,Casey,215.5008,197.4837,201.5928
2010-12-25 12:00:00,Casey,201.7967,181.5566,202.7339
2010-12-25 13:00:00,Casey,186.3907,215.5008,194.7712
2010-12-25 14:00:00,Casey,252.6455,201.7967,192.3092
2010-12-25 15:00:00,Casey,179.2328,186.3907,197.4176
2010-12-25 16:00:00,Casey,225.7370,252.6455,200.0603
2010-12-25 17:00:00,Casey,209.2339,179.2328,212.9511
2010-12-25 18:00:00,Casey,215.1759,225.7370,217.2608
2010-12-25 19:00:00,Casey,217.1934,209.2339,213.2837
2010-12-25 20:00:00,Casey,205.1415,215.1759,203.4555
2010-12-25 21:00:00,Casey,194.4325,217.1934,196.8396
2010-12-25 22:00:00,Casey,199.4541,205.1415,193.6755
2010-12-25 23:00:00,Casey,192.4574,194.4325,187.8916
2010-12-26 00:00:00,Casey,174.7358,199.4541,185.6048
2010-12-26 01:00:00,Casey,192.4453,192.4574,186.1386
2010-12-26 02:00:00,Casey,171.6954,174.7358,187.9798
2010-12-26 03:00:00,Casey,174.3905,192.4453,193.0581
2010-12-26 04:00:00,Casey,217.8109,171.6954,194.5844
2010-12-26 05:00:00,Casey,185.4549,174.3905,193.5526
2010-12-26 06:00:00,Casey,233.2018,217.8109,196.5583
2010-12-26 07:00:00,Casey,189.8511,185.4549,199.3854
2010-12-26 08:00:00,Casey,210.2135,233.2018,196.5653
2010-12-26 09:00:00,Casey,203.1274,189.8511,200.2784
2010-12-26 10:00:00,Casey,217.7737,210.2135,200.7160
2010-12-26 11:00:00,Casey,174.0658,203.1274,207.2515
2010-12-26 12:00:00,Casey,228.9507,217.7737,205.5262
2010-12-26 13:00:00,Casey,192.1289,174.0658,201.1563
2010-12-26 14:00:00,Casey,191.7367,228.9507,197.2690
2010-12-26 15:00:00,Casey,201.9818,192.1289,201.8430
2010-12-26 16:00:00,Casey,189.8407,191.7367,207.9806
2010-12-26 17:00:00,Casey,213.3321,201.9818,216.2646
2010-12-26 18:00:00,Casey,212.7239,189.8407,214.3742
2010-12-26 19:00:00,Casey,209.0694,213.3321,215.8437
2010-12-26 20:00:00,Casey,211.2311,212.7239,206.5496
2010-12-26 21:00:00,Casey,183.4766,209.0694,200.3251
2010-12-26 22:00:00,Casey,200.7387,211.2311,195.0607
2010-12-26 23:00:00,Casey,175.0894,183.4766,190.6902
2010-12-27 00:00:00,Casey,155.8695,200.7387,185.6484
2010-12-27 01:00:00,Casey,198.4828,175.0894,185.2309
2010-12-27 02:00:00,Casey,174.2112,155.8695,191.3379
2010-12-27 03:00:00,Casey,204.4768,198.4828,191.0061
2010-12-27 04:00:00,Casey,188.2403,174.2112,193.1595
2010-12-27 05:00:00,Casey,166.0153,204.4768,195.6563
2010-12-27 06:00:00,Casey,190.5744,188.2403,195.0548
2010-12-27 07:00:00,Casey,196.0414,166.0153,197.3586
2010-12-27 08:00:00,Casey,192.2688,190.5744,194.2375
2010-12-27 09:00:00,Casey,206.5752,196.0414,194.7940
2010-12-27 10:00:00,Casey,214.5070,192.2688,196.7816
2010-12-27 11:00:00,Casey,208.1040,206.5752,200.7392
2010-12-27 12:00:00,Casey,243.6107,214.5070,201.2787
2010-12-27 13:00:00,Casey,174.0717,208.1040,197.9001
2010-12-27 14:00:00,Casey,215.9197,243.6107,192.1796
2010-12-27 15:00:00,Casey,203.9615,174.0717,195.1465
2010-12-27 16:00:00,Casey,215.1749,215.9197,202.6339
2010-12-27 17:00:00,Casey,232.4205,203.9615,215.1594
2010-12-27 18:00:00,Casey,196.4195,215.1749,219.3609
2010-12-27 19:00:00,Casey,199.1633,232.4205,215.7226
2010-12-27 20:00:00,Casey,216.5527,196.4195,200.3437
2010-12-27 21:00:00,Casey,189.3427,199.1633,200.4728
2010-12-27 22:00:00,Casey,198.2823,216.5527,196.2641
2010-12-27 23:00:00,Casey,209.7757,189.3427,186.5857
2010-12-28 00:00:00,Casey,190.2098,198.2823,185.9628
2010-12-28 01:00:00,Casey,185.1230,209.7757,187.0115
2010-12-28 02:00:00,Casey,163.5608,190.2098,189.2461
2010-12-28 03:00:00,Casey,184.9678,185.1230,191.9391
2010-12-28 04:00:00,Casey,209.4100,163.5608,197.8401
2010-12-28 05:00:00,Casey,180.5534,184.9678,195.9428
2010-12-28 06:00:00,Casey,209.6631,209.4100,198.0847
2010-12-28 07:00:00,Casey,204.2771,180.5534,199.7812
2010-12-28 08:00:00,Casey,184.3615,209.6631,197.3273
2010-12-28 09:00:00,Casey,196.5413,204.2771,200.1856
2010-12-28 10:00:00,Casey,189.8382,184.3615,202.7309
2010-12-28 11:00:00,Casey,230.9870,196.5413,205.8175
2010-12-28 12:00:00,Casey,209.9545,189.8382,204.6588
2010-12-28 13:00:00,Casey,204.1916,230.9870,197.8207
2010-12-28 14:00:00,Casey,184.2566,209.9545,197.0182
2010-12-28 15:00:00,Casey,184.9027,204.1916,197.3373
2010-12-28 16:00:00,Casey,208.9308,184.2566,206.7370
2010-12-28 17:00:00,Casey,219.0145,184.9027,213.8151
2010-12-28 18:00:00,Casey,207.1351,208.9308,216.4550
2010-12-28 19:00:00,Casey,219.2589,219.0145,215.2916
2010-12-28 20:00:00,Casey,194.1788,207.1351,204.8057
2010-12-28 21:00:00,Casey,187.6526,219.2589,200.3775
2010-12-28 22:00:00,Casey,202.7758,194.1788,193.3468
2010-12-28 23:00:00,Casey,194.1649,187.6526,190.3944
2010-12-29 00:00:00,Casey,183.0205,202.7758,189.9661
2010-12-29 01:00:00,Casey,176.5060,194.1649,189.5896
2010-12-29 02:00:00,Casey,209.5270,183.0205,188.1320
2010-12-29 03:00:00,Casey,165.9627,176.5060,192.3512
2010-12-29 04:00:00,Casey,216.1328,209.5270,194.8815
2010-12-29 05:00:00,Casey,184.8397,165.9627,197.3993
2010-12-29 06:00:00,Casey,227.0566,216.1328,198.6605
2010-12-29 07:00:00,Casey,190.3893,184.8397,200.4870
2010-12-29 08:00:00,Casey,189.8982,227.0566,198.7279
2010-12-29 09:00:00,Casey,192.5798,190.3893,200.3771
2010-12-29 10:00:00,Casey,248.3321,189.8982,201.7861
2010-12-29 11:00:00,Casey,210.3670,192.5798,206.3702
2010-12-29 12:00:00,Casey,210.4048,248.3321,202.7270
2010-12-29 13:00:00,Casey,173.8984,210.3670,198.3775
2010-12-29 14:00:00,Casey,176.1532,210.4048,197.3847
2010-12-29 15:00:00,Casey,208.5450,173.8984,198.0605
2010-12-29 16:00:00,Casey,186.7413,176.1532,202.5673
2010-12-29 17:00:00,Casey,210.6342,208.5450,218.7380
2010-12-29 18:00:00,Casey,212.6747,186.7413,218.6662
2010-12-29 19:00:00,Casey,201.1914,210.6342,216.2223
2010-12-29 20:00:00,Casey,195.1292,212.6747,201.7210
2010-12-29 21:00:00,Casey,205.6315,201.1914,196.4053
2010-12-29 22:00:00,Casey,190.5514,195.1292,196.7091
2010-12-29 23:00:00,Casey,170.6679,205.6315,189.3089
2010-12-30 00:00:00,Casey,187.9719,190.5514,185.5842
2010-12-30 01:00:00,Casey,198.4675,170.6679,188.7197
2010-12-30 02:00:00,Casey,183.4537,187.9719,191.7954
2010-12-30 03:00:00,Casey,175.4072,198.4675,191.6274
2010-12-30 04:00:00,Casey,204.3512,183.4537,193.5187
2010-12-30 05:00:00,Casey,187.8615,175.4072,196.2502
2010-12-30 06:00:00,Casey,191.2954,204.3512,195.8778
2010-12-30 07:00:00,Casey,187.7856,187.8615,198.5530
2010-12-30 08:00:00,Casey,181.3837,191.2954,196.1772
2010-12-30 09:00:00,Casey,198.0283,187.7856,195.6314
2010-12-30 10:00:00,Casey,206.5394,181.3837,197.1107
2010-12-30 11:00:00,Casey,202.4252,198.0283,201.6687
2010-12-30 12:00:00,Casey,215.5494,206.5394,198.2889
2010-12-30 13:00:00,Casey,207.6269,202.4252,192.9776
2010-12-30 14:00:00,Casey,205.4839,215.5494,190.1551
2010-12-30 15:00:00,Casey,207.3404,207.6269,194.8101
2010-12-30 16:00:00,Casey,190.4889,205.4839,203.7749
2010-12-30 17:00:00,Casey,202.7750,207.3404,213.5252
2010-12-30 18:00:00,Casey,222.8729,190.4889,216.0329
2010-12-30 19:00:00,Casey,208.5753,202.7750,216.2672
2010-12-30 20:00:00,Casey,190.4781,222.8729,202.9368
2010-12-30 21:00:00,Casey,208.7666,208.5753,198.1821
2010-12-30 22:00:00,Casey,181.1252,190.4781,192.5792
2010-12-30 23:00:00,Casey,183.7308,208.7666,187.6536
2010-12-31 00:00:00,Casey,199.4186,181.1252,185.4853
2010-12-31 01:00:00,Casey,168.9928,183.7308,186.6207
2010-12-31 02:00:00,Casey,193.7813,199.4186,192.4737
2010-12-31 03:00:00,Casey,209.0856,168.9928,191.8149
2010-12-31 04:00:00,Casey,221.1242,193.7813,195.0599
2010-12-31 05:00:00,Casey,156.7295,209.0856,197.4986
2010-12-31 06:00:00,Casey,198.4830,221.1242,195.6667
2010-12-31 07:00:00,Casey,214.3627,156.7295,197.4834
2010-12-31 08:00:00,Casey,182.0733,198.4830,200.6936
2010-12-31 09:00:00,Casey,208.1115,214.3627,200.2589
2010-12-31 10:00:00,Casey,201.9255,182.0733,204.7406
2010-12-31 11:00:00,Casey,201.6987,208.1115,203.6202
2010-12-31 12:00:00,Casey,185.5075,201.9255,204.1570
2010-12-31 13:00:00,Casey,202.8034,201.6987,196.1332
2010-12-31 14:00:00,Casey,200.8742,185.5075,196.1433
2010-12-31 15:00:00,Casey,212.4240,202.8034,195.3924
2010-12-31 16:00:00,Casey,182.3664,200.8742,204.6655
2010-12-31 17:00:00,Casey,198.2765,212.4240,213.6724
2010-12-31 18:00:00,Casey,223.1707,182.3664,215.8417
2010-12-31 19:00:00,Casey,202.6705,198.2765,212.2125
2010-12-31 20:00:00,Casey,191.6570,223.1707,203.7257
2010-12-31 21:00:00,Casey,173.4550,202.6705,198.1538
2010-12-31 22:00:00,Casey,188.0069,191.6570,190.4938
2010-10-21 08:00:00,Davis,191.7734,173.6156,198.3258
2010-10-21 09:00:00,Davis,213.1662,212.2862,200.5221
2010-10-21 10:00:00,Davis,190.8709,191.7734,201.3866
2010-10-21 11:00:00,Davis,192.0622,213.1662,202.5771
2010-10-21 12:00:00,Davis,203.1950,190.8709,202.2029
2010-10-21 13:00:00,Davis,185.5824,192.0622,196.8251
2010-10-21 14:00:00,Davis,179.3293,203.1950,194.0962
2010-10-21 15:00:00,Davis,178.7287,185.5824,195.4844
2010-10-21 16:00:00,Davis,217.7174,179.3293,201.0744
2010-10-21 17:00:00,Davis,219.7149,178.7287,211.6653
2010-10-21 18:00:00,Davis,249.2289,217.7174,212.1631
2010-10-21 19:00:00,Davis,225.5531,219.7149,217.2181
2010-10-21 20:00:00,Davis,225.4026,249.2289,201.5905
2010-10-21 21:00:00,Davis,185.4149,225.5531,203.1355
2010-10-21 22:00:00,Davis,196.1572,225.4026,193.8494
2010-10-21 23:00:00,Davis,199.2653,185.4149,190.1070
2010-10-22 00:00:00,Davis,188.6069,196.1572,188.3122
2010-10-22 01:00:00,Davis,210.4022,199.2653,188.8928
2010-10-22 02:00:00,Davis,182.3828,188.6069,189.8148
2010-10-22 03:00:00,Davis,173.7020,210.4022,193.3778
2010-10-22 04:00:00,Davis,200.1202,182.3828,195.0384
2010-10-22 05:00:00,Davis,198.9285,173.7020,197.9752
2010-10-22 06:00:00,Davis,222.1152,200.1202,199.7332
2010-10-22 07:00:00,Davis,206.0344,198.9285,198.9005
2010-10-22 08:00:00,Davis,187.5502,222.1152,201.7056
2010-10-22 09:00:00,Davis,201.2301,206.0344,200.8005
2010-10-22 10:00:00,Davis,179.1183,187.5502,203.5717
2010-10-22 11:00:00,Davis,183.0687,201.2301,207.5003
2010-10-22 12:00:00,Davis,193.2660,179.1183,206.1011
2010-10-22 13:00:00,Davis,200.2636,183.0687,197.3168
2010-10-22 14:00:00,Davis,184.9157,193.2660,196.7306
2010-10-22 15:00:00,Davis,212.9048,200.2636,197.1228
2010-10-22 16:00:00,Davis,189.8586,184.9157,207.4390
2010-10-22 17:00:00,Davis,199.8408,212.9048,213.0451
2010-10-22 18:00:00,Davis,225.5922,189.8586,215.8405
2010-10-22 19:00:00,Davis,204.2373,199.8408,214.8017
2010-10-22 20:00:00,Davis,197.0604,225.5922,204.2472
2010-10-22 21:00:00,Davis,191.0039,204.2373,199.7733
2010-10-22 22:00:00,Davis,198.1610,197.0604,192.8092
2010-10-22 23:00:00,Davis,195.5209,191.0039,188.3199
2010-10-23 00:00:00,Davis,187.8269,198.1610,189.9588
2010-10-23 01:00:00,Davis,206.1075,195.5209,187.4771
2010-10-23 02:00:00,Davis,193.9657,187.8269,189.3404
2010-10-23 03:00:00,Davis,187.5345,206.1075,191.6515
2010-10-23 04:00:00,Davis,194.6107,193.9657,195.1380
2010-10-23 05:00:00,Davis,195.6089,187.5345,196.5220
2010-10-23 06:00:00,Davis,221.7048,194.6107,197.6843
2010-10-23 07:00:00,Davis,181.9251,195.6089,200.5707
2010-10-23 08:00:00,Davis,189.7485,221.7048,197.2684
2010-10-23 09:00:00,Davis,204.7992,181.9251,198.4505
2010-10-23 10:00:00,Davis,202.7959,189.7485,200.7237
2010-10-23 11:00:00,Davis,238.3378,204.7992,202.4484
2010-10-23 12:00:00,Davis,209.8246,202.7959,207.4160
2010-10-23 13:00:00,Davis,198.7710,238.3378,200.4354
2010-10-23 14:00:00,Davis,195.6854,209.8246,197.6790
2010-10-23 15:00:00,Davis,167.2286,198.7710,198.3058
2010-10-23 16:00:00,Davis,207.3169,195.6854,205.6598
2010-10-23 17:00:00,Davis,194.0302,167.2286,215.2495
2010-10-23 18:00:00,Davis,189.4890,207.3169,218.0132
2010-10-23 19:00:00,Davis,206.0804,194.0302,214.5464
2010-10-23 20:00:00,Davis,184.6446,189.4890,202.0529
2010-10-23 21:00:00,Davis,196.3290,206.0804,197.7490
2010-10-23 22:00:00,Davis,177.1470,184.6446,192.7052
2010-10-23 23:00:00,Davis,183.4137,196.3290,187.6626
2010-10-24 00:00:00,Davis,197.4295,177.1470,188.7162
2010-10-24 01:00:00,Davis,174.1864,183.4137,186.8046
2010-10-24 02:00:00,Davis,187.5144,197.4295,188.0590
2010-10-24 03:00:00,Davis,170.5540,174.1864,186.8744
2010-10-24 04:00:00,Davis,194.5663,187.5144,191.6369
2010-10-24 05:00:00,Davis,168.1150,170.5540,189.5189
2010-10-24 06:00:00,Davis,202.9124,194.5663,190.9047
2010-10-24 07:00:00,Davis,186.7790,168.1150,194.0234
2010-10-24 08:00:00,Davis,188.5296,202.9124,190.7255
2010-10-24 09:00:00,Davis,184.4608,186.7790,192.9694
2010-10-24 10:00:00,Davis,199.1917,188.5296,194.3103
2010-10-24 11:00:00,Davis,234.4783,184.4608,197.8700
2010-10-24 12:00:00,Davis,208.3378,199.1917,200.8631
2010-10-24 13:00:00,Davis,206.5586,234.4783,193.4622
2010-10-24 14:00:00,Davis,196.1483,208.3378,190.4610
2010-10-24 15:00:00,Davis,218.5309,206.5586,192.1133
2010-10-24 16:00:00,Davis,215.9725,196.1483,197.1726
2010-10-24 17:00:00,Davis,208.2600,218.5309,214.5896
2010-10-24 18:00:00,Davis,199.6835,215.9725,219.5146
2010-10-24 19:00:00,Davis,256.1535,208.2600,213.7051
2010-10-24 20:00:00,Davis,209.0532,199.6835,208.4626
2010-10-24 21:00:00,Davis,167.7422,256.1535,202.7851
2010-10-24 22:00:00,Davis,181.8854,209.0532,190.3390
2010-10-24 23:00:00,Davis,201.1818,167.7422,182.9738
2010-10-25 00:00:00,Davis,193.3217,181.8854,188.6057
2010-10-25 01:00:00,Davis,184.6830,201.1818,188.5580
2010-10-25 02:00:00,Davis,196.8375,193.3217,186.3949
2010-10-25 03:00:00,Davis,184.5360,184.6830,192.4065
2010-10-25 04:00:00,Davis,222.0943,196.8375,195.5329
2010-10-25 05:00:00,Davis,202.7022,184.5360,197.4342
2010-10-25 06:00:00,Davis,194.6771,222.0943,200.0776
2010-10-25 07:00:00,Davis,182.5653,202.7022,201.2633
2010-10-25 08:00:00,Davis,190.3098,194.6771,198.2329
2010-10-25 09:00:00,Davis,176.3690,182.5653,201.4961
2010-10-25 10:00:00,Davis,225.8681,190.3098,203.0107
2010-10-25 11:00:00,Davis,215.0916,176.3690,207.1939
2010-10-25 12:00:00,Davis,191.2433,225.8681,210.1541
2010-10-25 13:00:00,Davis,182.0436,215.0916,198.9378
2010-10-25 14:00:00,Davis,211.9730,191.2433,196.4631
2010-10-25 15:00:00,Davis,184.7330,182.0436,198.5309
2010-10-25 16:00:00,Davis,184.3795,211.9730,207.2800
2010-10-25 17:00:00,Davis,203.6187,184.7330,217.7404
2010-10-25 18:00:00,Davis,197.2341,184.3795,216.5581
2010-10-25 19:00:00,Davis,222.6717,203.6187,210.4429
2010-10-25 20:00:00,Davis,215.0630,197.2341,202.7757
2010-10-25 21:00:00,Davis,206.9658,222.6717,200.8801
2010-10-25 22:00:00,Davis,202.5472,215.0630,193.0270
2010-10-25 23:00:00,Davis,191.5674,206.9658,189.8549
2010-10-26 00:00:00,Davis,215.1487,202.5472,189.9055
2010-10-26 01:00:00,Davis,175.9022,191.5674,188.0390
2010-10-26 02:00:00,Davis,208.8328,215.1487,192.5052
2010-10-26 03:00:00,Davis,169.3490,175.9022,192.6150
2010-10-26 04:00:00,Davis,200.1235,208.8328,197.5140
2010-10-26 05:00:00,Davis,187.2973,169.3490,197.2293
2010-10-26 06:00:00,Davis,205.5077,200.1235,198.1378
2010-10-26 07:00:00,Davis,196.5204,187.2973,196.6325
2010-10-26 08:00:00,Davis,217.2919,205.5077,197.9036
2010-10-26 09:00:00,Davis,197.1398,196.5204,203.2514
2010-10-26 10:00:00,Davis,213.3008,217.2919,199.5983
2010-10-26 11:00:00,Davis,164.2554,197.1398,208.5425
2010-10-26 12:00:00,Davis,195.1990,213.3008,201.9288
2010-10-26 13:00:00,Davis,201.5096,164.2554,197.2423
2010-10-26 14:00:00,Davis,187.6511,195.1990,197.9596
2010-10-26 15:00:00,Davis,169.3350,201.5096,196.1935
2010-10-26 16:00:00,Davis,199.0975,187.6511,202.3794
2010-10-26 17:00:00,Davis,201.2985,169.3350,212.6339
2010-10-26 18:00:00,Davis,236.0318,199.0975,211.4729
2010-10-26 19:00:00,Davis,222.8196,201.2985,213.5413
2010-10-26 20:00:00,Davis,211.4788,236.0318,206.3353
2010-10-26 21:00:00,Davis,230.5943,222.8196,202.7611
2010-10-26 22:00:00,Davis,212.8728,211.4788,196.7137
2010-10-26 23:00:00,Davis,197.2870,230.5943,195.3589
2010-10-27 00:00:00,Davis,192.8858,212.8728,190.4253
2010-10-27 01:00:00,Davis,183.0368,197.2870,190.4897
2010-10-27 02:00:00,Davis,190.1119,192.8858,189.3028
2010-10-27 03:00:00,Davis,162.6503,183.0368,194.8252
2010-10-27 04:00:00,Davis,178.0393,190.1119,194.6612
2010-10-27 05:00:00,Davis,181.0395,162.6503,194.2301
2010-10-27 06:00:00,Davis,199.0924,178.0393,198.7565
2010-10-27 07:00:00,Davis,187.0950,181.0395,196.3956
2010-10-27 08:00:00,Davis,210.7550,199.0924,197.1731
2010-10-27 09:00:00,Davis,191.6389,187.0950,200.8261
2010-10-27 10:00:00,Davis,196.5600,210.7550,197.8936
2010-10-27 11:00:00,Davis,230.1149,191.6389,202.2335
2010-10-27 12:00:00,Davis,209.8067,196.5600,203.1454
2010-10-27 13:00:00,Davis,181.5886,230.1149,198.7248
2010-10-27 14:00:00,Davis,207.9838,209.8067,197.0986
2010-10-27 15:00:00,Davis,192.2286,181.5886,197.6377
2010-10-27 16:00:00,Davis,207.9118,207.9838,205.8276
2010-10-27 17:00:00,Davis,228.2810,192.2286,214.9052
2010-10-27 18:00:00,Davis,229.9777,207.9118,221.2031
2010-10-27 19:00:00,Davis,203.7165,228.2810,219.0225
2010-10-27 20:00:00,Davis,198.5232,229.9777,207.0033
2010-10-27 21:00:00,Davis,198.3177,203.7165,203.0939
2010-10-27 22:00:00,Davis,196.1158,198.5232,198.7822
2010-10-27 23:00:00,Davis,180.6896,198.3177,189.6430
2010-10-28 00:00:00,Davis,191.7435,196.1158,187.3719
2010-10-28 01:00:00,Davis,185.7156,180.6896,188.0554
2010-10-28 02:00:00,Davis,162.3270,191.7435,189.2755
2010-10-28 03:00:00,Davis,213.9557,185.7156,191.0503
2010-10-28 04:00:00,Davis,188.8987,162.3270,195.8308
2010-10-28 05:00:00,Davis,191.3786,213.9557,196.2361
2010-10-28 06:00:00,Davis,211.7402,188.8987,197.8356
2010-10-28 07:00:00,Davis,186.3781,191.3786,198.5452
2010-10-28 08:00:00,Davis,210.2065,211.7402,198.5650
2010-10-28 09:00:00,Davis,210.9697,186.3781,200.5593
2010-10-28 10:00:00,Davis,226.4447,210.2065,205.1230
2010-10-28 11:00:00,Davis,180.6470,210.9697,204.5453
2010-10-28 12:00:00,Davis,222.3388,226.4447,205.9210
2010-10-28 13:00:00,Davis,192.0206,180.6470,199.4465
2010-10-28 14:00:00,Davis,187.5601,222.3388,196.0288
2010-10-28 15:00:00,Davis,182.7893,192.0206,199.3218
2010-10-28 16:00:00,Davis,209.2334,187.5601,206.2247
2010-10-28 17:00:00,Davis,218.1616,182.7893,217.3398
2010-10-28 18:00:00,Davis,204.3009,209.2334,216.4822
2010-10-28 19:00:00,Davis,204.8942,218.1616,217.2159
2010-10-28 20:00:00,Davis,196.7793,204.3009,202.8451
2010-10-28 21:00:00,Davis,192.4156,204.8942,198.6621
2010-10-28 22:00:00,Davis,199.8261,196.7793,192.7678
2010-10-28 23:00:00,Davis,208.2534,192.4156,188.7002
2010-10-29 00:00:00,Davis,207.6121,199.8261,191.2921
2010-10-29 01:00:00,Davis,225.1020,208.2534,189.3976
2010-10-29 02:00:00,Davis,186.5481,207.6121,191.7854
2010-10-29 03:00:00,Davis,196.5328,225.1020,192.4804
2010-10-29 04:00:00,Davis,212.1090,186.5481,199.1885
2010-10-29 05:00:00,Davis,227.9173,196.5328,197.1247
2010-10-29 06:00:00,Davis,174.8718,212.1090,206.7685
2010-10-29 07:00:00,Davis,178.9315,227.9173,202.9754
2010-10-29 08:00:00,Davis,212.7584,174.8718,198.4836
2010-10-29 09:00:00,Davis,198.7212,178.9315,202.6530
2010-10-29 10:00:00,Davis,180.9109,212.7584,204.6824
2010-10-29 11:00:00,Davis,205.8018,198.7212,206.8882
2010-10-29 12:00:00,Davis,227.9837,180.9109,203.3506
2010-10-29 13:00:00,Davis,185.9990,205.8018,198.8180
2010-10-29 14:00:00,Davis,205.1290,227.9837,197.6715
2010-10-29 15:00:00,Davis,190.3042,185.9990,198.9539
2010-10-29 16:00:00,Davis,205.1595,205.1290,206.4058
2010-10-29 17:00:00,Davis,215.0429,190.3042,215.8883
2010-10-29 18:00:00,Davis,203.1967,205.1595,220.2773
2010-10-29 19:00:00,Davis,225.6698,215.0429,218.5134
2010-10-29 20:00:00,Davis,216.7065,203.1967,206.5295
2010-10-29 21:00:00,Davis,207.4975,225.6698,204.5665
2010-10-29 22:00:00,Davis,208.6239,216.7065,197.9655
2010-10-29 23:00:00,Davis,190.8460,207.4975,196.1157
2010-10-30 00:00:00,Davis,183.6513,208.6239,191.4243
2010-10-30 01:00:00,Davis,187.2141,190.8460,191.5871
2010-10-30 02:00:00,Davis,182.5093,183.6513,192.7402
2010-10-30 03:00:00,Davis,218.5562,187.2141,193.0169
2010-10-30 04:00:00,Davis,201.6662,182.5093,197.6422
2010-10-30 05:00:00,Davis,200.6547,218.5562,198.0170
2010-10-30 06:00:00,Davis,220.8408,201.6662,201.4964
2010-10-30 07:00:00,Davis,225.8708,200.6547,200.5154
2010-10-30 08:00:00,Davis,215.7736,220.8408,203.9541
2010-10-30 09:00:00,Davis,179.1443,225.8708,208.2639
2010-10-30 10:00:00,Davis,187.1497,215.7736,205.8386
2010-10-30 11:00:00,Davis,197.4908,179.1443,207.6558
2010-10-30 12:00:00,Davis,205.4677,187.1497,208.5020
2010-10-30 13:00:00,Davis,216.9793,197.4908,201.7127
2010-10-30 14:00:00,Davis,195.9778,205.4677,199.6311
2010-10-30 15:00:00,Davis,202.5226,216.9793,199.7177
2010-10-30 16:00:00,Davis,236.9524,195.9778,209.0029
2010-10-30 17:00:00,Davis,242.8536,202.5226,221.4482
2010-10-30 18:00:00,Davis,222.6352,236.9524,224.8882
2010-10-30 19:00:00,Davis,238.0224,242.8536,220.4428
2010-10-30 20:00:00,Davis,221.7999,222.6352,213.9992
2010-10-30 21:00:00,Davis,208.9073,238.0224,211.0204
2010-10-30 22:00:00,Davis,210.1903,221.7999,204.1045
2010-10-30 23:00:00,Davis,196.2463,208.9073,196.8866
2010-10-31 00:00:00,Davis,180.9551,210.1903,194.0322
2010-10-31 01:00:00,Davis,187.1236,196.2463,193.9392
2010-10-31 02:00:00,Davis,184.7757,180.9551,194.9127
2010-10-31 03:00:00,Davis,189.6830,187.1236,198.3143
2010-10-31 04:00:00,Davis,181.7028,184.7757,202.8947
2010-10-31 05:00:00,Davis,181.5770,189.6830,201.9642
2010-10-31 06:00:00,Davis,188.0303,181.7028,205.8492
2010-10-31 07:00:00,Davis,180.2487,181.5770,205.5585
2010-10-31 08:00:00,Davis,184.4144,188.0303,200.4985
2010-10-31 09:00:00,Davis,194.1414,180.2487,200.7700
2010-10-31 10:00:00,Davis,207.3360,184.4144,200.3699
2010-10-31 11:00:00,Davis,223.3861,194.1414,203.9992
2010-10-31 12:00:00,Davis,189.0547,207.3360,207.8107
2010-10-31 13:00:00,Davis,199.8114,223.3861,199.2878
2010-10-31 14:00:00,Davis,174.2051,189.0547,198.1071
2010-10-31 15:00:00,Davis,179.0880,199.8114,198.1136
2010-10-31 16:00:00,Davis,188.5091,174.2051,204.2763
2010-10-31 17:00:00,Davis,203.6067,179.0880,219.1700
2010-10-31 18:00:00,Davis,218.4381,188.5091,218.8273
2010-10-31 19:00:00,Davis,222.7480,203.6067,212.2208
2010-10-31 20:00:00,Davis,192.4917,218.4381,203.3417
2010-10-31 21:00:00,Davis,183.9520,222.7480,194.7902
2010-10-31 22:00:00,Davis,190.6347,192.4917,189.8069
2010-10-31 23:00:00,Davis,177.3742,183.9520,186.4203
2010-11-01 00:00:00,Davis,204.7962,190.6347,189.1578
2010-11-01 01:00:00,Davis,216.1467,177.3742,188.4816
2010-11-01 02:00:00,Davis,175.7718,204.7962,189.7145
2010-11-01 03:00:00,Davis,198.8678,216.1467,190.6990
2010-11-01 04:00:00,Davis,189.6072,175.7718,191.2869
2010-11-01 05:00:00,Davis,179.7720,198.8678,192.7496
2010-11-01 06:00:00,Davis,219.6033,189.6072,197.0632
2010-11-01 07:00:00,Davis,187.5325,179.7720,195.6558
2010-11-01 08:00:00,Davis,173.8770,219.6033,197.0895
2010-11-01 09:00:00,Davis,222.2618,187.5325,194.2948
2010-11-01 10:00:00,Davis,190.5076,173.8770,200.0316
2010-11-01 11:00:00,Davis,192.2685,222.2618,203.8217
2010-11-01 12:00:00,Davis,211.5412,190.5076,204.4680
2010-11-01 13:00:00,Davis,198.1271,192.2685,194.0893
2010-11-01 14:00:00,Davis,228.0688,211.5412,193.2280
2010-11-01 15:00:00,Davis,196.6527,198.1271,195.7489
2010-11-01 16:00:00,Davis,210.8102,228.0688,207.0545
2010-11-01 17:00:00,Davis,249.7071,196.6527,212.9094
2010-11-01 18:00:00,Davis,232.5257,210.8102,219.3629
2010-11-01 19:00:00,Davis,195.0845,249.7071,218.8399
2010-11-01 20:00:00,Davis,198.6106,232.5257,206.8333
2010-11-01 21:00:00,Davis,229.2644,195.0845,203.5167
2010-11-01 22:00:00,Davis,218.0309,198.6106,198.4833
2010-11-01 23:00:00,Davis,182.9701,229.2644,197.4482
2010-11-02 00:00:00,Davis,161.0525,218.0309,189.3212
2010-11-02 01:00:00,Davis,188.4415,182.9701,191.7546
2010-11-02 02:00:00,Davis,179.8809,161.0525,192.2893
2010-11-02 03:00:00,Davis,181.0250,188.4415,193.1476
2010-11-02 04:00:00,Davis,214.7200,179.8809,196.4415
2010-11-02 05:00:00,Davis,204.0175,181.0250,196.7592
2010-11-02 06:00:00,Davis,211.1664,214.7200,200.3214
2010-11-02 07:00:00,Davis,188.1885,204.0175,200.0912
2010-11-02 08:00:00,Davis,180.4839,211.1664,200.3925
2010-11-02 09:00:00,Davis,185.9602,188.1885,199.9505
2010-11-02 10:00:00,Davis,221.3101,180.4839,203.5234
2010-11-02 11:00:00,Davis,209.3537,185.9602,207.5434
2010-11-02 12:00:00,Davis,192.0485,221.3101,206.8108
2010-11-02 13:00:00,Davis,189.2713,209.3537,199.1153
2010-11-02 14:00:00,Davis,206.0257,192.0485,196.5107
2010-11-02 15:00:00,Davis,200.0475,189.2713,199.2918
2010-11-02 16:00:00,Davis,208.4916,206.0257,206.5928
2010-11-02 17:00:00,Davis,198.9761,200.0475,218.0769
2010-11-02 18:00:00,Davis,231.9689,208.4916,222.0083
2010-11-02 19:00:00,Davis,216.4168,198.9761,213.8542
2010-11-02 20:00:00,Davis,237.6612,231.9689,203.2253
2010-11-02 21:00:00,Davis,212.6592,216.4168,202.0983
2010-11-02 22:00:00,Davis,182.5676,237.6612,199.9503
2010-11-02 23:00:00,Davis,191.9597,212.6592,193.5710
2010-11-03 00:00:00,Davis,187.6002,182.5676,190.2061
2010-11-03 01:00:00,Davis,191.6055,191.9597,188.8662
2010-11-03 02:00:00,Davis,172.4866,187.6002,189.9327
2010-11-03 03:00:00,Davis,192.7063,191.6055,192.1558
2010-11-03 04:00:00,Davis,216.9884,172.4866,194.6738
2010-11-03 05:00:00,Davis,195.7709,192.7063,197.2385
2010-11-03 06:00:00,Davis,208.7420,216.9884,199.0211
2010-11-03 07:00:00,Davis,168.8057,195.7709,201.3108
2010-11-03 08:00:00,Davis,224.4568,208.7420,198.5370
2010-11-03 09:00:00,Davis,195.7739,168.8057,198.5361
2010-11-03 10:00:00,Davis,207.0066,224.4568,202.2654
2010-11-03 11:00:00,Davis,192.0370,195.7739,206.8787
2010-11-03 12:00:00,Davis,188.5891,207.0066,208.9132
2010-11-03 13:00:00,Davis,183.7041,192.0370,198.1037
2010-11-03 14:00:00,Davis,199.6614,188.5891,196.9824
2010-11-03 15:00:00,Davis,218.6499,183.7041,198.8010
2010-11-03 16:00:00,Davis,199.7542,199.6614,205.7040
2010-11-03 17:00:00,Davis,265.5855,218.6499,217.0452
2010-11-03 18:00:00,Davis,217.9386,199.7542,222.7053
2010-11-03 19:00:00,Davis,214.6936,265.5855,215.4203
2010-11-03 20:00:00,Davis,205.9809,217.9386,208.9630
2010-11-03 21:00:00,Davis,214.1292,214.6936,207.3605
2010-11-03 22:00:00,Davis,200.5369,205.9809,198.2182
2010-11-03 23:00:00,Davis,187.1945,214.1292,191.9503
2010-11-04 00:00:00,Davis,176.3796,200.5369,186.4008
2010-11-04 01:00:00,Davis,190.6256,187.1945,188.6003
2010-11-04 02:00:00,Davis,185.7600,176.3796,189.0108
2010-11-04 03:00:00,Davis,182.9245,190.6256,191.4048
2010-11-04 04:00:00,Davis,221.4560,185.7600,197.6568
2010-11-04 05:00:00,Davis,160.3481,182.9245,197.5379
2010-11-04 06:00:00,Davis,196.1573,221.4560,198.3151
2010-11-04 07:00:00,Davis,194.3853,160.3481,199.6138
2010-11-04 08:00:00,Davis,215.9390,196.1573,197.8443
2010-11-04 09:00:00,Davis,183.8201,194.3853,202.3755
2010-11-04 10:00:00,Davis,214.0908,215.9390,201.7545
2010-11-04 11:00:00,Davis,211.2754,183.8201,207.3360
2010-11-04 12:00:00,Davis,213.5148,214.0908,204.3184
2010-11-04 13:00:00,Davis,199.9031,211.2754,199.0296
2010-11-04 14:00:00,Davis,184.7495,213.5148,199.1655
2010-11-04 15:00:00,Davis,187.7921,199.9031,198.4126
2010-11-04 16:00:00,Davis,214.2430,184.7495,207.4147
2010-11-04 17:00:00,Davis,224.5485,187.7921,218.2434
2010-11-04 18:00:00,Davis,224.7459,214.2430,222.9584
2010-11-04 19:00:00,Davis,194.2432,224.5485,216.6140
2010-11-04 20:00:00,Davis,221.4763,224.7459,206.7643
2010-11-04 21:00:00,Davis,171.0398,194.2432,200.9107
2010-11-04 22:00:00,Davis,186.4226,221.4763,195.3586
2010-11-04 23:00:00,Davis,196.0650,171.0398,186.9839
2010-11-05 00:00:00,Davis,166.5532,186.4226,189.4510
2010-11-05 01:00:00,Davis,205.2664,196.0650,186.2766
2010-11-05 02:00:00,Davis,198.7646,166.5532,192.1776
2010-11-05 03:00:00,Davis,207.7634,205.2664,193.0081
2010-11-05 04:00:00,Davis,196.3441,198.7646,196.3599
2010-11-05 05:00:00,Davis,210.7699,207.7634,199.0260
2010-11-05 06:00:00,Davis,192.7162,196.3441,199.9569
2010-11-05 07:00:00,Davis,198.8663,210.7699,198.8426
2010-11-05 08:00:00,Davis,183.7213,192.7162,200.4636
2010-11-05 09:00:00,Davis,195.4576,198.8663,202.6442
2010-11-05 10:00:00,Davis,191.4641,183.7213,203.8056
2010-11-05 11:00:00,Davis,209.4336,195.4576,205.9873
2010-11-05 12:00:00,Davis,229.7868,191.4641,207.6561
2010-11-05 13:00:00,Davis,189.9615,209.4336,200.2243
2010-11-05 14:00:00,Davis,232.5738,229.7868,197.6848
2010-11-05 15:00:00,Davis,178.7332,189.9615,199.6410
2010-11-05 16:00:00,Davis,235.9027,232.5738,205.0760
2010-11-05 17:00:00,Davis,208.6743,178.7332,218.8823
2010-11-05 18:00:00,Davis,197.1066,235.9027,217.1850
2010-11-05 19:00:00,Davis,178.7190,208.6743,216.4032
2010-11-05 20:00:00,Davis,198.7440,197.1066,204.2496
2010-11-05 21:00:00,Davis,219.9109,178.7190,203.2554
2010-11-05 22:00:00,Davis,221.8929,198.7440,195.0889
2010-11-05 23:00:00,Davis,171.0804,219.9109,192.0068
2010-11-06 00:00:00,Davis,186.5033,221.8929,189.3164
2010-11-06 01:00:00,Davis,194.6613,171.0804,186.5986
2010-11-06 02:00:00,Davis,212.5747,186.5033,191.3282
2010-11-06 03:00:00,Davis,181.6615,194.6613,193.1544
2010-11-06 04:00:00,Davis,190.6071,212.5747,199.5429
2010-11-06 05:00:00,Davis,167.2909,181.6615,197.2304
2010-11-06 06:00:00,Davis,183.8000,190.6071,200.7413
2010-11-06 07:00:00,Davis,219.8326,167.2909,200.1348
2010-11-06 08:00:00,Davis,168.7740,183.8000,200.0514
2010-11-06 09:00:00,Davis,191.1288,219.8326,201.1297
2010-11-06 10:00:00,Davis,191.9616,168.7740,200.5095
2010-11-06 11:00:00,Davis,192.6841,191.1288,204.1870
2010-11-06 12:00:00,Davis,193.2159,191.9616,202.0052
2010-11-06 13:00:00,Davis,224.1387,192.6841,196.3490
2010-11-06 14:00:00,Davis,191.1885,193.2159,195.6716
2010-11-06 15:00:00,Davis,227.8735,224.1387,194.4328
2010-11-06 16:00:00,Davis,222.0598,191.1885,203.6834
2010-11-06 17:00:00,Davis,222.1731,227.8735,213.0598
2010-11-06 18:00:00,Davis,217.8326,222.0598,215.3305
2010-11-06 19:00:00,Davis,218.7682,222.1731,215.1845
2010-11-06 20:00:00,Davis,239.0972,217.8326,207.6208
2010-11-06 21:00:00,Davis,185.5697,218.7682,203.5405
2010-11-06 22:00:00,Davis,186.5378,239.0972,197.7282
2010-11-06 23:00:00,Davis,185.5771,185.5697,191.2387
2010-11-07 00:00:00,Davis,209.2849,186.5378,187.6500
2010-11-07 01:00:00,Davis,180.7945,185.5771,189.1099
2010-11-07 02:00:00,Davis,180.5006,209.2849,189.6945
2010-11-07 03:00:00,Davis,206.3948,180.7945,193.3394
2010-11-07 04:00:00,Davis,179.2025,180.5006,194.9394
2010-11-07 05:00:00,Davis,197.8062,206.3948,195.3075
2010-11-07 06:00:00,Davis,207.6416,179.2025,197.8541
2010-11-07 07:00:00,Davis,182.8516,197.8062,199.5926
2010-11-07 08:00:00,Davis,215.8556,207.6416,199.4310
2010-11-07 09:00:00,Davis,163.0545,182.8516,199.2000
2010-11-07 10:00:00,Davis,203.2679,215.8556,201.1354
2010-11-07 11:00:00,Davis,211.8399,163.0545,204.4235
2010-11-07 12:00:00,Davis,220.1510,203.2679,206.5705
2010-11-07 13:00:00,Davis,213.5364,211.8399,200.5580
2010-11-07 14:00:00,Davis,175.4571,220.1510,200.4147
2010-11-07 15:00:00,Davis,179.3785,213.5364,198.5948
2010-11-07 16:00:00,Davis,211.7071,175.4571,207.5599
2010-11-07 17:00:00,Davis,198.5496,179.3785,216.8951
2010-11-07 18:00:00,Davis,220.3022,211.7071,218.2738
2010-11-07 19:00:00,Davis,215.8702,198.5496,217.2069
2010-11-07 20:00:00,Davis,196.2616,220.3022,206.8712
2010-11-07 21:00:00,Davis,198.4353,215.8702,199.7837
2010-11-07 22:00:00,Davis,234.4671,196.2616,192.7639
2010-11-07 23:00:00,Davis,190.8353,198.4353,191.8521
2010-11-08 00:00:00,Davis,199.3874,234.4671,189.4719
2010-11-08 01:00:00,Davis,187.9184,190.8353,191.7061
2010-11-08 02:00:00,Davis,178.8525,199.3874,190.3143
2010-11-08 03:00:00,Davis,215.2620,187.9184,192.2556
2010-11-08 04:00:00,Davis,179.6041,178.8525,197.8265
2010-11-08 05:00:00,Davis,175.5429,215.2620,195.7070
2010-11-08 06:00:00,Davis,196.6173,179.6041,199.6282
2010-11-08 07:00:00,Davis,188.9705,175.5429,201.0896
2010-11-08 08:00:00,Davis,187.9959,196.6173,198.2110
2010-11-08 09:00:00,Davis,183.4735,188.9705,198.5796
2010-11-08 10:00:00,Davis,235.0290,187.9959,205.3575
2010-11-08 11:00:00,Davis,181.0739,183.4735,205.1937
2010-11-08 12:00:00,Davis,196.2536,235.0290,205.0527
2010-11-08 13:00:00,Davis,224.9571,181.0739,197.5036
2010-11-08 14:00:00,Davis,217.9392,196.2536,196.9188
2010-11-08 15:00:00,Davis,200.9595,224.9571,199.0146
2010-11-08 16:00:00,Davis,219.9602,217.9392,205.9538
2010-11-08 17:00:00,Davis,222.7266,200.9595,219.5744
2010-11-08 18:00:00,Davis,233.9156,219.9602,215.8019
2010-11-08 19:00:00,Davis,244.4021,222.7266,218.3526
2010-11-08 20:00:00,Davis,194.5028,233.9156,211.1667
2010-11-08 21:00:00,Davis,190.6935,244.4021,203.7944
2010-11-08 22:00:00,Davis,217.6912,194.5028,199.1239
2010-11-08 23:00:00,Davis,175.6658,190.6935,193.1940
2010-11-09 00:00:00,Davis,195.8539,217.6912,188.1828
2010-11-09 01:00:00,Davis,193.9743,175.6658,188.5501
2010-11-09 02:00:00,Davis,179.9280,195.8539,189.7237
2010-11-09 03:00:00,Davis,192.5842,193.9743,191.4623
2010-11-09 04:00:00,Davis,178.6380,179.9280,197.6470
2010-11-09 05:00:00,Davis,194.0165,192.5842,197.4100
2010-11-09 06:00:00,Davis,202.0802,178.6380,198.2394
2010-11-09 07:00:00,Davis,189.1959,194.0165,199.9154
2010-11-09 08:00:00,Davis,212.2494,202.0802,198.5232
2010-11-09 09:00:00,Davis,223.6233,189.1959,202.2581
2010-11-09 10:00:00,Davis,212.6503,212.2494,206.8523
2010-11-09 11:00:00,Davis,212.7457,223.6233,210.3460
2010-11-09 12:00:00,Davis,232.4181,212.6503,211.4877
2010-11-09 13:00:00,Davis,213.2286,212.7457,205.3520
2010-11-09 14:00:00,Davis,187.4512,232.4181,205.9021
2010-11-09 15:00:00,Davis,197.7061,213.2286,204.8720
2010-11-09 16:00:00,Davis,231.9131,187.4512,210.7216
2010-11-09 17:00:00,Davis,248.6731,197.7061,224.7946
2010-11-09 18:00:00,Davis,207.4453,231.9131,228.5252
2010-11-09 19:00:00,Davis,222.1931,248.6731,222.1401
2010-11-09 20:00:00,Davis,206.5585,207.4453,212.9613
2010-11-09 21:00:00,Davis,204.2729,222.1931,209.2289
2010-11-09 22:00:00,Davis,196.9445,206.5585,202.2711
2010-11-09 23:00:00,Davis,176.1253,204.2729,195.3138
2010-11-10 00:00:00,Davis,219.5094,196.9445,188.9853
2010-11-10 01:00:00,Davis,207.3629,176.1253,190.1309
2010-11-10 02:00:00,Davis,167.1538,219.5094,193.0969
2010-11-10 03:00:00,Davis,184.7517,207.3629,196.1938
2010-11-10 04:00:00,Davis,214.1165,167.1538,200.7100
2010-11-10 05:00:00,Davis,213.1672,184.7517,201.0702
2010-11-10 06:00:00,Davis,209.8221,214.1165,207.4276
2010-11-10 07:00:00,Davis,191.6067,213.1672,206.7409
2010-11-10 08:00:00,Davis,178.0644,209.8221,206.2511
2010-11-10 09:00:00,Davis,190.0170,191.6067,207.9988
2010-11-10 10:00:00,Davis,220.8897,178.0644,210.5010
2010-11-10 11:00:00,Davis,204.2831,190.0170,213.5389
2010-11-10 12:00:00,Davis,207.4475,220.8897,213.5001
2010-11-10 13:00:00,Davis,191.3575,204.2831,205.4315
2010-11-10 14:00:00,Davis,221.4576,207.4475,200.8702
2010-11-10 15:00:00,Davis,186.4515,191.3575,203.7316
2010-11-10 16:00:00,Davis,197.2282,221.4576,208.3028
2010-11-10 17:00:00,Davis,222.0761,186.4515,220.3728
2010-11-10 18:00:00,Davis,224.6478,197.2282,225.3491
2010-11-10 19:00:00,Davis,207.6692,222.0761,217.7767
2010-11-10 20:00:00,Davis,196.8764,224.6478,207.3779
2010-11-10 21:00:00,Davis,188.9753,207.6692,201.6080
2010-11-10 22:00:00,Davis,209.9576,196.8764,196.0174
2010-11-10 23:00:00,Davis,201.5355,188.9753,193.2049
2010-11-11 00:00:00,Davis,185.0427,209.9576,187.7401
2010-11-11 01:00:00,Davis,203.3581,201.5355,191.1012
2010-11-11 02:00:00,Davis,186.6531,185.0427,192.2873
2010-11-11 03:00:00,Davis,181.9427,203.3581,191.1537
2010-11-11 04:00:00,Davis,191.9504,186.6531,196.8884
2010-11-11 05:00:00,Davis,195.1872,181.9427,198.7364
2010-11-11 06:00:00,Davis,176.2980,191.9504,200.7364
2010-11-11 07:00:00,Davis,197.1487,195.1872,200.0342
2010-11-11 08:00:00,Davis,192.0683,176.2980,199.2775
2010-11-11 09:00:00,Davis,235.0664,197.1487,199.7261
2010-11-11 10:00:00,Davis,203.0174,192.0683,202.1573
2010-11-11 11:00:00,Davis,225.9726,235.0664,206.1452
2010-11-11 12:00:00,Davis,225.2272,203.0174,206.8799
2010-11-11 13:00:00,Davis,200.9212,225.9726,199.0983
2010-11-11 14:00:00,Davis,196.3785,225.2272,198.6349
2010-11-11 15:00:00,Davis,202.6514,200.9212,200.6082
2010-11-11 16:00:00,Davis,197.2309,196.3785,206.0922
2010-11-11 17:00:00,Davis,206.9504,202.6514,217.8089
2010-11-11 18:00:00,Davis,207.3884,197.2309,219.9406
2010-11-11 19:00:00,Davis,227.8123,206.9504,215.9510
2010-11-11 20:00:00,Davis,218.3831,207.3884,206.9849
2010-11-11 21:00:00,Davis,225.7997,227.8123,201.6904
2010-11-11 22:00:00,Davis,171.6146,218.3831,198.1986
2010-11-11 23:00:00,Davis,199.3604,225.7997,191.6680
2010-11-12 00:00:00,Davis,186.1796,171.6146,188.7373
2010-11-12 01:00:00,Davis,184.0351,199.3604,188.5965
2010-11-12 02:00:00,Davis,215.1929,186.1796,191.6492
2010-11-12 03:00:00,Davis,198.0415,184.0351,194.3286
2010-11-12 04:00:00,Davis,207.0274,215.1929,198.9090
2010-11-12 05:00:00,Davis,208.7629,198.0415,200.0044
2010-11-12 06:00:00,Davis,213.5874,207.0274,207.1924
2010-11-12 07:00:00,Davis,209.5536,208.7629,204.5350
2010-11-12 08:00:00,Davis,185.2635,213.5874,206.5833
2010-11-12 09:00:00,Davis,192.9835,209.5536,208.5121
2010-11-12 10:00:00,Davis,207.0713,185.2635,208.8544
2010-11-12 11:00:00,Davis,223.7016,192.9835,211.0903
2010-11-12 12:00:00,Davis,193.0401,207.0713,212.4659
2010-11-12 13:00:00,Davis,186.0041,223.7016,202.7896
2010-11-12 14:00:00,Davis,185.7750,193.0401,198.2768
2010-11-12 15:00:00,Davis,194.4209,186.0041,199.2916
2010-11-12 16:00:00,Davis,192.2165,185.7750,207.1146
2010-11-12 17:00:00,Davis,209.9200,194.4209,216.9949
2010-11-12 18:00:00,Davis,205.2307,192.2165,220.0939
2010-11-12 19:00:00,Davis,208.4769,209.9200,215.2020
2010-11-12 20:00:00,Davis,211.9728,205.2307,206.7913
2010-11-12 21:00:00,Davis,191.3512,208.4769,201.9274
2010-11-12 22:00:00,Davis,182.1431,211.9728,196.8684
2010-11-12 23:00:00,Davis,199.1087,191.3512,189.9018
2010-11-13 00:00:00,Davis,184.2782,182.1431,188.3220
2010-11-13 01:00:00,Davis,195.7141,199.1087,188.6743
2010-11-13 02:00:00,Davis,171.7344,184.2782,190.4292
2010-11-13 03:00:00,Davis,171.4455,195.7141,195.6149
2010-11-13 04:00:00,Davis,203.3234,171.7344,193.6075
2010-11-13 05:00:00,Davis,208.9273,171.4455,194.7859
2010-11-13 06:00:00,Davis,200.6663,203.3234,198.9807
2010-11-13 07:00:00,Davis,200.2735,208.9273,196.5765
2010-11-13 08:00:00,Davis,191.0293,200.6663,197.8926
2010-11-13 09:00:00,Davis,212.4827,200.2735,196.1995
2010-11-13 10:00:00,Davis,193.2242,191.0293,199.4375
2010-11-13 11:00:00,Davis,211.3096,212.4827,203.3065
2010-11-13 12:00:00,Davis,211.9831,193.2242,204.2583
2010-11-13 13:00:00,Davis,198.8948,211.3096,195.6610
2010-11-13 14:00:00,Davis,199.3489,211.9831,196.2708
2010-11-13 15:00:00,Davis,202.2285,198.8948,196.1030
2010-11-13 16:00:00,Davis,221.1358,199.3489,207.2376
2010-11-13 17:00:00,Davis,237.9999,202.2285,213.7330
2010-11-13 18:00:00,Davis,211.0567,221.1358,222.0221
2010-11-13 19:00:00,Davis,204.2861,237.9999,215.3045
2010-11-13 20:00:00,Davis,206.9867,211.0567,205.0806
2010-11-13 21:00:00,Davis,201.7939,204.2861,202.5469
2010-11-13 22:00:00,Davis,178.8213,206.9867,196.0910
2010-11-13 23:00:00,Davis,196.3872,201.7939,188.8313
2010-11-14 00:00:00,Davis,167.8541,178.8213,188.2420
2010-11-14 01:00:00,Davis,171.8091,196.3872,189.6971
2010-11-14 02:00:00,Davis,189.2403,167.8541,189.2962
2010-11-14 03:00:00,Davis,207.0223,171.8091,190.3865
2010-11-14 04:00:00,Davis,204.2712,189.2403,196.0755
2010-11-14 05:00:00,Davis,213.7012,207.0223,195.7879
2010-11-14 06:00:00,Davis,221.8560,204.2712,201.2629
2010-11-14 07:00:00,Davis,206.6307,213.7012,198.7135
2010-11-14 08:00:00,Davis,174.4643,221.8560,198.8716
2010-11-14 09:00:00,Davis,258.1661,206.6307,200.7290
2010-11-14 10:00:00,Davis,224.8141,174.4643,207.6342
2010-11-14 11:00:00,Davis,209.5216,258.1661,210.4426
2010-11-14 12:00:00,Davis,203.5979,224.8141,213.6673
2010-11-14 13:00:00,Davis,194.9274,209.5216,205.5709
2010-11-14 14:00:00,Davis,192.2996,203.5979,203.1993
2010-11-14 15:00:00,Davis,191.7072,194.9274,202.7668
2010-11-14 16:00:00,Davis,201.8173,192.2996,205.8422
2010-11-14 17:00:00,Davis,235.4350,191.7072,221.7837
2010-11-14 18:00:00,Davis,205.7018,201.8173,222.8899
2010-11-14 19:00:00,Davis,198.4163,235.4350,217.3750
2010-11-14 20:00:00,Davis,227.7213,205.7018,204.3406
2010-11-14 21:00:00,Davis,202.4635,198.4163,204.3123
2010-11-14 22:00:00,Davis,207.7301,227.7213,196.0220
2010-11-14 23:00:00,Davis,190.2670,202.4635,193.7536
2010-11-15 00:00:00,Davis,190.8916,207.7301,189.5162
2010-11-15 01:00:00,Davis,207.3196,190.2670,191.9384
2010-11-15 02:00:00,Davis,206.3474,190.8916,191.7129
2010-11-15 03:00:00,Davis,199.3224,207.3196,198.5354
2010-11-15 04:00:00,Davis,198.3676,206.3474,203.4721
2010-11-15 05:00:00,Davis,194.6703,199.3224,202.3655
2010-11-15 06:00:00,Davis,194.8717,198.3676,207.9823
2010-11-15 07:00:00,Davis,192.4216,194.6703,206.1651
2010-11-15 08:00:00,Davis,172.6290,194.8717,205.1909
2010-11-15 09:00:00,Davis,190.7774,192.4216,204.3793
2010-11-15 10:00:00,Davis,199.3602,172.6290,207.3904
2010-11-15 11:00:00,Davis,260.4132,190.7774,206.7661
2010-11-15 12:00:00,Davis,192.9077,199.3602,209.1578
2010-11-15 13:00:00,Davis,201.9152,260.4132,198.1641
2010-11-15 14:00:00,Davis,202.3980,192.9077,198.3103
2010-11-15 15:00:00,Davis,217.5382,201.9152,198.3745
2010-11-15 16:00:00,Davis,224.9524,202.3980,208.2027
2010-11-15 17:00:00,Davis,217.8792,217.5382,221.4019
2010-11-15 18:00:00,Davis,233.3872,224.9524,227.3967
2010-11-15 19:00:00,Davis,216.8527,217.8792,219.6003
2010-11-15 20:00:00,Davis,211.2672,233.3872,211.2770
2010-11-15 21:00:00,Davis,216.0405,216.8527,209.1282
2010-11-15 22:00:00,Davis,198.7385,211.2672,200.3552
2010-11-15 23:00:00,Davis,155.8953,216.0405,196.2875
2010-11-16 00:00:00,Davis,209.4456,198.7385,188.6137
2010-11-16 01:00:00,Davis,168.4750,155.8953,192.0543
2010-11-16 02:00:00,Davis,192.6581,209.4456,191.8714
2010-11-16 03:00:00,Davis,208.1733,168.4750,193.2605
2010-11-16 04:00:00,Davis,209.2254,192.6581,197.9966
2010-11-16 05:00:00,Davis,166.2026,208.1733,198.8806
2010-11-16 06:00:00,Davis,188.5164,209.2254,196.7751
2010-11-16 07:00:00,Davis,189.9978,166.2026,198.5834
2010-11-16 08:00:00,Davis,204.9552,188.5164,198.3309
2010-11-16 09:00:00,Davis,179.9725,189.9978,201.2869
2010-11-16 10:00:00,Davis,198.8719,204.9552,204.9068
2010-11-16 11:00:00,Davis,206.7810,179.9725,206.3034
2010-11-16 12:00:00,Davis,209.8549,198.8719,204.5521
2010-11-16 13:00:00,Davis,192.1442,206.7810,198.5939
2010-11-16 14:00:00,Davis,191.9040,209.8549,196.4467
2010-11-16 15:00:00,Davis,220.3785,192.1442,197.0678
2010-11-16 16:00:00,Davis,198.3113,191.9040,206.4431
2010-11-16 17:00:00,Davis,219.9930,220.3785,215.2184
2010-11-16 18:00:00,Davis,214.7359,198.3113,219.2460
2010-11-16 19:00:00,Davis,180.7491,219.9930,216.5874
2010-11-16 20:00:00,Davis,214.8818,214.7359,202.7786
2010-11-16 21:00:00,Davis,203.6762,180.7491,200.3726
2010-11-16 22:00:00,Davis,177.2540,214.8818,195.7633
2010-11-16 23:00:00,Davis,192.9276,203.6762,187.3997
2010-11-17 00:00:00,Davis,178.2184,177.2540,185.3590
2010-11-17 01:00:00,Davis,186.6948,192.9276,190.3716
2010-11-17 02:00:00,Davis,185.2303,178.2184,189.3661
2010-11-17 03:00:00,Davis,179.6491,186.6948,190.8941
2010-11-17 04:00:00,Davis,196.8773,185.2303,193.6367
2010-11-17 05:00:00,Davis,178.0768,179.6491,193.4398
2010-11-17 06:00:00,Davis,218.1198,196.8773,193.9597
2010-11-17 07:00:00,Davis,204.2321,178.0768,197.4961
2010-11-17 08:00:00,Davis,181.7009,218.1198,195.8299
2010-11-17 09:00:00,Davis,211.5229,204.2321,197.3793
2010-11-17 10:00:00,Davis,220.5123,181.7009,198.4213
2010-11-17 11:00:00,Davis,224.3175,211.5229,205.8626
2010-11-17 12:00:00,Davis,210.5225,220.5123,206.4081
2010-11-17 13:00:00,Davis,204.6773,224.3175,199.0564
2010-11-17 14:00:00,Davis,185.5933,210.5225,197.7259
2010-11-17 15:00:00,Davis,185.3831,204.6773,198.8888
2010-11-17 16:00:00,Davis,213.8572,185.5933,205.3261
2010-11-17 17:00:00,Davis,197.9707,185.3831,216.5052
2010-11-17 18:00:00,Davis,217.6436,213.8572,220.7697
2010-11-17 19:00:00,Davis,217.9428,197.9707,216.0648
2010-11-17 20:00:00,Davis,235.4152,217.6436,207.5824
2010-11-17 21:00:00,Davis,170.7389,217.9428,201.2293
2010-11-17 22:00:00,Davis,195.7440,235.4152,193.3162
2010-11-17 23:00:00,Davis,183.0837,170.7389,188.4396
2010-11-18 00:00:00,Davis,179.6326,195.7440,189.6014
2010-11-18 01:00:00,Davis,174.2874,183.0837,187.9856
2010-11-18 02:00:00,Davis,186.1264,179.6326,192.3512
2010-11-18 03:00:00,Davis,166.5591,174.2874,191.7786
2010-11-18 04:00:00,Davis,192.1385,186.1264,193.5532
2010-11-18 05:00:00,Davis,195.5533,166.5591,193.3298
2010-11-18 06:00:00,Davis,194.5964,192.1385,198.1798
2010-11-18 07:00:00,Davis,204.2260,195.5533,198.0925
2010-11-18 08:00:00,Davis,214.7087,194.5964,196.6551
2010-11-18 09:00:00,Davis,176.4347,204.2260,200.2532
2010-11-18 10:00:00,Davis,206.8948,214.7087,200.0209
2010-11-18 11:00:00,Davis,214.7040,176.4347,204.9230
2010-11-18 12:00:00,Davis,182.6393,206.8948,205.7648
2010-11-18 13:00:00,Davis,238.9581,214.7040,194.0149
2010-11-18 14:00:00,Davis,173.1195,182.6393,196.7900
2010-11-18 15:00:00,Davis,177.6477,238.9581,195.1268
2010-11-18 16:00:00,Davis,211.3111,173.1195,201.1414
2010-11-18 17:00:00,Davis,221.9835,177.6477,216.4861
2010-11-18 18:00:00,Davis,220.9727,211.3111,216.6008
2010-11-18 19:00:00,Davis,217.9858,221.9835,212.8758
2010-11-18 20:00:00,Davis,197.7973,220.9727,203.2319
2010-11-18 21:00:00,Davis,208.1989,217.9858,197.1663
2010-11-18 22:00:00,Davis,181.2194,197.7973,194.8904
2010-11-18 23:00:00,Davis,193.5971,208.1989,187.4078
2010-11-19 00:00:00,Davis,203.4691,181.2194,188.4080
2010-11-19 01:00:00,Davis,193.2546,193.5971,185.8034
2010-11-19 02:00:00,Davis,201.7545,203.4691,188.7811
2010-11-19 03:00:00,Davis,199.1072,193.2546,195.5049
2010-11-19 04:00:00,Davis,182.0438,201.7545,196.3530
2010-11-19 05:00:00,Davis,188.9578,199.1072,197.3423
2010-11-19 06:00:00,Davis,195.1714,182.0438,200.3327
2010-11-19 07:00:00,Davis,199.8658,188.9578,199.1006
2010-11-19 08:00:00,Davis,186.5261,195.1714,199.0410
2010-11-19 09:00:00,Davis,200.6367,199.8658,202.1328
2010-11-19 10:00:00,Davis,212.9589,186.5261,200.8578
2010-11-19 11:00:00,Davis,187.1817,200.6367,205.6631
2010-11-19 12:00:00,Davis,226.4598,212.9589,206.5293
2010-11-19 13:00:00,Davis,219.3578,187.1817,197.9717
2010-11-19 14:00:00,Davis,185.8993,226.4598,200.5135
2010-11-19 15:00:00,Davis,207.7149,219.3578,197.5084
2010-11-19 16:00:00,Davis,190.5177,185.8993,206.3948
2010-11-19 17:00:00,Davis,226.0325,207.7149,216.4079
2010-11-19 18:00:00,Davis,221.3201,190.5177,217.1560
2010-11-19 19:00:00,Davis,202.0604,226.0325,216.4651
2010-11-19 20:00:00,Davis,195.7869,221.3201,208.5484
2010-11-19 21:00:00,Davis,212.7037,202.0604,201.3097
2010-11-19 22:00:00,Davis,155.5457,195.7869,196.6571
2010-11-19 23:00:00,Davis,190.8354,212.7037,186.9637
2010-11-20 00:00:00,Davis,160.5987,155.5457,190.1726
2010-11-20 01:00:00,Davis,194.4346,190.8354,187.6271
2010-11-20 02:00:00,Davis,190.0476,160.5987,189.4944
2010-11-20 03:00:00,Davis,195.9058,194.4346,191.4243
2010-11-20 04:00:00,Davis,202.8507,190.0476,194.1154
2010-11-20 05:00:00,Davis,186.8207,195.9058,193.2530
2010-11-20 06:00:00,Davis,212.9291,202.8507,198.1404
2010-11-20 07:00:00,Davis,196.6442,186.8207,199.6543
2010-11-20 08:00:00,Davis,195.1356,212.9291,200.0779
2010-11-20 09:00:00,Davis,207.8789,196.6442,201.1693
2010-11-20 10:00:00,Davis,186.9611,195.1356,203.8578
2010-11-20 11:00:00,Davis,212.9298,207.8789,204.7045
2010-11-20 12:00:00,Davis,191.0387,186.9611,206.2949
2010-11-20 13:00:00,Davis,217.9506,212.9298,197.1276
2010-11-20 14:00:00,Davis,182.5690,191.0387,196.9290
2010-11-20 15:00:00,Davis,207.8486,217.9506,196.1810
2010-11-20 16:00:00,Davis,191.7661,182.5690,205.5158
2010-11-20 17:00:00,Davis,192.9612,207.8486,213.4836
2010-11-20 18:00:00,Davis,213.9880,191.7661,220.4155
2010-11-20 19:00:00,Davis,242.3810,192.9612,214.3341
2010-11-20 20:00:00,Davis,196.7140,213.9880,205.7066
2010-11-20 21:00:00,Davis,179.5125,242.3810,197.1042
2010-11-20 22:00:00,Davis,197.9646,196.7140,193.6530
2010-11-20 23:00:00,Davis,177.3499,179.5125,185.4709
2010-11-21 00:00:00,Davis,177.6166,197.9646,185.6233
2010-11-21 01:00:00,Davis,202.5120,177.3499,185.3186
2010-11-21 02:00:00,Davis,212.2612,177.6166,189.7494
2010-11-21 03:00:00,Davis,190.0267,202.5120,192.9396
2010-11-21 04:00:00,Davis,219.8263,212.2612,197.1728
2010-11-21 05:00:00,Davis,176.6824,190.0267,196.7739
2010-11-21 06:00:00,Davis,213.9159,219.8263,197.8681
2010-11-21 07:00:00,Davis,192.0617,176.6824,199.0315
2010-11-21 08:00:00,Davis,185.9158,213.9159,200.0018
2010-11-21 09:00:00,Davis,185.3084,192.0617,201.1478
2010-11-21 10:00:00,Davis,221.4821,185.9158,200.9768
2010-11-21 11:00:00,Davis,218.5249,185.3084,207.2000
2010-11-21 12:00:00,Davis,235.7541,221.4821,205.9065
2010-11-21 13:00:00,Davis,204.4772,218.5249,199.9411
2010-11-21 14:00:00,Davis,182.8044,235.7541,197.1629
2010-11-21 15:00:00,Davis,211.2972,204.4772,197.5602
2010-11-21 16:00:00,Davis,240.8008,182.8044,206.4930
2010-11-21 17:00:00,Davis,203.1547,211.2972,224.0947
2010-11-21 18:00:00,Davis,231.1296,240.8008,224.1930
2010-11-21 19:00:00,Davis,215.9554,203.1547,219.6953
2010-11-21 20:00:00,Davis,191.6556,231.1296,208.5525
2010-11-21 21:00:00,Davis,224.2795,215.9554,201.8769
2010-11-21 22:00:00,Davis,173.0466,191.6556,201.5054
2010-11-21 23:00:00,Davis,185.7409,224.2795,190.3704
2010-11-22 00:00:00,Davis,223.3970,173.0466,190.1851
2010-11-22 01:00:00,Davis,183.8997,185.7409,190.4324
2010-11-22 02:00:00,Davis,175.8953,223.3970,193.8897
2010-11-22 03:00:00,Davis,212.3960,183.8997,195.9032
2010-11-22 04:00:00,Davis,182.2492,175.8953,200.8166
2010-11-22 05:00:00,Davis,202.7939,212.3960,198.9081
2010-11-22 06:00:00,Davis,206.7684,182.2492,202.9842
2010-11-22 07:00:00,Davis,176.7781,202.7939,202.5440
2010-11-22 08:00:00,Davis,211.5353,206.7684,199.7430
2010-11-22 09:00:00,Davis,209.7750,176.7781,205.3831
2010-11-22 10:00:00,Davis,201.4325,211.5353,208.7612
2010-11-22 11:00:00,Davis,192.9312,209.7750,210.8696
2010-11-22 12:00:00,Davis,192.2805,201.4325,210.3151
2010-11-22 13:00:00,Davis,196.0149,192.9312,201.7965
2010-11-22 14:00:00,Davis,215.7480,192.2805,198.1554
2010-11-22 15:00:00,Davis,231.6285,196.0149,199.9036
2010-11-22 16:00:00,Davis,203.5645,215.7480,210.3593
2010-11-22 17:00:00,Davis,214.4800,231.6285,220.2625
2010-11-22 18:00:00,Davis,229.2469,203.5645,216.6758
2010-11-22 19:00:00,Davis,205.3787,214.4800,216.1709
2010-11-22 20:00:00,Davis,201.2033,229.2469,207.0139
2010-11-22 21:00:00,Davis,203.2448,205.3787,201.9308
2010-11-22 22:00:00,Davis,207.4462,201.2033,198.0175
2010-11-22 23:00:00,Davis,186.6317,203.2448,189.5160
2010-11-23 00:00:00,Davis,186.8256,207.4462,188.5032
2010-11-23 01:00:00,Davis,189.6681,186.6317,192.5472
2010-11-23 02:00:00,Davis,195.5680,186.8256,189.7434
2010-11-23 03:00:00,Davis,182.5640,189.6681,192.6048
2010-11-23 04:00:00,Davis,203.5237,195.5680,198.6325
2010-11-23 05:00:00,Davis,198.8716,182.5640,196.7672
2010-11-23 06:00:00,Davis,216.6227,203.5237,199.2442
2010-11-23 07:00:00,Davis,196.4581,198.8716,201.0483
2010-11-23 08:00:00,Davis,207.6402,216.6227,200.3695
2010-11-23 09:00:00,Davis,212.5856,196.4581,204.5450
2010-11-23 10:00:00,Davis,202.1005,207.6402,204.7637
2010-11-23 11:00:00,Davis,204.4234,212.5856,208.0255
2010-11-23 12:00:00,Davis,213.1650,202.1005,207.7863
2010-11-23 13:00:00,Davis,198.9143,204.4234,203.1776
2010-11-23 14:00:00,Davis,194.7636,213.1650,202.8407
2010-11-23 15:00:00,Davis,179.7089,198.9143,200.6451
2010-11-23 16:00:00,Davis,215.8553,194.7636,208.9383
2010-11-23 17:00:00,Davis,224.0051,179.7089,216.4037
2010-11-23 18:00:00,Davis,203.9408,215.8553,220.2745
2010-11-23 19:00:00,Davis,222.3765,224.0051,215.3291
2010-11-23 20:00:00,Davis,231.4332,203.9408,205.6461
2010-11-23 21:00:00,Davis,200.7073,222.3765,204.9561
2010-11-23 22:00:00,Davis,194.9361,231.4332,196.7489
2010-11-23 23:00:00,Davis,187.2389,200.7073,193.2429
2010-11-24 00:00:00,Davis,159.8547,194.9361,189.7103
2010-11-24 01:00:00,Davis,192.3666,187.2389,187.9370
2010-11-24 02:00:00,Davis,195.5429,159.8547,189.6669
2010-11-24 03:00:00,Davis,201.3763,192.3666,193.6261
2010-11-24 04:00:00,Davis,213.5340,195.5429,195.8003
2010-11-24 05:00:00,Davis,194.7470,201.3763,196.7844
2010-11-24 06:00:00,Davis,187.3063,213.5340,200.0047
2010-11-24 07:00:00,Davis,188.1410,194.7470,199.3734
2010-11-24 08:00:00,Davis,227.5727,187.3063,199.4166
2010-11-24 09:00:00,Davis,207.7084,188.1410,202.6314
2010-11-24 10:00:00,Davis,196.0675,227.5727,205.1970
2010-11-24 11:00:00,Davis,207.7990,207.7084,206.2659
2010-11-24 12:00:00,Davis,198.7653,196.0675,207.7893
2010-11-24 13:00:00,Davis,198.4619,207.7990,199.3427
2010-11-24 14:00:00,Davis,190.3794,198.7653,197.8721
2010-11-24 15:00:00,Davis,184.6892,198.4619,198.1007
2010-11-24 16:00:00,Davis,225.1401,190.3794,206.4191
2010-11-24 17:00:00,Davis,187.5652,184.6892,217.1174
2010-11-24 18:00:00,Davis,215.0865,225.1401,219.2488
2010-11-24 19:00:00,Davis,233.6179,187.5652,212.5004
2010-11-24 20:00:00,Davis,223.5325,215.0865,206.1335
2010-11-24 21:00:00,Davis,229.4038,233.6179,201.6779
2010-11-24 22:00:00,Davis,182.5953,223.5325,196.7132
2010-11-24 23:00:00,Davis,191.5518,229.4038,189.6572
2010-11-25 00:00:00,Davis,171.2150,182.5953,189.1889
2010-11-25 01:00:00,Davis,200.1663,191.5518,187.4167
2010-11-25 02:00:00,Davis,225.3998,171.2150,190.0629
2010-11-25 03:00:00,Davis,177.9773,200.1663,195.6310
2010-11-25 04:00:00,Davis,242.4991,225.3998,195.9526
2010-11-25 05:00:00,Davis,186.7284,177.9773,201.7029
2010-11-25 06:00:00,Davis,217.3697,242.4991,202.2761
2010-11-25 07:00:00,Davis,198.5819,186.7284,204.5168
2010-11-25 08:00:00,Davis,194.3942,217.3697,204.5512
2010-11-25 09:00:00,Davis,190.0140,198.5819,206.9408
2010-11-25 10:00:00,Davis,217.7890,194.3942,205.0533
2010-11-25 11:00:00,Davis,226.9444,190.0140,207.9762
2010-11-25 12:00:00,Davis,223.8965,217.7890,212.3015
2010-11-25 13:00:00,Davis,207.4564,226.9444,205.1399
2010-11-25 14:00:00,Davis,181.2089,223.8965,203.3305
2010-11-25 15:00:00,Davis,179.0800,207.4564,204.3380
2010-11-25 16:00:00,Davis,198.6720,181.2089,210.1625
2010-11-25 17:00:00,Davis,232.2859,179.0800,221.7857
2010-11-25 18:00:00,Davis,223.7783,198.6720,225.7241
2010-11-25 19:00:00,Davis,235.3313,232.2859,219.8379
2010-11-25 20:00:00,Davis,184.0252,223.7783,210.3972
2010-11-25 21:00:00,Davis,193.6976,235.3313,207.3126
2010-11-25 22:00:00,Davis,191.0309,184.0252,197.1245
2010-11-25 23:00:00,Davis,179.0166,193.6976,191.2814
2010-11-26 00:00:00,Davis,176.5497,191.0309,190.8077
2010-11-26 01:00:00,Davis,193.1650,179.0166,190.6519
2010-11-26 02:00:00,Davis,208.0702,176.5497,190.7894
2010-11-26 03:00:00,Davis,238.6656,193.1650,196.3503
2010-11-26 04:00:00,Davis,184.6186,208.0702,200.3675
2010-11-26 05:00:00,Davis,230.4888,238.6656,200.6408
2010-11-26 06:00:00,Davis,171.8434,184.6186,204.9419
2010-11-26 07:00:00,Davis,214.0282,230.4888,200.6010
2010-11-26 08:00:00,Davis,198.6761,171.8434,200.8035
2010-11-26 09:00:00,Davis,198.5829,214.0282,202.9356
2010-11-26 10:00:00,Davis,198.5601,198.6761,206.4877
2010-11-26 11:00:00,Davis,187.3446,198.5829,207.6281
2010-11-26 12:00:00,Davis,190.4139,198.5601,206.6144
2010-11-26 13:00:00,Davis,222.6836,187.3446,199.2551
2010-11-26 14:00:00,Davis,194.4786,190.4139,199.6825
2010-11-26 15:00:00,Davis,189.6097,222.6836,198.2362
2010-11-26 16:00:00,Davis,204.3429,194.4786,206.6380
2010-11-26 17:00:00,Davis,231.2709,189.6097,215.7211
2010-11-26 18:00:00,Davis,234.1166,204.3429,220.3216
2010-11-26 19:00:00,Davis,215.1690,231.2709,216.2711
2010-11-26 20:00:00,Davis,186.5028,234.1166,206.7018
2010-11-26 21:00:00,Davis,188.7618,215.1690,200.6741
2010-11-26 22:00:00,Davis,214.9090,186.5028,195.4859
2010-11-26 23:00:00,Davis,180.7644,188.7618,191.2822
2010-11-27 00:00:00,Davis,176.5804,214.9090,189.2492
2010-11-27 01:00:00,Davis,179.7533,180.7644,187.6707
2010-11-27 02:00:00,Davis,183.7824,176.5804,192.4769
2010-11-27 03:00:00,Davis,198.1947,179.7533,194.3374
2010-11-27 04:00:00,Davis,212.4958,183.7824,199.8161
2010-11-27 05:00:00,Davis,191.8614,198.1947,197.5650
2010-11-27 06:00:00,Davis,218.2248,212.4958,200.7075
2010-11-27 07:00:00,Davis,180.3887,191.8614,198.9393
2010-11-27 08:00:00,Davis,180.8427,218.2248,200.1549
2010-11-27 09:00:00,Davis,201.8267,180.3887,201.5682
2010-11-27 10:00:00,Davis,190.7102,180.8427,204.0984
2010-11-27 11:00:00,Davis,209.3754,201.8267,201.3610
2010-11-27 12:00:00,Davis,203.5948,190.7102,205.7746
2010-11-27 13:00:00,Davis,201.1373,209.3754,197.4468
2010-11-27 14:00:00,Davis,176.7119,203.5948,199.4411
2010-11-27 15:00:00,Davis,192.5941,201.1373,195.2142
2010-11-27 16:00:00,Davis,216.4060,176.7119,204.4619
2010-11-27 17:00:00,Davis,239.9477,192.5941,215.2945
2010-11-27 18:00:00,Davis,224.8482,216.4060,221.8934
2010-11-27 19:00:00,Davis,223.7677,239.9477,215.8557
2010-11-27 20:00:00,Davis,204.6274,224.8482,206.4230
2010-11-27 21:00:00,Davis,239.8578,223.7677,200.5324
2010-11-27 22:00:00,Davis,217.3259,204.6274,194.5517
2010-11-27 23:00:00,Davis,204.2086,239.8578,193.8169
2010-11-28 00:00:00,Davis,205.6585,217.3259,189.7008
2010-11-28 01:00:00,Davis,213.2662,204.2086,191.9330
2010-11-28 02:00:00,Davis,217.5903,205.6585,194.6374
2010-11-28 03:00:00,Davis,197.8739,213.2662,199.9298
2010-11-28 04:00:00,Davis,219.5876,217.5903,201.3386
2010-11-28 05:00:00,Davis,198.4011,197.8739,203.0818
2010-11-28 06:00:00,Davis,206.7778,219.5876,206.9900
2010-11-28 07:00:00,Davis,188.5295,198.4011,208.0528
2010-11-28 08:00:00,Davis,175.6203,206.7778,204.4090
2010-11-28 09:00:00,Davis,199.9762,188.5295,208.3357
2010-11-28 10:00:00,Davis,196.4058,175.6203,209.3983
2010-11-28 11:00:00,Davis,210.5616,199.9762,214.0341
2010-11-28 12:00:00,Davis,205.6550,196.4058,216.3467
2010-11-28 13:00:00,Davis,195.0829,210.5616,205.7780
2010-11-28 14:00:00,Davis,189.2135,205.6550,202.6252
2010-11-28 15:00:00,Davis,205.1161,195.0829,204.8615
2010-11-28 16:00:00,Davis,223.1201,189.2135,211.8010
2010-11-28 17:00:00,Davis,223.8169,205.1161,221.9686
2010-11-28 18:00:00,Davis,242.9973,223.1201,227.9944
2010-11-28 19:00:00,Davis,221.1708,223.8169,225.0372
2010-11-28 20:00:00,Davis,194.1749,242.9973,211.9054
2010-11-28 21:00:00,Davis,187.1121,221.1708,208.9861
2010-11-28 22:00:00,Davis,189.3359,194.1749,205.0857
2010-11-28 23:00:00,Davis,174.1389,187.1121,192.2607
2010-11-29 00:00:00,Davis,214.1513,189.3359,190.4864
2010-11-29 01:00:00,Davis,187.0384,174.1389,191.5166
2010-11-29 02:00:00,Davis,172.6565,214.1513,191.6778
2010-11-29 03:00:00,Davis,206.5413,187.0384,193.1069
2010-11-29 04:00:00,Davis,192.8720,172.6565,197.0832
2010-11-29 05:00:00,Davis,233.9936,206.5413,196.8224
2010-11-29 06:00:00,Davis,219.7508,192.8720,202.5572
2010-11-29 07:00:00,Davis,209.1461,233.9936,200.0322
2010-11-29 08:00:00,Davis,200.0404,219.7508,200.4574
2010-11-29 09:00:00,Davis,201.0583,209.1461,202.8549
2010-11-29 10:00:00,Davis,216.8302,200.0404,209.0275
2010-11-29 11:00:00,Davis,207.9907,201.0583,211.8462
2010-11-29 12:00:00,Davis,201.1365,216.8302,213.1249
2010-11-29 13:00:00,Davis,198.7272,207.9907,203.9497
2010-11-29 14:00:00,Davis,184.3692,201.1365,202.0566
2010-11-29 15:00:00,Davis,212.4369,198.7272,204.3568
2010-11-29 16:00:00,Davis,224.7974,184.3692,210.9380
2010-11-29 17:00:00,Davis,226.3058,212.4369,221.8065
2010-11-29 18:00:00,Davis,185.1763,224.7974,225.3851
2010-11-29 19:00:00,Davis,208.8568,226.3058,218.1969
2010-11-29 20:00:00,Davis,196.8344,185.1763,205.5436
2010-11-29 21:00:00,Davis,181.9143,208.8568,200.5916
2010-11-29 22:00:00,Davis,174.1342,196.8344,195.1682
2010-11-29 23:00:00,Davis,191.2772,181.9143,192.2642
2010-11-30 00:00:00,Davis,198.4838,174.1342,187.3743
2010-11-30 01:00:00,Davis,196.9138,191.2772,190.4601
2010-11-30 02:00:00,Davis,207.3427,198.4838,190.3111
2010-11-30 03:00:00,Davis,195.9129,196.9138,195.5909
2010-11-30 04:00:00,Davis,237.2295,207.3427,196.9097
2010-11-30 05:00:00,Davis,198.3797,195.9129,201.3526
2010-11-30 06:00:00,Davis,191.0046,237.2295,205.7939
2010-11-30 07:00:00,Davis,219.4320,198.3797,202.4437
2010-11-30 08:00:00,Davis,170.8983,191.0046,201.6591
2010-11-30 09:00:00,Davis,213.2604,219.4320,202.3798
2010-11-30 10:00:00,Davis,209.8715,170.8983,203.8831
2010-11-30 11:00:00,Davis,227.2842,213.2604,206.8164
2010-11-30 12:00:00,Davis,189.4117,209.8715,207.6709
2010-11-30 13:00:00,Davis,199.0552,227.2842,198.4908
2010-11-30 14:00:00,Davis,195.1793,189.4117,198.0538
2010-11-30 15:00:00,Davis,187.5858,199.0552,197.9671
2010-11-30 16:00:00,Davis,198.4226,195.1793,207.9632
2010-11-30 17:00:00,Davis,256.6670,187.5858,218.2743
2010-11-30 18:00:00,Davis,193.6406,198.4226,225.2460
2010-11-30 19:00:00,Davis,212.4499,256.6670,214.4899
2010-11-30 20:00:00,Davis,178.1216,193.6406,204.5349
2010-11-30 21:00:00,Davis,183.3798,212.4499,200.8249
2010-11-30 22:00:00,Davis,212.8731,178.1216,194.9421
2010-11-30 23:00:00,Davis,171.1339,183.3798,188.6003
2010-12-01 00:00:00,Davis,210.7609,212.8731,183.9083
2010-12-01 01:00:00,Davis,204.2379,171.1339,188.6465
2010-12-01 02:00:00,Davis,186.7161,210.7609,190.8165
2010-12-01 03:00:00,Davis,162.3064,204.2379,194.2967
2010-12-01 04:00:00,Davis,184.9248,186.7161,194.2041
2010-12-01 05:00:00,Davis,204.1466,162.3064,201.2603
2010-12-01 06:00:00,Davis,198.9645,184.9248,198.3232
2010-12-01 07:00:00,Davis,175.9459,204.1466,198.3354
2010-12-01 08:00:00,Davis,187.2067,198.9645,198.4630
2010-12-01 09:00:00,Davis,195.8972,175.9459,197.0117
2010-12-01 10:00:00,Davis,196.3729,187.2067,200.8579
2010-12-01 11:00:00,Davis,199.6803,195.8972,203.5884
2010-12-01 12:00:00,Davis,180.8016,196.3729,202.3578
2010-12-01 13:00:00,Davis,191.3695,199.6803,192.8156
2010-12-01 14:00:00,Davis,201.4667,180.8016,191.9379
2010-12-01 15:00:00,Davis,188.6766,191.3695,194.0193
2010-12-01 16:00:00,Davis,187.4946,201.4667,199.8040
2010-12-01 17:00:00,Davis,210.5758,188.6766,211.6401
2010-12-01 18:00:00,Davis,219.3879,187.4946,214.4486
2010-12-01 19:00:00,Davis,212.5084,210.5758,208.3794
2010-12-01 20:00:00,Davis,195.3355,219.3879,198.4983
2010-12-01 21:00:00,Davis,193.3671,212.5084,195.2264
2010-12-01 22:00:00,Davis,182.9795,195.3355,190.6787
2010-12-01 23:00:00,Davis,162.2972,193.3671,187.9964
2010-12-02 00:00:00,Davis,195.7194,182.9795,182.4876
2010-12-02 01:00:00,Davis,178.4259,162.2972,187.2361
2010-12-02 02:00:00,Davis,170.6059,195.7194,188.8688
2010-12-02 03:00:00,Davis,178.4853,178.4259,189.9174
2010-12-02 04:00:00,Davis,194.4469,170.6059,189.6521
2010-12-02 05:00:00,Davis,178.5811,178.4853,191.2872
2010-12-02 06:00:00,Davis,212.1380,194.4469,192.2651
2010-12-02 07:00:00,Davis,177.9039,178.5811,193.0539
2010-12-02 08:00:00,Davis,205.8448,212.1380,192.0547
2010-12-02 09:00:00,Davis,195.6753,177.9039,192.6588
2010-12-02 10:00:00,Davis,195.4453,205.8448,195.0218
2010-12-02 11:00:00,Davis,168.5817,195.6753,199.1295
2010-12-02 12:00:00,Davis,214.9869,195.4453,197.7946
2010-12-02 13:00:00,Davis,193.9726,168.5817,191.6906
2010-12-02 14:00:00,Davis,177.9785,214.9869,191.3370
2010-12-02 15:00:00,Davis,184.4019,193.9726,189.7569
2010-12-02 16:00:00,Davis,202.6613,177.9785,197.2110
2010-12-02 17:00:00,Davis,224.3633,184.4019,207.1588
2010-12-02 18:00:00,Davis,249.7566,202.6613,205.9220
2010-12-02 19:00:00,Davis,211.1905,224.3633,218.6454
2010-12-02 20:00:00,Davis,197.6089,249.7566,195.2322
2010-12-02 21:00:00,Davis,197.6806,211.1905,192.9132
2010-12-02 22:00:00,Davis,219.3497,197.6089,189.8227
2010-12-02 23:00:00,Davis,205.4673,197.6806,188.0172
2010-12-03 00:00:00,Davis,181.7640,219.3497,186.6915
2010-12-03 01:00:00,Davis,216.3521,205.4673,187.9052
2010-12-03 02:00:00,Davis,177.0210,181.7640,186.7621
2010-12-03 03:00:00,Davis,169.9225,216.3521,192.5753
2010-12-03 04:00:00,Davis,180.4179,177.0210,195.5242
2010-12-03 05:00:00,Davis,172.0337,169.9225,194.3316
2010-12-03 06:00:00,Davis,199.5701,180.4179,199.9866
2010-12-03 07:00:00,Davis,175.9368,172.0337,197.5190
2010-12-03 08:00:00,Davis,188.6830,199.5701,197.2768
2010-12-03 09:00:00,Davis,202.1598,175.9368,197.1217
2010-12-03 10:00:00,Davis,178.6729,188.6830,199.6925
2010-12-03 11:00:00,Davis,188.0613,202.1598,199.4177
2010-12-03 12:00:00,Davis,196.8770,178.6729,198.7596
2010-12-03 13:00:00,Davis,176.2198,188.0613,193.7854
2010-12-03 14:00:00,Davis,181.9534,196.8770,191.0928
2010-12-03 15:00:00,Davis,195.0682,176.2198,190.1588
2010-12-03 16:00:00,Davis,191.7720,181.9534,199.5866
2010-12-03 17:00:00,Davis,196.9908,195.0682,208.2672
2010-12-03 18:00:00,Davis,218.9060,191.7720,210.5666
2010-12-03 19:00:00,Davis,200.1758,196.9908,206.8775
2010-12-03 20:00:00,Davis,191.1089,218.9060,196.0919
2010-12-03 21:00:00,Davis,190.0945,200.1758,192.5081
2010-12-03 22:00:00,Davis,174.9177,191.1089,189.9522
2010-12-03 23:00:00,Davis,165.6690,190.0945,186.1232
2010-12-04 00:00:00,Davis,174.3763,174.9177,183.0400
2010-12-04 01:00:00,Davis,181.5469,165.6690,182.9458
2010-12-04 02:00:00,Davis,182.2793,174.3763,186.9043
2010-12-04 03:00:00,Davis,174.5667,181.5469,185.7029
2010-12-04 04:00:00,Davis,168.8034,182.2793,189.8793
2010-12-04 05:00:00,Davis,179.7087,174.5667,188.7370
2010-12-04 06:00:00,Davis,179.5515,168.8034,188.4070
2010-12-04 07:00:00,Davis,183.7725,179.7087,192.2679
2010-12-04 08:00:00,Davis,188.3154,179.5515,189.8348
2010-12-04 09:00:00,Davis,194.9434,183.7725,192.6312
2010-12-04 10:00:00,Davis,201.2246,188.3154,195.4078
2010-12-04 11:00:00,Davis,174.3916,194.9434,195.4835
2010-12-04 12:00:00,Davis,209.9269,201.2246,197.5428
2010-12-04 13:00:00,Davis,193.7115,174.3916,190.8271
2010-12-04 14:00:00,Davis,177.2176,209.9269,187.9215
2010-12-04 15:00:00,Davis,172.9881,193.7115,189.3484
2010-12-04 16:00:00,Davis,178.0266,177.2176,197.0887
2010-12-04 17:00:00,Davis,189.2019,172.9881,206.1833
2010-12-04 18:00:00,Davis,187.4195,178.0266,202.8196
2010-12-04 19:00:00,Davis,205.3787,189.2019,182.0347
2010-12-04 20:00:00,Davis,174.2791,187.4195,196.8914
2010-12-04 21:00:00,Davis,184.0506,205.3787,170.5980
2010-12-04 22:00:00,Davis,186.0286,174.2791,165.0392
2010-12-04 23:00:00,Davis,181.5046,184.0506,161.9210
2010-12-05 00:00:00,Davis,183.6011,186.0286,183.9528
2010-12-05 01:00:00,Davis,186.6142,181.5046,184.7606
2010-12-05 02:00:00,Davis,208.3827,183.6011,187.1691
2010-12-05 03:00:00,Davis,176.4383,186.6142,187.9697
2010-12-05 04:00:00,Davis,192.0814,208.3827,188.8767
2010-12-05 05:00:00,Davis,189.2017,176.4383,189.8463
2010-12-05 06:00:00,Davis,179.5174,192.0814,193.1527
2010-12-05 07:00:00,Davis,191.1999,189.2017,191.9873
2010-12-05 08:00:00,Davis,197.3280,179.5174,192.2221
2010-12-05 09:00:00,Davis,186.0755,191.1999,194.5860
2010-12-05 10:00:00,Davis,207.0535,197.3280,196.0953
2010-12-05 11:00:00,Davis,205.6727,186.0755,197.8883
2010-12-05 12:00:00,Davis,199.3270,207.0535,196.5602
2010-12-05 13:00:00,Davis,201.0546,205.6727,192.7398
2010-12-05 14:00:00,Davis,182.8531,199.3270,190.8822
2010-12-05 15:00:00,Davis,183.5164,201.0546,190.3173
2010-12-05 16:00:00,Davis,204.6640,182.8531,196.5988
2010-12-05 17:00:00,Davis,196.5568,183.5164,209.8855
2010-12-05 18:00:00,Davis,222.6479,204.6640,213.1079
2010-12-05 19:00:00,Davis,201.2230,196.5568,205.8138
2010-12-05 20:00:00,Davis,215.1098,222.6479,200.2334
2010-12-05 21:00:00,Davis,186.8350,201.2230,192.7770
2010-12-05 22:00:00,Davis,199.4849,215.1098,188.9000
2010-12-05 23:00:00,Davis,161.7758,186.8350,185.1620
2010-12-06 00:00:00,Davis,156.6724,199.4849,182.4668
2010-12-06 01:00:00,Davis,182.8824,161.7758,184.8872
2010-12-06 02:00:00,Davis,196.9710,156.6724,185.8687
2010-12-06 03:00:00,Davis,188.1482,182.8824,189.3804
2010-12-06 04:00:00,Davis,178.5453,196.9710,190.3788
2010-12-06 05:00:00,Davis,193.3293,188.1482,190.8363
2010-12-06 06:00:00,Davis,198.8180,178.5453,192.3112
2010-12-06 07:00:00,Davis,188.0122,193.3293,191.8008
2010-12-06 08:00:00,Davis,173.6585,198.8180,192.5949
2010-12-06 09:00:00,Davis,203.0900,188.0122,194.2308
2010-12-06 10:00:00,Davis,224.4572,173.6585,195.8581
2010-12-06 11:00:00,Davis,189.2715,203.0900,199.3082
2010-12-06 12:00:00,Davis,220.0318,224.4572,198.9337
2010-12-06 13:00:00,Davis,182.2013,189.2715,191.9599
2010-12-06 14:00:00,Davis,194.0969,220.0318,191.2939
2010-12-06 15:00:00,Davis,162.3129,182.2013,191.1722
2010-12-06 16:00:00,Davis,196.2178,194.0969,198.3772
2010-12-06 17:00:00,Davis,208.2401,162.3129,208.5942
2010-12-06 18:00:00,Davis,209.4322,196.2178,209.5788
2010-12-06 19:00:00,Davis,183.6978,208.2401,203.1244
2010-12-06 20:00:00,Davis,201.4954,209.4322,196.0013
2010-12-06 21:00:00,Davis,176.5233,183.6978,193.8226
2010-12-06 22:00:00,Davis,191.6993,201.4954,187.6321
2010-12-06 23:00:00,Davis,159.7947,176.5233,183.9030
2010-12-07 00:00:00,Davis,173.6923,191.6993,182.8964
2010-12-07 01:00:00,Davis,169.5679,159.7947,183.9726
2010-12-07 02:00:00,Davis,190.5022,173.6923,185.5075
2010-12-07 03:00:00,Davis,180.4882,169.5679,188.7551
2010-12-07 04:00:00,Davis,206.1624,190.5022,190.6276
2010-12-07 05:00:00,Davis,155.5379,180.4882,190.5889
2010-12-07 06:00:00,Davis,183.6900,206.1624,189.2580
2010-12-07 07:00:00,Davis,180.0484,155.5379,192.1030
2010-12-07 08:00:00,Davis,195.9112,183.6900,190.7166
2010-12-07 09:00:00,Davis,208.6603,180.0484,193.1026
2010-12-07 10:00:00,Davis,181.7817,195.9112,197.0277
2010-12-07 11:00:00,Davis,210.5673,208.6603,198.8946
2010-12-07 12:00:00,Davis,223.1393,181.7817,196.6751
2010-12-07 13:00:00,Davis,207.2472,210.5673,193.0174
2010-12-07 14:00:00,Davis,206.5271,223.1393,189.9051
2010-12-07 15:00:00,Davis,178.5711,207.2472,192.0681
2010-12-07 16:00:00,Davis,205.6824,206.5271,197.8739
2010-12-07 17:00:00,Davis,193.3226,178.5711,205.1905
2010-12-07 18:00:00,Davis,198.0859,205.6824,211.7826
2010-12-07 19:00:00,Davis,196.7560,193.3226,210.4008
2010-12-07 20:00:00,Davis,208.1629,198.0859,198.7393
2010-12-07 21:00:00,Davis,160.8959,196.7560,192.8721
2010-12-07 22:00:00,Davis,206.7565,208.1629,185.5696
2010-12-07 23:00:00,Davis,165.8807,160.8959,187.7001
2010-12-08 00:00:00,Davis,191.5815,206.7565,181.2500
2010-12-08 01:00:00,Davis,197.0497,165.8807,184.8195
2010-12-08 02:00:00,Davis,182.6630,191.5815,187.0037
2010-12-08 03:00:00,Davis,225.6459,197.0497,188.0957
2010-12-08 04:00:00,Davis,203.5618,182.6630,191.0289
2010-12-08 05:00:00,Davis,193.9793,225.6459,191.7077
2010-12-08 06:00:00,Davis,218.0064,203.5618,196.0808
2010-12-08 07:00:00,Davis,176.1892,193.9793,197.3333
2010-12-08 08:00:00,Davis,185.7954,218.0064,195.8270
2010-12-08 09:00:00,Davis,201.0165,176.1892,198.7645
2010-12-08 10:00:00,Davis,193.7314,185.7954,203.1548
2010-12-08 11:00:00,Davis,181.0586,201.0165,200.6094
2010-12-08 12:00:00,Davis,236.4487,193.7314,204.2112
2010-12-08 13:00:00,Davis,200.6493,181.0586,199.0349
2010-12-08 14:00:00,Davis,214.9444,236.4487,193.7947
2010-12-08 15:00:00,Davis,191.8806,200.6493,195.8545
2010-12-08 16:00:00,Davis,199.3217,214.9444,204.3625
2010-12-08 17:00:00,Davis,198.2561,191.8806,213.5011
2010-12-08 18:00:00,Davis,212.4514,199.3217,212.5762
2010-12-08 19:00:00,Davis,203.4772,198.2561,217.2364
2010-12-08 20:00:00,Davis,187.5719,212.4514,203.3845
2010-12-08 21:00:00,Davis,214.0191,203.4772,198.0467
2010-12-08 22:00:00,Davis,190.6416,187.5719,192.3046
2010-12-08 23:00:00,Davis,185.9354,214.0191,191.4577
2010-12-09 00:00:00,Davis,187.5011,190.6416,185.8635
2010-12-09 01:00:00,Davis,186.1290,185.9354,188.7489
2010-12-09 02:00:00,Davis,186.5426,187.5011,189.8801
2010-12-09 03:00:00,Davis,174.7482,186.1290,192.2585
2010-12-09 04:00:00,Davis,188.9729,186.5426,196.7963
2010-12-09 05:00:00,Davis,199.3897,174.7482,193.1093
2010-12-09 06:00:00,Davis,195.2317,188.9729,196.4148
2010-12-09 07:00:00,Davis,185.0102,199.3897,195.2773
2010-12-09 08:00:00,Davis,178.0042,195.2317,195.4021
2010-12-09 09:00:00,Davis,192.6828,185.0102,195.5442
2010-12-09 10:00:00,Davis,213.7990,178.0042,196.4753
2010-12-09 11:00:00,Davis,193.5938,192.6828,201.4887
2010-12-09 12:00:00,Davis,197.0173,213.7990,200.0210
2010-12-09 13:00:00,Davis,189.1243,193.5938,193.5437
2010-12-09 14:00:00,Davis,187.0390,197.0173,191.3294
2010-12-09 15:00:00,Davis,225.4980,189.1243,192.9619
2010-12-09 16:00:00,Davis,200.8431,187.0390,198.6847
2010-12-09 17:00:00,Davis,186.6919,225.4980,212.4944
2010-12-09 18:00:00,Davis,216.6869,200.8431,213.7677
2010-12-09 19:00:00,Davis,209.2523,186.6919,209.7544
2010-12-09 20:00:00,Davis,194.4487,216.6869,198.4797
2010-12-09 21:00:00,Davis,178.0195,209.2523,195.3773
2010-12-09 22:00:00,Davis,192.4737,194.4487,191.3578
2010-12-09 23:00:00,Davis,186.9410,178.0195,186.1641
2010-12-10 00:00:00,Davis,191.4461,192.4737,186.0652
2010-12-10 01:00:00,Davis,157.4151,186.9410,183.5540
2010-12-10 02:00:00,Davis,153.4666,191.4461,188.0811
2010-12-10 03:00:00,Davis,171.3591,157.4151,187.7347
2010-12-10 04:00:00,Davis,182.3391,153.4666,188.8665
2010-12-10 05:00:00,Davis,180.1456,171.3591,189.4802
2010-12-10 06:00:00,Davis,173.6654,182.3391,191.6525
2010-12-10 07:00:00,Davis,198.7362,180.1456,189.3571
2010-12-10 08:00:00,Davis,164.3306,173.6654,190.5518
2010-12-10 09:00:00,Davis,196.0560,198.7362,191.6793
2010-12-10 10:00:00,Davis,189.3241,164.3306,195.2008
2010-12-10 11:00:00,Davis,191.6941,196.0560,198.0081
2010-12-10 12:00:00,Davis,168.6435,189.3241,197.2793
2010-12-10 13:00:00,Davis,195.6358,191.6941,189.6260
2010-12-10 14:00:00,Davis,179.2091,168.6435,190.7759
2010-12-10 15:00:00,Davis,179.0005,195.6358,189.9261
2010-12-10 16:00:00,Davis,227.5596,179.2091,199.0008
2010-12-10 17:00:00,Davis,192.6307,179.0005,204.2842
2010-12-10 18:00:00,Davis,233.1587,227.5596,206.9336
2010-12-10 19:00:00,Davis,214.2338,192.6307,206.4612
2010-12-10 20:00:00,Davis,200.6334,233.1587,197.4785
2010-12-10 21:00:00,Davis,195.0626,214.2338,191.8073
2010-12-10 22:00:00,Davis,209.2593,200.6334,189.2245
2010-12-10 23:00:00,Davis,176.0499,195.0626,183.7781
2010-12-11 00:00:00,Davis,180.9819,209.2593,181.2374
2010-12-11 01:00:00,Davis,181.6075,176.0499,183.2051
2010-12-11 02:00:00,Davis,175.1743,180.9819,184.8453
2010-12-11 03:00:00,Davis,181.1292,181.6075,186.4325
2010-12-11 04:00:00,Davis,181.4384,175.1743,188.7262
2010-12-11 05:00:00,Davis,163.7219,181.1292,191.3201
2010-12-11 06:00:00,Davis,192.5555,181.4384,191.5375
2010-12-11 07:00:00,Davis,201.8246,163.7219,190.0547
2010-12-11 08:00:00,Davis,178.8623,192.5555,192.3687
2010-12-11 09:00:00,Davis,175.7116,201.8246,191.8611
2010-12-11 10:00:00,Davis,204.2639,178.8623,194.9757
2010-12-11 11:00:00,Davis,181.7079,175.7116,197.6875
2010-12-11 12:00:00,Davis,194.4812,204.2639,196.5448
2010-12-11 13:00:00,Davis,187.6416,181.7079,189.6277
2010-12-11 14:00:00,Davis,195.3499,194.4812,190.8030
2010-12-11 15:00:00,Davis,220.2981,187.6416,190.1581
2010-12-11 16:00:00,Davis,190.7141,195.3499,196.4462
2010-12-11 17:00:00,Davis,209.1232,220.2981,208.8908
2010-12-11 18:00:00,Davis,203.5332,190.7141,205.0626
2010-12-11 19:00:00,Davis,207.4917,209.1232,209.3966
2010-12-11 20:00:00,Davis,217.7796,203.5332,198.2470
2010-12-11 21:00:00,Davis,177.2010,207.4917,192.7648
2010-12-11 22:00:00,Davis,200.8365,217.7796,186.7935
2010-12-11 23:00:00,Davis,189.3446,177.2010,185.5620
2010-12-12 00:00:00,Davis,191.8089,200.8365,181.8385
2010-12-12 01:00:00,Davis,186.4885,189.3446,185.2522
2010-12-12 02:00:00,Davis,175.2722,191.8089,185.6990
2010-12-12 03:00:00,Davis,187.3629,186.4885,188.6743
2010-12-12 04:00:00,Davis,188.6648,175.2722,189.1784
2010-12-12 05:00:00,Davis,159.0842,187.3629,190.9143
2010-12-12 06:00:00,Davis,206.4883,188.6648,189.0574
2010-12-12 07:00:00,Davis,195.3608,159.0842,193.0848
2010-12-12 08:00:00,Davis,172.3859,206.4883,192.2617
2010-12-12 09:00:00,Davis,204.2733,195.3608,191.3250
2010-12-12 10:00:00,Davis,192.5888,172.3859,192.7197
2010-12-12 11:00:00,Davis,190.7518,204.2733,198.3589
2010-12-12 12:00:00,Davis,179.6429,192.5888,196.8195
2010-12-12 13:00:00,Davis,202.2518,190.7518,191.9448
2010-12-12 14:00:00,Davis,187.8636,179.6429,190.5086
2010-12-12 15:00:00,Davis,179.8323,202.2518,190.4252
2010-12-12 16:00:00,Davis,171.7003,187.8636,199.5727
2010-12-12 17:00:00,Davis,196.7360,179.8323,205.8389
2010-12-12 18:00:00,Davis,235.4391,171.7003,208.6791
2010-12-12 19:00:00,Davis,207.0996,196.7360,205.5679
2010-12-12 20:00:00,Davis,174.5850,235.4391,198.4700
2010-12-12 21:00:00,Davis,206.0302,207.0996,193.5080
2010-12-12 22:00:00,Davis,183.7718,174.5850,187.9619
2010-12-12 23:00:00,Davis,201.4098,206.0302,184.8419
2010-12-13 00:00:00,Davis,163.1451,183.7718,184.8769
2010-12-13 01:00:00,Davis,171.6795,201.4098,182.2010
2010-12-13 02:00:00,Davis,194.1696,163.1451,186.4516
2010-12-13 03:00:00,Davis,159.3276,171.6795,186.7941
2010-12-13 04:00:00,Davis,212.7654,194.1696,189.1122
2010-12-13 05:00:00,Davis,173.0254,159.3276,189.7867
2010-12-13 06:00:00,Davis,192.8130,212.7654,191.9885
2010-12-13 07:00:00,Davis,197.1875,173.0254,191.5877
2010-12-13 08:00:00,Davis,195.7345,192.8130,191.5071
2010-12-13 09:00:00,Davis,213.8813,197.1875,192.2636
2010-12-13 10:00:00,Davis,195.7336,195.7345,197.1067
2010-12-13 11:00:00,Davis,185.9909,213.8813,199.3999
2010-12-13 12:00:00,Davis,182.7114,195.7336,197.8716
2010-12-13 13:00:00,Davis,188.5998,185.9909,190.1249
2010-12-13 14:00:00,Davis,182.3029,182.7114,190.3521
2010-12-13 15:00:00,Davis,200.2413,188.5998,191.6555
2010-12-13 16:00:00,Davis,180.9374,182.3029,199.7512
2010-12-13 17:00:00,Davis,220.4541,200.2413,204.7203
2010-12-13 18:00:00,Davis,199.9036,180.9374,205.6162
2010-12-13 19:00:00,Davis,196.9298,220.4541,204.3592
2010-12-13 20:00:00,Davis,228.6359,199.9036,197.3013
2010-12-13 21:00:00,Davis,188.5989,196.9298,192.3933
2010-12-13 22:00:00,Davis,178.1963,228.6359,187.8947
2010-12-13 23:00:00,Davis,175.0418,188.5989,185.2710
2010-12-14 00:00:00,Davis,182.1972,178.1963,183.6829
2010-12-14 01:00:00,Davis,170.8605,175.0418,182.3085
2010-12-14 02:00:00,Davis,193.1920,182.1972,186.1187
2010-12-14 03:00:00,Davis,184.9813,170.8605,187.4171
2010-12-14 04:00:00,Davis,187.6660,193.1920,190.4666
2010-12-14 05:00:00,Davis,182.6279,184.9813,192.8513
2010-12-14 06:00:00,Davis,199.8377,187.6660,189.6354
2010-12-14 07:00:00,Davis,192.5182,182.6279,192.5407
2010-12-14 08:00:00,Davis,224.5921,199.8377,191.6942
2010-12-14 09:00:00,Davis,180.5083,192.5182,194.4223
2010-12-14 10:00:00,Davis,217.5402,224.5921,197.4427
2010-12-14 11:00:00,Davis,179.8047,180.5083,196.6993
2010-12-14 12:00:00,Davis,203.1230,217.5402,199.4920
2010-12-14 13:00:00,Davis,224.6152,179.8047,192.5410
2010-12-14 14:00:00,Davis,177.8705,203.1230,191.9152
2010-12-14 15:00:00,Davis,200.4222,224.6152,191.7871
2010-12-14 16:00:00,Davis,211.2994,177.8705,197.3983
2010-12-14 17:00:00,Davis,204.0070,200.4222,216.9205
2010-12-14 18:00:00,Davis,200.6808,211.2994,212.6754
2010-12-14 19:00:00,Davis,183.2111,204.0070,211.8986
2010-12-14 20:00:00,Davis,190.1143,200.6808,197.8411
2010-12-14 21:00:00,Davis,215.3097,183.2111,194.2852
2010-12-14 22:00:00,Davis,191.4603,190.1143,189.6384
2010-12-14 23:00:00,Davis,172.2047,215.3097,186.7402
2010-12-15 00:00:00,Davis,156.7161,191.4603,183.2213
2010-12-15 01:00:00,Davis,189.0372,172.2047,182.8360
2010-12-15 02:00:00,Davis,179.7472,156.7161,185.7495
2010-12-15 03:00:00,Davis,178.8017,189.0372,187.0165
2010-12-15 04:00:00,Davis,179.5862,179.7472,193.2960
2010-12-15 05:00:00,Davis,188.7033,178.8017,191.9533
2010-12-15 06:00:00,Davis,208.4924,179.5862,191.5595
2010-12-15 07:00:00,Davis,186.6110,188.7033,193.0035
2010-12-15 08:00:00,Davis,193.3006,208.4924,192.1970
2010-12-15 09:00:00,Davis,175.6591,186.6110,194.1056
2010-12-15 10:00:00,Davis,205.3178,193.3006,194.7404
2010-12-15 11:00:00,Davis,176.4128,175.6591,197.3139
2010-12-15 12:00:00,Davis,196.9832,205.3178,197.1637
2010-12-15 13:00:00,Davis,185.1750,176.4128,190.9092
2010-12-15 14:00:00,Davis,186.3993,196.9832,192.0313
2010-12-15 15:00:00,Davis,176.1870,185.1750,191.3042
2010-12-15 16:00:00,Davis,199.2365,186.3993,195.6281
2010-12-15 17:00:00,Davis,213.1414,176.1870,209.2328
2010-12-15 18:00:00,Davis,186.7802,199.2365,204.8237
2010-12-15 19:00:00,Davis,207.6959,213.1414,204.7872
2010-12-15 20:00:00,Davis,182.2852,186.7802,196.8417
2010-12-15 21:00:00,Davis,197.4600,207.6959,192.2263
2010-12-15 22:00:00,Davis,213.2609,182.2852,190.4941
2010-12-15 23:00:00,Davis,166.6787,197.4600,186.6185
2010-12-16 00:00:00,Davis,177.0482,213.2609,181.9525
2010-12-16 01:00:00,Davis,163.7481,166.6787,182.1491
2010-12-16 02:00:00,Davis,195.3850,177.0482,185.1691
2010-12-16 03:00:00,Davis,185.2177,163.7481,186.6392
2010-12-16 04:00:00,Davis,190.4019,195.3850,191.5057
2010-12-16 05:00:00,Davis,197.8198,185.2177,189.9011
2010-12-16 06:00:00,Davis,197.7230,190.4019,192.5909
2010-12-16 07:00:00,Davis,184.1923,197.8198,193.7339
2010-12-16 08:00:00,Davis,195.0777,197.7230,191.9735
2010-12-16 09:00:00,Davis,226.2366,184.1923,193.8072
2010-12-16 10:00:00,Davis,166.8035,195.0777,194.7788
2010-12-16 11:00:00,Davis,208.6729,226.2366,197.6006
2010-12-16 12:00:00,Davis,215.3675,166.8035,197.7847
2010-12-16 13:00:00,Davis,203.2640,208.6729,191.7365
2010-12-16 14:00:00,Davis,191.3894,215.3675,190.8965
2010-12-16 15:00:00,Davis,179.0893,203.2640,191.8042
2010-12-16 16:00:00,Davis,215.3944,191.3894,200.4336
2010-12-16 17:00:00,Davis,207.8525,179.0893,206.2414
2010-12-16 18:00:00,Davis,207.2520,215.3944,214.1164
2010-12-16 19:00:00,Davis,226.7973,207.8525,212.2081
2010-12-16 20:00:00,Davis,201.0129,207.2520,201.1709
2010-12-16 21:00:00,Davis,191.5782,226.7973,197.6519
2010-12-16 22:00:00,Davis,168.5811,201.0129,190.2822
2010-12-16 23:00:00,Davis,168.3038,191.5782,185.9768
2010-12-17 00:00:00,Davis,238.5237,168.5811,181.4980
2010-12-17 01:00:00,Davis,153.3170,168.3038,187.6279
2010-12-17 02:00:00,Davis,167.4652,238.5237,188.0906
2010-12-17 03:00:00,Davis,192.5223,153.3170,186.2793
2010-12-17 04:00:00,Davis,183.0677,167.4652,190.8564
2010-12-17 05:00:00,Davis,178.2136,192.5223,190.7810
2010-12-17 06:00:00,Davis,181.8332,183.0677,191.8866
2010-12-17 07:00:00,Davis,176.5394,178.2136,191.8627
2010-12-17 08:00:00,Davis,164.0896,181.8332,191.8558
2010-12-17 09:00:00,Davis,213.0692,176.5394,189.7391
2010-12-17 10:00:00,Davis,204.1756,164.0896,198.4054
2010-12-17 11:00:00,Davis,203.2771,213.0692,195.2763
2010-12-17 12:00:00,Davis,177.9061,204.1756,197.3154
2010-12-17 13:00:00,Davis,187.8276,203.2771,192.4845
2010-12-17 14:00:00,Davis,188.5105,177.9061,190.7983
2010-12-17 15:00:00,Davis,204.0015,187.8276,189.6089
2010-12-17 16:00:00,Davis,174.1251,188.5105,198.0282
2010-12-17 17:00:00,Davis,205.9888,204.0015,208.4115
2010-12-17 18:00:00,Davis,206.1545,174.1251,209.4529
2010-12-17 19:00:00,Davis,215.4515,205.9888,202.5973
2010-12-17 20:00:00,Davis,188.2957,206.1545,197.7974
2010-12-17 21:00:00,Davis,189.3514,215.4515,193.6313
2010-12-17 22:00:00,Davis,174.4999,188.2957,188.9965
2010-12-17 23:00:00,Davis,168.4436,189.3514,183.5785
2010-12-18 00:00:00,Davis,168.4703,174.4999,181.3648
2010-12-18 01:00:00,Davis,182.7566,168.4436,189.7542
2010-12-18 02:00:00,Davis,202.6553,168.4703,183.7128
2010-12-18 03:00:00,Davis,205.3234,182.7566,186.0938
2010-12-18 04:00:00,Davis,168.1035,202.6553,190.9795
2010-12-18 05:00:00,Davis,162.5993,205.3234,189.6647
2010-12-18 06:00:00,Davis,206.4296,168.1035,190.3562
2010-12-18 07:00:00,Davis,177.7693,162.5993,189.6805
2010-12-18 08:00:00,Davis,178.7260,206.4296,191.0984
2010-12-18 09:00:00,Davis,189.6699,177.7693,191.6190
2010-12-18 10:00:00,Davis,189.7906,178.7260,197.5674
2010-12-18 11:00:00,Davis,210.5282,189.6699,198.1570
2010-12-18 12:00:00,Davis,175.3565,189.7906,197.8467
2010-12-18 13:00:00,Davis,178.2148,210.5282,189.9146
2010-12-18 14:00:00,Davis,188.1599,175.3565,188.4783
2010-12-18 15:00:00,Davis,170.3122,178.2148,190.4077
2010-12-18 16:00:00,Davis,213.1257,188.1599,197.5168
2010-12-18 17:00:00,Davis,222.5646,170.3122,202.0348
2010-12-18 18:00:00,Davis,222.5850,213.1257,210.3071
2010-12-18 19:00:00,Davis,221.3891,222.5646,204.2735
2010-12-18 20:00:00,Davis,170.2565,222.5850,196.6309
2010-12-18 21:00:00,Davis,207.2702,221.3891,193.5099
2010-12-18 22:00:00,Davis,193.3937,170.2565,185.5190
2010-12-18 23:00:00,Davis,174.0127,207.2702,182.9892
2010-12-19 00:00:00,Davis,155.0509,193.3937,182.2480
2010-12-19 01:00:00,Davis,197.2829,174.0127,182.2650
2010-12-19 02:00:00,Davis,194.9910,155.0509,186.6426
2010-12-19 03:00:00,Davis,202.3509,197.2829,187.6793
2010-12-19 04:00:00,Davis,188.4438,194.9910,191.4948
2010-12-19 05:00:00,Davis,179.7395,202.3509,188.8409
2010-12-19 06:00:00,Davis,190.1425,188.4438,189.3742
2010-12-19 07:00:00,Davis,185.6041,179.7395,192.3793
2010-12-19 08:00:00,Davis,179.0005,190.1425,192.2331
2010-12-19 09:00:00,Davis,192.3198,185.6041,192.5130
2010-12-19 10:00:00,Davis,187.8520,179.0005,197.6299
2010-12-19 11:00:00,Davis,197.0194,192.3198,197.4906
2010-12-19 12:00:00,Davis,189.7619,187.8520,198.7013
2010-12-19 13:00:00,Davis,211.5600,197.0194,189.2552
2010-12-19 14:00:00,Davis,204.5564,189.7619,191.1497
2010-12-19 15:00:00,Davis,204.6970,211.5600,190.6586
2010-12-19 16:00:00,Davis,203.4426,204.5564,198.4057
2010-12-19 17:00:00,Davis,204.4013,204.6970,211.3009
2010-12-19 18:00:00,Davis,209.2340,203.4426,211.5086
2010-12-19 19:00:00,Davis,230.5097,204.4013,206.3096
2010-12-19 20:00:00,Davis,190.4155,209.2340,199.1323
2010-12-19 21:00:00,Davis,186.6203,230.5097,190.1677
2010-12-19 22:00:00,Davis,155.8439,190.4155,190.5414
2010-12-19 23:00:00,Davis,178.9870,186.6203,183.9621
2010-12-20 00:00:00,Davis,170.8981,155.8439,184.2757
2010-12-20 01:00:00,Davis,158.3499,178.9870,183.3507
2010-12-20 02:00:00,Davis,179.0593,170.8981,184.1146
2010-12-20 03:00:00,Davis,204.3873,158.3499,185.0889
2010-12-20 04:00:00,Davis,181.0663,179.0593,191.0413
2010-12-20 05:00:00,Davis,170.4582,204.3873,190.5899
2010-12-20 06:00:00,Davis,189.1365,181.0663,192.3165
2010-12-20 07:00:00,Davis,170.1712,170.4582,191.4442
2010-12-20 08:00:00,Davis,224.3960,189.1365,192.5983
2010-12-20 09:00:00,Davis,179.8156,170.1712,191.7278
2010-12-20 10:00:00,Davis,215.1267,224.3960,196.7126
2010-12-20 11:00:00,Davis,198.3021,179.8156,198.1107
2010-12-20 12:00:00,Davis,181.1466,215.1267,197.5173
2010-12-20 13:00:00,Davis,195.4154,198.3021,191.5587
2010-12-20 14:00:00,Davis,182.2609,181.1466,192.6592
2010-12-20 15:00:00,Davis,215.4834,195.4154,191.8229
2010-12-20 16:00:00,Davis,174.9345,182.2609,196.9695
2010-12-20 17:00:00,Davis,198.6422,215.4834,206.5324
2010-12-20 18:00:00,Davis,210.9533,174.9345,207.2122
2010-12-20 19:00:00,Davis,174.9287,198.6422,206.3607
2010-12-20 20:00:00,Davis,182.4962,210.9533,196.7343
2010-12-20 21:00:00,Davis,186.2028,174.9287,191.5214
2010-12-20 22:00:00,Davis,194.6309,182.4962,189.1684
2010-12-20 23:00:00,Davis,171.0900,186.2028,183.6848
2010-12-21 00:00:00,Davis,167.3215,194.6309,183.8085
2010-12-21 01:00:00,Davis,191.4298,171.0900,181.4679
2010-12-21 02:00:00,Davis,170.8805,167.3215,182.8151
2010-12-21 03:00:00,Davis,179.6511,191.4298,187.6271
2010-12-21 04:00:00,Davis,182.3387,170.8805,190.6317
2010-12-21 05:00:00,Davis,182.4526,179.6511,190.3310
2010-12-21 06:00:00,Davis,204.6117,182.3387,190.3768
2010-12-21 07:00:00,Davis,200.1329,182.4526,192.5498
2010-12-21 08:00:00,Davis,204.9670,204.6117,191.3529
2010-12-21 09:00:00,Davis,177.5895,200.1329,193.5656
2010-12-21 10:00:00,Davis,202.4618,204.9670,193.6152
2010-12-21 11:00:00,Davis,198.1504,177.5895,199.1487
2010-12-21 12:00:00,Davis,230.7024,202.4618,195.8273
2010-12-21 13:00:00,Davis,175.4480,198.1504,189.9224
2010-12-21 14:00:00,Davis,203.4979,230.7024,191.0081
2010-12-21 15:00:00,Davis,184.7105,175.4480,189.3308
2010-12-21 16:00:00,Davis,199.9873,203.4979,197.3438
2010-12-21 17:00:00,Davis,213.1574,184.7105,206.9750
2010-12-21 18:00:00,Davis,205.0029,199.9873,210.0553
2010-12-21 19:00:00,Davis,175.4812,213.1574,208.8967
2010-12-21 20:00:00,Davis,203.1234,205.0029,193.0737
2010-12-21 21:00:00,Davis,177.0100,175.4812,191.5463
2010-12-21 22:00:00,Davis,196.4614,203.1234,189.7159
2010-12-21 23:00:00,Davis,188.3580,177.0100,184.9617
2010-12-22 00:00:00,Davis,156.3628,196.4614,182.3609
2010-12-22 01:00:00,Davis,211.5836,188.3580,181.7133
2010-12-22 02:00:00,Davis,179.4738,156.3628,186.2567
2010-12-22 03:00:00,Davis,185.3797,211.5836,186.9591
2010-12-22 04:00:00,Davis,174.0182,179.4738,189.7381
2010-12-22 05:00:00,Davis,191.3080,185.3797,190.7927
2010-12-22 06:00:00,Davis,164.3127,174.0182,192.1040
2010-12-22 07:00:00,Davis,192.4603,191.3080,190.9087
2010-12-22 08:00:00,Davis,181.5426,164.3127,191.7216
2010-12-22 09:00:00,Davis,183.2417,192.4603,193.9230
2010-12-22 10:00:00,Davis,196.2575,181.5426,193.6671
2010-12-22 11:00:00,Davis,220.0634,183.2417,197.4261
2010-12-22 12:00:00,Davis,222.3477,196.2575,197.5445
2010-12-22 13:00:00,Davis,186.9272,220.0634,190.2567
2010-12-22 14:00:00,Davis,208.2422,222.3477,189.5910
2010-12-22 15:00:00,Davis,178.8093,186.9272,192.3743
2010-12-22 16:00:00,Davis,195.8958,208.2422,195.6067
2010-12-22 17:00:00,Davis,206.8405,178.8093,207.9101
2010-12-22 18:00:00,Davis,227.7126,195.8958,212.4941
2010-12-22 19:00:00,Davis,212.6294,206.8405,208.4879
2010-12-22 20:00:00,Davis,176.7700,227.7126,197.4919
2010-12-22 21:00:00,Davis,197.3072,212.6294,191.9186
2010-12-22 22:00:00,Davis,187.8248,176.7700,189.9615
2010-12-22 23:00:00,Davis,191.6292,197.3072,186.1104
2010-12-23 00:00:00,Davis,181.8568,187.8248,182.9160
2010-12-23 01:00:00,Davis,175.6799,191.6292,182.8318
2010-12-23 02:00:00,Davis,176.2344,181.8568,187.7416
2010-12-23 03:00:00,Davis,174.2130,175.6799,185.5762
2010-12-23 04:00:00,Davis,183.2718,176.2344,189.9496
2010-12-23 05:00:00,Davis,171.5188,174.2130,188.5660
2010-12-23 06:00:00,Davis,187.3259,183.2718,193.4682
2010-12-23 07:00:00,Davis,182.8513,171.5188,191.3453
2010-12-23 08:00:00,Davis,210.0107,187.3259,191.5143
2010-12-23 09:00:00,Davis,175.1841,182.8513,192.3688
2010-12-23 10:00:00,Davis,186.2998,210.0107,195.1424
2010-12-23 11:00:00,Davis,183.7257,175.1841,196.4603
2010-12-23 12:00:00,Davis,192.1414,186.2998,198.2491
2010-12-23 13:00:00,Davis,183.7245,183.7257,192.4826
2010-12-23 14:00:00,Davis,197.2686,192.1414,190.9461
2010-12-23 15:00:00,Davis,181.0885,183.7245,192.7979
2010-12-23 16:00:00,Davis,187.8959,197.2686,195.0894
2010-12-23 17:00:00,Davis,217.6147,181.0885,205.5069
2010-12-23 18:00:00,Davis,211.8969,187.8959,205.1458
2010-12-23 19:00:00,Davis,187.4820,217.6147,206.4320
2010-12-23 20:00:00,Davis,187.7385,211.8969,195.4237
2010-12-23 21:00:00,Davis,202.7835,187.4820,193.4933
2010-12-23 22:00:00,Davis,166.1045,187.7385,189.2019
2010-12-23 23:00:00,Davis,165.8496,202.7835,182.9416
2010-12-24 00:00:00,Davis,168.3623,166.1045,183.2732
2010-12-24 01:00:00,Davis,185.3671,165.8496,182.7135
2010-12-24 02:00:00,Davis,195.5959,168.3623,182.4891
2010-12-24 03:00:00,Davis,169.9006,185.3671,185.4403
2010-12-24 04:00:00,Davis,186.1862,195.5959,188.6040
2010-12-24 05:00:00,Davis,186.5424,169.9006,187.9013
2010-12-24 06:00:00,Davis,174.1017,186.1862,189.3322
2010-12-24 07:00:00,Davis,186.1806,186.5424,190.6055
2010-12-24 08:00:00,Davis,171.7886,174.1017,190.4422
2010-12-24 09:00:00,Davis,202.4502,186.1806,194.5755
2010-12-24 10:00:00,Davis,178.9743,171.7886,192.0478
2010-12-24 11:00:00,Davis,207.2762,202.4502,198.1592
2010-12-24 12:00:00,Davis,180.7794,178.9743,198.7918
2010-12-24 13:00:00,Davis,187.2571,207.2762,189.7126
2010-12-24 14:00:00,Davis,167.5131,180.7794,189.7783
2010-12-24 15:00:00,Davis,170.1708,187.2571,189.2714
2010-12-24 16:00:00,Davis,211.0984,167.5131,197.8342
2010-12-24 17:00:00,Davis,210.9079,170.1708,202.6221
2010-12-24 18:00:00,Davis,233.0736,211.0984,210.3156
2010-12-24 19:00:00,Davis,222.4889,210.9079,205.9650
2010-12-24 20:00:00,Davis,177.3396,233.0736,195.7505
2010-12-24 21:00:00,Davis,174.6429,222.4889,190.6670
2010-12-24 22:00:00,Davis,189.5133,177.3396,188.2504
2010-12-24 23:00:00,Davis,175.6552,174.6429,178.8753
2010-12-25 00:00:00,Davis,185.0660,189.5133,182.1906
2010-12-25 01:00:00,Davis,180.8089,175.6552,180.2274
2010-12-25 02:00:00,Davis,199.9094,185.0660,187.2277
2010-12-25 03:00:00,Davis,149.0727,180.8089,189.3101
2010-12-25 04:00:00,Davis,192.4058,199.9094,188.9677
2010-12-25 05:00:00,Davis,175.9669,149.0727,189.4897
2010-12-25 06:00:00,Davis,203.0204,192.4058,191.2823
2010-12-25 07:00:00,Davis,192.6971,175.9669,190.0996
2010-12-25 08:00:00,Davis,187.8654,203.0204,193.4072
2010-12-25 09:00:00,Davis,181.6457,192.6971,191.5688
2010-12-25 10:00:00,Davis,196.9015,187.8654,194.1442
2010-12-25 11:00:00,Davis,209.3606,181.6457,196.5107
2010-12-25 12:00:00,Davis,188.3972,196.9015,200.2873
2010-12-25 13:00:00,Davis,176.3862,209.3606,189.9139
2010-12-25 14:00:00,Davis,167.3964,188.3972,189.7150
2010-12-25 15:00:00,Davis,215.8030,176.3862,186.8058
2010-12-25 16:00:00,Davis,193.1627,167.3964,195.4172
2010-12-25 17:00:00,Davis,214.4982,215.8030,206.0623
2010-12-25 18:00:00,Davis,223.7512,193.1627,209.9741
2010-12-25 19:00:00,Davis,207.8325,214.4982,208.2959
2010-12-25 20:00:00,Davis,186.2853,223.7512,196.8944
2010-12-25 21:00:00,Davis,188.5067,207.8325,190.3693
2010-12-25 22:00:00,Davis,185.0838,186.2853,188.8605
2010-12-25 23:00:00,Davis,202.1412,188.5067,185.2111
2010-12-26 00:00:00,Davis,185.5163,185.0838,183.1983
2010-12-26 01:00:00,Davis,206.1816,202.1412,182.8869
2010-12-26 02:00:00,Davis,169.1924,185.5163,188.3744
2010-12-26 03:00:00,Davis,175.0754,206.1816,187.0131
2010-12-26 04:00:00,Davis,215.0454,169.1924,189.7773
2010-12-26 05:00:00,Davis,168.4680,175.0754,190.0728
2010-12-26 06:00:00,Davis,184.1594,215.0454,188.7499
2010-12-26 07:00:00,Davis,180.9245,168.4680,194.2474
2010-12-26 08:00:00,Davis,178.9295,184.1594,192.6155
2010-12-26 09:00:00,Davis,190.9021,180.9245,192.0557
2010-12-26 10:00:00,Davis,222.8085,178.9295,194.3349
2010-12-26 11:00:00,Davis,213.8007,190.9021,198.9510
2010-12-26 12:00:00,Davis,163.9360,222.8085,198.6671
2010-12-26 13:00:00,Davis,177.6311,213.8007,190.0915
2010-12-26 14:00:00,Davis,165.2139,163.9360,188.4064
2010-12-26 15:00:00,Davis,208.7410,177.6311,188.3873
2010-12-26 16:00:00,Davis,211.4477,165.2139,199.4221
2010-12-26 17:00:00,Davis,209.9104,208.7410,207.8049
2010-12-26 18:00:00,Davis,210.5293,211.4477,210.6855
2010-12-26 19:00:00,Davis,189.0254,209.9104,203.7982
2010-12-26 20:00:00,Davis,207.3631,210.5293,196.9650
2010-12-26 21:00:00,Davis,205.4912,189.0254,192.3245
2010-12-26 22:00:00,Davis,175.3382,207.3631,189.0850
2010-12-26 23:00:00,Davis,167.7589,205.4912,182.5250
2010-12-27 00:00:00,Davis,193.4052,175.3382,182.5688
2010-12-27 01:00:00,Davis,167.1343,167.7589,184.6555
2010-12-27 02:00:00,Davis,170.1113,193.4052,185.3827
2010-12-27 03:00:00,Davis,171.7918,167.1343,184.9279
2010-12-27 04:00:00,Davis,178.5588,170.1113,190.1618
2010-12-27 05:00:00,Davis,168.5661,171.7918,191.6208
2010-12-27 06:00:00,Davis,182.9417,178.5588,188.3166
2010-12-27 07:00:00,Davis,198.2587,168.5661,192.1334
2010-12-27 08:00:00,Davis,206.3996,182.9417,191.6318
2010-12-27 09:00:00,Davis,192.0792,198.2587,191.7048
2010-12-27 10:00:00,Davis,192.5173,206.3996,195.2990
2010-12-27 11:00:00,Davis,228.7715,192.0792,199.2533
2010-12-27 12:00:00,Davis,220.1555,192.5173,198.7829
2010-12-27 13:00:00,Davis,193.8192,228.7715,190.4718
2010-12-27 14:00:00,Davis,178.0891,220.1555,190.3628
2010-12-27 15:00:00,Davis,203.0556,193.8192,191.8097
2010-12-27 16:00:00,Davis,195.1777,178.0891,198.1472
2010-12-27 17:00:00,Davis,211.0204,203.0556,207.5879
2010-12-27 18:00:00,Davis,234.1169,195.1777,212.1634
2010-12-27 19:00:00,Davis,206.8021,211.0204,209.6479
2010-12-27 20:00:00,Davis,197.2889,234.1169,194.2449
2010-12-27 21:00:00,Davis,183.6050,206.8021,193.0035
2010-12-27 22:00:00,Davis,162.7623,197.2889,189.8096
2010-12-27 23:00:00,Davis,188.3571,183.6050,182.8765
2010-12-28 00:00:00,Davis,190.1870,162.7623,181.0508
2010-12-28 01:00:00,Davis,170.1787,188.3571,183.2292
2010-12-28 02:00:00,Davis,155.4224,190.1870,185.5658
2010-12-28 03:00:00,Davis,191.1300,170.1787,185.0439
2010-12-28 04:00:00,Davis,190.8279,155.4224,189.0585
2010-12-28 05:00:00,Davis,186.5776,191.1300,189.4584
2010-12-28 06:00:00,Davis,186.2838,190.8279,191.7658
2010-12-28 07:00:00,Davis,178.9252,186.5776,193.0149
2010-12-28 08:00:00,Davis,182.2531,186.2838,191.6698
2010-12-28 09:00:00,Davis,195.7443,178.9252,193.4178
2010-12-28 10:00:00,Davis,196.4298,182.2531,195.5742
2010-12-28 11:00:00,Davis,213.5606,195.7443,198.7312
2010-12-28 12:00:00,Davis,184.9782,196.4298,200.4368
2010-12-28 13:00:00,Davis,175.1638,213.5606,192.1065
2010-12-28 14:00:00,Davis,187.6768,184.9782,189.7677
2010-12-28 15:00:00,Davis,182.2087,175.1638,190.6103
2010-12-28 16:00:00,Davis,169.2819,187.6768,198.4634
2010-12-28 17:00:00,Davis,226.1248,182.2087,205.2236
2010-12-28 18:00:00,Davis,198.1565,169.2819,210.1416
2010-12-28 19:00:00,Davis,205.3651,226.1248,206.5124
2010-12-28 20:00:00,Davis,188.6372,198.1565,196.1217
2010-12-28 21:00:00,Davis,182.0998,205.3651,193.9284
2010-12-28 22:00:00,Davis,173.7007,188.6372,187.1587
2010-12-28 23:00:00,Davis,183.7847,182.0998,183.2717
2010-12-29 00:00:00,Davis,186.8832,173.7007,183.3309
2010-12-29 01:00:00,Davis,170.5337,183.7847,184.8946
2010-12-29 02:00:00,Davis,167.7038,186.8832,188.3450
2010-12-29 03:00:00,Davis,187.9930,170.5337,185.0418
2010-12-29 04:00:00,Davis,201.8740,167.7038,191.2019
2010-12-29 05:00:00,Davis,190.5996,187.9930,189.7500
2010-12-29 06:00:00,Davis,192.5252,201.8740,192.4840
2010-12-29 07:00:00,Davis,186.8871,190.5996,192.0272
2010-12-29 08:00:00,Davis,173.8807,192.5252,191.0003
2010-12-29 09:00:00,Davis,186.5228,186.8871,191.9453
2010-12-29 10:00:00,Davis,181.5113,173.8807,194.7351
2010-12-29 11:00:00,Davis,214.5516,186.5228,198.9137
2010-12-29 12:00:00,Davis,189.5044,181.5113,199.1209
2010-12-29 13:00:00,Davis,170.2219,214.5516,190.4587
2010-12-29 14:00:00,Davis,179.7757,189.5044,189.4644
2010-12-29 15:00:00,Davis,185.6722,170.2219,190.6914
2010-12-29 16:00:00,Davis,228.8552,179.7757,196.2675
2010-12-29 17:00:00,Davis,205.4372,185.6722,202.6924
2010-12-29 18:00:00,Davis,220.2251,228.8552,211.3938
2010-12-29 19:00:00,Davis,205.1069,205.4372,205.3305
2010-12-29 20:00:00,Davis,177.0654,220.2251,196.2048
2010-12-29 21:00:00,Davis,184.0819,205.1069,190.6060
2010-12-29 22:00:00,Davis,186.6281,177.0654,189.6467
2010-12-29 23:00:00,Davis,162.0838,184.0819,179.5601
2010-12-30 00:00:00,Davis,153.1800,186.6281,183.9055
2010-12-30 01:00:00,Davis,185.4905,162.0838,182.6713
2010-12-30 02:00:00,Davis,174.4788,153.1800,184.4683
2010-12-30 03:00:00,Davis,188.2668,185.4905,186.1623
2010-12-30 04:00:00,Davis,186.6177,174.4788,188.2031
2010-12-30 05:00:00,Davis,193.6722,188.2668,190.9113
2010-12-30 06:00:00,Davis,161.3142,186.6177,191.6569
2010-12-30 07:00:00,Davis,174.1744,193.6722,190.6396
2010-12-30 08:00:00,Davis,180.6213,161.3142,192.0659
2010-12-30 09:00:00,Davis,216.5294,174.1744,190.8273
2010-12-30 10:00:00,Davis,184.5498,180.6213,195.4875
2010-12-30 11:00:00,Davis,182.7293,216.5294,195.6197
2010-12-30 12:00:00,Davis,179.7934,184.5498,199.1494
2010-12-30 13:00:00,Davis,168.4526,182.7293,190.2356
2010-12-30 14:00:00,Davis,199.4234,179.7934,187.5032
2010-12-30 15:00:00,Davis,180.6051,168.4526,190.3912
2010-12-30 16:00:00,Davis,198.3377,199.4234,197.8080
2010-12-30 17:00:00,Davis,186.3645,180.6051,205.0486
2010-12-30 18:00:00,Davis,237.3178,198.3377,206.9019
2010-12-30 19:00:00,Davis,209.7826,186.3645,206.0920
2010-12-30 20:00:00,Davis,194.9098,237.3178,195.2461
2010-12-30 21:00:00,Davis,185.9082,209.7826,191.3814
2010-12-30 22:00:00,Davis,171.4612,194.9098,189.2125
2010-12-30 23:00:00,Davis,212.5799,185.9082,183.2881
2010-12-31 00:00:00,Davis,185.5124,171.4612,181.6105
2010-12-31 01:00:00,Davis,154.5045,212.5799,181.8146
2010-12-31 02:00:00,Davis,161.2205,185.5124,185.1452
2010-12-31 03:00:00,Davis,175.6426,154.5045,186.3704
2010-12-31 04:00:00,Davis,188.8483,161.2205,190.6758
2010-12-31 05:00:00,Davis,178.8148,175.6426,188.6571
2010-12-31 06:00:00,Davis,183.7276,188.8483,191.8553
2010-12-31 07:00:00,Davis,188.7014,178.8148,189.2667
2010-12-31 08:00:00,Davis,176.8866,183.7276,190.4894
2010-12-31 09:00:00,Davis,218.0817,188.7014,192.2619
2010-12-31 10:00:00,Davis,178.8663,176.8866,197.4773
2010-12-31 11:00:00,Davis,190.2804,218.0817,196.6130
2010-12-31 12:00:00,Davis,208.6903,178.8663,198.5552
2010-12-31 13:00:00,Davis,177.2058,190.2804,189.0871
2010-12-31 14:00:00,Davis,181.2929,208.6903,188.3316
2010-12-31 15:00:00,Davis,223.9067,177.2058,191.0551
2010-12-31 16:00:00,Davis,185.6712,181.2929,198.6657
2010-12-31 17:00:00,Davis,207.4537,223.9067,204.1134
2010-12-31 18:00:00,Davis,198.6542,185.6712,208.5221
2010-12-31 19:00:00,Davis,218.8312,207.4537,207.6727
2010-12-31 20:00:00,Davis,176.0553,198.6542,195.9600
2010-12-31 21:00:00,Davis,179.1407,218.8312,189.4550
2010-12-31 22:00:00,Davis,200.7948,176.0553,187.8839
2010-10-21 08:00:00,Macquarie Island,61.4077,65.3606,60.3741
2010-10-21 09:00:00,Macquarie Island,61.2288,64.2410,60.3147
2010-10-21 10:00:00,Macquarie Island,51.5733,61.4077,61.2456
2010-10-21 11:00:00,Macquarie Island,57.1015,61.2288,60.4752
2010-10-21 12:00:00,Macquarie Island,63.2840,51.5733,60.1013
2010-10-21 13:00:00,Macquarie Island,52.9330,57.1015,59.1291
2010-10-21 14:00:00,Macquarie Island,52.9387,63.2840,58.6391
2010-10-21 15:00:00,Macquarie Island,61.7494,52.9330,58.4834
2010-10-21 16:00:00,Macquarie Island,59.0681,52.9387,60.6669
2010-10-21 17:00:00,Macquarie Island,58.5175,61.7494,63.0643
2010-10-21 18:00:00,Macquarie Island,56.6350,59.0681,63.7104
2010-10-21 19:00:00,Macquarie Island,70.4103,58.5175,62.9746
2010-10-21 20:00:00,Macquarie Island,65.3819,56.6350,60.5804
2010-10-21 21:00:00,Macquarie Island,62.1865,70.4103,59.9298
2010-10-21 22:00:00,Macquarie Island,56.2958,65.3819,58.2467
2010-10-21 23:00:00,Macquarie Island,57.0018,62.1865,56.3801
2010-10-22 00:00:00,Macquarie Island,53.0909,56.2958,56.1938
2010-10-22 01:00:00,Macquarie Island,50.5356,57.0018,56.2231
2010-10-22 02:00:00,Macquarie Island,57.7600,53.0909,56.1086
2010-10-22 03:00:00,Macquarie Island,54.4813,50.5356,56.7071
2010-10-22 04:00:00,Macquarie Island,66.4123,57.7600,57.6171
2010-10-22 05:00:00,Macquarie Island,52.9646,54.4813,58.4125
2010-10-22 06:00:00,Macquarie Island,56.5110,66.4123,58.9614
2010-10-22 07:00:00,Macquarie Island,62.5966,52.9646,59.1155
2010-10-22 08:00:00,Macquarie Island,58.8925,56.5110,59.0694
2010-10-22 09:00:00,Macquarie Island,49.9612,62.5966,59.2104
2010-10-22 10:00:00,Macquarie Island,67.2431,58.8925,60.3870
2010-10-22 11:00:00,Macquarie Island,63.7991,49.9612,60.4034
2010-10-22 12:00:00,Macquarie Island,60.7803,67.2431,60.6720
2010-10-22 13:00:00,Macquarie Island,54.8998,63.7991,59.0865
2010-10-22 14:00:00,Macquarie Island,57.5294,60.7803,58.4898
2010-10-22 15:00:00,Macquarie Island,62.8215,54.8998,58.6512
2010-10-22 16:00:00,Macquarie Island,55.2936,57.5294,61.1359
2010-10-22 17:00:00,Macquarie Island,65.6417,62.8215,63.2162
2010-10-22 18:00:00,Macquarie Island,59.7171,55.2936,64.7882
2010-10-22 19:00:00,Macquarie Island,63.4060,65.6417,62.7522
2010-10-22 20:00:00,Macquarie Island,59.6460,59.7171,61.1479
2010-10-22 21:00:00,Macquarie Island,60.9783,63.4060,58.9493
2010-10-22 22:00:00,Macquarie Island,61.7618,59.6460,58.1365
2010-10-22 23:00:00,Macquarie Island,52.9942,60.9783,56.5561
2010-10-23 00:00:00,Macquarie Island,52.1264,61.7618,56.5621
2010-10-23 01:00:00,Macquarie Island,56.5268,52.9942,56.3136
2010-10-23 02:00:00,Macquarie Island,52.0203,52.1264,56.2284
2010-10-23 03:00:00,Macquarie Island,58.2775,56.5268,57.1738
2010-10-23 04:00:00,Macquarie Island,59.3274,52.0203,58.0163
2010-10-23 05:00:00,Macquarie Island,51.4231,58.2775,58.3130
2010-10-23 06:00:00,Macquarie Island,63.0272,59.3274,58.3957
2010-10-23 07:00:00,Macquarie Island,59.2881,51.4231,58.8053
2010-10-23 08:00:00,Macquarie Island,64.2271,63.0272,59.1361
2010-10-23 09:00:00,Macquarie Island,60.1450,59.2881,59.2093
2010-10-23 10:00:00,Macquarie Island,52.6222,64.2271,59.8944
2010-10-23 11:00:00,Macquarie Island,61.8361,60.1450,60.9350
2010-10-23 12:00:00,Macquarie Island,57.5469,52.6222,60.2966
2010-10-23 13:00:00,Macquarie Island,52.3975,61.8361,59.0437
2010-10-23 14:00:00,Macquarie Island,52.0348,57.5469,58.4241
2010-10-23 15:00:00,Macquarie Island,50.2360,52.3975,58.3223
2010-10-23 16:00:00,Macquarie Island,57.2038,52.0348,60.3671
2010-10-23 17:00:00,Macquarie Island,81.0867,50.2360,62.7038
2010-10-23 18:00:00,Macquarie Island,67.8531,57.2038,64.5854
2010-10-23 19:00:00,Macquarie Island,63.2426,81.0867,64.2115
2010-10-23 20:00:00,Macquarie Island,59.9202,67.8531,61.1675
2010-10-23 21:00:00,Macquarie Island,68.0969,63.2426,59.2442
2010-10-23 22:00:00,Macquarie Island,59.8174,59.9202,58.5534
2010-10-23 23:00:00,Macquarie Island,55.7330,68.0969,56.4320
2010-10-24 00:00:00,Macquarie Island,58.3389,59.8174,56.5378
2010-10-24 01:00:00,Macquarie Island,53.2632,55.7330,56.1694
2010-10-24 02:00:00,Macquarie Island,60.3480,58.3389,56.3009
2010-10-24 03:00:00,Macquarie Island,54.4879,53.2632,57.0120
2010-10-24 04:00:00,Macquarie Island,58.5158,60.3480,58.2001
2010-10-24 05:00:00,Macquarie Island,59.8318,54.4879,58.3428
2010-10-24 06:00:00,Macquarie Island,56.4652,58.5158,59.1226
2010-10-24 07:00:00,Macquarie Island,60.7057,59.8318,59.1355
2010-10-24 08:00:00,Macquarie Island,57.3860,56.4652,58.8620
2010-10-24 09:00:00,Macquarie Island,57.5330,60.7057,59.4774
2010-10-24 10:00:00,Macquarie Island,61.4265,57.3860,59.8552
2010-10-24 11:00:00,Macquarie Island,68.4084,57.5330,60.5802
2010-10-24 12:00:00,Macquarie Island,62.1740,61.4265,60.7036
2010-10-24 13:00:00,Macquarie Island,66.1292,68.4084,60.0055
2010-10-24 14:00:00,Macquarie Island,60.7766,62.1740,60.3028
2010-10-24 15:00:00,Macquarie Island,68.6463,66.1292,60.5213
2010-10-24 16:00:00,Macquarie Island,61.5035,60.7766,63.0980
2010-10-24 17:00:00,Macquarie Island,57.9844,68.6463,66.5513
2010-10-24 18:00:00,Macquarie Island,64.1386,61.5035,66.0519
2010-10-24 19:00:00,Macquarie Island,69.4358,57.9844,66.5442
2010-10-24 20:00:00,Macquarie Island,62.2657,64.1386,62.9322
2010-10-24 21:00:00,Macquarie Island,61.0120,69.4358,60.7260
2010-10-24 22:00:00,Macquarie Island,61.5431,62.2657,59.5848
2010-10-24 23:00:00,Macquarie Island,54.8349,61.0120,58.1308
2010-10-25 00:00:00,Macquarie Island,53.9956,61.5431,57.9775
2010-10-25 01:00:00,Macquarie Island,54.6940,54.8349,57.6202
2010-10-25 02:00:00,Macquarie Island,52.2006,53.9956,57.6092
2010-10-25 03:00:00,Macquarie Island,51.0967,54.6940,57.7101
2010-10-25 04:00:00,Macquarie Island,53.2130,52.2006,58.8529
2010-10-25 05:00:00,Macquarie Island,61.7822,51.0967,58.6865
2010-10-25 06:00:00,Macquarie Island,52.4873,53.2130,59.7642
2010-10-25 07:00:00,Macquarie Island,57.9429,61.7822,59.4629
2010-10-25 08:00:00,Macquarie Island,55.8974,52.4873,59.4249
2010-10-25 09:00:00,Macquarie Island,64.8045,57.9429,59.0341
2010-10-25 10:00:00,Macquarie Island,65.7673,55.8974,60.9746
2010-10-25 11:00:00,Macquarie Island,54.1108,64.8045,61.7771
2010-10-25 12:00:00,Macquarie Island,62.4422,65.7673,60.4716
2010-10-25 13:00:00,Macquarie Island,62.2990,54.1108,59.0620
2010-10-25 14:00:00,Macquarie Island,57.3879,62.4422,59.0170
2010-10-25 15:00:00,Macquarie Island,59.7465,62.2990,58.7019
2010-10-25 16:00:00,Macquarie Island,64.5764,57.3879,60.9910
2010-10-25 17:00:00,Macquarie Island,61.4110,59.7465,63.5415
2010-10-25 18:00:00,Macquarie Island,69.9142,64.5764,64.0907
2010-10-25 19:00:00,Macquarie Island,56.0174,61.4110,63.4921
2010-10-25 20:00:00,Macquarie Island,59.0283,69.9142,60.8012
2010-10-25 21:00:00,Macquarie Island,61.8893,56.0174,59.0565
2010-10-25 22:00:00,Macquarie Island,51.9227,59.0283,57.8705
2010-10-25 23:00:00,Macquarie Island,59.6167,61.8893,56.6344
2010-10-26 00:00:00,Macquarie Island,53.3799,51.9227,56.3136
2010-10-26 01:00:00,Macquarie Island,55.8575,59.6167,56.3387
2010-10-26 02:00:00,Macquarie Island,57.1942,53.3799,56.1250
2010-10-26 03:00:00,Macquarie Island,52.7853,55.8575,56.7071
2010-10-26 04:00:00,Macquarie Island,61.1581,57.1942,58.0979
2010-10-26 05:00:00,Macquarie Island,71.6912,52.7853,57.8523
2010-10-26 06:00:00,Macquarie Island,54.5241,61.1581,59.6211
2010-10-26 07:00:00,Macquarie Island,65.1480,71.6912,59.4192
2010-10-26 08:00:00,Macquarie Island,58.7969,54.5241,60.3616
2010-10-26 09:00:00,Macquarie Island,58.6521,65.1480,60.3549
2010-10-26 10:00:00,Macquarie Island,61.5525,58.7969,61.2291
2010-10-26 11:00:00,Macquarie Island,62.0487,58.6521,60.6505
2010-10-26 12:00:00,Macquarie Island,60.9398,61.5525,61.2523
2010-10-26 13:00:00,Macquarie Island,52.5898,62.0487,60.4149
2010-10-26 14:00:00,Macquarie Island,61.5568,60.9398,58.9097
2010-10-26 15:00:00,Macquarie Island,57.7253,52.5898,58.7787
2010-10-26 16:00:00,Macquarie Island,62.1650,61.5568,61.0280
2010-10-26 17:00:00,Macquarie Island,68.3735,57.7253,63.6411
2010-10-26 18:00:00,Macquarie Island,62.4389,62.1650,66.0809
2010-10-26 19:00:00,Macquarie Island,64.2399,68.3735,63.5171
2010-10-26 20:00:00,Macquarie Island,58.2030,62.4389,61.9913
2010-10-26 21:00:00,Macquarie Island,68.7979,64.2399,59.6943
2010-10-26 22:00:00,Macquarie Island,63.4813,58.2030,59.6697
2010-10-26 23:00:00,Macquarie Island,53.7779,68.7979,58.2730
2010-10-27 00:00:00,Macquarie Island,55.2129,63.4813,57.6211
2010-10-27 01:00:00,Macquarie Island,55.9652,53.7779,57.6585
2010-10-27 02:00:00,Macquarie Island,58.7336,55.2129,57.4738
2010-10-27 03:00:00,Macquarie Island,61.8364,55.9652,58.3577
2010-10-27 04:00:00,Macquarie Island,54.6786,58.7336,60.3286
2010-10-27 05:00:00,Macquarie Island,58.9246,61.8364,59.8932
2010-10-27 06:00:00,Macquarie Island,54.1406,54.6786,60.4314
2010-10-27 07:00:00,Macquarie Island,63.2599,58.9246,60.0219
2010-10-27 08:00:00,Macquarie Island,57.9085,54.1406,60.5959
2010-10-27 09:00:00,Macquarie Island,69.6379,63.2599,60.2598
2010-10-27 10:00:00,Macquarie Island,69.0490,57.9085,61.5275
2010-10-27 11:00:00,Macquarie Island,62.9131,69.6379,62.4702
2010-10-27 12:00:00,Macquarie Island,54.2075,69.0490,62.1602
2010-10-27 13:00:00,Macquarie Island,50.1839,62.9131,61.2270
2010-10-27 14:00:00,Macquarie Island,62.0864,54.2075,59.6872
2010-10-27 15:00:00,Macquarie Island,62.7653,50.1839,59.9938
2010-10-27 16:00:00,Macquarie Island,58.6782,62.0864,62.3591
2010-10-27 17:00:00,Macquarie Island,77.0234,62.7653,65.2959
2010-10-27 18:00:00,Macquarie Island,66.4411,58.6782,67.2189
2010-10-27 19:00:00,Macquarie Island,67.3280,77.0234,66.3181
2010-10-27 20:00:00,Macquarie Island,60.7105,66.4411,62.8409
2010-10-27 21:00:00,Macquarie Island,71.9250,67.3280,61.2558
2010-10-27 22:00:00,Macquarie Island,57.7877,60.7105,60.6859
2010-10-27 23:00:00,Macquarie Island,51.7254,71.9250,57.9664
2010-10-28 00:00:00,Macquarie Island,59.1819,57.7877,58.1050
2010-10-28 01:00:00,Macquarie Island,57.8468,51.7254,57.9963
2010-10-28 02:00:00,Macquarie Island,53.2170,59.1819,58.0373
2010-10-28 03:00:00,Macquarie Island,54.7394,57.8468,58.7631
2010-10-28 04:00:00,Macquarie Island,61.2854,53.2170,59.7870
2010-10-28 05:00:00,Macquarie Island,63.3943,54.7394,59.7709
2010-10-28 06:00:00,Macquarie Island,57.6741,61.2854,61.4113
2010-10-28 07:00:00,Macquarie Island,66.2917,63.3943,61.1521
2010-10-28 08:00:00,Macquarie Island,53.6470,57.6741,61.7358
2010-10-28 09:00:00,Macquarie Island,62.6889,66.2917,61.2151
2010-10-28 10:00:00,Macquarie Island,53.7512,53.6470,62.1057
2010-10-28 11:00:00,Macquarie Island,67.3274,62.6889,61.8362
2010-10-28 12:00:00,Macquarie Island,62.5916,53.7512,62.1266
2010-10-28 13:00:00,Macquarie Island,59.4668,67.3274,60.9703
2010-10-28 14:00:00,Macquarie Island,59.8503,62.5916,60.5995
2010-10-28 15:00:00,Macquarie Island,65.4288,59.4668,60.7180
2010-10-28 16:00:00,Macquarie Island,60.9966,59.8503,62.8563
2010-10-28 17:00:00,Macquarie Island,55.0513,65.4288,65.8417
2010-10-28 18:00:00,Macquarie Island,67.9722,60.9966,65.6553
2010-10-28 19:00:00,Macquarie Island,65.5912,55.0513,65.7872
2010-10-28 20:00:00,Macquarie Island,55.5393,67.9722,63.1256
2010-10-28 21:00:00,Macquarie Island,55.7582,65.5912,60.5112
2010-10-28 22:00:00,Macquarie Island,64.8155,55.5393,58.0597
2010-10-28 23:00:00,Macquarie Island,57.2730,55.7582,57.9775
2010-10-29 00:00:00,Macquarie Island,52.4503,64.8155,57.6383
2010-10-29 01:00:00,Macquarie Island,52.1981,57.2730,57.5236
2010-10-29 02:00:00,Macquarie Island,51.8961,52.4503,56.1816
2010-10-29 03:00:00,Macquarie Island,57.5250,52.1981,56.5689
2010-10-29 04:00:00,Macquarie Island,57.9096,51.8961,58.2275
2010-10-29 05:00:00,Macquarie Island,58.5639,57.5250,58.0997
2010-10-29 06:00:00,Macquarie Island,60.9365,57.9096,59.0816
2010-10-29 07:00:00,Macquarie Island,56.9326,58.5639,58.8088
2010-10-29 08:00:00,Macquarie Island,60.9518,60.9365,59.4658
2010-10-29 09:00:00,Macquarie Island,55.0470,56.9326,58.9706
2010-10-29 10:00:00,Macquarie Island,66.6327,60.9518,60.0988
2010-10-29 11:00:00,Macquarie Island,64.3704,55.0470,61.1381
2010-10-29 12:00:00,Macquarie Island,58.0536,66.6327,61.3564
2010-10-29 13:00:00,Macquarie Island,59.6818,64.3704,59.1917
2010-10-29 14:00:00,Macquarie Island,60.4419,58.0536,58.4945
2010-10-29 15:00:00,Macquarie Island,55.5802,59.6818,58.8297
2010-10-29 16:00:00,Macquarie Island,61.3881,60.4419,61.2385
2010-10-29 17:00:00,Macquarie Island,56.5747,55.5802,63.2778
2010-10-29 18:00:00,Macquarie Island,59.0222,61.3881,63.5518
2010-10-29 19:00:00,Macquarie Island,68.9328,56.5747,63.0509
2010-10-29 20:00:00,Macquarie Island,61.9844,59.0222,60.9391
2010-10-29 21:00:00,Macquarie Island,52.2851,68.9328,58.8485
2010-10-29 22:00:00,Macquarie Island,59.3048,61.9844,57.5850
2010-10-29 23:00:00,Macquarie Island,59.9395,52.2851,56.4667
2010-10-30 00:00:00,Macquarie Island,53.3690,59.3048,56.5934
2010-10-30 01:00:00,Macquarie Island,63.8589,59.9395,56.4423
2010-10-30 02:00:00,Macquarie Island,58.2334,53.3690,56.7990
2010-10-30 03:00:00,Macquarie Island,57.9780,63.8589,56.9263
2010-10-30 04:00:00,Macquarie Island,54.1180,58.2334,58.2565
2010-10-30 05:00:00,Macquarie Island,67.5808,57.9780,58.1186
2010-10-30 06:00:00,Macquarie Island,60.9421,54.1180,60.3755
2010-10-30 07:00:00,Macquarie Island,61.7175,67.5808,60.5162
2010-10-30 08:00:00,Macquarie Island,66.9490,60.9421,60.1911
2010-10-30 09:00:00,Macquarie Island,58.2913,61.7175,61.6154
2010-10-30 10:00:00,Macquarie Island,66.7024,66.9490,61.2363
2010-10-30 11:00:00,Macquarie Island,66.5668,58.2913,62.0819
2010-10-30 12:00:00,Macquarie Island,60.4912,66.7024,62.4743
2010-10-30 13:00:00,Macquarie Island,58.9782,66.5668,60.6859
2010-10-30 14:00:00,Macquarie Island,64.9777,60.4912,60.1417
2010-10-30 15:00:00,Macquarie Island,63.4371,58.9782,60.4496
2010-10-30 16:00:00,Macquarie Island,59.9077,64.9777,62.6186
2010-10-30 17:00:00,Macquarie Island,70.0419,63.4371,65.8515
2010-10-30 18:00:00,Macquarie Island,63.4901,59.9077,67.7626
2010-10-30 19:00:00,Macquarie Island,57.7698,70.0419,66.7898
2010-10-30 20:00:00,Macquarie Island,53.1696,63.4901,62.6902
2010-10-30 21:00:00,Macquarie Island,64.8173,57.7698,60.5074
2010-10-30 22:00:00,Macquarie Island,61.2914,53.1696,61.0222
2010-10-30 23:00:00,Macquarie Island,53.6795,64.8173,58.1399
2010-10-31 00:00:00,Macquarie Island,51.3380,61.2914,58.2853
2010-10-31 01:00:00,Macquarie Island,51.3879,53.6795,57.8867
2010-10-31 02:00:00,Macquarie Island,60.0160,51.3380,57.7483
2010-10-31 03:00:00,Macquarie Island,59.3601,51.3879,58.1339
2010-10-31 04:00:00,Macquarie Island,57.3916,60.0160,60.0145
2010-10-31 05:00:00,Macquarie Island,60.8360,59.3601,60.1385
2010-10-31 06:00:00,Macquarie Island,62.2492,57.3916,61.0775
2010-10-31 07:00:00,Macquarie Island,58.7178,60.8360,60.6546
2010-10-31 08:00:00,Macquarie Island,57.3698,62.2492,60.9464
2010-10-31 09:00:00,Macquarie Island,56.9644,58.7178,60.5295
2010-10-31 10:00:00,Macquarie Island,57.5486,57.3698,60.9014
2010-10-31 11:00:00,Macquarie Island,61.6120,56.9644,60.6783
2010-10-31 12:00:00,Macquarie Island,63.5626,57.5486,60.7838
2010-10-31 13:00:00,Macquarie Island,56.9677,61.6120,59.4401
2010-10-31 14:00:00,Macquarie Island,63.0026,63.5626,59.0327
2010-10-31 15:00:00,Macquarie Island,60.7451,56.9677,59.2464
2010-10-31 16:00:00,Macquarie Island,59.3607,63.0026,61.3071
2010-10-31 17:00:00,Macquarie Island,53.0067,60.7451,63.0802
2010-10-31 18:00:00,Macquarie Island,60.2587,59.3607,63.3189
2010-10-31 19:00:00,Macquarie Island,76.5623,53.0067,63.2968
2010-10-31 20:00:00,Macquarie Island,60.8273,60.2587,61.0887
2010-10-31 21:00:00,Macquarie Island,62.9177,76.5623,59.1070
2010-10-31 22:00:00,Macquarie Island,55.5725,60.8273,58.7255
2010-10-31 23:00:00,Macquarie Island,51.6030,62.9177,56.0854
2010-11-01 00:00:00,Macquarie Island,51.9892,55.5725,56.3354
2010-11-01 01:00:00,Macquarie Island,57.0127,51.6030,56.3300
2010-11-01 02:00:00,Macquarie Island,59.6877,51.9892,56.2264
2010-11-01 03:00:00,Macquarie Island,53.0142,57.0127,56.8907
2010-11-01 04:00:00,Macquarie Island,55.6271,59.6877,57.9477
2010-11-01 05:00:00,Macquarie Island,62.1766,53.0142,57.6038
2010-11-01 06:00:00,Macquarie Island,57.3490,55.6271,59.0028
2010-11-01 07:00:00,Macquarie Island,59.3679,62.1766,59.2960
2010-11-01 08:00:00,Macquarie Island,57.4505,57.3490,59.0796
2010-11-01 09:00:00,Macquarie Island,55.8392,59.3679,59.0865
2010-11-01 10:00:00,Macquarie Island,66.2552,57.4505,60.1195
2010-11-01 11:00:00,Macquarie Island,52.9564,55.8392,60.6647
2010-11-01 12:00:00,Macquarie Island,63.6790,66.2552,60.3057
2010-11-01 13:00:00,Macquarie Island,50.4617,52.9564,59.5222
2010-11-01 14:00:00,Macquarie Island,52.7470,63.6790,58.5400
2010-11-01 15:00:00,Macquarie Island,57.5889,50.4617,58.7511
2010-11-01 16:00:00,Macquarie Island,57.0466,52.7470,60.7270
2010-11-01 17:00:00,Macquarie Island,67.6143,57.5889,63.1864
2010-11-01 18:00:00,Macquarie Island,66.6179,57.0466,64.3749
2010-11-01 19:00:00,Macquarie Island,52.4501,67.6143,64.0251
2010-11-01 20:00:00,Macquarie Island,59.7212,66.6179,60.8060
2010-11-01 21:00:00,Macquarie Island,47.3146,52.4501,58.4955
2010-11-01 22:00:00,Macquarie Island,55.3267,59.7212,58.1540
2010-11-01 23:00:00,Macquarie Island,56.6626,47.3146,56.2861
2010-11-02 00:00:00,Macquarie Island,50.4425,55.3267,56.1194
2010-11-02 01:00:00,Macquarie Island,48.5909,56.6626,56.0047
2010-11-02 02:00:00,Macquarie Island,53.9160,50.4425,55.7697
2010-11-02 03:00:00,Macquarie Island,55.3473,48.5909,56.1426
2010-11-02 04:00:00,Macquarie Island,62.2913,53.9160,57.3120
2010-11-02 05:00:00,Macquarie Island,55.6090,55.3473,57.6851
2010-11-02 06:00:00,Macquarie Island,53.3886,62.2913,59.2642
2010-11-02 07:00:00,Macquarie Island,58.0109,55.6090,58.2449
2010-11-02 08:00:00,Macquarie Island,54.3715,53.3886,58.6681
2010-11-02 09:00:00,Macquarie Island,62.9520,58.0109,58.2558
2010-11-02 10:00:00,Macquarie Island,61.7630,54.3715,59.6371
2010-11-02 11:00:00,Macquarie Island,65.5407,62.9520,60.1067
2010-11-02 12:00:00,Macquarie Island,52.8225,61.7630,60.6250
2010-11-02 13:00:00,Macquarie Island,58.4838,65.5407,59.3315
2010-11-02 14:00:00,Macquarie Island,62.5687,52.8225,58.3922
2010-11-02 15:00:00,Macquarie Island,55.6880,58.4838,58.7285
2010-11-02 16:00:00,Macquarie Island,58.7492,62.5687,61.0066
2010-11-02 17:00:00,Macquarie Island,69.6491,55.6880,63.0905
2010-11-02 18:00:00,Macquarie Island,66.6329,58.7492,64.9455
2010-11-02 19:00:00,Macquarie Island,58.9934,69.6491,63.9425
2010-11-02 20:00:00,Macquarie Island,55.6365,66.6329,61.1131
2010-11-02 21:00:00,Macquarie Island,52.7828,58.9934,58.7468
2010-11-02 22:00:00,Macquarie Island,55.2359,55.6365,57.9486
2010-11-02 23:00:00,Macquarie Island,49.2435,52.7828,56.5686
2010-11-03 00:00:00,Macquarie Island,49.8654,55.2359,56.0240
2010-11-03 01:00:00,Macquarie Island,53.8827,49.2435,55.9508
2010-11-03 02:00:00,Macquarie Island,59.2790,49.8654,55.8578
2010-11-03 03:00:00,Macquarie Island,53.9615,53.8827,56.5155
2010-11-03 04:00:00,Macquarie Island,56.5326,59.2790,57.6307
2010-11-03 05:00:00,Macquarie Island,56.5419,53.9615,57.7231
2010-11-03 06:00:00,Macquarie Island,61.4923,56.5326,58.7109
2010-11-03 07:00:00,Macquarie Island,62.0890,56.5419,58.9197
2010-11-03 08:00:00,Macquarie Island,59.9819,61.4923,59.3956
2010-11-03 09:00:00,Macquarie Island,54.1495,62.0890,59.1664
2010-11-03 10:00:00,Macquarie Island,55.6706,59.9819,60.6676
2010-11-03 11:00:00,Macquarie Island,63.3567,54.1495,60.9488
2010-11-03 12:00:00,Macquarie Island,59.5365,55.6706,60.6448
2010-11-03 13:00:00,Macquarie Island,54.5124,63.3567,58.9424
2010-11-03 14:00:00,Macquarie Island,56.4022,59.5365,58.7060
2010-11-03 15:00:00,Macquarie Island,61.4070,54.5124,58.6412
2010-11-03 16:00:00,Macquarie Island,55.1166,56.4022,60.8879
2010-11-03 17:00:00,Macquarie Island,64.1811,61.4070,63.0569
2010-11-03 18:00:00,Macquarie Island,58.2682,55.1166,64.6000
2010-11-03 19:00:00,Macquarie Island,66.3351,64.1811,63.1998
2010-11-03 20:00:00,Macquarie Island,56.5426,58.2682,61.4240
2010-11-03 21:00:00,Macquarie Island,55.1980,66.3351,58.7659
2010-11-03 22:00:00,Macquarie Island,60.3526,56.5426,58.2429
2010-11-03 23:00:00,Macquarie Island,52.2452,55.1980,56.5264
2010-11-04 00:00:00,Macquarie Island,56.5546,60.3526,56.4807
2010-11-04 01:00:00,Macquarie Island,51.6843,52.2452,56.4307
2010-11-04 02:00:00,Macquarie Island,59.9163,56.5546,56.1879
2010-11-04 03:00:00,Macquarie Island,64.2013,51.6843,56.9851
2010-11-04 04:00:00,Macquarie Island,58.4053,59.9163,58.6947
2010-11-04 05:00:00,Macquarie Island,58.5161,64.2013,58.2458
2010-11-04 06:00:00,Macquarie Island,56.3466,58.4053,59.4006
2010-11-04 07:00:00,Macquarie Island,59.3383,58.5161,59.2759
2010-11-04 08:00:00,Macquarie Island,57.8876,56.3466,59.3720
2010-11-04 09:00:00,Macquarie Island,57.7991,59.3383,59.1710
2010-11-04 10:00:00,Macquarie Island,63.3268,57.8876,59.8493
2010-11-04 11:00:00,Macquarie Island,54.9537,57.7991,60.5147
2010-11-04 12:00:00,Macquarie Island,61.3051,63.3268,60.8401
2010-11-04 13:00:00,Macquarie Island,58.8872,54.9537,59.2434
2010-11-04 14:00:00,Macquarie Island,56.5686,61.3051,58.6447
2010-11-04 15:00:00,Macquarie Island,65.2010,58.8872,58.7003
2010-11-04 16:00:00,Macquarie Island,57.7785,56.5686,61.4974
2010-11-04 17:00:00,Macquarie Island,70.2173,65.2010,63.0327
2010-11-04 18:00:00,Macquarie Island,73.2471,57.7785,64.2887
2010-11-04 19:00:00,Macquarie Island,71.6791,70.2173,65.9886
2010-11-04 20:00:00,Macquarie Island,65.0576,73.2471,61.8784
2010-11-04 21:00:00,Macquarie Island,61.4539,71.6791,60.7536
2010-11-04 22:00:00,Macquarie Island,58.3916,65.0576,59.7026
2010-11-04 23:00:00,Macquarie Island,49.1013,61.4539,58.3209
2010-11-05 00:00:00,Macquarie Island,51.8257,58.3916,57.4022
2010-11-05 01:00:00,Macquarie Island,55.9640,49.1013,57.3871
2010-11-05 02:00:00,Macquarie Island,50.6156,51.8257,57.4345
2010-11-05 03:00:00,Macquarie Island,60.3021,55.9640,57.5707
2010-11-05 04:00:00,Macquarie Island,53.3679,50.6156,59.2541
2010-11-05 05:00:00,Macquarie Island,54.3088,60.3021,57.7889
2010-11-05 06:00:00,Macquarie Island,57.8969,53.3679,58.4956
2010-11-05 07:00:00,Macquarie Island,53.0340,54.3088,58.8516
2010-11-05 08:00:00,Macquarie Island,54.4046,57.8969,58.4405
2010-11-05 09:00:00,Macquarie Island,54.8486,53.0340,58.8500
2010-11-05 10:00:00,Macquarie Island,61.9326,54.4046,59.0954
2010-11-05 11:00:00,Macquarie Island,62.3049,54.8486,60.7326
2010-11-05 12:00:00,Macquarie Island,59.3824,61.9326,60.3510
2010-11-05 13:00:00,Macquarie Island,57.6950,62.3049,58.8576
2010-11-05 14:00:00,Macquarie Island,57.6411,59.3824,58.6997
2010-11-05 15:00:00,Macquarie Island,63.3268,57.6950,58.7003
2010-11-05 16:00:00,Macquarie Island,63.7352,57.6411,61.1778
2010-11-05 17:00:00,Macquarie Island,64.9099,63.3268,63.5318
2010-11-05 18:00:00,Macquarie Island,76.2438,63.7352,64.3510
2010-11-05 19:00:00,Macquarie Island,70.1633,64.9099,63.4831
2010-11-05 20:00:00,Macquarie Island,54.5831,76.2438,61.8283
2010-11-05 21:00:00,Macquarie Island,60.6157,70.1633,59.3982
2010-11-05 22:00:00,Macquarie Island,52.4625,54.5831,57.8207
2010-11-05 23:00:00,Macquarie Island,48.7925,60.6157,56.6824
2010-11-06 00:00:00,Macquarie Island,62.3274,52.4625,56.2547
2010-11-06 01:00:00,Macquarie Island,55.3682,48.7925,56.6923
2010-11-06 02:00:00,Macquarie Island,52.2533,62.3274,56.7059
2010-11-06 03:00:00,Macquarie Island,58.1416,55.3682,56.5468
2010-11-06 04:00:00,Macquarie Island,56.1169,52.2533,57.6447
2010-11-06 05:00:00,Macquarie Island,51.9990,58.1416,58.2304
2010-11-06 06:00:00,Macquarie Island,60.7547,56.1169,59.4632
2010-11-06 07:00:00,Macquarie Island,57.1193,51.9990,58.9629
2010-11-06 08:00:00,Macquarie Island,60.4910,60.7547,58.9199
2010-11-06 09:00:00,Macquarie Island,63.2380,57.1193,59.3303
2010-11-06 10:00:00,Macquarie Island,64.7131,60.4910,60.0424
2010-11-06 11:00:00,Macquarie Island,65.2779,63.2380,62.5031
2010-11-06 12:00:00,Macquarie Island,56.4437,64.7131,61.8205
2010-11-06 13:00:00,Macquarie Island,60.1972,65.2779,60.2345
2010-11-06 14:00:00,Macquarie Island,56.8538,56.4437,59.8974
2010-11-06 15:00:00,Macquarie Island,62.0967,60.1972,60.5442
2010-11-06 16:00:00,Macquarie Island,63.8002,56.8538,61.9822
2010-11-06 17:00:00,Macquarie Island,57.7753,62.0967,65.3550
2010-11-06 18:00:00,Macquarie Island,60.4895,63.8002,63.8109
2010-11-06 19:00:00,Macquarie Island,53.9846,57.7753,63.2968
2010-11-06 20:00:00,Macquarie Island,60.4648,60.4895,60.8719
2010-11-06 21:00:00,Macquarie Island,60.9937,53.9846,58.6823
2010-11-06 22:00:00,Macquarie Island,53.4257,60.4648,58.2183
2010-11-06 23:00:00,Macquarie Island,55.4028,60.9937,56.6883
2010-11-07 00:00:00,Macquarie Island,62.6003,53.4257,56.1665
2010-11-07 01:00:00,Macquarie Island,50.2782,55.4028,56.6709
2010-11-07 02:00:00,Macquarie Island,55.0272,62.6003,56.4260
2010-11-07 03:00:00,Macquarie Island,54.4769,50.2782,56.6818
2010-11-07 04:00:00,Macquarie Island,56.9112,55.0272,57.9315
2010-11-07 05:00:00,Macquarie Island,53.9702,54.4769,58.0745
2010-11-07 06:00:00,Macquarie Island,63.2668,56.9112,59.1016
2010-11-07 07:00:00,Macquarie Island,53.3829,53.9702,59.0414
2010-11-07 08:00:00,Macquarie Island,58.5581,63.2668,59.0257
2010-11-07 09:00:00,Macquarie Island,53.8651,53.3829,58.9559
2010-11-07 10:00:00,Macquarie Island,65.7871,58.5581,60.0560
2010-11-07 11:00:00,Macquarie Island,53.8696,53.8651,60.9991
2010-11-07 12:00:00,Macquarie Island,65.8799,65.7871,60.6049
2010-11-07 13:00:00,Macquarie Island,59.5722,53.8696,59.2836
2010-11-07 14:00:00,Macquarie Island,59.2839,65.8799,58.6635
2010-11-07 15:00:00,Macquarie Island,66.3286,59.5722,58.8442
2010-11-07 16:00:00,Macquarie Island,55.9044,59.2839,61.1905
2010-11-07 17:00:00,Macquarie Island,63.1285,66.3286,62.9256
2010-11-07 18:00:00,Macquarie Island,60.0298,55.9044,63.9023
2010-11-07 19:00:00,Macquarie Island,59.1201,63.1285,62.9734
2010-11-07 20:00:00,Macquarie Island,60.2000,60.0298,61.2373
2010-11-07 21:00:00,Macquarie Island,56.9622,59.1201,59.0177
2010-11-07 22:00:00,Macquarie Island,50.2522,60.2000,58.0798
2010-11-07 23:00:00,Macquarie Island,52.7155,56.9622,56.2731
2010-11-08 00:00:00,Macquarie Island,55.0683,50.2522,56.1909
2010-11-08 01:00:00,Macquarie Island,54.5885,52.7155,56.3550
2010-11-08 02:00:00,Macquarie Island,57.9061,55.0683,55.9819
2010-11-08 03:00:00,Macquarie Island,53.3386,54.5885,56.3748
2010-11-08 04:00:00,Macquarie Island,56.2153,57.9061,57.6262
2010-11-08 05:00:00,Macquarie Island,56.2122,53.3386,57.4026
2010-11-08 06:00:00,Macquarie Island,51.1388,56.2153,58.9645
2010-11-08 07:00:00,Macquarie Island,52.6306,56.2122,58.5831
2010-11-08 08:00:00,Macquarie Island,54.7531,51.1388,58.0392
2010-11-08 09:00:00,Macquarie Island,56.1474,52.6306,58.2659
2010-11-08 10:00:00,Macquarie Island,57.9062,54.7531,59.1208
2010-11-08 11:00:00,Macquarie Island,54.6731,56.1474,60.4817
2010-11-08 12:00:00,Macquarie Island,57.6592,57.9062,59.3965
2010-11-08 13:00:00,Macquarie Island,55.9634,54.6731,59.3222
2010-11-08 14:00:00,Macquarie Island,63.0301,57.6592,58.3796
2010-11-08 15:00:00,Macquarie Island,60.4269,55.9634,58.4355
2010-11-08 16:00:00,Macquarie Island,56.9752,63.0301,60.3011
2010-11-08 17:00:00,Macquarie Island,56.8936,60.4269,62.9764
2010-11-08 18:00:00,Macquarie Island,67.3527,56.9752,62.8687
2010-11-08 19:00:00,Macquarie Island,61.3446,56.8936,64.1179
2010-11-08 20:00:00,Macquarie Island,72.1360,67.3527,60.7402
2010-11-08 21:00:00,Macquarie Island,58.3062,61.3446,59.6243
2010-11-08 22:00:00,Macquarie Island,47.3672,72.1360,57.8066
2010-11-08 23:00:00,Macquarie Island,55.1884,58.3062,56.4255
2010-11-09 00:00:00,Macquarie Island,55.0000,47.3672,56.2322
2010-11-09 01:00:00,Macquarie Island,54.5756,55.1884,56.2486
2010-11-09 02:00:00,Macquarie Island,62.9073,55.0000,56.1286
2010-11-09 03:00:00,Macquarie Island,57.3243,54.5756,57.1894
2010-11-09 04:00:00,Macquarie Island,61.3803,62.9073,58.2739
2010-11-09 05:00:00,Macquarie Island,53.8950,57.3243,57.9684
2010-11-09 06:00:00,Macquarie Island,60.2804,61.3803,59.0911
2010-11-09 07:00:00,Macquarie Island,58.5378,53.8950,59.0284
2010-11-09 08:00:00,Macquarie Island,60.8468,60.2804,59.1089
2010-11-09 09:00:00,Macquarie Island,59.6877,58.5378,59.0787
2010-11-09 10:00:00,Macquarie Island,55.2784,60.8468,60.1056
2010-11-09 11:00:00,Macquarie Island,55.6576,59.6877,60.5334
2010-11-09 12:00:00,Macquarie Island,61.1374,55.2784,60.3661
2010-11-09 13:00:00,Macquarie Island,60.7809,55.6576,58.9252
2010-11-09 14:00:00,Macquarie Island,52.7335,61.1374,58.5561
2010-11-09 15:00:00,Macquarie Island,54.2308,60.7809,59.1928
2010-11-09 16:00:00,Macquarie Island,63.2826,52.7335,60.7856
2010-11-09 17:00:00,Macquarie Island,70.9901,54.2308,63.5357
2010-11-09 18:00:00,Macquarie Island,71.4417,63.2826,65.1039
2010-11-09 19:00:00,Macquarie Island,60.5284,70.9901,63.6232
2010-11-09 20:00:00,Macquarie Island,67.7844,71.4417,60.9882
2010-11-09 21:00:00,Macquarie Island,67.2761,60.5284,59.7138
2010-11-09 22:00:00,Macquarie Island,56.9389,67.7844,58.9569
2010-11-09 23:00:00,Macquarie Island,52.4492,67.2761,57.4325
2010-11-10 00:00:00,Macquarie Island,58.7327,56.9389,57.3816
2010-11-10 01:00:00,Macquarie Island,53.0072,52.4492,57.5308
2010-11-10 02:00:00,Macquarie Island,54.7728,58.7327,57.5131
2010-11-10 03:00:00,Macquarie Island,59.2215,53.0072,57.1412
2010-11-10 04:00:00,Macquarie Island,63.7785,54.7728,58.1899
2010-11-10 05:00:00,Macquarie Island,57.2499,59.2215,59.5803
2010-11-10 06:00:00,Macquarie Island,50.5269,63.7785,60.2959
2010-11-10 07:00:00,Macquarie Island,60.0373,57.2499,58.9926
2010-11-10 08:00:00,Macquarie Island,55.5239,50.5269,58.9535
2010-11-10 09:00:00,Macquarie Island,61.4796,60.0373,59.1460
2010-11-10 10:00:00,Macquarie Island,57.3304,55.5239,59.9050
2010-11-10 11:00:00,Macquarie Island,56.2098,61.4796,60.3151
2010-11-10 12:00:00,Macquarie Island,56.9224,57.3304,60.1381
2010-11-10 13:00:00,Macquarie Island,59.5933,56.2098,58.8815
2010-11-10 14:00:00,Macquarie Island,51.7157,56.9224,58.5186
2010-11-10 15:00:00,Macquarie Island,56.6573,59.5933,58.5182
2010-11-10 16:00:00,Macquarie Island,58.2828,51.7157,60.7748
2010-11-10 17:00:00,Macquarie Island,64.0854,56.6573,62.9071
2010-11-10 18:00:00,Macquarie Island,60.5101,58.2828,64.3287
2010-11-10 19:00:00,Macquarie Island,67.2102,64.0854,62.9001
2010-11-10 20:00:00,Macquarie Island,58.8616,60.5101,61.3503
2010-11-10 21:00:00,Macquarie Island,52.7130,67.2102,59.3096
2010-11-10 22:00:00,Macquarie Island,57.4071,58.8616,58.0301
2010-11-10 23:00:00,Macquarie Island,55.5625,52.7130,56.3188
2010-11-11 00:00:00,Macquarie Island,54.6086,57.4071,56.3637
2010-11-11 01:00:00,Macquarie Island,55.5704,55.5625,56.1177
2010-11-11 02:00:00,Macquarie Island,64.0400,54.6086,56.1177
2010-11-11 03:00:00,Macquarie Island,67.8002,55.5704,57.3491
2010-11-11 04:00:00,Macquarie Island,52.6815,64.0400,59.1980
2010-11-11 05:00:00,Macquarie Island,55.8488,67.8002,58.7010
2010-11-11 06:00:00,Macquarie Island,53.6511,52.6815,59.0648
2010-11-11 07:00:00,Macquarie Island,56.9983,55.8488,59.0147
2010-11-11 08:00:00,Macquarie Island,53.6338,53.6511,58.9980
2010-11-11 09:00:00,Macquarie Island,55.2063,56.9983,58.8352
2010-11-11 10:00:00,Macquarie Island,56.9122,53.6338,59.2510
2010-11-11 11:00:00,Macquarie Island,53.2709,55.2063,60.1351
2010-11-11 12:00:00,Macquarie Island,64.2241,56.9122,59.3307
2010-11-11 13:00:00,Macquarie Island,55.5742,53.2709,59.0834
2010-11-11 14:00:00,Macquarie Island,63.2376,64.2241,58.7112
2010-11-11 15:00:00,Macquarie Island,60.5562,55.5742,58.5697
2010-11-11 16:00:00,Macquarie Island,49.1495,63.2376,61.2267
2010-11-11 17:00:00,Macquarie Island,71.2679,60.5562,62.7775
2010-11-11 18:00:00,Macquarie Island,67.3251,49.1495,65.1038
2010-11-11 19:00:00,Macquarie Island,61.9749,71.2679,64.4251
2010-11-11 20:00:00,Macquarie Island,64.4327,67.3251,61.3688
2010-11-11 21:00:00,Macquarie Island,59.1244,61.9749,59.4910
2010-11-11 22:00:00,Macquarie Island,54.8670,64.4327,57.9279
2010-11-11 23:00:00,Macquarie Island,49.9806,59.1244,56.5245
2010-11-12 00:00:00,Macquarie Island,62.2760,54.8670,56.3054
2010-11-12 01:00:00,Macquarie Island,58.8821,49.9806,56.6923
2010-11-12 02:00:00,Macquarie Island,52.5363,62.2760,56.6510
2010-11-12 03:00:00,Macquarie Island,54.6797,58.8821,57.1704
2010-11-12 04:00:00,Macquarie Island,49.5805,52.5363,58.3738
2010-11-12 05:00:00,Macquarie Island,54.4837,54.6797,57.3971
2010-11-12 06:00:00,Macquarie Island,54.4376,49.5805,58.9918
2010-11-12 07:00:00,Macquarie Island,54.5762,54.4837,58.2813
2010-11-12 08:00:00,Macquarie Island,58.1649,54.4376,58.0421
2010-11-12 09:00:00,Macquarie Island,59.5584,54.5762,58.1708
2010-11-12 10:00:00,Macquarie Island,65.3016,58.1649,59.5988
2010-11-12 11:00:00,Macquarie Island,55.7747,59.5584,60.6314
2010-11-12 12:00:00,Macquarie Island,66.9410,65.3016,60.3275
2010-11-12 13:00:00,Macquarie Island,57.0867,55.7747,59.2637
2010-11-12 14:00:00,Macquarie Island,54.7551,66.9410,58.6569
2010-11-12 15:00:00,Macquarie Island,65.8732,57.0867,58.6966
2010-11-12 16:00:00,Macquarie Island,53.4781,54.7551,61.4218
2010-11-12 17:00:00,Macquarie Island,67.0078,65.8732,62.9451
2010-11-12 18:00:00,Macquarie Island,66.3144,53.4781,64.9048
2010-11-12 19:00:00,Macquarie Island,63.5457,67.0078,64.2678
2010-11-12 20:00:00,Macquarie Island,55.3883,66.3144,61.3005
2010-11-12 21:00:00,Macquarie Island,56.7926,63.5457,59.1361
2010-11-12 22:00:00,Macquarie Island,59.2772,55.3883,57.5392
2010-11-12 23:00:00,Macquarie Island,52.8088,56.7926,56.2731
2010-11-13 00:00:00,Macquarie Island,50.7213,59.2772,56.4369
2010-11-13 01:00:00,Macquarie Island,56.6489,52.8088,56.7184
2010-11-13 02:00:00,Macquarie Island,62.0626,50.7213,56.0680
2010-11-13 03:00:00,Macquarie Island,52.7685,56.6489,56.8288
2010-11-13 04:00:00,Macquarie Island,58.3207,62.0626,58.3361
2010-11-13 05:00:00,Macquarie Island,55.4547,52.7685,57.9497
2010-11-13 06:00:00,Macquarie Island,51.8920,58.3207,59.1965
2010-11-13 07:00:00,Macquarie Island,57.7759,55.4547,58.8406
2010-11-13 08:00:00,Macquarie Island,53.9367,51.8920,58.8309
2010-11-13 09:00:00,Macquarie Island,58.2120,57.7759,58.8791
2010-11-13 10:00:00,Macquarie Island,57.6969,53.9367,59.9566
2010-11-13 11:00:00,Macquarie Island,60.1383,58.2120,60.6327
2010-11-13 12:00:00,Macquarie Island,55.1377,57.6969,60.2181
2010-11-13 13:00:00,Macquarie Island,60.1231,60.1383,59.1211
2010-11-13 14:00:00,Macquarie Island,53.3584,55.1377,58.3272
2010-11-13 15:00:00,Macquarie Island,55.9910,60.1231,58.4956
2010-11-13 16:00:00,Macquarie Island,66.3582,53.3584,60.9871
2010-11-13 17:00:00,Macquarie Island,63.6254,55.9910,63.9537
2010-11-13 18:00:00,Macquarie Island,61.6614,66.3582,63.9555
2010-11-13 19:00:00,Macquarie Island,62.0711,63.6254,63.1629
2010-11-13 20:00:00,Macquarie Island,66.1494,61.6614,60.7664
2010-11-13 21:00:00,Macquarie Island,56.4650,62.0711,59.3179
2010-11-13 22:00:00,Macquarie Island,65.5506,66.1494,57.7836
2010-11-13 23:00:00,Macquarie Island,52.2260,56.4650,57.1483
2010-11-14 00:00:00,Macquarie Island,56.3685,65.5506,56.5295
2010-11-14 01:00:00,Macquarie Island,52.8566,52.2260,56.3751
2010-11-14 02:00:00,Macquarie Island,59.2859,56.3685,56.2810
2010-11-14 03:00:00,Macquarie Island,56.5359,52.8566,57.0438
2010-11-14 04:00:00,Macquarie Island,55.3540,59.2859,58.2240
2010-11-14 05:00:00,Macquarie Island,53.6244,56.5359,57.9363
2010-11-14 06:00:00,Macquarie Island,54.6360,55.3540,59.0650
2010-11-14 07:00:00,Macquarie Island,56.5472,53.6244,58.7777
2010-11-14 08:00:00,Macquarie Island,54.7265,54.6360,58.8065
2010-11-14 09:00:00,Macquarie Island,55.8321,56.5472,58.7110
2010-11-14 10:00:00,Macquarie Island,61.2882,54.7265,59.6103
2010-11-14 11:00:00,Macquarie Island,57.7721,55.8321,60.5005
2010-11-14 12:00:00,Macquarie Island,64.5474,61.2882,60.1080
2010-11-14 13:00:00,Macquarie Island,59.3465,57.7721,59.4448
2010-11-14 14:00:00,Macquarie Island,53.6116,64.5474,58.6634
2010-11-14 15:00:00,Macquarie Island,58.0167,59.3465,58.5208
2010-11-14 16:00:00,Macquarie Island,65.7417,53.6116,61.0373
2010-11-14 17:00:00,Macquarie Island,64.7427,58.0167,63.8518
2010-11-14 18:00:00,Macquarie Island,64.8473,65.7417,64.7691
2010-11-14 19:00:00,Macquarie Island,61.7087,64.7427,63.4943
2010-11-14 20:00:00,Macquarie Island,56.7617,64.8473,60.6691
2010-11-14 21:00:00,Macquarie Island,60.2236,61.7087,59.2995
2010-11-14 22:00:00,Macquarie Island,49.6191,56.7617,57.6121
2010-11-14 23:00:00,Macquarie Island,54.2900,60.2236,56.8740
2010-11-15 00:00:00,Macquarie Island,58.6304,49.6191,56.2322
2010-11-15 01:00:00,Macquarie Island,59.3290,54.2900,56.3162
2010-11-15 02:00:00,Macquarie Island,61.8594,58.6304,56.3333
2010-11-15 03:00:00,Macquarie Island,59.3233,59.3290,57.1276
2010-11-15 04:00:00,Macquarie Island,54.2650,61.8594,58.4560
2010-11-15 05:00:00,Macquarie Island,58.3027,59.3233,58.2466
2010-11-15 06:00:00,Macquarie Island,54.9974,54.2650,59.0648
2010-11-15 07:00:00,Macquarie Island,57.3830,58.3027,59.0551
2010-11-15 08:00:00,Macquarie Island,61.1735,54.9974,58.7110
2010-11-15 09:00:00,Macquarie Island,64.5439,57.3830,58.9701
2010-11-15 10:00:00,Macquarie Island,66.2661,61.1735,60.1460
2010-11-15 11:00:00,Macquarie Island,72.9770,64.5439,60.7613
2010-11-15 12:00:00,Macquarie Island,61.0901,66.2661,61.5397
2010-11-15 13:00:00,Macquarie Island,58.9911,72.9770,60.4044
2010-11-15 14:00:00,Macquarie Island,61.2909,61.0901,60.0691
2010-11-15 15:00:00,Macquarie Island,52.4293,58.9911,60.1431
2010-11-15 16:00:00,Macquarie Island,66.5300,61.2909,61.9086
2010-11-15 17:00:00,Macquarie Island,71.4908,52.4293,65.3769
2010-11-15 18:00:00,Macquarie Island,51.7331,66.5300,66.6686
2010-11-15 19:00:00,Macquarie Island,63.0829,71.4908,65.0633
2010-11-15 20:00:00,Macquarie Island,58.0291,51.7331,61.5411
2010-11-15 21:00:00,Macquarie Island,62.3358,63.0829,60.6158
2010-11-15 22:00:00,Macquarie Island,44.8943,58.0291,58.8826
2010-11-15 23:00:00,Macquarie Island,48.2288,62.3358,57.6262
2010-11-16 00:00:00,Macquarie Island,56.0597,44.8943,56.0528
2010-11-16 01:00:00,Macquarie Island,53.5223,48.2288,56.0974
2010-11-16 02:00:00,Macquarie Island,53.6264,56.0597,55.9042
2010-11-16 03:00:00,Macquarie Island,59.3785,53.5223,56.8411
2010-11-16 04:00:00,Macquarie Island,51.7268,53.6264,57.8878
2010-11-16 05:00:00,Macquarie Island,57.7829,59.3785,57.8476
2010-11-16 06:00:00,Macquarie Island,62.0746,51.7268,59.0650
2010-11-16 07:00:00,Macquarie Island,53.1480,57.7829,59.0585
2010-11-16 08:00:00,Macquarie Island,51.1381,62.0746,59.0501
2010-11-16 09:00:00,Macquarie Island,60.8197,53.1480,59.0163
2010-11-16 10:00:00,Macquarie Island,61.2685,51.1381,60.1450
2010-11-16 11:00:00,Macquarie Island,64.9585,60.8197,60.6683
2010-11-16 12:00:00,Macquarie Island,64.7325,61.2685,60.7788
2010-11-16 13:00:00,Macquarie Island,56.4252,64.9585,59.2903
2010-11-16 14:00:00,Macquarie Island,55.7501,64.7325,58.7361
2010-11-16 15:00:00,Macquarie Island,50.3610,56.4252,58.6111
2010-11-16 16:00:00,Macquarie Island,59.7810,55.7501,60.7154
2010-11-16 17:00:00,Macquarie Island,66.2000,50.3610,63.4628
2010-11-16 18:00:00,Macquarie Island,62.7286,59.7810,65.3200
2010-11-16 19:00:00,Macquarie Island,58.0602,66.2000,63.4442
2010-11-16 20:00:00,Macquarie Island,57.3473,62.7286,60.7104
2010-11-16 21:00:00,Macquarie Island,54.4790,58.0602,59.0524
2010-11-16 22:00:00,Macquarie Island,50.3539,57.3473,58.0473
2010-11-16 23:00:00,Macquarie Island,47.8819,54.4790,56.2938
2010-11-17 00:00:00,Macquarie Island,51.3220,50.3539,55.8773
2010-11-17 01:00:00,Macquarie Island,57.3650,47.8819,55.7189
2010-11-17 02:00:00,Macquarie Island,52.5428,51.3220,55.8860
2010-11-17 03:00:00,Macquarie Island,55.4570,57.3650,56.1458
2010-11-17 04:00:00,Macquarie Island,50.0279,52.5428,57.3349
2010-11-17 05:00:00,Macquarie Island,59.1415,55.4570,57.4371
2010-11-17 06:00:00,Macquarie Island,51.2692,50.0279,58.4256
2010-11-17 07:00:00,Macquarie Island,52.7241,59.1415,58.0676
2010-11-17 08:00:00,Macquarie Island,53.7876,51.2692,57.4090
2010-11-17 09:00:00,Macquarie Island,58.3884,52.7241,57.4837
2010-11-17 10:00:00,Macquarie Island,54.7869,53.7876,58.5032
2010-11-17 11:00:00,Macquarie Island,61.8316,58.3884,59.5356
2010-11-17 12:00:00,Macquarie Island,58.7401,54.7869,59.5997
2010-11-17 13:00:00,Macquarie Island,50.2557,61.8316,56.7448
2010-11-17 14:00:00,Macquarie Island,65.4173,58.7401,56.0546
2010-11-17 15:00:00,Macquarie Island,55.2459,50.2557,58.2247
2010-11-17 16:00:00,Macquarie Island,60.5286,65.4173,60.1142
2010-11-17 17:00:00,Macquarie Island,67.9800,55.2459,62.3613
2010-11-17 18:00:00,Macquarie Island,68.3768,60.5286,63.4988
2010-11-17 19:00:00,Macquarie Island,65.0090,67.9800,63.1641
2010-11-17 20:00:00,Macquarie Island,56.6066,68.3768,61.0969
2010-11-17 21:00:00,Macquarie Island,56.6303,65.0090,58.5553
2010-11-17 22:00:00,Macquarie Island,54.5921,56.6066,57.4608
2010-11-17 23:00:00,Macquarie Island,55.6759,56.6303,56.2526
2010-11-18 00:00:00,Macquarie Island,55.7593,54.5921,56.2979
2010-11-18 01:00:00,Macquarie Island,61.7701,55.6759,56.1177
2010-11-18 02:00:00,Macquarie Island,55.4310,55.7593,56.5045
2010-11-18 03:00:00,Macquarie Island,58.6214,61.7701,57.2129
2010-11-18 04:00:00,Macquarie Island,61.2594,55.4310,58.2773
2010-11-18 05:00:00,Macquarie Island,58.8230,58.6214,58.1968
2010-11-18 06:00:00,Macquarie Island,55.3493,61.2594,59.4513
2010-11-18 07:00:00,Macquarie Island,58.6101,58.8230,59.1750
2010-11-18 08:00:00,Macquarie Island,53.8572,55.3493,58.8014
2010-11-18 09:00:00,Macquarie Island,52.6804,58.6101,58.9449
2010-11-18 10:00:00,Macquarie Island,63.2011,53.8572,59.6647
2010-11-18 11:00:00,Macquarie Island,65.7835,52.6804,60.2617
2010-11-18 12:00:00,Macquarie Island,60.2385,63.2011,60.6539
2010-11-18 13:00:00,Macquarie Island,57.9735,65.7835,59.3271
2010-11-18 14:00:00,Macquarie Island,61.0397,60.2385,58.7286
2010-11-18 15:00:00,Macquarie Island,59.0308,57.9735,59.1177
2010-11-18 16:00:00,Macquarie Island,63.4198,61.0397,61.0303
2010-11-18 17:00:00,Macquarie Island,57.8728,59.0308,63.6577
2010-11-18 18:00:00,Macquarie Island,60.7557,63.4198,63.5728
2010-11-18 19:00:00,Macquarie Island,66.1248,57.8728,63.6789
2010-11-18 20:00:00,Macquarie Island,65.7262,60.7557,61.3787
2010-11-18 21:00:00,Macquarie Island,58.1161,66.1248,60.1347
2010-11-18 22:00:00,Macquarie Island,52.9661,65.7262,57.8609
2010-11-18 23:00:00,Macquarie Island,52.8002,58.1161,56.4957
2010-11-19 00:00:00,Macquarie Island,54.8620,52.9661,56.3054
2010-11-19 01:00:00,Macquarie Island,53.7825,52.8002,56.6526
2010-11-19 02:00:00,Macquarie Island,57.0656,54.8620,56.3545
2010-11-19 03:00:00,Macquarie Island,56.6590,53.7825,56.4150
2010-11-19 04:00:00,Macquarie Island,56.0261,57.0656,57.7171
2010-11-19 05:00:00,Macquarie Island,55.5278,56.6590,57.9356
2010-11-19 06:00:00,Macquarie Island,63.2907,56.0261,58.9158
2010-11-19 07:00:00,Macquarie Island,56.3262,55.5278,58.9417
2010-11-19 08:00:00,Macquarie Island,51.7867,63.2907,59.0501
2010-11-19 09:00:00,Macquarie Island,57.7601,56.3262,58.9084
2010-11-19 10:00:00,Macquarie Island,59.1589,51.7867,59.7786
2010-11-19 11:00:00,Macquarie Island,67.8390,57.7601,60.8522
2010-11-19 12:00:00,Macquarie Island,51.8493,59.1589,60.7586
2010-11-19 13:00:00,Macquarie Island,55.3106,67.8390,59.5429
2010-11-19 14:00:00,Macquarie Island,60.8294,51.8493,58.4646
2010-11-19 15:00:00,Macquarie Island,53.8648,55.3106,58.3930
2010-11-19 16:00:00,Macquarie Island,61.1572,60.8294,61.1820
2010-11-19 17:00:00,Macquarie Island,57.4307,53.8648,63.0196
2010-11-19 18:00:00,Macquarie Island,62.3837,61.1572,63.5818
2010-11-19 19:00:00,Macquarie Island,62.7684,57.4307,63.2983
2010-11-19 20:00:00,Macquarie Island,62.6066,62.3837,60.9011
2010-11-19 21:00:00,Macquarie Island,49.0203,62.7684,59.3462
2010-11-19 22:00:00,Macquarie Island,56.8477,62.6066,57.7228
2010-11-19 23:00:00,Macquarie Island,52.6580,49.0203,56.3704
2010-11-20 00:00:00,Macquarie Island,47.5487,56.8477,56.1177
2010-11-20 01:00:00,Macquarie Island,55.4130,52.6580,55.8773
2010-11-20 02:00:00,Macquarie Island,54.5254,47.5487,55.8886
2010-11-20 03:00:00,Macquarie Island,55.7224,55.4130,56.4175
2010-11-20 04:00:00,Macquarie Island,62.4787,54.5254,57.3870
2010-11-20 05:00:00,Macquarie Island,58.7412,55.7224,57.6642
2010-11-20 06:00:00,Macquarie Island,61.4022,62.4787,59.0911
2010-11-20 07:00:00,Macquarie Island,69.4759,58.7412,59.1968
2010-11-20 08:00:00,Macquarie Island,58.6995,61.4022,59.3394
2010-11-20 09:00:00,Macquarie Island,59.9952,69.4759,59.2815
2010-11-20 10:00:00,Macquarie Island,54.9086,58.6995,59.8647
2010-11-20 11:00:00,Macquarie Island,59.3048,59.9952,60.5124
2010-11-20 12:00:00,Macquarie Island,59.2722,54.9086,60.4671
2010-11-20 13:00:00,Macquarie Island,60.6286,59.3048,58.8929
2010-11-20 14:00:00,Macquarie Island,57.0917,59.2722,58.6781
2010-11-20 15:00:00,Macquarie Island,58.3280,60.6286,58.8282
2010-11-20 16:00:00,Macquarie Island,62.3056,57.0917,60.8578
2010-11-20 17:00:00,Macquarie Island,58.3001,58.3280,63.6663
2010-11-20 18:00:00,Macquarie Island,66.4457,62.3056,63.5709
2010-11-20 19:00:00,Macquarie Island,64.9032,58.3001,63.6636
2010-11-20 20:00:00,Macquarie Island,66.9769,66.4457,60.9879
2010-11-20 21:00:00,Macquarie Island,55.0102,64.9032,60.4414
2010-11-20 22:00:00,Macquarie Island,53.9436,66.9769,57.7526
2010-11-20 23:00:00,Macquarie Island,63.5873,55.0102,56.5630
2010-11-21 00:00:00,Macquarie Island,52.4750,53.9436,56.9519
2010-11-21 01:00:00,Macquarie Island,50.6543,63.5873,56.6428
2010-11-21 02:00:00,Macquarie Island,60.7763,52.4750,56.3157
2010-11-21 03:00:00,Macquarie Island,45.7225,50.6543,57.0449
2010-11-21 04:00:00,Macquarie Island,52.9054,60.7763,57.6453
2010-11-21 05:00:00,Macquarie Island,56.7156,45.7225,57.7281
2010-11-21 06:00:00,Macquarie Island,62.8953,52.9054,58.5037
2010-11-21 07:00:00,Macquarie Island,48.3377,56.7156,58.8195
2010-11-21 08:00:00,Macquarie Island,59.5113,62.8953,58.5035
2010-11-21 09:00:00,Macquarie Island,56.1166,48.3377,58.2734
2010-11-21 10:00:00,Macquarie Island,52.2147,59.5113,59.8754
2010-11-21 11:00:00,Macquarie Island,59.1311,56.1166,60.2205
2010-11-21 12:00:00,Macquarie Island,63.5631,52.2147,59.9475
2010-11-21 13:00:00,Macquarie Island,57.7746,59.1311,59.1379
2010-11-21 14:00:00,Macquarie Island,62.6118,63.5631,58.6879
2010-11-21 15:00:00,Macquarie Island,50.3858,57.7746,58.5167
2010-11-21 16:00:00,Macquarie Island,51.4206,62.6118,60.7924
2010-11-21 17:00:00,Macquarie Island,57.4636,50.3858,63.1005
2010-11-21 18:00:00,Macquarie Island,65.6138,51.4206,63.4892
2010-11-21 19:00:00,Macquarie Island,61.7232,57.4636,63.8244
2010-11-21 20:00:00,Macquarie Island,56.9204,65.6138,60.7607
2010-11-21 21:00:00,Macquarie Island,60.7827,61.7232,58.8284
2010-11-21 22:00:00,Macquarie Island,59.9294,56.9204,57.6239
2010-11-21 23:00:00,Macquarie Island,49.4991,60.7827,56.6462
2010-11-22 00:00:00,Macquarie Island,57.2820,59.9294,55.9741
2010-11-22 01:00:00,Macquarie Island,59.2458,49.4991,56.1052
2010-11-22 02:00:00,Macquarie Island,56.2255,57.2820,56.2222
2010-11-22 03:00:00,Macquarie Island,55.1107,59.2458,56.8428
2010-11-22 04:00:00,Macquarie Island,62.2652,56.2255,58.1635
2010-11-22 05:00:00,Macquarie Island,50.2447,55.1107,58.0215
2010-11-22 06:00:00,Macquarie Island,53.7018,62.2652,59.2110
2010-11-22 07:00:00,Macquarie Island,61.3068,50.2447,59.0379
2010-11-22 08:00:00,Macquarie Island,55.0854,53.7018,58.6447
2010-11-22 09:00:00,Macquarie Island,49.5419,61.3068,59.0728
2010-11-22 10:00:00,Macquarie Island,62.8951,55.0854,59.6614
2010-11-22 11:00:00,Macquarie Island,55.9028,49.5419,60.6461
2010-11-22 12:00:00,Macquarie Island,66.3763,62.8951,60.6811
2010-11-22 13:00:00,Macquarie Island,54.9377,55.9028,59.2721
2010-11-22 14:00:00,Macquarie Island,55.9293,66.3763,58.5724
2010-11-22 15:00:00,Macquarie Island,58.5628,54.9377,58.6511
2010-11-22 16:00:00,Macquarie Island,68.6440,55.9293,60.7889
2010-11-22 17:00:00,Macquarie Island,62.6806,58.5628,64.0900
2010-11-22 18:00:00,Macquarie Island,58.1049,68.6440,64.5533
2010-11-22 19:00:00,Macquarie Island,61.5054,62.6806,62.8786
2010-11-22 20:00:00,Macquarie Island,61.5433,58.1049,60.9170
2010-11-22 21:00:00,Macquarie Island,59.1790,61.5054,59.0024
2010-11-22 22:00:00,Macquarie Island,59.4480,61.5433,58.0646
2010-11-22 23:00:00,Macquarie Island,58.8996,59.1790,56.5017
2010-11-23 00:00:00,Macquarie Island,53.7679,59.4480,56.6737
2010-11-23 01:00:00,Macquarie Island,62.5748,58.8996,56.4662
2010-11-23 02:00:00,Macquarie Island,52.1403,53.7679,56.6923
2010-11-23 03:00:00,Macquarie Island,59.3234,62.5748,56.9235
2010-11-23 04:00:00,Macquarie Island,54.7628,52.1403,58.0876
2010-11-23 05:00:00,Macquarie Island,53.3526,59.3234,58.3274
2010-11-23 06:00:00,Macquarie Island,60.4708,54.7628,58.9451
2010-11-23 07:00:00,Macquarie Island,56.5056,53.3526,58.8812
2010-11-23 08:00:00,Macquarie Island,53.9825,60.4708,59.0015
2010-11-23 09:00:00,Macquarie Island,62.1867,56.5056,58.9084
2010-11-23 10:00:00,Macquarie Island,60.2075,53.9825,59.6679
2010-11-23 11:00:00,Macquarie Island,58.8065,62.1867,60.6382
2010-11-23 12:00:00,Macquarie Island,62.4560,60.2075,60.4249
2010-11-23 13:00:00,Macquarie Island,61.4084,58.8065,59.5277
2010-11-23 14:00:00,Macquarie Island,58.7718,62.4560,58.7835
2010-11-23 15:00:00,Macquarie Island,60.0102,61.4084,58.6968
2010-11-23 16:00:00,Macquarie Island,61.4314,58.7718,60.8725
2010-11-23 17:00:00,Macquarie Island,68.8072,60.0102,63.3960
2010-11-23 18:00:00,Macquarie Island,59.5470,61.4314,65.0306
2010-11-23 19:00:00,Macquarie Island,61.2840,68.8072,63.0096
2010-11-23 20:00:00,Macquarie Island,54.4043,59.5470,60.8158
2010-11-23 21:00:00,Macquarie Island,63.3499,61.2840,58.9507
2010-11-23 22:00:00,Macquarie Island,52.3861,54.4043,57.9888
2010-11-23 23:00:00,Macquarie Island,55.7776,63.3499,56.6022
2010-11-24 00:00:00,Macquarie Island,59.0783,52.3861,56.1909
2010-11-24 01:00:00,Macquarie Island,51.3204,55.7776,56.3107
2010-11-24 02:00:00,Macquarie Island,61.4408,59.0783,56.5354
2010-11-24 03:00:00,Macquarie Island,56.2120,51.3204,56.9487
2010-11-24 04:00:00,Macquarie Island,55.7943,61.4408,58.3836
2010-11-24 05:00:00,Macquarie Island,52.9124,56.2120,58.0696
2010-11-24 06:00:00,Macquarie Island,54.3954,55.7943,58.9561
2010-11-24 07:00:00,Macquarie Island,55.0647,52.9124,58.9713
2010-11-24 08:00:00,Macquarie Island,59.5642,54.3954,58.8309
2010-11-24 09:00:00,Macquarie Island,70.6568,55.0647,58.8427
2010-11-24 10:00:00,Macquarie Island,61.3336,59.5642,60.3549
2010-11-24 11:00:00,Macquarie Island,69.2698,70.6568,60.4356
2010-11-24 12:00:00,Macquarie Island,56.3816,61.3336,60.6491
2010-11-24 13:00:00,Macquarie Island,57.3081,69.2698,59.3629
2010-11-24 14:00:00,Macquarie Island,62.3794,56.3816,58.7438
2010-11-24 15:00:00,Macquarie Island,52.1279,57.3081,59.2106
2010-11-24 16:00:00,Macquarie Island,62.6128,62.3794,61.0521
2010-11-24 17:00:00,Macquarie Island,66.1576,52.1279,63.2835
2010-11-24 18:00:00,Macquarie Island,63.6985,62.6128,64.7364
2010-11-24 19:00:00,Macquarie Island,63.5573,66.1576,63.3888
2010-11-24 20:00:00,Macquarie Island,54.1171,63.6985,61.6009
2010-11-24 21:00:00,Macquarie Island,54.2744,63.5573,58.8144
2010-11-24 22:00:00,Macquarie Island,57.5134,54.1171,57.7613
2010-11-24 23:00:00,Macquarie Island,57.3835,54.2744,56.3703
2010-11-25 00:00:00,Macquarie Island,59.1302,57.5134,56.4369
2010-11-25 01:00:00,Macquarie Island,58.3260,57.3835,56.3224
2010-11-25 02:00:00,Macquarie Island,57.4744,59.1302,56.4791
2010-11-25 03:00:00,Macquarie Island,52.0058,58.3260,57.0568
2010-11-25 04:00:00,Macquarie Island,56.3133,57.4744,58.2301
2010-11-25 05:00:00,Macquarie Island,65.6257,52.0058,58.0157
2010-11-25 06:00:00,Macquarie Island,63.7214,56.3133,59.4204
2010-11-25 07:00:00,Macquarie Island,56.0571,65.6257,60.3307
2010-11-25 08:00:00,Macquarie Island,64.5355,63.7214,60.1705
2010-11-25 09:00:00,Macquarie Island,65.7121,56.0571,60.4106
2010-11-25 10:00:00,Macquarie Island,62.1972,64.5355,61.6324
2010-11-25 11:00:00,Macquarie Island,63.2469,65.7121,61.9763
2010-11-25 12:00:00,Macquarie Island,56.6390,62.1972,61.2861
2010-11-25 13:00:00,Macquarie Island,55.0665,63.2469,59.0752
2010-11-25 14:00:00,Macquarie Island,53.1632,56.6390,58.7456
2010-11-25 15:00:00,Macquarie Island,53.2448,55.0665,58.9295
2010-11-25 16:00:00,Macquarie Island,67.2637,53.1632,60.6183
2010-11-25 17:00:00,Macquarie Island,66.7914,53.2448,64.0190
2010-11-25 18:00:00,Macquarie Island,62.4284,67.2637,64.1805
2010-11-25 19:00:00,Macquarie Island,60.1811,66.7914,63.2144
2010-11-25 20:00:00,Macquarie Island,53.4467,62.4284,61.1184
2010-11-25 21:00:00,Macquarie Island,63.8692,60.1811,59.2211
2010-11-25 22:00:00,Macquarie Island,59.8937,53.4467,58.3697
2010-11-25 23:00:00,Macquarie Island,55.9746,63.8692,57.6603
2010-11-26 00:00:00,Macquarie Island,58.2603,59.8937,56.6562
2010-11-26 01:00:00,Macquarie Island,54.2290,55.9746,56.4077
2010-11-26 02:00:00,Macquarie Island,49.6414,58.2603,56.4422
2010-11-26 03:00:00,Macquarie Island,61.3276,54.2290,56.7098
2010-11-26 04:00:00,Macquarie Island,48.9361,49.6414,58.3350
2010-11-26 05:00:00,Macquarie Island,58.9790,61.3276,57.5318
2010-11-26 06:00:00,Macquarie Island,52.2000,48.9361,59.1708
2010-11-26 07:00:00,Macquarie Island,52.4503,58.9790,58.8876
2010-11-26 08:00:00,Macquarie Island,58.0462,52.2000,58.2149
2010-11-26 09:00:00,Macquarie Island,55.4024,52.4503,59.2658
2010-11-26 10:00:00,Macquarie Island,61.8089,58.0462,59.5429
2010-11-26 11:00:00,Macquarie Island,53.1359,55.4024,60.4281
2010-11-26 12:00:00,Macquarie Island,67.6408,61.8089,60.7476
2010-11-26 13:00:00,Macquarie Island,57.5080,53.1359,58.9813
2010-11-26 14:00:00,Macquarie Island,55.4408,67.6408,58.6041
2010-11-26 15:00:00,Macquarie Island,63.4313,57.5080,58.6777
2010-11-26 16:00:00,Macquarie Island,60.7192,55.4408,60.8938
2010-11-26 17:00:00,Macquarie Island,60.5860,63.4313,63.3913
2010-11-26 18:00:00,Macquarie Island,66.8617,60.7192,63.5135
2010-11-26 19:00:00,Macquarie Island,58.0553,60.5860,63.7890
2010-11-26 20:00:00,Macquarie Island,49.7772,66.8617,60.7529
2010-11-26 21:00:00,Macquarie Island,53.0290,58.0553,59.0406
2010-11-26 22:00:00,Macquarie Island,57.8223,49.7772,57.7488
2010-11-26 23:00:00,Macquarie Island,55.6115,53.0290,56.2559
2010-11-27 00:00:00,Macquarie Island,55.9193,57.8223,56.2492
2010-11-27 01:00:00,Macquarie Island,56.9406,55.6115,55.9764
2010-11-27 02:00:00,Macquarie Island,58.5858,55.9193,55.9709
2010-11-27 03:00:00,Macquarie Island,61.1658,56.9406,56.7162
2010-11-27 04:00:00,Macquarie Island,60.6776,58.5858,58.2593
2010-11-27 05:00:00,Macquarie Island,54.7520,61.1658,58.3738
2010-11-27 06:00:00,Macquarie Island,61.3075,60.6776,59.3306
2010-11-27 07:00:00,Macquarie Island,54.8368,54.7520,58.9671
2010-11-27 08:00:00,Macquarie Island,54.6195,61.3075,59.4075
2010-11-27 09:00:00,Macquarie Island,55.0099,54.8368,59.0281
2010-11-27 10:00:00,Macquarie Island,59.7031,54.6195,59.7013
2010-11-27 11:00:00,Macquarie Island,66.3484,55.0099,60.3871
2010-11-27 12:00:00,Macquarie Island,56.1733,59.7031,60.3641
2010-11-27 13:00:00,Macquarie Island,51.1961,66.3484,59.1437
2010-11-27 14:00:00,Macquarie Island,54.5517,56.1733,58.5624
2010-11-27 15:00:00,Macquarie Island,62.2996,51.1961,58.2841
2010-11-27 16:00:00,Macquarie Island,59.9502,54.5517,60.8477
2010-11-27 17:00:00,Macquarie Island,60.2224,62.2996,63.3610
2010-11-27 18:00:00,Macquarie Island,61.8880,59.9502,63.3064
2010-11-27 19:00:00,Macquarie Island,58.1424,60.2224,63.2290
2010-11-27 20:00:00,Macquarie Island,60.9115,61.8880,60.7451
2010-11-27 21:00:00,Macquarie Island,55.7638,58.1424,59.6805
2010-11-27 22:00:00,Macquarie Island,62.8390,60.9115,57.6710
2010-11-27 23:00:00,Macquarie Island,57.7046,55.7638,56.8893
2010-11-28 00:00:00,Macquarie Island,59.3860,62.8390,56.7569
2010-11-28 01:00:00,Macquarie Island,50.6002,57.7046,56.4125
2010-11-28 02:00:00,Macquarie Island,61.2877,59.3860,56.6494
2010-11-28 03:00:00,Macquarie Island,50.2206,50.6002,57.0435
2010-11-28 04:00:00,Macquarie Island,61.2990,61.2877,58.4183
2010-11-28 05:00:00,Macquarie Island,59.9376,50.2206,57.9980
2010-11-28 06:00:00,Macquarie Island,54.6673,61.2990,59.1492
2010-11-28 07:00:00,Macquarie Island,60.9506,59.9376,59.0679
2010-11-28 08:00:00,Macquarie Island,68.2138,54.6673,58.9110
2010-11-28 09:00:00,Macquarie Island,63.4572,60.9506,59.5885
2010-11-28 10:00:00,Macquarie Island,57.6714,68.2138,60.2752
2010-11-28 11:00:00,Macquarie Island,65.9118,63.4572,60.5412
2010-11-28 12:00:00,Macquarie Island,69.1584,57.6714,60.7298
2010-11-28 13:00:00,Macquarie Island,61.4998,65.9118,59.5985
2010-11-28 14:00:00,Macquarie Island,51.7888,69.1584,59.9954
2010-11-28 15:00:00,Macquarie Island,52.5831,61.4998,60.0009
2010-11-28 16:00:00,Macquarie Island,59.7153,51.7888,60.8819
2010-11-28 17:00:00,Macquarie Island,56.3806,52.5831,63.0997
2010-11-28 18:00:00,Macquarie Island,66.5254,59.7153,63.4120
2010-11-28 19:00:00,Macquarie Island,65.2752,56.3806,63.8436
2010-11-28 20:00:00,Macquarie Island,69.3455,66.5254,61.9170
2010-11-28 21:00:00,Macquarie Island,54.4131,65.2752,60.4111
2010-11-28 22:00:00,Macquarie Island,55.4168,69.3455,58.7375
2010-11-28 23:00:00,Macquarie Island,58.1693,54.4131,57.4329
2010-11-29 00:00:00,Macquarie Island,50.2709,55.4168,57.3816
2010-11-29 01:00:00,Macquarie Island,52.8223,58.1693,56.4662
2010-11-29 02:00:00,Macquarie Island,61.4212,50.2709,56.3107
2010-11-29 03:00:00,Macquarie Island,52.3098,52.8223,56.9325
2010-11-29 04:00:00,Macquarie Island,54.4623,61.4212,58.3177
2010-11-29 05:00:00,Macquarie Island,62.0878,52.3098,57.5713
2010-11-29 06:00:00,Macquarie Island,52.9097,54.4623,59.0354
2010-11-29 07:00:00,Macquarie Island,56.6800,62.0878,59.1430
2010-11-29 08:00:00,Macquarie Island,55.1116,52.9097,58.8857
2010-11-29 09:00:00,Macquarie Island,59.6254,56.6800,59.2658
2010-11-29 10:00:00,Macquarie Island,63.5929,55.1116,59.9903
2010-11-29 11:00:00,Macquarie Island,59.9645,59.6254,60.8035
2010-11-29 12:00:00,Macquarie Island,53.3321,63.5929,60.5224
2010-11-29 13:00:00,Macquarie Island,53.5192,59.9645,59.7446
2010-11-29 14:00:00,Macquarie Island,64.9982,53.3321,58.5495
2010-11-29 15:00:00,Macquarie Island,58.2480,53.5192,58.6841
2010-11-29 16:00:00,Macquarie Island,61.0423,64.9982,60.9456
2010-11-29 17:00:00,Macquarie Island,67.4750,58.2480,63.5759
2010-11-29 18:00:00,Macquarie Island,66.0782,61.0423,64.5127
2010-11-29 19:00:00,Macquarie Island,59.2959,67.4750,63.6317
2010-11-29 20:00:00,Macquarie Island,62.7130,66.0782,60.8706
2010-11-29 21:00:00,Macquarie Island,54.0625,59.2959,59.4518
2010-11-29 22:00:00,Macquarie Island,55.7072,62.7130,57.8321
2010-11-29 23:00:00,Macquarie Island,53.8022,54.0625,56.2553
2010-11-30 00:00:00,Macquarie Island,56.8081,55.7072,56.3054
2010-11-30 01:00:00,Macquarie Island,56.3212,53.8022,56.1909
2010-11-30 02:00:00,Macquarie Island,62.4335,56.8081,56.3443
2010-11-30 03:00:00,Macquarie Island,63.0692,56.3212,57.0553
2010-11-30 04:00:00,Macquarie Island,68.0036,62.4335,58.7074
2010-11-30 05:00:00,Macquarie Island,66.2999,63.0692,58.7245
2010-11-30 06:00:00,Macquarie Island,54.0312,68.0036,60.0030
2010-11-30 07:00:00,Macquarie Island,55.1545,66.2999,59.2495
2010-11-30 08:00:00,Macquarie Island,48.5885,54.0312,59.2957
2010-11-30 09:00:00,Macquarie Island,61.8383,55.1545,58.7917
2010-11-30 10:00:00,Macquarie Island,54.4779,48.5885,59.9975
2010-11-30 11:00:00,Macquarie Island,59.6767,61.8383,60.6534
2010-11-30 12:00:00,Macquarie Island,57.9343,54.4779,59.9701
2010-11-30 13:00:00,Macquarie Island,57.7623,59.6767,58.9337
2010-11-30 14:00:00,Macquarie Island,66.1701,57.9343,58.5590
2010-11-30 15:00:00,Macquarie Island,55.8740,57.7623,59.1420
2010-11-30 16:00:00,Macquarie Island,69.3825,66.1701,60.9998
2010-11-30 17:00:00,Macquarie Island,59.3082,55.8740,65.3554
2010-11-30 18:00:00,Macquarie Island,56.5078,69.3825,63.8490
2010-11-30 19:00:00,Macquarie Island,64.1611,59.3082,63.1306
2010-11-30 20:00:00,Macquarie Island,65.4804,56.5078,60.7283
2010-11-30 21:00:00,Macquarie Island,56.6180,64.1611,59.5836
2010-11-30 22:00:00,Macquarie Island,58.3380,65.4804,58.1979
2010-11-30 23:00:00,Macquarie Island,46.0614,56.6180,56.3576
2010-12-01 00:00:00,Macquarie Island,53.7346,58.3380,56.4271
2010-12-01 01:00:00,Macquarie Island,58.0982,46.0614,56.3353
2010-12-01 02:00:00,Macquarie Island,48.2211,53.7346,56.3353
2010-12-01 03:00:00,Macquarie Island,51.7985,58.0982,56.5084
2010-12-01 04:00:00,Macquarie Island,62.6677,48.2211,57.8078
2010-12-01 05:00:00,Macquarie Island,48.6864,51.7985,58.4335
2010-12-01 06:00:00,Macquarie Island,51.2754,62.6677,58.7865
2010-12-01 07:00:00,Macquarie Island,51.7823,48.6864,57.9897
2010-12-01 08:00:00,Macquarie Island,51.2242,51.2754,57.9515
2010-12-01 09:00:00,Macquarie Island,59.6340,51.7823,58.0248
2010-12-01 10:00:00,Macquarie Island,54.6126,51.2242,59.9567
2010-12-01 11:00:00,Macquarie Island,65.7688,59.6340,59.6187
2010-12-01 12:00:00,Macquarie Island,51.1098,54.6126,60.8959
2010-12-01 13:00:00,Macquarie Island,55.4767,65.7688,58.7223
2010-12-01 14:00:00,Macquarie Island,53.9674,51.1098,58.2907
2010-12-01 15:00:00,Macquarie Island,52.9643,55.4767,58.5921
2010-12-01 16:00:00,Macquarie Island,52.3464,53.9674,59.9645
2010-12-01 17:00:00,Macquarie Island,52.4446,52.9643,60.7679
2010-12-01 18:00:00,Macquarie Island,66.0745,52.3464,60.9513
2010-12-01 19:00:00,Macquarie Island,60.1505,52.4446,61.3484
2010-12-01 20:00:00,Macquarie Island,56.9734,66.0745,58.2994
2010-12-01 21:00:00,Macquarie Island,53.8310,60.1505,56.3029
2010-12-01 22:00:00,Macquarie Island,58.9663,56.9734,54.8486
2010-12-01 23:00:00,Macquarie Island,51.0865,53.8310,53.8807
2010-12-02 00:00:00,Macquarie Island,49.7325,58.9663,53.9463
2010-12-02 01:00:00,Macquarie Island,45.9624,51.0865,53.8598
2010-12-02 02:00:00,Macquarie Island,52.9996,49.7325,53.1851
2010-12-02 03:00:00,Macquarie Island,46.9741,45.9624,53.8158
2010-12-02 04:00:00,Macquarie Island,55.0139,52.9996,54.3919
2010-12-02 05:00:00,Macquarie Island,52.0630,46.9741,54.8060
2010-12-02 06:00:00,Macquarie Island,52.2173,55.0139,56.0483
2010-12-02 07:00:00,Macquarie Island,51.1164,52.0630,55.4438
2010-12-02 08:00:00,Macquarie Island,58.3314,52.2173,55.0917
2010-12-02 09:00:00,Macquarie Island,57.7174,51.1164,55.9613
2010-12-02 10:00:00,Macquarie Island,49.9109,58.3314,57.1785
2010-12-02 11:00:00,Macquarie Island,56.7311,57.7174,57.0477
2010-12-02 12:00:00,Macquarie Island,57.8767,49.9109,57.1722
2010-12-02 13:00:00,Macquarie Island,60.2485,56.7311,55.7407
2010-12-02 14:00:00,Macquarie Island,55.0078,57.8767,55.8032
2010-12-02 15:00:00,Macquarie Island,52.2502,60.2485,55.7791
2010-12-02 16:00:00,Macquarie Island,63.7203,55.0078,58.0448
2010-12-02 17:00:00,Macquarie Island,61.6863,52.2502,61.3251
2010-12-02 18:00:00,Macquarie Island,55.1552,63.7203,61.5607
2010-12-02 19:00:00,Macquarie Island,55.5142,61.6863,60.8731
2010-12-02 20:00:00,Macquarie Island,58.3510,55.1552,57.9280
2010-12-02 21:00:00,Macquarie Island,59.9794,55.5142,55.6961
2010-12-02 22:00:00,Macquarie Island,57.3666,58.3510,55.9433
2010-12-02 23:00:00,Macquarie Island,47.5160,59.9794,54.0460
2010-12-03 00:00:00,Macquarie Island,55.7035,57.3666,53.6850
2010-12-03 01:00:00,Macquarie Island,54.8148,47.5160,53.7902
2010-12-03 02:00:00,Macquarie Island,54.2718,55.7035,54.0339
2010-12-03 03:00:00,Macquarie Island,54.4325,54.8148,54.0606
2010-12-03 04:00:00,Macquarie Island,50.5537,54.2718,55.0749
2010-12-03 05:00:00,Macquarie Island,53.7930,54.4325,54.7876
2010-12-03 06:00:00,Macquarie Island,56.5347,50.5537,55.7848
2010-12-03 07:00:00,Macquarie Island,57.5214,53.7930,57.5386
2010-12-03 08:00:00,Macquarie Island,52.4869,56.5347,57.4645
2010-12-03 09:00:00,Macquarie Island,62.3545,57.5214,57.7818
2010-12-03 10:00:00,Macquarie Island,48.7398,52.4869,59.0385
2010-12-03 11:00:00,Macquarie Island,54.8089,62.3545,59.4329
2010-12-03 12:00:00,Macquarie Island,53.5683,48.7398,59.1115
2010-12-03 13:00:00,Macquarie Island,51.7818,54.8089,56.2200
2010-12-03 14:00:00,Macquarie Island,51.1417,53.5683,55.2099
2010-12-03 15:00:00,Macquarie Island,51.9652,51.7818,55.5499
2010-12-03 16:00:00,Macquarie Island,50.4887,51.1417,57.8428
2010-12-03 17:00:00,Macquarie Island,53.9511,51.9652,59.9779
2010-12-03 18:00:00,Macquarie Island,58.9246,50.4887,59.9631
2010-12-03 19:00:00,Macquarie Island,50.4754,53.9511,59.9623
2010-12-03 20:00:00,Macquarie Island,53.8646,58.9246,57.2424
2010-12-03 21:00:00,Macquarie Island,55.8530,50.4754,55.1234
2010-12-03 22:00:00,Macquarie Island,49.7644,53.8646,54.3979
2010-12-03 23:00:00,Macquarie Island,50.3219,55.8530,53.2881
2010-12-04 00:00:00,Macquarie Island,44.9797,49.7644,53.3624
2010-12-04 01:00:00,Macquarie Island,41.4560,50.3219,52.9059
2010-12-04 02:00:00,Macquarie Island,53.5393,44.9797,53.0849
2010-12-04 03:00:00,Macquarie Island,55.4369,41.4560,53.7076
2010-12-04 04:00:00,Macquarie Island,48.6106,53.5393,54.8332
2010-12-04 05:00:00,Macquarie Island,51.6643,55.4369,54.5517
2010-12-04 06:00:00,Macquarie Island,50.6796,48.6106,55.6186
2010-12-04 07:00:00,Macquarie Island,52.4194,51.6643,55.2123
2010-12-04 08:00:00,Macquarie Island,52.7039,50.6796,55.0579
2010-12-04 09:00:00,Macquarie Island,58.3803,52.4194,55.3458
2010-12-04 10:00:00,Macquarie Island,60.1350,52.7039,56.4909
2010-12-04 11:00:00,Macquarie Island,54.4545,58.3803,57.1148
2010-12-04 12:00:00,Macquarie Island,52.0752,60.1350,57.1312
2010-12-04 13:00:00,Macquarie Island,52.7296,54.4545,55.9789
2010-12-04 14:00:00,Macquarie Island,52.1598,52.0752,55.7069
2010-12-04 15:00:00,Macquarie Island,50.4336,52.7296,55.1130
2010-12-04 16:00:00,Macquarie Island,56.5818,52.1598,57.8304
2010-12-04 17:00:00,Macquarie Island,54.1442,50.4336,59.4167
2010-12-04 18:00:00,Macquarie Island,61.6138,56.5818,60.0464
2010-12-04 19:00:00,Macquarie Island,63.7956,54.1442,59.7954
2010-12-04 20:00:00,Macquarie Island,48.5155,61.6138,58.0224
2010-12-04 21:00:00,Macquarie Island,48.6901,63.7956,55.9380
2010-12-04 22:00:00,Macquarie Island,50.7289,48.5155,54.4851
2010-12-04 23:00:00,Macquarie Island,44.8206,48.6901,53.4876
2010-12-05 00:00:00,Macquarie Island,51.8946,50.7289,53.1555
2010-12-05 01:00:00,Macquarie Island,51.9065,44.8206,53.3033
2010-12-05 02:00:00,Macquarie Island,49.4936,51.8946,53.1835
2010-12-05 03:00:00,Macquarie Island,52.6795,51.9065,53.4999
2010-12-05 04:00:00,Macquarie Island,50.2407,49.4936,54.5346
2010-12-05 05:00:00,Macquarie Island,53.7589,52.6795,54.7885
2010-12-05 06:00:00,Macquarie Island,49.7432,50.2407,55.6552
2010-12-05 07:00:00,Macquarie Island,56.0212,53.7589,55.3890
2010-12-05 08:00:00,Macquarie Island,54.3348,49.7432,55.2492
2010-12-05 09:00:00,Macquarie Island,56.1968,56.0212,56.2589
2010-12-05 10:00:00,Macquarie Island,55.4017,54.3348,56.4983
2010-12-05 11:00:00,Macquarie Island,51.4852,56.1968,56.6614
2010-12-05 12:00:00,Macquarie Island,54.5587,55.4017,57.1487
2010-12-05 13:00:00,Macquarie Island,56.4368,51.4852,56.3793
2010-12-05 14:00:00,Macquarie Island,52.7237,54.5587,55.3059
2010-12-05 15:00:00,Macquarie Island,62.6128,56.4368,55.3757
2010-12-05 16:00:00,Macquarie Island,47.6055,52.7237,57.9945
2010-12-05 17:00:00,Macquarie Island,54.0195,62.6128,59.2139
2010-12-05 18:00:00,Macquarie Island,61.2956,47.6055,59.9092
2010-12-05 19:00:00,Macquarie Island,61.4040,54.0195,60.4537
2010-12-05 20:00:00,Macquarie Island,56.6618,61.2956,58.2220
2010-12-05 21:00:00,Macquarie Island,48.5129,61.4040,56.8072
2010-12-05 22:00:00,Macquarie Island,59.5421,56.6618,54.5293
2010-12-05 23:00:00,Macquarie Island,51.1806,48.5129,53.5993
2010-12-06 00:00:00,Macquarie Island,52.9683,59.5421,53.9201
2010-12-06 01:00:00,Macquarie Island,47.0816,51.1806,53.5359
2010-12-06 02:00:00,Macquarie Island,50.3452,52.9683,53.2552
2010-12-06 03:00:00,Macquarie Island,47.2738,47.0816,53.8137
2010-12-06 04:00:00,Macquarie Island,55.2515,50.3452,54.5007
2010-12-06 05:00:00,Macquarie Island,56.9234,47.2738,54.6564
2010-12-06 06:00:00,Macquarie Island,50.9346,55.2515,55.7370
2010-12-06 07:00:00,Macquarie Island,56.9122,56.9234,55.2642
2010-12-06 08:00:00,Macquarie Island,53.0074,50.9346,55.0378
2010-12-06 09:00:00,Macquarie Island,64.2320,56.9122,55.3568
2010-12-06 10:00:00,Macquarie Island,50.3067,53.0074,57.4411
2010-12-06 11:00:00,Macquarie Island,54.3443,64.2320,57.7657
2010-12-06 12:00:00,Macquarie Island,48.6612,50.3067,56.4578
2010-12-06 13:00:00,Macquarie Island,53.1302,54.3443,55.0492
2010-12-06 14:00:00,Macquarie Island,48.4178,48.6612,55.0609
2010-12-06 15:00:00,Macquarie Island,45.0046,53.1302,55.5651
2010-12-06 16:00:00,Macquarie Island,54.3167,48.4178,57.7138
2010-12-06 17:00:00,Macquarie Island,56.7496,45.0046,59.5424
2010-12-06 18:00:00,Macquarie Island,54.6470,54.3167,60.4309
2010-12-06 19:00:00,Macquarie Island,53.8682,56.7496,59.8863
2010-12-06 20:00:00,Macquarie Island,59.8256,54.6470,57.1224
2010-12-06 21:00:00,Macquarie Island,63.6917,53.8682,55.7485
2010-12-06 22:00:00,Macquarie Island,56.9372,59.8256,55.4203
2010-12-06 23:00:00,Macquarie Island,47.7087,63.6917,53.5467
2010-12-07 00:00:00,Macquarie Island,48.7118,56.9372,53.5027
2010-12-07 01:00:00,Macquarie Island,46.9826,47.7087,53.4101
2010-12-07 02:00:00,Macquarie Island,52.0873,48.7118,53.1970
2010-12-07 03:00:00,Macquarie Island,57.3242,46.9826,54.1129
2010-12-07 04:00:00,Macquarie Island,47.1983,52.0873,55.1028
2010-12-07 05:00:00,Macquarie Island,50.9728,57.3242,55.1971
2010-12-07 06:00:00,Macquarie Island,56.8367,47.1983,55.9909
2010-12-07 07:00:00,Macquarie Island,52.5175,50.9728,55.2935
2010-12-07 08:00:00,Macquarie Island,55.8047,56.8367,55.0286
2010-12-07 09:00:00,Macquarie Island,52.6366,52.5175,55.3458
2010-12-07 10:00:00,Macquarie Island,52.4086,55.8047,56.7382
2010-12-07 11:00:00,Macquarie Island,54.0695,52.6366,56.6663
2010-12-07 12:00:00,Macquarie Island,48.5280,52.4086,56.4845
2010-12-07 13:00:00,Macquarie Island,57.7552,54.0695,55.3303
2010-12-07 14:00:00,Macquarie Island,52.7327,48.5280,55.0903
2010-12-07 15:00:00,Macquarie Island,51.2240,57.7552,56.0393
2010-12-07 16:00:00,Macquarie Island,52.5866,52.7327,57.3932
2010-12-07 17:00:00,Macquarie Island,62.9092,51.2240,60.1475
2010-12-07 18:00:00,Macquarie Island,61.8853,52.5866,60.8154
2010-12-07 19:00:00,Macquarie Island,53.4514,62.9092,59.8772
2010-12-07 20:00:00,Macquarie Island,57.3426,61.8853,58.0541
2010-12-07 21:00:00,Macquarie Island,48.6624,53.4514,56.2781
2010-12-07 22:00:00,Macquarie Island,50.7510,57.3426,54.7385
2010-12-07 23:00:00,Macquarie Island,53.8075,48.6624,53.4393
2010-12-08 00:00:00,Macquarie Island,51.1921,50.7510,53.3563
2010-12-08 01:00:00,Macquarie Island,50.0356,53.8075,53.2078
2010-12-08 02:00:00,Macquarie Island,54.2148,51.1921,53.4220
2010-12-08 03:00:00,Macquarie Island,51.2621,50.0356,53.8274
2010-12-08 04:00:00,Macquarie Island,62.0013,54.2148,54.4933
2010-12-08 05:00:00,Macquarie Island,46.5988,51.2621,55.0989
2010-12-08 06:00:00,Macquarie Island,54.7373,62.0013,55.5777
2010-12-08 07:00:00,Macquarie Island,49.2604,46.5988,55.2050
2010-12-08 08:00:00,Macquarie Island,53.4203,54.7373,54.9996
2010-12-08 09:00:00,Macquarie Island,51.0015,49.2604,55.2573
2010-12-08 10:00:00,Macquarie Island,62.4277,53.4203,56.4340
2010-12-08 11:00:00,Macquarie Island,60.7246,51.0015,56.9334
2010-12-08 12:00:00,Macquarie Island,51.9099,62.4277,57.5868
2010-12-08 13:00:00,Macquarie Island,52.5489,60.7246,55.5476
2010-12-08 14:00:00,Macquarie Island,48.5730,51.9099,55.3785
2010-12-08 15:00:00,Macquarie Island,61.1170,52.5489,55.0960
2010-12-08 16:00:00,Macquarie Island,52.1101,48.5730,57.9286
2010-12-08 17:00:00,Macquarie Island,55.3539,61.1170,59.7365
2010-12-08 18:00:00,Macquarie Island,60.5983,52.1101,59.7979
2010-12-08 19:00:00,Macquarie Island,52.6736,55.3539,60.2926
2010-12-08 20:00:00,Macquarie Island,57.9761,60.5983,57.8815
2010-12-08 21:00:00,Macquarie Island,53.5272,52.6736,55.6271
2010-12-08 22:00:00,Macquarie Island,47.6110,57.9761,54.7714
2010-12-08 23:00:00,Macquarie Island,51.7961,53.5272,53.3112
2010-12-09 00:00:00,Macquarie Island,44.6570,47.6110,53.4452
2010-12-09 01:00:00,Macquarie Island,46.4224,51.7961,53.2030
2010-12-09 02:00:00,Macquarie Island,54.2981,44.6570,53.1142
2010-12-09 03:00:00,Macquarie Island,60.0828,46.4224,53.7185
2010-12-09 04:00:00,Macquarie Island,51.5115,54.2981,54.8917
2010-12-09 05:00:00,Macquarie Island,49.9503,60.0828,55.0712
2010-12-09 06:00:00,Macquarie Island,53.2528,51.5115,55.6186
2010-12-09 07:00:00,Macquarie Island,50.6929,49.9503,55.1757
2010-12-09 08:00:00,Macquarie Island,54.9926,53.2528,55.2369
2010-12-09 09:00:00,Macquarie Island,60.1116,50.6929,55.4656
2010-12-09 10:00:00,Macquarie Island,55.0902,54.9926,56.5218
2010-12-09 11:00:00,Macquarie Island,49.0570,60.1116,57.0332
2010-12-09 12:00:00,Macquarie Island,48.4286,55.0902,56.2551
2010-12-09 13:00:00,Macquarie Island,59.0439,49.0570,55.4732
2010-12-09 14:00:00,Macquarie Island,57.3307,48.4286,55.1860
2010-12-09 15:00:00,Macquarie Island,55.4033,59.0439,55.5072
2010-12-09 16:00:00,Macquarie Island,53.3626,57.3307,57.3976
2010-12-09 17:00:00,Macquarie Island,59.6853,55.4033,59.9370
2010-12-09 18:00:00,Macquarie Island,57.3094,53.3626,60.2862
2010-12-09 19:00:00,Macquarie Island,59.7416,59.6853,59.8715
2010-12-09 20:00:00,Macquarie Island,55.0230,57.3094,57.8326
2010-12-09 21:00:00,Macquarie Island,52.3613,59.7416,55.8756
2010-12-09 22:00:00,Macquarie Island,52.4195,55.0230,54.7148
2010-12-09 23:00:00,Macquarie Island,47.0543,52.3613,53.5510
2010-12-10 00:00:00,Macquarie Island,48.5064,52.4195,53.2858
2010-12-10 01:00:00,Macquarie Island,49.0385,47.0543,53.2030
2010-12-10 02:00:00,Macquarie Island,55.3170,48.5064,53.3229
2010-12-10 03:00:00,Macquarie Island,51.5945,49.0385,53.7076
2010-12-10 04:00:00,Macquarie Island,55.6756,55.3170,54.6064
2010-12-10 05:00:00,Macquarie Island,54.3869,51.5945,54.6673
2010-12-10 06:00:00,Macquarie Island,55.5478,55.6756,55.6948
2010-12-10 07:00:00,Macquarie Island,55.2398,54.3869,55.4494
2010-12-10 08:00:00,Macquarie Island,56.9828,55.5478,55.2636
2010-12-10 09:00:00,Macquarie Island,50.9061,55.2398,55.4014
2010-12-10 10:00:00,Macquarie Island,52.7294,56.9828,56.6908
2010-12-10 11:00:00,Macquarie Island,51.5181,50.9061,56.6140
2010-12-10 12:00:00,Macquarie Island,56.9000,52.7294,56.5136
2010-12-10 13:00:00,Macquarie Island,57.9012,51.5181,55.0922
2010-12-10 14:00:00,Macquarie Island,55.1692,56.9000,54.9501
2010-12-10 15:00:00,Macquarie Island,49.0425,57.9012,55.1790
2010-12-10 16:00:00,Macquarie Island,54.6699,55.1692,57.2034
2010-12-10 17:00:00,Macquarie Island,54.5566,49.0425,59.6184
2010-12-10 18:00:00,Macquarie Island,56.9036,54.6699,59.8681
2010-12-10 19:00:00,Macquarie Island,58.0431,54.5566,59.3047
2010-12-10 20:00:00,Macquarie Island,51.8545,56.9036,57.1586
2010-12-10 21:00:00,Macquarie Island,57.0366,58.0431,55.4108
2010-12-10 22:00:00,Macquarie Island,52.7065,51.8545,54.7235
2010-12-10 23:00:00,Macquarie Island,57.8961,57.0366,53.5897
2010-12-11 00:00:00,Macquarie Island,52.7476,52.7065,53.7373
2010-12-11 01:00:00,Macquarie Island,47.3755,57.8961,53.6815
2010-12-11 02:00:00,Macquarie Island,49.1655,52.7476,53.2803
2010-12-11 03:00:00,Macquarie Island,49.6902,47.3755,53.2326
2010-12-11 04:00:00,Macquarie Island,55.3646,49.1655,54.7728
2010-12-11 05:00:00,Macquarie Island,46.2003,49.6902,54.4590
2010-12-11 06:00:00,Macquarie Island,54.2194,55.3646,55.2724
2010-12-11 07:00:00,Macquarie Island,50.8768,46.2003,55.0852
2010-12-11 08:00:00,Macquarie Island,48.7868,54.2194,55.0286
2010-12-11 09:00:00,Macquarie Island,61.5024,50.8768,55.0200
2010-12-11 10:00:00,Macquarie Island,51.4315,48.7868,56.5447
2010-12-11 11:00:00,Macquarie Island,50.6221,61.5024,56.9175
2010-12-11 12:00:00,Macquarie Island,57.9613,51.4315,56.4118
2010-12-11 13:00:00,Macquarie Island,49.4463,50.6221,55.2968
2010-12-11 14:00:00,Macquarie Island,44.9731,57.9613,54.9815
2010-12-11 15:00:00,Macquarie Island,52.9343,49.4463,54.7087
2010-12-11 16:00:00,Macquarie Island,49.1383,44.9731,57.3932
2010-12-11 17:00:00,Macquarie Island,58.3575,52.9343,59.1973
2010-12-11 18:00:00,Macquarie Island,66.7200,49.1383,59.5601
2010-12-11 19:00:00,Macquarie Island,53.1890,58.3575,60.5092
2010-12-11 20:00:00,Macquarie Island,54.9279,66.7200,57.8566
2010-12-11 21:00:00,Macquarie Island,59.7169,53.1890,55.6390
2010-12-11 22:00:00,Macquarie Island,53.1973,54.9279,54.5500
2010-12-11 23:00:00,Macquarie Island,47.0808,59.7169,53.9658
2010-12-12 00:00:00,Macquarie Island,47.5316,53.1973,53.2700
2010-12-12 01:00:00,Macquarie Island,58.1126,47.0808,53.3987
2010-12-12 02:00:00,Macquarie Island,48.4628,47.5316,53.1835
2010-12-12 03:00:00,Macquarie Island,54.0151,58.1126,53.6679
2010-12-12 04:00:00,Macquarie Island,44.7292,48.4628,54.6772
2010-12-12 05:00:00,Macquarie Island,50.5787,54.0151,54.1863
2010-12-12 06:00:00,Macquarie Island,54.7616,44.7292,55.5281
2010-12-12 07:00:00,Macquarie Island,54.6382,50.5787,55.3890
2010-12-12 08:00:00,Macquarie Island,46.5377,54.7616,55.2419
2010-12-12 09:00:00,Macquarie Island,61.9528,54.6382,55.1990
2010-12-12 10:00:00,Macquarie Island,49.5659,46.5377,56.5571
2010-12-12 11:00:00,Macquarie Island,55.6613,61.9528,56.8809
2010-12-12 12:00:00,Macquarie Island,54.5241,49.5659,56.4772
2010-12-12 13:00:00,Macquarie Island,46.7540,55.6613,55.1901
2010-12-12 14:00:00,Macquarie Island,59.2549,54.5241,54.9385
2010-12-12 15:00:00,Macquarie Island,53.8230,46.7540,55.2559
2010-12-12 16:00:00,Macquarie Island,51.4860,59.2549,57.8849
2010-12-12 17:00:00,Macquarie Island,61.5568,53.8230,59.5250
2010-12-12 18:00:00,Macquarie Island,66.9613,51.4860,60.4473
2010-12-12 19:00:00,Macquarie Island,52.9111,61.5568,60.9322
2010-12-12 20:00:00,Macquarie Island,51.8923,66.9613,58.1134
2010-12-12 21:00:00,Macquarie Island,49.4035,52.9111,55.6271
2010-12-12 22:00:00,Macquarie Island,52.0177,51.8923,54.4336
2010-12-12 23:00:00,Macquarie Island,51.4651,49.4035,53.5050
2010-12-13 00:00:00,Macquarie Island,60.3763,52.0177,53.3563
2010-12-13 01:00:00,Macquarie Island,51.6280,51.4651,53.6946
2010-12-13 02:00:00,Macquarie Island,46.3804,60.3763,53.3368
2010-12-13 03:00:00,Macquarie Island,51.2998,51.6280,53.5607
2010-12-13 04:00:00,Macquarie Island,51.4723,46.3804,54.7966
2010-12-13 05:00:00,Macquarie Island,53.0602,51.2998,54.7762
2010-12-13 06:00:00,Macquarie Island,48.8326,51.4723,55.5281
2010-12-13 07:00:00,Macquarie Island,52.4408,53.0602,54.9384
2010-12-13 08:00:00,Macquarie Island,56.2562,48.8326,55.0579
2010-12-13 09:00:00,Macquarie Island,53.6111,52.4408,55.4949
2010-12-13 10:00:00,Macquarie Island,62.6900,56.2562,57.0569
2010-12-13 11:00:00,Macquarie Island,54.4596,53.6111,57.3906
2010-12-13 12:00:00,Macquarie Island,53.1572,62.6900,56.4432
2010-12-13 13:00:00,Macquarie Island,49.7624,54.4596,55.6395
2010-12-13 14:00:00,Macquarie Island,56.3748,53.1572,55.1264
2010-12-13 15:00:00,Macquarie Island,53.4088,49.7624,55.6524
2010-12-13 16:00:00,Macquarie Island,57.8898,56.3748,57.5715
2010-12-13 17:00:00,Macquarie Island,57.7664,53.4088,59.5250
2010-12-13 18:00:00,Macquarie Island,63.9247,57.8898,59.6742
2010-12-13 19:00:00,Macquarie Island,60.7436,57.7664,60.6937
2010-12-13 20:00:00,Macquarie Island,59.1949,63.9247,58.0812
2010-12-13 21:00:00,Macquarie Island,53.8464,60.7436,56.2038
2010-12-13 22:00:00,Macquarie Island,52.5677,59.1949,55.2249
2010-12-13 23:00:00,Macquarie Island,45.8451,53.8464,53.6042
2010-12-14 00:00:00,Macquarie Island,49.0941,52.5677,53.4833
2010-12-14 01:00:00,Macquarie Island,49.0842,45.8451,53.2386
2010-12-14 02:00:00,Macquarie Island,48.4877,49.0941,53.2030
2010-12-14 03:00:00,Macquarie Island,50.3501,49.0842,53.5607
2010-12-14 04:00:00,Macquarie Island,51.0773,48.4877,54.7673
2010-12-14 05:00:00,Macquarie Island,49.6889,50.3501,54.6564
2010-12-14 06:00:00,Macquarie Island,53.6000,51.0773,55.6186
2010-12-14 07:00:00,Macquarie Island,52.0088,49.6889,55.2642
2010-12-14 08:00:00,Macquarie Island,58.7582,53.6000,55.2662
2010-12-14 09:00:00,Macquarie Island,46.3294,52.0088,55.1375
2010-12-14 10:00:00,Macquarie Island,58.5636,58.7582,56.3771
2010-12-14 11:00:00,Macquarie Island,53.6980,46.3294,56.9024
2010-12-14 12:00:00,Macquarie Island,48.3213,58.5636,56.5794
2010-12-14 13:00:00,Macquarie Island,55.3961,53.6980,55.2105
2010-12-14 14:00:00,Macquarie Island,54.6624,48.3213,54.9997
2010-12-14 15:00:00,Macquarie Island,50.0823,55.3961,55.0114
2010-12-14 16:00:00,Macquarie Island,57.1566,54.6624,57.4697
2010-12-14 17:00:00,Macquarie Island,54.3238,50.0823,59.3606
2010-12-14 18:00:00,Macquarie Island,59.9039,57.1566,60.2554
2010-12-14 19:00:00,Macquarie Island,60.8761,54.3238,59.9513
2010-12-14 20:00:00,Macquarie Island,50.4114,59.9039,57.8007
2010-12-14 21:00:00,Macquarie Island,53.9500,60.8761,55.8003
2010-12-14 22:00:00,Macquarie Island,59.0594,50.4114,54.6672
2010-12-14 23:00:00,Macquarie Island,52.9903,53.9500,53.6476
2010-12-15 00:00:00,Macquarie Island,48.8692,59.0594,53.6621
2010-12-15 01:00:00,Macquarie Island,46.0539,52.9903,53.3168
2010-12-15 02:00:00,Macquarie Island,55.6130,48.8692,53.1252
2010-12-15 03:00:00,Macquarie Island,51.0345,46.0539,53.8274
2010-12-15 04:00:00,Macquarie Island,53.6644,55.6130,54.7673
2010-12-15 05:00:00,Macquarie Island,48.0939,51.0345,54.8543
2010-12-15 06:00:00,Macquarie Island,60.6061,53.6644,55.2321
2010-12-15 07:00:00,Macquarie Island,50.8780,48.0939,55.4179
2010-12-15 08:00:00,Macquarie Island,52.6865,60.6061,55.4197
2010-12-15 09:00:00,Macquarie Island,56.9927,50.8780,55.2573
2010-12-15 10:00:00,Macquarie Island,56.5765,52.6865,56.3137
2010-12-15 11:00:00,Macquarie Island,57.9550,56.9927,57.0321
2010-12-15 12:00:00,Macquarie Island,54.1069,56.5765,57.1196
2010-12-15 13:00:00,Macquarie Island,50.7840,57.9550,55.4755
2010-12-15 14:00:00,Macquarie Island,52.1080,54.1069,55.0609
2010-12-15 15:00:00,Macquarie Island,57.1063,50.7840,55.1674
2010-12-15 16:00:00,Macquarie Island,59.6820,52.1080,57.3453
2010-12-15 17:00:00,Macquarie Island,55.3713,57.1063,60.0433
2010-12-15 18:00:00,Macquarie Island,54.9082,59.6820,60.1639
2010-12-15 19:00:00,Macquarie Island,56.5433,55.3713,59.2159
2010-12-15 20:00:00,Macquarie Island,58.1179,54.9082,57.6848
2010-12-15 21:00:00,Macquarie Island,58.7324,56.5433,55.4628
2010-12-15 22:00:00,Macquarie Island,50.3314,58.1179,54.8682
2010-12-15 23:00:00,Macquarie Island,52.6475,58.7324,53.7118
2010-12-16 00:00:00,Macquarie Island,52.6476,50.3314,53.5906
2010-12-16 01:00:00,Macquarie Island,50.2329,52.6475,53.5500
2010-12-16 02:00:00,Macquarie Island,47.0409,52.6476,53.3874
2010-12-16 03:00:00,Macquarie Island,48.8317,50.2329,53.2435
2010-12-16 04:00:00,Macquarie Island,49.7117,47.0409,54.5373
2010-12-16 05:00:00,Macquarie Island,56.0132,48.8317,54.7762
2010-12-16 06:00:00,Macquarie Island,52.9556,49.7117,55.4988
2010-12-16 07:00:00,Macquarie Island,53.7242,56.0132,55.2232
2010-12-16 08:00:00,Macquarie Island,55.5115,52.9556,55.2662
2010-12-16 09:00:00,Macquarie Island,57.0874,53.7242,55.3568
2010-12-16 10:00:00,Macquarie Island,56.9675,55.5115,56.2618
2010-12-16 11:00:00,Macquarie Island,53.1500,57.0874,57.0927
2010-12-16 12:00:00,Macquarie Island,53.3100,56.9675,56.2689
2010-12-16 13:00:00,Macquarie Island,61.3628,53.1500,55.2785
2010-12-16 14:00:00,Macquarie Island,54.6678,53.3100,55.5383
2010-12-16 15:00:00,Macquarie Island,51.8879,61.3628,55.8974
2010-12-16 16:00:00,Macquarie Island,53.6406,54.6678,57.8885
2010-12-16 17:00:00,Macquarie Island,58.1247,51.8879,59.4894
2010-12-16 18:00:00,Macquarie Island,50.5234,53.6406,60.1912
2010-12-16 19:00:00,Macquarie Island,59.3294,58.1247,59.5885
2010-12-16 20:00:00,Macquarie Island,56.6492,50.5234,57.0886
2010-12-16 21:00:00,Macquarie Island,54.9022,59.3294,55.3843
2010-12-16 22:00:00,Macquarie Island,48.5648,56.6492,54.4559
2010-12-16 23:00:00,Macquarie Island,50.6501,54.9022,53.3002
2010-12-17 00:00:00,Macquarie Island,54.7123,48.5648,53.3624
2010-12-17 01:00:00,Macquarie Island,51.8150,50.6501,53.3794
2010-12-17 02:00:00,Macquarie Island,49.0533,54.7123,53.3076
2010-12-17 03:00:00,Macquarie Island,56.3653,51.8150,53.4409
2010-12-17 04:00:00,Macquarie Island,53.5506,49.0533,54.7673
2010-12-17 05:00:00,Macquarie Island,52.8673,56.3653,54.6428
2010-12-17 06:00:00,Macquarie Island,59.2829,53.5506,55.5321
2010-12-17 07:00:00,Macquarie Island,59.0740,52.8673,55.2934
2010-12-17 08:00:00,Macquarie Island,51.7212,59.2829,55.7869
2010-12-17 09:00:00,Macquarie Island,54.8027,59.0740,56.1701
2010-12-17 10:00:00,Macquarie Island,48.6969,51.7212,56.7241
2010-12-17 11:00:00,Macquarie Island,60.9287,54.8027,56.6113
2010-12-17 12:00:00,Macquarie Island,56.1303,48.6969,56.9097
2010-12-17 13:00:00,Macquarie Island,54.6068,60.9287,55.7575
2010-12-17 14:00:00,Macquarie Island,55.0180,56.1303,55.1642
2010-12-17 15:00:00,Macquarie Island,59.6211,54.6068,55.6370
2010-12-17 16:00:00,Macquarie Island,51.2854,55.0180,57.9788
2010-12-17 17:00:00,Macquarie Island,51.7785,59.6211,60.2320
2010-12-17 18:00:00,Macquarie Island,59.0478,51.2854,60.1002
2010-12-17 19:00:00,Macquarie Island,67.4494,51.7785,59.8075
2010-12-17 20:00:00,Macquarie Island,56.2927,59.0478,58.0740
2010-12-17 21:00:00,Macquarie Island,55.0232,67.4494,55.8939
2010-12-17 22:00:00,Macquarie Island,54.8417,56.2927,54.8528
2010-12-17 23:00:00,Macquarie Island,45.1349,55.0232,53.8208
2010-12-18 00:00:00,Macquarie Island,49.2648,54.8417,53.6966
2010-12-18 01:00:00,Macquarie Island,51.1326,45.1349,53.4603
2010-12-18 02:00:00,Macquarie Island,50.0549,49.2648,53.6628
2010-12-18 03:00:00,Macquarie Island,47.3379,51.1326,53.7912
2010-12-18 04:00:00,Macquarie Island,53.3011,50.0549,54.3673
2010-12-18 05:00:00,Macquarie Island,50.1890,47.3379,54.6428
2010-12-18 06:00:00,Macquarie Island,58.7903,53.3011,55.4852
2010-12-18 07:00:00,Macquarie Island,47.4764,50.1890,55.2981
2010-12-18 08:00:00,Macquarie Island,54.1319,58.7903,54.8570
2010-12-18 09:00:00,Macquarie Island,52.4468,47.4764,55.4656
2010-12-18 10:00:00,Macquarie Island,58.3894,54.1319,56.2030
2010-12-18 11:00:00,Macquarie Island,56.8761,52.4468,56.7024
2010-12-18 12:00:00,Macquarie Island,57.4252,58.3894,56.4478
2010-12-18 13:00:00,Macquarie Island,55.7428,56.8761,55.2424
2010-12-18 14:00:00,Macquarie Island,52.5119,57.4252,55.6529
2010-12-18 15:00:00,Macquarie Island,51.6952,55.7428,55.6169
2010-12-18 16:00:00,Macquarie Island,56.8555,52.5119,57.9143
2010-12-18 17:00:00,Macquarie Island,59.4079,51.6952,59.8428
2010-12-18 18:00:00,Macquarie Island,57.5286,56.8555,60.6450
2010-12-18 19:00:00,Macquarie Island,58.5541,59.4079,60.3124
2010-12-18 20:00:00,Macquarie Island,54.0099,57.5286,57.7265
2010-12-18 21:00:00,Macquarie Island,54.8497,58.5541,55.6497
2010-12-18 22:00:00,Macquarie Island,65.4908,54.0099,54.4955
2010-12-18 23:00:00,Macquarie Island,50.4467,54.8497,54.7696
2010-12-19 00:00:00,Macquarie Island,52.7182,65.4908,53.8011
2010-12-19 01:00:00,Macquarie Island,49.8275,50.4467,53.7696
2010-12-19 02:00:00,Macquarie Island,51.9526,52.7182,53.4324
2010-12-19 03:00:00,Macquarie Island,54.2620,49.8275,53.8496
2010-12-19 04:00:00,Macquarie Island,45.6549,51.9526,54.7539
2010-12-19 05:00:00,Macquarie Island,54.7236,54.2620,54.3461
2010-12-19 06:00:00,Macquarie Island,57.8623,45.6549,55.4626
2010-12-19 07:00:00,Macquarie Island,51.3188,54.7236,55.3234
2010-12-19 08:00:00,Macquarie Island,56.1757,57.8623,55.3568
2010-12-19 09:00:00,Macquarie Island,54.5582,51.3188,55.5011
2010-12-19 10:00:00,Macquarie Island,52.5702,56.1757,56.6316
2010-12-19 11:00:00,Macquarie Island,57.4405,54.5582,56.7649
2010-12-19 12:00:00,Macquarie Island,54.4137,52.5702,56.4855
2010-12-19 13:00:00,Macquarie Island,52.6758,57.4405,55.3907
2010-12-19 14:00:00,Macquarie Island,54.3580,54.4137,55.1280
2010-12-19 15:00:00,Macquarie Island,61.6761,52.6758,55.2345
2010-12-19 16:00:00,Macquarie Island,54.1061,54.3580,58.0600
2010-12-19 17:00:00,Macquarie Island,52.9158,61.6761,60.3064
2010-12-19 18:00:00,Macquarie Island,56.4012,54.1061,60.7803
2010-12-19 19:00:00,Macquarie Island,58.9403,52.9158,60.3397
2010-12-19 20:00:00,Macquarie Island,55.3619,56.4012,57.8193
2010-12-19 21:00:00,Macquarie Island,58.3376,58.9403,55.7059
2010-12-19 22:00:00,Macquarie Island,45.2329,55.3619,54.6168
2010-12-19 23:00:00,Macquarie Island,51.1324,58.3376,53.7251
2010-12-20 00:00:00,Macquarie Island,50.1969,45.2329,53.5044
2010-12-20 01:00:00,Macquarie Island,47.1869,51.1324,53.3937
2010-12-20 02:00:00,Macquarie Island,55.2229,50.1969,53.3229
2010-12-20 03:00:00,Macquarie Island,51.3363,47.1869,53.8274
2010-12-20 04:00:00,Macquarie Island,51.1845,55.2229,54.8265
2010-12-20 05:00:00,Macquarie Island,49.9695,51.3363,54.8055
2010-12-20 06:00:00,Macquarie Island,58.1182,51.1845,55.4396
2010-12-20 07:00:00,Macquarie Island,49.0835,49.9695,55.1757
2010-12-20 08:00:00,Macquarie Island,49.2750,58.1182,55.0361
2010-12-20 09:00:00,Macquarie Island,55.1834,49.0835,54.9111
2010-12-20 10:00:00,Macquarie Island,58.9775,49.2750,56.0693
2010-12-20 11:00:00,Macquarie Island,55.3633,55.1834,57.0588
2010-12-20 12:00:00,Macquarie Island,49.0882,58.9775,56.3711
2010-12-20 13:00:00,Macquarie Island,55.6479,55.3633,55.2105
2010-12-20 14:00:00,Macquarie Island,50.4750,49.0882,55.1604
2010-12-20 15:00:00,Macquarie Island,53.4103,55.6479,55.2328
2010-12-20 16:00:00,Macquarie Island,53.7718,50.4750,57.2920
2010-12-20 17:00:00,Macquarie Island,55.2579,53.4103,59.4456
2010-12-20 18:00:00,Macquarie Island,58.2616,53.7718,59.9578
2010-12-20 19:00:00,Macquarie Island,57.4109,55.2579,59.5460
2010-12-20 20:00:00,Macquarie Island,56.3639,58.2616,57.1683
2010-12-20 21:00:00,Macquarie Island,49.3879,57.4109,55.6388
2010-12-20 22:00:00,Macquarie Island,53.7984,56.3639,54.2185
2010-12-20 23:00:00,Macquarie Island,45.8200,49.3879,53.3045
2010-12-21 00:00:00,Macquarie Island,53.7141,53.7984,53.1142
2010-12-21 01:00:00,Macquarie Island,53.6169,45.8200,53.3277
2010-12-21 02:00:00,Macquarie Island,49.0151,53.7141,53.3277
2010-12-21 03:00:00,Macquarie Island,51.3529,53.6169,53.4116
2010-12-21 04:00:00,Macquarie Island,54.5552,49.0151,54.7728
2010-12-21 05:00:00,Macquarie Island,50.2016,51.3529,54.6564
2010-12-21 06:00:00,Macquarie Island,47.1824,54.5552,55.4988
2010-12-21 07:00:00,Macquarie Island,51.7690,50.2016,54.9090
2010-12-21 08:00:00,Macquarie Island,53.0602,47.1824,55.2662
2010-12-21 09:00:00,Macquarie Island,47.0205,51.7690,55.4656
2010-12-21 10:00:00,Macquarie Island,56.2409,53.0602,56.0483
2010-12-21 11:00:00,Macquarie Island,49.9102,47.0205,56.4983
2010-12-21 12:00:00,Macquarie Island,49.2320,56.2409,56.2692
2010-12-21 13:00:00,Macquarie Island,59.6202,49.9102,55.4732
2010-12-21 14:00:00,Macquarie Island,50.9347,49.2320,54.9050
2010-12-21 15:00:00,Macquarie Island,51.3870,59.6202,55.3254
2010-12-21 16:00:00,Macquarie Island,50.4448,50.9347,57.5354
2010-12-21 17:00:00,Macquarie Island,54.1998,51.3870,59.4456
2010-12-21 18:00:00,Macquarie Island,60.6086,50.4448,59.7990
2010-12-21 19:00:00,Macquarie Island,61.2053,54.1998,59.4762
2010-12-21 20:00:00,Macquarie Island,59.8932,60.6086,57.6116
2010-12-21 21:00:00,Macquarie Island,57.8473,61.2053,56.0831
2010-12-21 22:00:00,Macquarie Island,56.3415,59.8932,54.8391
2010-12-21 23:00:00,Macquarie Island,48.4930,57.8473,53.8937
2010-12-22 00:00:00,Macquarie Island,50.9983,56.3415,53.4370
2010-12-22 01:00:00,Macquarie Island,52.7712,48.4930,53.6505
2010-12-22 02:00:00,Macquarie Island,53.4112,50.9983,53.4104
2010-12-22 03:00:00,Macquarie Island,51.9220,52.7712,53.7185
2010-12-22 04:00:00,Macquarie Island,54.8803,53.4112,54.7728
2010-12-22 05:00:00,Macquarie Island,54.8306,51.9220,54.5452
2010-12-22 06:00:00,Macquarie Island,53.2035,54.8803,55.6186
2010-12-22 07:00:00,Macquarie Island,63.1744,54.8306,55.4499
2010-12-22 08:00:00,Macquarie Island,52.9994,53.2035,55.9166
2010-12-22 09:00:00,Macquarie Island,49.4916,63.1744,55.9384
2010-12-22 10:00:00,Macquarie Island,60.0457,52.9994,56.1164
2010-12-22 11:00:00,Macquarie Island,48.3317,49.4916,57.1993
2010-12-22 12:00:00,Macquarie Island,52.5779,60.0457,56.5271
2010-12-22 13:00:00,Macquarie Island,55.4564,48.3317,55.1163
2010-12-22 14:00:00,Macquarie Island,48.0211,52.5779,55.1043
2010-12-22 15:00:00,Macquarie Island,48.1831,55.4564,54.7407
2010-12-22 16:00:00,Macquarie Island,61.2247,48.0211,57.2333
2010-12-22 17:00:00,Macquarie Island,51.5711,48.1831,60.1352
2010-12-22 18:00:00,Macquarie Island,60.3269,61.2247,60.0709
2010-12-22 19:00:00,Macquarie Island,52.2666,51.5711,59.8609
2010-12-22 20:00:00,Macquarie Island,55.2204,60.3269,57.3552
2010-12-22 21:00:00,Macquarie Island,48.9442,52.2666,55.3003
2010-12-22 22:00:00,Macquarie Island,53.7618,55.2204,54.2185
2010-12-22 23:00:00,Macquarie Island,48.5836,48.9442,53.0795
2010-12-23 00:00:00,Macquarie Island,51.2265,53.7618,53.1799
2010-12-23 01:00:00,Macquarie Island,45.4040,48.5836,53.3277
2010-12-23 02:00:00,Macquarie Island,51.8365,51.2265,53.1197
2010-12-23 03:00:00,Macquarie Island,60.7622,45.4040,53.8567
2010-12-23 04:00:00,Macquarie Island,52.7415,51.8365,54.8260
2010-12-23 05:00:00,Macquarie Island,56.7952,60.7622,54.8164
2010-12-23 06:00:00,Macquarie Island,60.9476,52.7415,55.2905
2010-12-23 07:00:00,Macquarie Island,55.1347,56.7952,55.4823
2010-12-23 08:00:00,Macquarie Island,54.9919,60.9476,56.1118
2010-12-23 09:00:00,Macquarie Island,50.7044,55.1347,56.0382
2010-12-23 10:00:00,Macquarie Island,59.7694,54.9919,56.8711
2010-12-23 11:00:00,Macquarie Island,51.2132,50.7044,57.2307
2010-12-23 12:00:00,Macquarie Island,52.2292,59.7694,57.2208
2010-12-23 13:00:00,Macquarie Island,46.7363,51.2132,55.4214
2010-12-23 14:00:00,Macquarie Island,49.1880,52.2292,55.0295
2010-12-23 15:00:00,Macquarie Island,57.6017,46.7363,55.0369
2010-12-23 16:00:00,Macquarie Island,59.2971,49.1880,57.4589
2010-12-23 17:00:00,Macquarie Island,55.8300,57.6017,59.5081
2010-12-23 18:00:00,Macquarie Island,57.9573,59.2971,60.0129
2010-12-23 19:00:00,Macquarie Island,58.8613,55.8300,59.1683
2010-12-23 20:00:00,Macquarie Island,51.6515,57.9573,57.9188
2010-12-23 21:00:00,Macquarie Island,54.6033,58.8613,55.7586
2010-12-23 22:00:00,Macquarie Island,57.4531,51.6515,54.7627
2010-12-23 23:00:00,Macquarie Island,44.4719,54.6033,53.5312
2010-12-24 00:00:00,Macquarie Island,47.7592,57.4531,53.4695
2010-12-24 01:00:00,Macquarie Island,49.7982,44.4719,53.3001
2010-12-24 02:00:00,Macquarie Island,57.1005,47.7592,53.3598
2010-12-24 03:00:00,Macquarie Island,53.5068,49.7982,53.5742
2010-12-24 04:00:00,Macquarie Island,47.3767,57.1005,54.6452
2010-12-24 05:00:00,Macquarie Island,49.9249,53.5068,54.5150
2010-12-24 06:00:00,Macquarie Island,67.6023,47.3767,55.2905
2010-12-24 07:00:00,Macquarie Island,49.0278,49.9249,56.1977
2010-12-24 08:00:00,Macquarie Island,49.3624,67.6023,55.0685
2010-12-24 09:00:00,Macquarie Island,49.2377,49.0278,54.9907
2010-12-24 10:00:00,Macquarie Island,54.7051,49.3624,56.3367
2010-12-24 11:00:00,Macquarie Island,53.1414,49.2377,56.6253
2010-12-24 12:00:00,Macquarie Island,54.0743,54.7051,56.5502
2010-12-24 13:00:00,Macquarie Island,59.3217,53.1414,55.8391
2010-12-24 14:00:00,Macquarie Island,54.5800,54.0743,55.2331
2010-12-24 15:00:00,Macquarie Island,53.3300,59.3217,55.3983
2010-12-24 16:00:00,Macquarie Island,57.2282,54.5800,57.3341
2010-12-24 17:00:00,Macquarie Island,57.1326,53.3300,59.8952
2010-12-24 18:00:00,Macquarie Island,54.0949,57.2282,60.3397
2010-12-24 19:00:00,Macquarie Island,54.3957,57.1326,59.8771
2010-12-24 20:00:00,Macquarie Island,56.8153,54.0949,58.0636
2010-12-24 21:00:00,Macquarie Island,50.7264,54.3957,55.6361
2010-12-24 22:00:00,Macquarie Island,55.6541,56.8153,54.4320
2010-12-24 23:00:00,Macquarie Island,50.4592,50.7264,53.2926
2010-12-25 00:00:00,Macquarie Island,45.1920,55.6541,53.3985
2010-12-25 01:00:00,Macquarie Island,48.0623,50.4592,53.2340
2010-12-25 02:00:00,Macquarie Island,54.2972,45.1920,53.2340
2010-12-25 03:00:00,Macquarie Island,48.0501,48.0623,53.5102
2010-12-25 04:00:00,Macquarie Island,53.9050,54.2972,54.5007
2010-12-25 05:00:00,Macquarie Island,50.7681,48.0501,54.7762
2010-12-25 06:00:00,Macquarie Island,56.0971,53.9050,55.6186
2010-12-25 07:00:00,Macquarie Island,55.5929,50.7681,55.6093
2010-12-25 08:00:00,Macquarie Island,52.5658,56.0971,55.1712
2010-12-25 09:00:00,Macquarie Island,50.5442,55.5929,55.3751
2010-12-25 10:00:00,Macquarie Island,55.9602,52.5658,56.3974
2010-12-25 11:00:00,Macquarie Island,61.4739,50.5442,56.6140
2010-12-25 12:00:00,Macquarie Island,51.0208,55.9602,57.1081
2010-12-25 13:00:00,Macquarie Island,59.2115,61.4739,55.7448
2010-12-25 14:00:00,Macquarie Island,51.5400,51.0208,55.4031
2010-12-25 15:00:00,Macquarie Island,46.4739,59.2115,55.1560
2010-12-25 16:00:00,Macquarie Island,54.8347,51.5400,57.5059
2010-12-25 17:00:00,Macquarie Island,65.8140,46.4739,59.5165
2010-12-25 18:00:00,Macquarie Island,61.0490,54.8347,61.2962
2010-12-25 19:00:00,Macquarie Island,58.9643,65.8140,59.9829
2010-12-25 20:00:00,Macquarie Island,54.9407,61.0490,57.9766
2010-12-25 21:00:00,Macquarie Island,57.2144,58.9643,55.7299
2010-12-25 22:00:00,Macquarie Island,48.8976,54.9407,54.7683
2010-12-25 23:00:00,Macquarie Island,58.7182,57.2144,54.2632
2010-12-26 00:00:00,Macquarie Island,48.4596,48.8976,53.8100
2010-12-26 01:00:00,Macquarie Island,48.2942,58.7182,53.4702
2010-12-26 02:00:00,Macquarie Island,50.1427,48.4596,53.1953
2010-12-26 03:00:00,Macquarie Island,55.7291,48.2942,53.6941
2010-12-26 04:00:00,Macquarie Island,60.1317,50.1427,54.7067
2010-12-26 05:00:00,Macquarie Island,51.3598,55.7291,54.9355
2010-12-26 06:00:00,Macquarie Island,52.3084,60.1317,55.9162
2010-12-26 07:00:00,Macquarie Island,52.5769,51.3598,55.1173
2010-12-26 08:00:00,Macquarie Island,48.1541,52.3084,55.2125
2010-12-26 09:00:00,Macquarie Island,52.5960,52.5769,55.0227
2010-12-26 10:00:00,Macquarie Island,54.4218,48.1541,56.2504
2010-12-26 11:00:00,Macquarie Island,48.9668,52.5960,56.5739
2010-12-26 12:00:00,Macquarie Island,50.4572,54.4218,56.2725
2010-12-26 13:00:00,Macquarie Island,52.6137,48.9668,55.5052
2010-12-26 14:00:00,Macquarie Island,54.9326,50.4572,54.9294
2010-12-26 15:00:00,Macquarie Island,50.1638,52.6137,55.3396
2010-12-26 16:00:00,Macquarie Island,52.2966,54.9326,57.5474
2010-12-26 17:00:00,Macquarie Island,54.8156,50.1638,59.2416
2010-12-26 18:00:00,Macquarie Island,58.6689,52.2966,59.7544
2010-12-26 19:00:00,Macquarie Island,54.8530,54.8156,59.2882
2010-12-26 20:00:00,Macquarie Island,50.1705,58.6689,57.1909
2010-12-26 21:00:00,Macquarie Island,54.4478,54.8530,55.2432
2010-12-26 22:00:00,Macquarie Island,61.7833,50.1705,54.3387
2010-12-26 23:00:00,Macquarie Island,53.3347,54.4478,53.8381
2010-12-27 00:00:00,Macquarie Island,46.1082,61.7833,53.4480
2010-12-27 01:00:00,Macquarie Island,52.8789,53.3347,53.2340
2010-12-27 02:00:00,Macquarie Island,49.6441,46.1082,53.3277
2010-12-27 03:00:00,Macquarie Island,46.6668,52.8789,53.8274
2010-12-27 04:00:00,Macquarie Island,50.3022,49.6441,54.2266
2010-12-27 05:00:00,Macquarie Island,46.5493,46.6668,54.6447
2010-12-27 06:00:00,Macquarie Island,59.0670,50.3022,55.2614
2010-12-27 07:00:00,Macquarie Island,52.6551,46.5493,55.2935
2010-12-27 08:00:00,Macquarie Island,58.9575,59.0670,55.3027
2010-12-27 09:00:00,Macquarie Island,54.8783,52.6551,55.4949
2010-12-27 10:00:00,Macquarie Island,52.3324,58.9575,56.4855
2010-12-27 11:00:00,Macquarie Island,64.8732,54.8783,56.8223
2010-12-27 12:00:00,Macquarie Island,55.6676,52.3324,57.6817
2010-12-27 13:00:00,Macquarie Island,59.6897,64.8732,56.1713
2010-12-27 14:00:00,Macquarie Island,46.5817,55.6676,55.5759
2010-12-27 15:00:00,Macquarie Island,53.4981,59.6897,55.6768
2010-12-27 16:00:00,Macquarie Island,52.6544,46.5817,57.9986
2010-12-27 17:00:00,Macquarie Island,52.9850,53.4981,60.1709
2010-12-27 18:00:00,Macquarie Island,59.8732,52.6544,60.0833
2010-12-27 19:00:00,Macquarie Island,52.0405,52.9850,59.4988
2010-12-27 20:00:00,Macquarie Island,52.5836,59.8732,57.2718
2010-12-27 21:00:00,Macquarie Island,63.9667,52.0405,55.3615
2010-12-27 22:00:00,Macquarie Island,52.0708,52.5836,55.6710
2010-12-27 23:00:00,Macquarie Island,49.6353,63.9667,53.9922
2010-12-28 00:00:00,Macquarie Island,53.9453,52.0708,53.4727
2010-12-28 01:00:00,Macquarie Island,56.1396,49.6353,53.3794
2010-12-28 02:00:00,Macquarie Island,53.8311,53.9453,53.6447
2010-12-28 03:00:00,Macquarie Island,49.3793,56.1396,53.8701
2010-12-28 04:00:00,Macquarie Island,51.6276,53.8311,54.5590
2010-12-28 05:00:00,Macquarie Island,51.5929,49.3793,54.7314
2010-12-28 06:00:00,Macquarie Island,58.7732,51.6276,55.5597
2010-12-28 07:00:00,Macquarie Island,55.8199,51.5929,55.2573
2010-12-28 08:00:00,Macquarie Island,55.1479,58.7732,55.2665
2010-12-28 09:00:00,Macquarie Island,57.2503,55.8199,55.4519
2010-12-28 10:00:00,Macquarie Island,60.5921,55.1479,56.6101
2010-12-28 11:00:00,Macquarie Island,51.8057,57.2503,57.4000
2010-12-28 12:00:00,Macquarie Island,57.9204,60.5921,57.5208
2010-12-28 13:00:00,Macquarie Island,49.8168,51.8057,55.9484
2010-12-28 14:00:00,Macquarie Island,52.9180,57.9204,55.5831
2010-12-28 15:00:00,Macquarie Island,42.5780,49.8168,55.6370
2010-12-28 16:00:00,Macquarie Island,53.6058,52.9180,57.3756
2010-12-28 17:00:00,Macquarie Island,59.4996,42.5780,59.4735
2010-12-28 18:00:00,Macquarie Island,60.1598,53.6058,59.9485
2010-12-28 19:00:00,Macquarie Island,55.7875,59.4996,59.8900
2010-12-28 20:00:00,Macquarie Island,56.1786,60.1598,57.3556
2010-12-28 21:00:00,Macquarie Island,50.9935,55.7875,55.3831
2010-12-28 22:00:00,Macquarie Island,47.8585,56.1786,54.8997
2010-12-28 23:00:00,Macquarie Island,50.7661,50.9935,53.2668
2010-12-29 00:00:00,Macquarie Island,48.3847,47.8585,53.3985
2010-12-29 01:00:00,Macquarie Island,47.6051,50.7661,53.2732
2010-12-29 02:00:00,Macquarie Island,53.6152,48.3847,53.0257
2010-12-29 03:00:00,Macquarie Island,48.9603,47.6051,53.7185
2010-12-29 04:00:00,Macquarie Island,58.6121,53.6152,54.4350
2010-12-29 05:00:00,Macquarie Island,52.0991,48.9603,54.6619
2010-12-29 06:00:00,Macquarie Island,55.3392,58.6121,55.7501
2010-12-29 07:00:00,Macquarie Island,60.2772,52.0991,55.1757
2010-12-29 08:00:00,Macquarie Island,51.9454,55.3392,55.5055
2010-12-29 09:00:00,Macquarie Island,52.7328,60.2772,55.5886
2010-12-29 10:00:00,Macquarie Island,53.9352,51.9454,56.5430
2010-12-29 11:00:00,Macquarie Island,50.8651,52.7328,56.7273
2010-12-29 12:00:00,Macquarie Island,59.5817,53.9352,56.4479
2010-12-29 13:00:00,Macquarie Island,54.6197,50.8651,55.0702
2010-12-29 14:00:00,Macquarie Island,51.2660,59.5817,55.3640
2010-12-29 15:00:00,Macquarie Island,51.2105,54.6197,55.2559
2010-12-29 16:00:00,Macquarie Island,56.8297,51.2660,57.4950
2010-12-29 17:00:00,Macquarie Island,51.7553,51.2105,59.6382
2010-12-29 18:00:00,Macquarie Island,57.3026,56.8297,59.8716
2010-12-29 19:00:00,Macquarie Island,64.7210,51.7553,59.3248
2010-12-29 20:00:00,Macquarie Island,61.4846,57.3026,57.9320
2010-12-29 21:00:00,Macquarie Island,56.3100,64.7210,56.0349
2010-12-29 22:00:00,Macquarie Island,55.1905,61.4846,55.1257
2010-12-29 23:00:00,Macquarie Island,54.1580,56.3100,53.4368
2010-12-30 00:00:00,Macquarie Island,49.3009,55.1905,53.8543
2010-12-30 01:00:00,Macquarie Island,55.8334,54.1580,53.7003
2010-12-30 02:00:00,Macquarie Island,50.1537,49.3009,53.9790
2010-12-30 03:00:00,Macquarie Island,51.8118,55.8334,53.8213
2010-12-30 04:00:00,Macquarie Island,58.0743,50.1537,54.7978
2010-12-30 05:00:00,Macquarie Island,56.6950,51.8118,54.6796
2010-12-30 06:00:00,Macquarie Island,44.8293,58.0743,55.7155
2010-12-30 07:00:00,Macquarie Island,51.9467,56.6950,55.0089
2010-12-30 08:00:00,Macquarie Island,52.2716,44.8293,55.1803
2010-12-30 09:00:00,Macquarie Island,47.8969,51.9467,55.3186
2010-12-30 10:00:00,Macquarie Island,49.2768,52.2716,56.3655
2010-12-30 11:00:00,Macquarie Island,50.1617,47.8969,56.8201
2010-12-30 12:00:00,Macquarie Island,51.0611,49.2768,56.4775
2010-12-30 13:00:00,Macquarie Island,49.6814,50.1617,55.0816
2010-12-30 14:00:00,Macquarie Island,56.8738,51.0611,54.8819
2010-12-30 15:00:00,Macquarie Island,55.7082,49.6814,55.2197
2010-12-30 16:00:00,Macquarie Island,51.5293,56.8738,57.4589
2010-12-30 17:00:00,Macquarie Island,54.7599,55.7082,59.1327
2010-12-30 18:00:00,Macquarie Island,61.6939,51.5293,59.7965
2010-12-30 19:00:00,Macquarie Island,61.4945,54.7599,59.8837
2010-12-30 20:00:00,Macquarie Island,53.0099,61.6939,57.9759
2010-12-30 21:00:00,Macquarie Island,51.8460,61.4945,56.0711
2010-12-30 22:00:00,Macquarie Island,53.7199,53.0099,54.5787
2010-12-30 23:00:00,Macquarie Island,45.8804,51.8460,53.1927
2010-12-31 00:00:00,Macquarie Island,55.5053,53.7199,53.1970
2010-12-31 01:00:00,Macquarie Island,53.9616,45.8804,53.2439
2010-12-31 02:00:00,Macquarie Island,47.7978,55.5053,53.1193
2010-12-31 03:00:00,Macquarie Island,53.4873,53.9616,53.4702
2010-12-31 04:00:00,Macquarie Island,55.4936,47.7978,54.7673
2010-12-31 05:00:00,Macquarie Island,56.4359,53.4873,54.4828
2010-12-31 06:00:00,Macquarie Island,61.3219,55.4936,55.4464
2010-12-31 07:00:00,Macquarie Island,50.2517,56.4359,56.5046
2010-12-31 08:00:00,Macquarie Island,52.5249,61.3219,55.5025
2010-12-31 09:00:00,Macquarie Island,60.8607,50.2517,55.5777
2010-12-31 10:00:00,Macquarie Island,52.8969,52.5249,56.9877
2010-12-31 11:00:00,Macquarie Island,56.5079,60.8607,57.5952
2010-12-31 12:00:00,Macquarie Island,49.0760,52.8969,56.9905
2010-12-31 13:00:00,Macquarie Island,51.7537,56.5079,55.0493
2010-12-31 14:00:00,Macquarie Island,61.1147,49.0760,55.0930
2010-12-31 15:00:00,Macquarie Island,52.5803,51.7537,55.5260
2010-12-31 16:00:00,Macquarie Island,48.7694,61.1147,57.5819
2010-12-31 17:00:00,Macquarie Island,57.1454,52.5803,59.4003
2010-12-31 18:00:00,Macquarie Island,58.8270,48.7694,60.0641
2010-12-31 19:00:00,Macquarie Island,59.7549,57.1454,59.8052
2010-12-31 20:00:00,Macquarie Island,57.1169,58.8270,57.6155
2010-12-31 21:00:00,Macquarie Island,49.7575,59.7549,55.7878
2010-12-31 22:00:00,Macquarie Island,49.6961,57.1169,54.6420
2010-10-21 08:00:00,Mawson,115.1482,132.7262,132.2522
2010-10-21 09:00:00,Mawson,129.0380,129.7326,131.7677
2010-10-21 10:00:00,Mawson,136.1834,115.1482,133.4642
2010-10-21 11:00:00,Mawson,117.0381,129.0380,135.5825
2010-10-21 12:00:00,Mawson,130.1554,136.1834,135.5923
2010-10-21 13:00:00,Mawson,139.0653,117.0381,131.8445
2010-10-21 14:00:00,Mawson,130.2472,130.1554,131.2197
2010-10-21 15:00:00,Mawson,136.8025,139.0653,130.2208
2010-10-21 16:00:00,Mawson,150.3289,130.2472,135.0260
2010-10-21 17:00:00,Mawson,130.4129,136.8025,140.6349
2010-10-21 18:00:00,Mawson,149.7444,150.3289,143.0171
2010-10-21 19:00:00,Mawson,157.5442,130.4129,142.7863
2010-10-21 20:00:00,Mawson,119.3175,149.7444,136.8799
2010-10-21 21:00:00,Mawson,135.2706,157.5442,133.4993
2010-10-21 22:00:00,Mawson,130.7491,119.3175,127.8831
2010-10-21 23:00:00,Mawson,133.8932,135.2706,126.8541
2010-10-22 00:00:00,Mawson,119.7064,130.7491,124.7704
2010-10-22 01:00:00,Mawson,127.4344,133.8932,125.3788
2010-10-22 02:00:00,Mawson,111.0324,119.7064,124.6309
2010-10-22 03:00:00,Mawson,119.2016,127.4344,125.4631
2010-10-22 04:00:00,Mawson,130.7906,111.0324,127.6819
2010-10-22 05:00:00,Mawson,122.7285,119.2016,129.4288
2010-10-22 06:00:00,Mawson,137.1246,130.7906,130.7937
2010-10-22 07:00:00,Mawson,141.6455,122.7285,129.6516
2010-10-22 08:00:00,Mawson,154.6658,137.1246,131.4950
2010-10-22 09:00:00,Mawson,123.1612,141.6455,131.9467
2010-10-22 10:00:00,Mawson,137.8351,154.6658,134.7585
2010-10-22 11:00:00,Mawson,134.6559,123.1612,137.2943
2010-10-22 12:00:00,Mawson,122.2845,137.8351,136.2954
2010-10-22 13:00:00,Mawson,116.8777,134.6559,133.5849
2010-10-22 14:00:00,Mawson,124.2259,122.2845,131.6294
2010-10-22 15:00:00,Mawson,133.7930,116.8777,129.0415
2010-10-22 16:00:00,Mawson,133.1686,124.2259,135.1602
2010-10-22 17:00:00,Mawson,122.6162,133.7930,141.4787
2010-10-22 18:00:00,Mawson,138.3753,133.1686,141.2768
2010-10-22 19:00:00,Mawson,141.9624,122.6162,142.0679
2010-10-22 20:00:00,Mawson,119.8776,138.3753,134.7252
2010-10-22 21:00:00,Mawson,149.3020,141.9624,130.0130
2010-10-22 22:00:00,Mawson,141.5196,119.8776,128.3681
2010-10-22 23:00:00,Mawson,119.6623,149.3020,125.4504
2010-10-23 00:00:00,Mawson,125.9891,141.5196,124.8010
2010-10-23 01:00:00,Mawson,123.7216,119.6623,124.0724
2010-10-23 02:00:00,Mawson,124.2280,125.9891,124.6980
2010-10-23 03:00:00,Mawson,129.1282,123.7216,127.1757
2010-10-23 04:00:00,Mawson,119.5178,124.2280,129.1010
2010-10-23 05:00:00,Mawson,121.4830,129.1282,129.3957
2010-10-23 06:00:00,Mawson,125.4509,119.5178,130.9110
2010-10-23 07:00:00,Mawson,123.4667,121.4830,131.2960
2010-10-23 08:00:00,Mawson,117.2314,125.4509,130.1178
2010-10-23 09:00:00,Mawson,126.5232,123.4667,128.8851
2010-10-23 10:00:00,Mawson,133.6012,117.2314,128.7703
2010-10-23 11:00:00,Mawson,141.6608,126.5232,131.5886
2010-10-23 12:00:00,Mawson,140.2323,133.6012,133.0667
2010-10-23 13:00:00,Mawson,133.1770,141.6608,130.2765
2010-10-23 14:00:00,Mawson,126.9546,140.2323,129.4178
2010-10-23 15:00:00,Mawson,128.3983,133.1770,129.7746
2010-10-23 16:00:00,Mawson,129.7869,126.9546,133.1040
2010-10-23 17:00:00,Mawson,146.5540,128.3983,141.0696
2010-10-23 18:00:00,Mawson,145.4379,129.7869,143.6784
2010-10-23 19:00:00,Mawson,155.6946,146.5540,142.8733
2010-10-23 20:00:00,Mawson,126.1989,145.4379,135.2028
2010-10-23 21:00:00,Mawson,129.2114,155.6946,131.6452
2010-10-23 22:00:00,Mawson,141.2807,126.1989,129.0000
2010-10-23 23:00:00,Mawson,123.0932,129.2114,126.1657
2010-10-24 00:00:00,Mawson,120.0219,141.2807,125.1811
2010-10-24 01:00:00,Mawson,113.9595,123.0932,125.7336
2010-10-24 02:00:00,Mawson,107.0416,120.0219,124.0850
2010-10-24 03:00:00,Mawson,147.4959,113.9595,125.5760
2010-10-24 04:00:00,Mawson,125.0739,107.0416,129.0986
2010-10-24 05:00:00,Mawson,133.9172,147.4959,129.2406
2010-10-24 06:00:00,Mawson,135.8463,125.0739,129.7447
2010-10-24 07:00:00,Mawson,119.6604,133.9172,130.5824
2010-10-24 08:00:00,Mawson,126.0722,135.8463,131.2295
2010-10-24 09:00:00,Mawson,132.2268,119.6604,130.5041
2010-10-24 10:00:00,Mawson,145.0616,126.0722,133.6672
2010-10-24 11:00:00,Mawson,133.2308,132.2268,135.7786
2010-10-24 12:00:00,Mawson,137.6730,145.0616,134.9400
2010-10-24 13:00:00,Mawson,134.4737,133.2308,132.5497
2010-10-24 14:00:00,Mawson,160.1523,137.6730,130.8588
2010-10-24 15:00:00,Mawson,141.9068,134.4737,130.3621
2010-10-24 16:00:00,Mawson,121.2392,160.1523,136.8775
2010-10-24 17:00:00,Mawson,132.1612,141.9068,143.2488
2010-10-24 18:00:00,Mawson,126.6684,121.2392,145.3578
2010-10-24 19:00:00,Mawson,142.6887,132.1612,142.3898
2010-10-24 20:00:00,Mawson,133.3967,126.6684,136.3236
2010-10-24 21:00:00,Mawson,130.7261,142.6887,131.4047
2010-10-24 22:00:00,Mawson,135.2073,133.3967,127.7344
2010-10-24 23:00:00,Mawson,124.2514,130.7261,125.0550
2010-10-25 00:00:00,Mawson,130.3284,135.2073,125.4796
2010-10-25 01:00:00,Mawson,117.8429,124.2514,125.0568
2010-10-25 02:00:00,Mawson,123.9147,130.3284,125.0172
2010-10-25 03:00:00,Mawson,128.2571,117.8429,126.7610
2010-10-25 04:00:00,Mawson,143.6886,123.9147,129.6828
2010-10-25 05:00:00,Mawson,123.7787,128.2571,130.1719
2010-10-25 06:00:00,Mawson,152.9273,143.6886,130.3110
2010-10-25 07:00:00,Mawson,130.1536,123.7787,132.2019
2010-10-25 08:00:00,Mawson,129.5562,152.9273,131.7847
2010-10-25 09:00:00,Mawson,121.5577,130.1536,132.6583
2010-10-25 10:00:00,Mawson,126.9761,129.5562,133.5947
2010-10-25 11:00:00,Mawson,137.0396,121.5577,135.4899
2010-10-25 12:00:00,Mawson,125.9347,126.9761,134.8857
2010-10-25 13:00:00,Mawson,148.5122,137.0396,133.6129
2010-10-25 14:00:00,Mawson,128.4097,125.9347,130.3892
2010-10-25 15:00:00,Mawson,125.4136,148.5122,132.2013
2010-10-25 16:00:00,Mawson,141.5370,128.4097,134.7666
2010-10-25 17:00:00,Mawson,133.8997,125.4136,141.2698
2010-10-25 18:00:00,Mawson,143.9658,141.5370,144.8250
2010-10-25 19:00:00,Mawson,145.8086,133.8997,141.6068
2010-10-25 20:00:00,Mawson,123.2650,143.9658,135.7988
2010-10-25 21:00:00,Mawson,128.8592,145.8086,132.0387
2010-10-25 22:00:00,Mawson,129.6533,123.2650,127.3577
2010-10-25 23:00:00,Mawson,122.6717,128.8592,126.4990
2010-10-26 00:00:00,Mawson,118.5334,129.6533,125.0784
2010-10-26 01:00:00,Mawson,122.5270,122.6717,124.7898
2010-10-26 02:00:00,Mawson,134.1967,118.5334,124.4955
2010-10-26 03:00:00,Mawson,119.7535,122.5270,126.0699
2010-10-26 04:00:00,Mawson,124.5626,134.1967,129.2235
2010-10-26 05:00:00,Mawson,119.9890,119.7535,129.7302
2010-10-26 06:00:00,Mawson,126.7319,124.5626,130.6989
2010-10-26 07:00:00,Mawson,127.5110,119.9890,131.2083
2010-10-26 08:00:00,Mawson,120.3986,126.7319,129.7184
2010-10-26 09:00:00,Mawson,127.4646,127.5110,128.2297
2010-10-26 10:00:00,Mawson,124.3948,120.3986,130.9907
2010-10-26 11:00:00,Mawson,149.9359,127.4646,133.3196
2010-10-26 12:00:00,Mawson,129.7726,124.3948,135.1454
2010-10-26 13:00:00,Mawson,145.7708,149.9359,130.8558
2010-10-26 14:00:00,Mawson,130.2110,129.7726,130.6142
2010-10-26 15:00:00,Mawson,127.5877,145.7708,132.0268
2010-10-26 16:00:00,Mawson,137.2662,130.2110,134.5564
2010-10-26 17:00:00,Mawson,138.0423,127.5877,141.8204
2010-10-26 18:00:00,Mawson,129.8863,137.2662,143.8559
2010-10-26 19:00:00,Mawson,130.1321,138.0423,141.8847
2010-10-26 20:00:00,Mawson,158.5701,129.8863,133.1387
2010-10-26 21:00:00,Mawson,153.4860,130.1321,131.3028
2010-10-26 22:00:00,Mawson,125.0454,158.5701,128.6633
2010-10-26 23:00:00,Mawson,137.3075,153.4860,126.2320
2010-10-27 00:00:00,Mawson,120.3199,125.0454,125.9104
2010-10-27 01:00:00,Mawson,124.3810,137.3075,125.6764
2010-10-27 02:00:00,Mawson,114.3669,120.3199,125.6166
2010-10-27 03:00:00,Mawson,115.6285,124.3810,127.2570
2010-10-27 04:00:00,Mawson,113.6542,114.3669,128.9556
2010-10-27 05:00:00,Mawson,123.0839,115.6285,129.0303
2010-10-27 06:00:00,Mawson,150.7361,113.6542,129.4871
2010-10-27 07:00:00,Mawson,136.7684,123.0839,130.2516
2010-10-27 08:00:00,Mawson,135.3865,150.7361,131.6976
2010-10-27 09:00:00,Mawson,119.0300,136.7684,131.2118
2010-10-27 10:00:00,Mawson,127.6906,135.3865,133.0315
2010-10-27 11:00:00,Mawson,125.5641,119.0300,135.0654
2010-10-27 12:00:00,Mawson,131.1178,127.6906,136.7233
2010-10-27 13:00:00,Mawson,132.8419,125.5641,131.8558
2010-10-27 14:00:00,Mawson,120.8495,131.1178,131.7593
2010-10-27 15:00:00,Mawson,132.3263,132.8419,129.5116
2010-10-27 16:00:00,Mawson,142.2999,120.8495,134.6113
2010-10-27 17:00:00,Mawson,134.0458,132.3263,140.3776
2010-10-27 18:00:00,Mawson,148.7347,142.2999,143.9688
2010-10-27 19:00:00,Mawson,138.5716,134.0458,142.3669
2010-10-27 20:00:00,Mawson,138.6535,148.7347,135.2890
2010-10-27 21:00:00,Mawson,133.1847,138.5716,134.2676
2010-10-27 22:00:00,Mawson,118.7920,138.6535,128.7555
2010-10-27 23:00:00,Mawson,123.9535,133.1847,124.3783
2010-10-28 00:00:00,Mawson,117.7324,118.7920,123.0774
2010-10-28 01:00:00,Mawson,109.3714,123.9535,122.8876
2010-10-28 02:00:00,Mawson,138.9898,117.7324,122.0084
2010-10-28 03:00:00,Mawson,114.1759,109.3714,125.1134
2010-10-28 04:00:00,Mawson,130.0649,138.9898,128.0086
2010-10-28 05:00:00,Mawson,118.9958,114.1759,128.3656
2010-10-28 06:00:00,Mawson,133.0177,130.0649,131.0418
2010-10-28 07:00:00,Mawson,132.3015,118.9958,130.9892
2010-10-28 08:00:00,Mawson,121.5433,133.0177,129.6696
2010-10-28 09:00:00,Mawson,131.1778,132.3015,128.4660
2010-10-28 10:00:00,Mawson,127.4515,121.5433,130.4463
2010-10-28 11:00:00,Mawson,149.0698,131.1778,133.6048
2010-10-28 12:00:00,Mawson,133.7992,127.4515,133.3641
2010-10-28 13:00:00,Mawson,133.8815,149.0698,131.8852
2010-10-28 14:00:00,Mawson,140.9103,133.7992,131.0104
2010-10-28 15:00:00,Mawson,124.6047,133.8815,130.7857
2010-10-28 16:00:00,Mawson,134.3643,140.9103,134.7911
2010-10-28 17:00:00,Mawson,137.4146,124.6047,142.5199
2010-10-28 18:00:00,Mawson,148.7162,134.3643,143.6534
2010-10-28 19:00:00,Mawson,161.5884,137.4146,142.6336
2010-10-28 20:00:00,Mawson,121.8058,148.7162,135.9112
2010-10-28 21:00:00,Mawson,137.6588,161.5884,133.3495
2010-10-28 22:00:00,Mawson,122.4082,121.8058,128.1054
2010-10-28 23:00:00,Mawson,141.0303,137.6588,125.9343
2010-10-29 00:00:00,Mawson,138.4372,122.4082,124.9815
2010-10-29 01:00:00,Mawson,124.8274,141.0303,125.2613
2010-10-29 02:00:00,Mawson,135.2829,138.4372,125.5755
2010-10-29 03:00:00,Mawson,112.7949,124.8274,128.0317
2010-10-29 04:00:00,Mawson,144.2663,135.2829,128.8015
2010-10-29 05:00:00,Mawson,127.3767,112.7949,129.8952
2010-10-29 06:00:00,Mawson,129.4017,144.2663,132.6800
2010-10-29 07:00:00,Mawson,128.0497,127.3767,132.5594
2010-10-29 08:00:00,Mawson,117.2974,129.4017,133.1695
2010-10-29 09:00:00,Mawson,124.6415,128.0497,132.0176
2010-10-29 10:00:00,Mawson,129.1077,117.2974,133.0764
2010-10-29 11:00:00,Mawson,139.3689,124.6415,135.8911
2010-10-29 12:00:00,Mawson,139.8559,129.1077,136.7203
2010-10-29 13:00:00,Mawson,123.5687,139.3689,131.8678
2010-10-29 14:00:00,Mawson,139.6030,139.8559,128.9907
2010-10-29 15:00:00,Mawson,137.3244,123.5687,131.2152
2010-10-29 16:00:00,Mawson,129.9462,139.6030,135.0909
2010-10-29 17:00:00,Mawson,152.3240,137.3244,141.2917
2010-10-29 18:00:00,Mawson,142.7297,129.9462,143.8522
2010-10-29 19:00:00,Mawson,149.0418,152.3240,143.3940
2010-10-29 20:00:00,Mawson,139.0159,142.7297,136.7555
2010-10-29 21:00:00,Mawson,123.3290,149.0418,132.4679
2010-10-29 22:00:00,Mawson,118.5319,139.0159,130.1275
2010-10-29 23:00:00,Mawson,137.3623,123.3290,126.4517
2010-10-30 00:00:00,Mawson,134.4648,118.5319,125.4864
2010-10-30 01:00:00,Mawson,115.4158,137.3623,125.9833
2010-10-30 02:00:00,Mawson,104.8929,134.4648,125.4756
2010-10-30 03:00:00,Mawson,138.5904,115.4158,126.0177
2010-10-30 04:00:00,Mawson,135.2065,104.8929,128.1911
2010-10-30 05:00:00,Mawson,132.1688,138.5904,129.6382
2010-10-30 06:00:00,Mawson,137.0995,135.2065,130.0576
2010-10-30 07:00:00,Mawson,119.2182,132.1688,130.6150
2010-10-30 08:00:00,Mawson,123.2863,137.0995,130.5153
2010-10-30 09:00:00,Mawson,127.4451,119.2182,129.5189
2010-10-30 10:00:00,Mawson,142.2171,123.2863,132.4121
2010-10-30 11:00:00,Mawson,127.0887,127.4451,135.3864
2010-10-30 12:00:00,Mawson,146.6833,142.2171,136.1782
2010-10-30 13:00:00,Mawson,133.8409,127.0887,133.3336
2010-10-30 14:00:00,Mawson,130.6654,146.6833,130.3269
2010-10-30 15:00:00,Mawson,134.6011,133.8409,130.8640
2010-10-30 16:00:00,Mawson,149.8523,130.6654,135.2288
2010-10-30 17:00:00,Mawson,129.5649,134.6011,141.0415
2010-10-30 18:00:00,Mawson,148.4555,149.8523,145.4390
2010-10-30 19:00:00,Mawson,145.8844,129.5649,143.0751
2010-10-30 20:00:00,Mawson,122.7757,148.4555,136.3593
2010-10-30 21:00:00,Mawson,149.0983,145.8844,132.6548
2010-10-30 22:00:00,Mawson,141.2360,122.7757,127.6092
2010-10-30 23:00:00,Mawson,124.4718,149.0983,127.4688
2010-10-31 00:00:00,Mawson,118.7995,141.2360,125.6840
2010-10-31 01:00:00,Mawson,139.6692,124.4718,125.0549
2010-10-31 02:00:00,Mawson,115.4047,118.7995,124.7841
2010-10-31 03:00:00,Mawson,128.4134,139.6692,128.0085
2010-10-31 04:00:00,Mawson,140.1656,115.4047,129.9596
2010-10-31 05:00:00,Mawson,124.8861,128.4134,129.5701
2010-10-31 06:00:00,Mawson,126.8519,140.1656,132.5589
2010-10-31 07:00:00,Mawson,114.7227,124.8861,132.1403
2010-10-31 08:00:00,Mawson,117.0289,126.8519,129.5234
2010-10-31 09:00:00,Mawson,132.6455,114.7227,130.0405
2010-10-31 10:00:00,Mawson,142.2619,117.0289,132.9150
2010-10-31 11:00:00,Mawson,133.0284,132.6455,136.7172
2010-10-31 12:00:00,Mawson,129.5015,142.2619,135.4003
2010-10-31 13:00:00,Mawson,122.3228,133.0284,133.0371
2010-10-31 14:00:00,Mawson,138.9888,129.5015,130.8627
2010-10-31 15:00:00,Mawson,131.2327,122.3228,131.8447
2010-10-31 16:00:00,Mawson,132.1263,138.9888,135.3289
2010-10-31 17:00:00,Mawson,146.5412,131.2327,141.5205
2010-10-31 18:00:00,Mawson,134.3423,132.1263,143.1932
2010-10-31 19:00:00,Mawson,140.5030,146.5412,141.9030
2010-10-31 20:00:00,Mawson,126.9147,134.3423,135.4823
2010-10-31 21:00:00,Mawson,131.6149,140.5030,132.6781
2010-10-31 22:00:00,Mawson,135.8908,126.9147,128.0887
2010-10-31 23:00:00,Mawson,127.5524,131.6149,125.2523
2010-11-01 00:00:00,Mawson,114.9298,135.8908,126.1231
2010-11-01 01:00:00,Mawson,125.0195,127.5524,125.7976
2010-11-01 02:00:00,Mawson,132.2503,114.9298,125.2963
2010-11-01 03:00:00,Mawson,122.3530,125.0195,126.8326
2010-11-01 04:00:00,Mawson,128.2796,132.2503,129.4018
2010-11-01 05:00:00,Mawson,113.1478,122.3530,130.1805
2010-11-01 06:00:00,Mawson,136.2774,128.2796,129.5261
2010-11-01 07:00:00,Mawson,110.4172,113.1478,131.5269
2010-11-01 08:00:00,Mawson,122.2998,136.2774,130.7176
2010-11-01 09:00:00,Mawson,124.4559,110.4172,129.5532
2010-11-01 10:00:00,Mawson,143.9362,122.2998,131.5350
2010-11-01 11:00:00,Mawson,121.0572,124.4559,135.1486
2010-11-01 12:00:00,Mawson,138.1389,143.9362,134.0826
2010-11-01 13:00:00,Mawson,122.8925,121.0572,130.4242
2010-11-01 14:00:00,Mawson,111.0380,138.1389,129.5971
2010-11-01 15:00:00,Mawson,122.8812,122.8925,127.4282
2010-11-01 16:00:00,Mawson,121.0731,111.0380,130.5627
2010-11-01 17:00:00,Mawson,132.2023,122.8812,138.6508
2010-11-01 18:00:00,Mawson,165.5355,121.0731,139.2158
2010-11-01 19:00:00,Mawson,137.6232,132.2023,137.9639
2010-11-01 20:00:00,Mawson,143.2516,165.5355,133.0670
2010-11-01 21:00:00,Mawson,141.3126,137.6232,130.7392
2010-11-01 22:00:00,Mawson,138.4682,143.2516,127.1726
2010-11-01 23:00:00,Mawson,111.2647,141.3126,125.1073
2010-11-02 00:00:00,Mawson,141.5278,138.4682,123.1369
2010-11-02 01:00:00,Mawson,137.3320,111.2647,124.2104
2010-11-02 02:00:00,Mawson,107.7534,141.5278,125.8039
2010-11-02 03:00:00,Mawson,147.9581,137.3320,128.1246
2010-11-02 04:00:00,Mawson,132.4488,107.7534,129.1777
2010-11-02 05:00:00,Mawson,112.2237,147.9581,130.4347
2010-11-02 06:00:00,Mawson,126.7713,132.4488,130.7245
2010-11-02 07:00:00,Mawson,133.3459,112.2237,130.9704
2010-11-02 08:00:00,Mawson,134.8294,126.7713,130.5564
2010-11-02 09:00:00,Mawson,115.7653,133.3459,130.9458
2010-11-02 10:00:00,Mawson,157.4432,134.8294,132.5905
2010-11-02 11:00:00,Mawson,134.3201,115.7653,135.9368
2010-11-02 12:00:00,Mawson,135.0473,157.4432,137.0260
2010-11-02 13:00:00,Mawson,134.1881,134.3201,133.3626
2010-11-02 14:00:00,Mawson,114.0411,135.0473,131.8477
2010-11-02 15:00:00,Mawson,122.3595,134.1881,131.1440
2010-11-02 16:00:00,Mawson,135.2351,114.0411,134.8574
2010-11-02 17:00:00,Mawson,135.3072,122.3595,141.5872
2010-11-02 18:00:00,Mawson,143.8741,135.2351,143.5644
2010-11-02 19:00:00,Mawson,138.6345,135.3072,142.5757
2010-11-02 20:00:00,Mawson,143.5639,143.8741,135.2723
2010-11-02 21:00:00,Mawson,140.0633,138.6345,133.5084
2010-11-02 22:00:00,Mawson,125.8468,143.5639,130.2340
2010-11-02 23:00:00,Mawson,119.2502,140.0633,127.1359
2010-11-03 00:00:00,Mawson,135.5745,125.8468,125.9215
2010-11-03 01:00:00,Mawson,109.8854,119.2502,126.5682
2010-11-03 02:00:00,Mawson,114.1018,135.5745,126.8037
2010-11-03 03:00:00,Mawson,135.6793,109.8854,125.6016
2010-11-03 04:00:00,Mawson,121.4666,114.1018,128.9960
2010-11-03 05:00:00,Mawson,130.2707,135.6793,128.8539
2010-11-03 06:00:00,Mawson,133.9279,121.4666,130.6948
2010-11-03 07:00:00,Mawson,131.9116,130.2707,131.8186
2010-11-03 08:00:00,Mawson,123.0964,133.9279,132.1363
2010-11-03 09:00:00,Mawson,142.5500,131.9116,132.5937
2010-11-03 10:00:00,Mawson,126.5663,123.0964,132.5765
2010-11-03 11:00:00,Mawson,134.5097,142.5500,137.1042
2010-11-03 12:00:00,Mawson,134.4757,126.5663,134.8938
2010-11-03 13:00:00,Mawson,132.7504,134.5097,133.0045
2010-11-03 14:00:00,Mawson,130.7387,134.4757,131.4552
2010-11-03 15:00:00,Mawson,140.7068,132.7504,130.0145
2010-11-03 16:00:00,Mawson,118.4486,130.7387,135.4302
2010-11-03 17:00:00,Mawson,120.1839,140.7068,141.7378
2010-11-03 18:00:00,Mawson,115.7367,118.4486,142.0970
2010-11-03 19:00:00,Mawson,142.7964,120.1839,139.3942
2010-11-03 20:00:00,Mawson,136.1596,115.7367,133.8572
2010-11-03 21:00:00,Mawson,129.5933,142.7964,131.0822
2010-11-03 22:00:00,Mawson,127.3341,136.1596,127.6122
2010-11-03 23:00:00,Mawson,115.7631,129.5933,123.7822
2010-11-04 00:00:00,Mawson,108.5144,127.3341,123.4226
2010-11-04 01:00:00,Mawson,119.7123,115.7631,122.3880
2010-11-04 02:00:00,Mawson,134.3980,108.5144,122.1347
2010-11-04 03:00:00,Mawson,129.8482,119.7123,125.3431
2010-11-04 04:00:00,Mawson,124.0302,134.3980,126.0017
2010-11-04 05:00:00,Mawson,131.5216,129.8482,127.8434
2010-11-04 06:00:00,Mawson,138.3511,124.0302,129.3342
2010-11-04 07:00:00,Mawson,133.3337,131.5216,131.4235
2010-11-04 08:00:00,Mawson,126.1981,138.3511,131.2772
2010-11-04 09:00:00,Mawson,129.9820,133.3337,129.9353
2010-11-04 10:00:00,Mawson,139.4477,126.1981,131.7584
2010-11-04 11:00:00,Mawson,139.4392,129.9820,133.6656
2010-11-04 12:00:00,Mawson,128.9667,139.4477,135.6521
2010-11-04 13:00:00,Mawson,125.1684,139.4392,131.5551
2010-11-04 14:00:00,Mawson,129.4572,128.9667,129.9286
2010-11-04 15:00:00,Mawson,135.2048,125.1684,130.1252
2010-11-04 16:00:00,Mawson,135.9583,129.4572,131.6655
2010-11-04 17:00:00,Mawson,148.4130,135.2048,139.1508
2010-11-04 18:00:00,Mawson,144.9466,135.9583,142.1566
2010-11-04 19:00:00,Mawson,141.3568,148.4130,141.7475
2010-11-04 20:00:00,Mawson,133.9420,144.9466,136.0350
2010-11-04 21:00:00,Mawson,102.3675,141.3568,132.1345
2010-11-04 22:00:00,Mawson,128.7869,133.9420,127.8423
2010-11-04 23:00:00,Mawson,119.9867,102.3675,124.5876
2010-11-05 00:00:00,Mawson,133.0620,128.7869,125.4970
2010-11-05 01:00:00,Mawson,109.0055,119.9867,124.5639
2010-11-05 02:00:00,Mawson,138.1566,133.0620,125.3373
2010-11-05 03:00:00,Mawson,131.4525,109.0055,127.4613
2010-11-05 04:00:00,Mawson,123.1330,138.1566,129.1183
2010-11-05 05:00:00,Mawson,120.4513,131.4525,130.0491
2010-11-05 06:00:00,Mawson,134.2540,123.1330,131.2962
2010-11-05 07:00:00,Mawson,145.4383,120.4513,131.1751
2010-11-05 08:00:00,Mawson,126.6807,134.2540,131.5315
2010-11-05 09:00:00,Mawson,124.9374,145.4383,131.0683
2010-11-05 10:00:00,Mawson,118.7097,126.6807,133.2134
2010-11-05 11:00:00,Mawson,125.9789,124.9374,135.9281
2010-11-05 12:00:00,Mawson,132.6234,118.7097,136.0323
2010-11-05 13:00:00,Mawson,121.2141,125.9789,132.4792
2010-11-05 14:00:00,Mawson,127.4664,132.6234,129.5238
2010-11-05 15:00:00,Mawson,128.3873,121.2141,130.3362
2010-11-05 16:00:00,Mawson,147.7869,127.4664,132.6844
2010-11-05 17:00:00,Mawson,140.7059,128.3873,141.1165
2010-11-05 18:00:00,Mawson,139.7283,147.7869,142.4398
2010-11-05 19:00:00,Mawson,141.3784,140.7059,140.7729
2010-11-05 20:00:00,Mawson,120.7903,139.7283,134.1721
2010-11-05 21:00:00,Mawson,154.7152,141.3784,130.8317
2010-11-05 22:00:00,Mawson,128.6438,120.7903,127.4180
2010-11-05 23:00:00,Mawson,115.9602,154.7152,127.2431
2010-11-06 00:00:00,Mawson,131.6238,128.6438,124.8656
2010-11-06 01:00:00,Mawson,110.3481,115.9602,126.8797
2010-11-06 02:00:00,Mawson,123.5224,131.6238,125.0740
2010-11-06 03:00:00,Mawson,114.1607,110.3481,128.1286
2010-11-06 04:00:00,Mawson,128.8326,123.5224,128.6250
2010-11-06 05:00:00,Mawson,131.6873,114.1607,129.2890
2010-11-06 06:00:00,Mawson,135.4842,128.8326,131.1374
2010-11-06 07:00:00,Mawson,138.0139,131.6873,131.8585
2010-11-06 08:00:00,Mawson,143.4178,135.4842,131.1967
2010-11-06 09:00:00,Mawson,136.3198,138.0139,131.3266
2010-11-06 10:00:00,Mawson,132.2844,143.4178,133.4857
2010-11-06 11:00:00,Mawson,122.3065,136.3198,136.5618
2010-11-06 12:00:00,Mawson,130.9358,132.2844,134.7438
2010-11-06 13:00:00,Mawson,141.4293,122.3065,133.4254
2010-11-06 14:00:00,Mawson,129.8336,130.9358,131.3522
2010-11-06 15:00:00,Mawson,134.9472,141.4293,131.1533
2010-11-06 16:00:00,Mawson,123.6104,129.8336,135.4457
2010-11-06 17:00:00,Mawson,142.6408,134.9472,141.7184
2010-11-06 18:00:00,Mawson,142.0637,123.6104,142.9976
2010-11-06 19:00:00,Mawson,146.5224,142.6408,142.3380
2010-11-06 20:00:00,Mawson,141.4207,142.0637,135.9051
2010-11-06 21:00:00,Mawson,125.2161,146.5224,131.8097
2010-11-06 22:00:00,Mawson,126.5083,141.4207,129.7009
2010-11-06 23:00:00,Mawson,117.6745,125.2161,126.5903
2010-11-07 00:00:00,Mawson,118.8029,126.5083,125.5145
2010-11-07 01:00:00,Mawson,129.3259,117.6745,125.4494
2010-11-07 02:00:00,Mawson,130.4515,118.8029,125.5544
2010-11-07 03:00:00,Mawson,142.6974,129.3259,127.0232
2010-11-07 04:00:00,Mawson,135.5340,130.4515,129.7516
2010-11-07 05:00:00,Mawson,142.8826,142.6974,130.8103
2010-11-07 06:00:00,Mawson,140.0991,135.5340,132.6610
2010-11-07 07:00:00,Mawson,140.3523,142.8826,133.7304
2010-11-07 08:00:00,Mawson,127.7552,140.0991,133.3894
2010-11-07 09:00:00,Mawson,123.2708,140.3523,132.0051
2010-11-07 10:00:00,Mawson,130.0180,127.7552,134.4669
2010-11-07 11:00:00,Mawson,131.6236,123.2708,137.1459
2010-11-07 12:00:00,Mawson,120.6578,130.0180,136.0450
2010-11-07 13:00:00,Mawson,127.0453,131.6236,132.3018
2010-11-07 14:00:00,Mawson,131.1011,120.6578,130.4963
2010-11-07 15:00:00,Mawson,138.7264,127.0453,131.0171
2010-11-07 16:00:00,Mawson,139.3752,131.1011,135.2124
2010-11-07 17:00:00,Mawson,140.2280,138.7264,141.3192
2010-11-07 18:00:00,Mawson,145.0808,139.3752,145.6466
2010-11-07 19:00:00,Mawson,125.5259,140.2280,143.1486
2010-11-07 20:00:00,Mawson,124.5620,145.0808,135.7003
2010-11-07 21:00:00,Mawson,168.3376,125.5259,132.6669
2010-11-07 22:00:00,Mawson,124.8352,124.5620,128.7919
2010-11-07 23:00:00,Mawson,142.5263,168.3376,127.8669
2010-11-08 00:00:00,Mawson,143.6943,124.8352,127.4381
2010-11-08 01:00:00,Mawson,124.5359,142.5263,128.0726
2010-11-08 02:00:00,Mawson,126.8955,143.6943,127.8579
2010-11-08 03:00:00,Mawson,126.5651,124.5359,130.8402
2010-11-08 04:00:00,Mawson,144.6556,126.8955,131.4395
2010-11-08 05:00:00,Mawson,114.6385,126.5651,131.7691
2010-11-08 06:00:00,Mawson,124.4720,144.6556,132.6235
2010-11-08 07:00:00,Mawson,133.4490,114.6385,131.6675
2010-11-08 08:00:00,Mawson,135.8431,124.4720,130.8160
2010-11-08 09:00:00,Mawson,131.6188,133.4490,131.2310
2010-11-08 10:00:00,Mawson,137.9078,135.8431,133.6270
2010-11-08 11:00:00,Mawson,135.4409,131.6188,138.0458
2010-11-08 12:00:00,Mawson,128.5844,137.9078,135.5597
2010-11-08 13:00:00,Mawson,133.2950,135.4409,135.3975
2010-11-08 14:00:00,Mawson,123.7818,128.5844,132.0114
2010-11-08 15:00:00,Mawson,122.5784,133.2950,132.1913
2010-11-08 16:00:00,Mawson,130.0619,123.7818,135.3035
2010-11-08 17:00:00,Mawson,131.8170,122.5784,141.3108
2010-11-08 18:00:00,Mawson,154.3899,130.0619,143.1703
2010-11-08 19:00:00,Mawson,154.5610,131.8170,141.6147
2010-11-08 20:00:00,Mawson,136.8549,154.3899,137.4692
2010-11-08 21:00:00,Mawson,145.9750,154.5610,136.1167
2010-11-08 22:00:00,Mawson,127.1463,136.8549,130.7625
2010-11-08 23:00:00,Mawson,131.4734,145.9750,128.4536
2010-11-09 00:00:00,Mawson,142.9437,127.1463,126.6848
2010-11-09 01:00:00,Mawson,128.1725,131.4734,127.9170
2010-11-09 02:00:00,Mawson,133.8895,142.9437,127.0355
2010-11-09 03:00:00,Mawson,125.4468,128.1725,129.1712
2010-11-09 04:00:00,Mawson,145.2124,133.8895,131.1560
2010-11-09 05:00:00,Mawson,123.1192,125.4468,131.3944
2010-11-09 06:00:00,Mawson,135.6862,145.2124,132.7259
2010-11-09 07:00:00,Mawson,144.0695,123.1192,133.2282
2010-11-09 08:00:00,Mawson,113.3702,135.6862,134.6718
2010-11-09 09:00:00,Mawson,141.0190,144.0695,134.5251
2010-11-09 10:00:00,Mawson,142.0944,113.3702,133.9992
2010-11-09 11:00:00,Mawson,141.1459,141.0190,139.9126
2010-11-09 12:00:00,Mawson,133.6651,142.0944,139.5410
2010-11-09 13:00:00,Mawson,133.0752,141.1459,136.5326
2010-11-09 14:00:00,Mawson,134.0687,133.6651,134.0495
2010-11-09 15:00:00,Mawson,127.9594,133.0752,132.2343
2010-11-09 16:00:00,Mawson,160.0477,134.0687,137.0717
2010-11-09 17:00:00,Mawson,126.4808,127.9594,145.5833
2010-11-09 18:00:00,Mawson,132.4034,160.0477,147.8234
2010-11-09 19:00:00,Mawson,135.2031,126.4808,143.3758
2010-11-09 20:00:00,Mawson,145.6936,132.4034,137.6662
2010-11-09 21:00:00,Mawson,140.9312,135.2031,135.7860
2010-11-09 22:00:00,Mawson,129.0681,145.6936,131.5378
2010-11-09 23:00:00,Mawson,124.1443,140.9312,128.3750
2010-11-10 00:00:00,Mawson,130.3722,129.0681,127.3984
2010-11-10 01:00:00,Mawson,120.7298,124.1443,127.9632
2010-11-10 02:00:00,Mawson,115.2774,130.3722,127.3160
2010-11-10 03:00:00,Mawson,141.8975,120.7298,127.0743
2010-11-10 04:00:00,Mawson,126.9070,115.2774,130.8576
2010-11-10 05:00:00,Mawson,134.3657,141.8975,129.5316
2010-11-10 06:00:00,Mawson,138.8896,126.9070,132.5144
2010-11-10 07:00:00,Mawson,130.0523,134.3657,134.2155
2010-11-10 08:00:00,Mawson,129.4364,138.8896,132.8846
2010-11-10 09:00:00,Mawson,154.6937,130.0523,132.9802
2010-11-10 10:00:00,Mawson,134.9633,129.4364,137.4955
2010-11-10 11:00:00,Mawson,139.4656,154.6937,138.3195
2010-11-10 12:00:00,Mawson,156.5028,134.9633,138.5916
2010-11-10 13:00:00,Mawson,139.0289,139.4656,136.7162
2010-11-10 14:00:00,Mawson,130.5644,156.5028,134.4919
2010-11-10 15:00:00,Mawson,103.6116,139.0289,133.9753
2010-11-10 16:00:00,Mawson,131.9566,130.5644,138.7629
2010-11-10 17:00:00,Mawson,153.3641,103.6116,140.7955
2010-11-10 18:00:00,Mawson,145.1961,131.9566,143.9464
2010-11-10 19:00:00,Mawson,140.1136,153.3641,142.4206
2010-11-10 20:00:00,Mawson,145.3894,145.1961,137.1804
2010-11-10 21:00:00,Mawson,143.1250,140.1136,135.9090
2010-11-10 22:00:00,Mawson,125.2128,145.3894,131.1171
2010-11-10 23:00:00,Mawson,126.0004,143.1250,127.7539
2010-11-11 00:00:00,Mawson,114.3715,125.2128,126.8740
2010-11-11 01:00:00,Mawson,119.2081,126.0004,126.9743
2010-11-11 02:00:00,Mawson,120.4168,114.3715,126.8129
2010-11-11 03:00:00,Mawson,133.8590,119.2081,128.5018
2010-11-11 04:00:00,Mawson,125.7153,120.4168,131.1023
2010-11-11 05:00:00,Mawson,132.7821,133.8590,130.5864
2010-11-11 06:00:00,Mawson,128.6394,125.7153,133.7090
2010-11-11 07:00:00,Mawson,110.9839,132.7821,132.5250
2010-11-11 08:00:00,Mawson,145.3905,128.6394,131.7613
2010-11-11 09:00:00,Mawson,135.5746,110.9839,131.9282
2010-11-11 10:00:00,Mawson,133.8949,145.3905,134.8797
2010-11-11 11:00:00,Mawson,151.1120,135.5746,136.4441
2010-11-11 12:00:00,Mawson,125.4399,133.8949,137.2230
2010-11-11 13:00:00,Mawson,139.7379,151.1120,133.2704
2010-11-11 14:00:00,Mawson,131.6563,125.4399,131.4385
2010-11-11 15:00:00,Mawson,147.1677,139.7379,131.5172
2010-11-11 16:00:00,Mawson,151.0040,131.6563,136.2071
2010-11-11 17:00:00,Mawson,127.3675,147.1677,144.2812
2010-11-11 18:00:00,Mawson,128.4361,151.0040,146.2083
2010-11-11 19:00:00,Mawson,140.2643,127.3675,142.3762
2010-11-11 20:00:00,Mawson,135.4656,128.4361,135.9907
2010-11-11 21:00:00,Mawson,148.3536,140.2643,133.7261
2010-11-11 22:00:00,Mawson,134.5403,135.4656,129.2094
2010-11-11 23:00:00,Mawson,122.1296,148.3536,126.3073
2010-11-12 00:00:00,Mawson,132.4174,134.5403,125.9138
2010-11-12 01:00:00,Mawson,131.1712,122.1296,125.9639
2010-11-12 02:00:00,Mawson,122.2985,132.4174,127.7945
2010-11-12 03:00:00,Mawson,115.1650,131.1712,129.9728
2010-11-12 04:00:00,Mawson,134.0399,122.2985,130.0309
2010-11-12 05:00:00,Mawson,131.2201,115.1650,129.4423
2010-11-12 06:00:00,Mawson,140.7246,134.0399,131.7892
2010-11-12 07:00:00,Mawson,131.7313,131.2201,133.9966
2010-11-12 08:00:00,Mawson,120.9623,140.7246,133.8290
2010-11-12 09:00:00,Mawson,133.4397,131.7313,132.3264
2010-11-12 10:00:00,Mawson,123.4238,120.9623,134.0056
2010-11-12 11:00:00,Mawson,131.4217,133.4397,135.0573
2010-11-12 12:00:00,Mawson,152.4495,123.4238,135.9493
2010-11-12 13:00:00,Mawson,130.8574,131.4217,133.5721
2010-11-12 14:00:00,Mawson,122.0782,152.4495,131.2574
2010-11-12 15:00:00,Mawson,113.7094,130.8574,130.6637
2010-11-12 16:00:00,Mawson,128.1431,122.0782,135.6494
2010-11-12 17:00:00,Mawson,133.9989,113.7094,142.0196
2010-11-12 18:00:00,Mawson,150.2060,128.1431,142.5742
2010-11-12 19:00:00,Mawson,142.4564,133.9989,141.6653
2010-11-12 20:00:00,Mawson,138.9904,150.2060,135.2583
2010-11-12 21:00:00,Mawson,130.0639,142.4564,130.8198
2010-11-12 22:00:00,Mawson,125.7258,138.9904,129.6312
2010-11-12 23:00:00,Mawson,141.0949,130.0639,125.8104
2010-11-13 00:00:00,Mawson,135.4490,125.7258,125.6254
2010-11-13 01:00:00,Mawson,109.6548,141.0949,126.3096
2010-11-13 02:00:00,Mawson,123.3186,135.4490,126.4706
2010-11-13 03:00:00,Mawson,127.1208,109.6548,126.8535
2010-11-13 04:00:00,Mawson,125.4684,123.3186,128.5648
2010-11-13 05:00:00,Mawson,143.7764,127.1208,129.6484
2010-11-13 06:00:00,Mawson,144.7485,125.4684,132.2182
2010-11-13 07:00:00,Mawson,123.4804,143.7764,132.1453
2010-11-13 08:00:00,Mawson,133.3847,144.7485,132.3591
2010-11-13 09:00:00,Mawson,112.1462,123.4804,131.9438
2010-11-13 10:00:00,Mawson,141.4999,133.3847,134.3770
2010-11-13 11:00:00,Mawson,133.8372,112.1462,135.5959
2010-11-13 12:00:00,Mawson,146.8144,141.4999,134.8545
2010-11-13 13:00:00,Mawson,135.3451,133.8372,133.9905
2010-11-13 14:00:00,Mawson,124.2822,146.8144,131.4200
2010-11-13 15:00:00,Mawson,134.3466,135.3451,130.5831
2010-11-13 16:00:00,Mawson,134.9537,124.2822,135.8749
2010-11-13 17:00:00,Mawson,133.6221,134.3466,141.5681
2010-11-13 18:00:00,Mawson,130.4566,134.9537,145.0697
2010-11-13 19:00:00,Mawson,147.4765,133.6221,142.5966
2010-11-13 20:00:00,Mawson,136.2440,130.4566,135.6788
2010-11-13 21:00:00,Mawson,137.4177,147.4765,133.9707
2010-11-13 22:00:00,Mawson,131.2172,136.2440,128.2763
2010-11-13 23:00:00,Mawson,122.4880,137.4177,126.3824
2010-11-14 00:00:00,Mawson,127.6647,131.2172,126.6013
2010-11-14 01:00:00,Mawson,128.0809,122.4880,125.7482
2010-11-14 02:00:00,Mawson,102.4927,127.6647,126.1100
2010-11-14 03:00:00,Mawson,116.3352,128.0809,127.7609
2010-11-14 04:00:00,Mawson,140.2304,102.4927,128.5802
2010-11-14 05:00:00,Mawson,121.9674,116.3352,129.4807
2010-11-14 06:00:00,Mawson,130.2413,140.2304,131.8966
2010-11-14 07:00:00,Mawson,116.9970,121.9674,131.9447
2010-11-14 08:00:00,Mawson,110.4495,130.2413,131.6271
2010-11-14 09:00:00,Mawson,121.9098,116.9970,128.6958
2010-11-14 10:00:00,Mawson,133.2174,110.4495,131.5665
2010-11-14 11:00:00,Mawson,133.6517,121.9098,134.0662
2010-11-14 12:00:00,Mawson,137.9402,133.2174,133.8098
2010-11-14 13:00:00,Mawson,133.5655,133.6517,131.0153
2010-11-14 14:00:00,Mawson,130.1805,137.9402,128.9177
2010-11-14 15:00:00,Mawson,137.4244,133.5655,129.1542
2010-11-14 16:00:00,Mawson,124.2875,130.1805,133.6617
2010-11-14 17:00:00,Mawson,141.1452,137.4244,140.1494
2010-11-14 18:00:00,Mawson,151.8231,124.2875,142.2115
2010-11-14 19:00:00,Mawson,158.3501,141.1452,141.4552
2010-11-14 20:00:00,Mawson,144.3790,151.8231,135.1821
2010-11-14 21:00:00,Mawson,134.0823,158.3501,133.2996
2010-11-14 22:00:00,Mawson,136.3220,144.3790,129.8190
2010-11-14 23:00:00,Mawson,131.9969,134.0823,126.0844
2010-11-15 00:00:00,Mawson,121.8124,136.3220,126.9585
2010-11-15 01:00:00,Mawson,122.9793,131.9969,126.3238
2010-11-15 02:00:00,Mawson,111.4472,121.8124,125.6942
2010-11-15 03:00:00,Mawson,138.4015,122.9793,126.8718
2010-11-15 04:00:00,Mawson,127.5072,111.4472,129.8281
2010-11-15 05:00:00,Mawson,129.3066,138.4015,130.2708
2010-11-15 06:00:00,Mawson,132.0030,127.5072,130.2775
2010-11-15 07:00:00,Mawson,115.3439,129.3066,130.7256
2010-11-15 08:00:00,Mawson,119.0582,132.0030,131.2667
2010-11-15 09:00:00,Mawson,144.9598,115.3439,130.9211
2010-11-15 10:00:00,Mawson,130.7612,119.0582,133.3867
2010-11-15 11:00:00,Mawson,137.3857,144.9598,136.5467
2010-11-15 12:00:00,Mawson,151.9782,130.7612,137.0280
2010-11-15 13:00:00,Mawson,122.6367,137.3857,134.1794
2010-11-15 14:00:00,Mawson,127.1582,151.9782,132.2680
2010-11-15 15:00:00,Mawson,134.6731,122.6367,131.3414
2010-11-15 16:00:00,Mawson,127.2702,127.1582,136.1065
2010-11-15 17:00:00,Mawson,147.4283,134.6731,141.8759
2010-11-15 18:00:00,Mawson,140.9110,127.2702,144.9151
2010-11-15 19:00:00,Mawson,135.6783,147.4283,142.9907
2010-11-15 20:00:00,Mawson,122.2565,140.9110,135.8232
2010-11-15 21:00:00,Mawson,125.7866,135.6783,132.5472
2010-11-15 22:00:00,Mawson,136.6394,122.2565,128.7470
2010-11-15 23:00:00,Mawson,122.3381,125.7866,126.0315
2010-11-16 00:00:00,Mawson,110.5032,136.6394,126.2426
2010-11-16 01:00:00,Mawson,124.1456,122.3381,124.3389
2010-11-16 02:00:00,Mawson,130.1086,110.5032,124.2522
2010-11-16 03:00:00,Mawson,135.0555,124.1456,126.7805
2010-11-16 04:00:00,Mawson,128.4755,130.1086,129.4387
2010-11-16 05:00:00,Mawson,130.8413,135.0555,130.3032
2010-11-16 06:00:00,Mawson,154.2120,128.4755,130.8310
2010-11-16 07:00:00,Mawson,143.6597,130.8413,132.3144
2010-11-16 08:00:00,Mawson,135.4249,154.2120,133.3109
2010-11-16 09:00:00,Mawson,150.3968,143.6597,131.3428
2010-11-16 10:00:00,Mawson,141.2182,135.4249,136.4674
2010-11-16 11:00:00,Mawson,136.1650,150.3968,140.3333
2010-11-16 12:00:00,Mawson,134.0170,141.2182,139.2664
2010-11-16 13:00:00,Mawson,128.0758,136.1650,135.2904
2010-11-16 14:00:00,Mawson,140.9003,134.0170,132.2357
2010-11-16 15:00:00,Mawson,130.9032,128.0758,133.7650
2010-11-16 16:00:00,Mawson,151.3111,140.9003,135.5665
2010-11-16 17:00:00,Mawson,142.3704,130.9032,144.0776
2010-11-16 18:00:00,Mawson,152.4049,151.3111,145.5634
2010-11-16 19:00:00,Mawson,153.1777,142.3704,144.5107
2010-11-16 20:00:00,Mawson,127.6325,152.4049,138.3026
2010-11-16 21:00:00,Mawson,134.3880,153.1777,137.4216
2010-11-16 22:00:00,Mawson,115.6595,127.6325,131.5363
2010-11-16 23:00:00,Mawson,122.1307,134.3880,128.9153
2010-11-17 00:00:00,Mawson,128.1735,115.6595,127.3524
2010-11-17 01:00:00,Mawson,132.5242,122.1307,127.3122
2010-11-17 02:00:00,Mawson,116.5000,128.1735,127.1502
2010-11-17 03:00:00,Mawson,126.6531,132.5242,128.8543
2010-11-17 04:00:00,Mawson,138.6469,116.5000,131.3144
2010-11-17 05:00:00,Mawson,139.4076,126.6531,131.5543
2010-11-17 06:00:00,Mawson,127.6679,138.6469,134.8063
2010-11-17 07:00:00,Mawson,130.2314,139.4076,134.3397
2010-11-17 08:00:00,Mawson,137.2016,127.6679,133.8015
2010-11-17 09:00:00,Mawson,137.9884,130.2314,133.4741
2010-11-17 10:00:00,Mawson,134.3820,137.2016,137.6060
2010-11-17 11:00:00,Mawson,146.6640,137.9884,138.8763
2010-11-17 12:00:00,Mawson,134.2133,134.3820,138.6848
2010-11-17 13:00:00,Mawson,143.3389,146.6640,135.9198
2010-11-17 14:00:00,Mawson,126.0026,134.2133,133.9482
2010-11-17 15:00:00,Mawson,132.3111,143.3389,134.0296
2010-11-17 16:00:00,Mawson,143.7145,126.0026,135.9995
2010-11-17 17:00:00,Mawson,137.5542,132.3111,144.0416
2010-11-17 18:00:00,Mawson,169.4438,143.7145,146.7503
2010-11-17 19:00:00,Mawson,133.4062,137.5542,146.1613
2010-11-17 20:00:00,Mawson,122.2588,169.4438,138.3354
2010-11-17 21:00:00,Mawson,135.3771,133.4062,134.2992
2010-11-17 22:00:00,Mawson,127.6708,122.2588,130.1319
2010-11-17 23:00:00,Mawson,120.5838,135.3771,128.5324
2010-11-18 00:00:00,Mawson,126.0817,127.6708,126.7374
2010-11-18 01:00:00,Mawson,128.0523,120.5838,126.6069
2010-11-18 02:00:00,Mawson,131.8152,126.0817,126.9321
2010-11-18 03:00:00,Mawson,127.6952,128.0523,128.5258
2010-11-18 04:00:00,Mawson,121.8970,131.8152,131.0899
2010-11-18 05:00:00,Mawson,121.3751,127.6952,130.8363
2010-11-18 06:00:00,Mawson,148.2314,121.8970,132.2273
2010-11-18 07:00:00,Mawson,141.2688,121.3751,133.2243
2010-11-18 08:00:00,Mawson,110.6848,148.2314,132.8944
2010-11-18 09:00:00,Mawson,134.9816,141.2688,133.5580
2010-11-18 10:00:00,Mawson,139.2547,110.6848,134.8474
2010-11-18 11:00:00,Mawson,125.8890,134.9816,137.1786
2010-11-18 12:00:00,Mawson,138.8988,139.2547,137.2396
2010-11-18 13:00:00,Mawson,123.4359,125.8890,132.5357
2010-11-18 14:00:00,Mawson,126.7460,138.8988,131.5992
2010-11-18 15:00:00,Mawson,116.3825,123.4359,130.8777
2010-11-18 16:00:00,Mawson,123.5783,126.7460,134.9719
2010-11-18 17:00:00,Mawson,139.8581,116.3825,140.8882
2010-11-18 18:00:00,Mawson,139.3031,123.5783,142.4446
2010-11-18 19:00:00,Mawson,130.0385,139.8581,141.1359
2010-11-18 20:00:00,Mawson,130.8798,139.3031,132.8937
2010-11-18 21:00:00,Mawson,126.4086,130.0385,131.6279
2010-11-18 22:00:00,Mawson,125.6280,130.8798,127.9337
2010-11-18 23:00:00,Mawson,142.6497,126.4086,124.8330
2010-11-19 00:00:00,Mawson,114.9728,125.6280,124.7718
2010-11-19 01:00:00,Mawson,120.3278,142.6497,124.8767
2010-11-19 02:00:00,Mawson,126.6291,114.9728,124.7278
2010-11-19 03:00:00,Mawson,142.3284,120.3278,125.0739
2010-11-19 04:00:00,Mawson,129.6846,126.6291,128.8828
2010-11-19 05:00:00,Mawson,124.8916,142.3284,130.1727
2010-11-19 06:00:00,Mawson,137.8888,129.6846,131.2791
2010-11-19 07:00:00,Mawson,129.6933,124.8916,132.4986
2010-11-19 08:00:00,Mawson,144.3704,137.8888,131.2178
2010-11-19 09:00:00,Mawson,130.1194,129.6933,130.8497
2010-11-19 10:00:00,Mawson,166.8356,144.3704,134.4331
2010-11-19 11:00:00,Mawson,125.6982,130.1194,136.5127
2010-11-19 12:00:00,Mawson,145.5943,166.8356,136.2039
2010-11-19 13:00:00,Mawson,127.2994,125.6982,134.7052
2010-11-19 14:00:00,Mawson,119.5366,145.5943,131.5367
2010-11-19 15:00:00,Mawson,121.3365,127.2994,130.8834
2010-11-19 16:00:00,Mawson,145.0498,119.5366,134.3578
2010-11-19 17:00:00,Mawson,128.6964,121.3365,140.8069
2010-11-19 18:00:00,Mawson,132.3027,145.0498,143.8657
2010-11-19 19:00:00,Mawson,138.8433,128.6964,141.8326
2010-11-19 20:00:00,Mawson,122.8972,132.3027,135.2076
2010-11-19 21:00:00,Mawson,141.7616,138.8433,132.7339
2010-11-19 22:00:00,Mawson,119.7080,122.8972,127.9557
2010-11-19 23:00:00,Mawson,137.7259,141.7616,126.2153
2010-11-20 00:00:00,Mawson,122.8772,119.7080,127.0479
2010-11-20 01:00:00,Mawson,116.0759,137.7259,126.1480
2010-11-20 02:00:00,Mawson,128.9690,122.8772,125.5463
2010-11-20 03:00:00,Mawson,130.2115,116.0759,127.2901
2010-11-20 04:00:00,Mawson,127.0438,128.9690,129.9093
2010-11-20 05:00:00,Mawson,115.7355,130.2115,130.0913
2010-11-20 06:00:00,Mawson,121.6048,127.0438,131.6162
2010-11-20 07:00:00,Mawson,125.6493,115.7355,131.2029
2010-11-20 08:00:00,Mawson,124.7960,121.6048,130.8024
2010-11-20 09:00:00,Mawson,133.3678,125.6493,132.1609
2010-11-20 10:00:00,Mawson,135.4658,124.7960,131.8372
2010-11-20 11:00:00,Mawson,138.2606,133.3678,135.7276
2010-11-20 12:00:00,Mawson,144.5980,135.4658,134.1695
2010-11-20 13:00:00,Mawson,139.3868,138.2606,132.3403
2010-11-20 14:00:00,Mawson,128.9369,144.5980,131.3225
2010-11-20 15:00:00,Mawson,135.6439,139.3868,130.7124
2010-11-20 16:00:00,Mawson,127.4670,128.9369,135.0070
2010-11-20 17:00:00,Mawson,152.0979,135.6439,142.5458
2010-11-20 18:00:00,Mawson,146.9675,127.4670,143.1327
2010-11-20 19:00:00,Mawson,122.9678,152.0979,142.2206
2010-11-20 20:00:00,Mawson,126.3102,146.9675,135.4079
2010-11-20 21:00:00,Mawson,132.2339,122.9678,132.7777
2010-11-20 22:00:00,Mawson,130.9212,126.3102,129.0999
2010-11-20 23:00:00,Mawson,122.8955,132.2339,125.4921
2010-11-21 00:00:00,Mawson,122.6205,130.9212,126.0706
2010-11-21 01:00:00,Mawson,123.8543,122.8955,124.6603
2010-11-21 02:00:00,Mawson,130.4289,122.6205,124.9777
2010-11-21 03:00:00,Mawson,145.8222,123.8543,126.9726
2010-11-21 04:00:00,Mawson,127.1172,130.4289,129.5256
2010-11-21 05:00:00,Mawson,127.2573,145.8222,130.7963
2010-11-21 06:00:00,Mawson,127.2600,127.1172,131.0514
2010-11-21 07:00:00,Mawson,144.7491,127.2573,131.4869
2010-11-21 08:00:00,Mawson,124.5449,127.2600,130.9643
2010-11-21 09:00:00,Mawson,117.4190,144.7491,130.9401
2010-11-21 10:00:00,Mawson,123.4631,124.5449,133.0018
2010-11-21 11:00:00,Mawson,124.9630,117.4190,135.4857
2010-11-21 12:00:00,Mawson,120.1825,123.4631,135.4436
2010-11-21 13:00:00,Mawson,117.4163,124.9630,133.1941
2010-11-21 14:00:00,Mawson,124.9423,120.1825,130.4806
2010-11-21 15:00:00,Mawson,120.8352,117.4163,128.2384
2010-11-21 16:00:00,Mawson,144.6539,124.9423,132.5293
2010-11-21 17:00:00,Mawson,141.0119,120.8352,138.7258
2010-11-21 18:00:00,Mawson,141.9410,144.6539,142.9318
2010-11-21 19:00:00,Mawson,144.9994,141.0119,140.5193
2010-11-21 20:00:00,Mawson,134.0194,141.9410,134.2775
2010-11-21 21:00:00,Mawson,149.0311,144.9994,132.0807
2010-11-21 22:00:00,Mawson,138.6113,134.0194,128.5465
2010-11-21 23:00:00,Mawson,122.5430,149.0311,126.3777
2010-11-22 00:00:00,Mawson,128.7770,138.6113,125.8738
2010-11-22 01:00:00,Mawson,134.3079,122.5430,126.0770
2010-11-22 02:00:00,Mawson,130.0686,128.7770,126.4170
2010-11-22 03:00:00,Mawson,129.5229,134.3079,128.9652
2010-11-22 04:00:00,Mawson,129.3091,130.0686,130.2579
2010-11-22 05:00:00,Mawson,114.2357,129.5229,130.0550
2010-11-22 06:00:00,Mawson,136.3582,129.3091,131.4193
2010-11-22 07:00:00,Mawson,137.8304,114.2357,131.7677
2010-11-22 08:00:00,Mawson,131.9851,136.3582,131.3433
2010-11-22 09:00:00,Mawson,127.9153,137.8304,131.0520
2010-11-22 10:00:00,Mawson,134.1039,131.9851,134.0742
2010-11-22 11:00:00,Mawson,153.6169,127.9153,136.1341
2010-11-22 12:00:00,Mawson,130.2477,134.1039,137.1074
2010-11-22 13:00:00,Mawson,128.4347,153.6169,134.5408
2010-11-22 14:00:00,Mawson,121.4726,130.2477,131.3842
2010-11-22 15:00:00,Mawson,133.0647,128.4347,131.1806
2010-11-22 16:00:00,Mawson,134.4086,121.4726,136.8378
2010-11-22 17:00:00,Mawson,162.1627,133.0647,141.7253
2010-11-22 18:00:00,Mawson,140.2674,134.4086,147.2914
2010-11-22 19:00:00,Mawson,163.7336,162.1627,144.6795
2010-11-22 20:00:00,Mawson,143.5061,140.2674,137.8904
2010-11-22 21:00:00,Mawson,130.9442,163.7336,135.0786
2010-11-22 22:00:00,Mawson,139.1092,143.5061,131.1708
2010-11-22 23:00:00,Mawson,129.7852,130.9442,129.4662
2010-11-23 00:00:00,Mawson,139.1658,139.1092,127.3652
2010-11-23 01:00:00,Mawson,138.3209,129.7852,127.1313
2010-11-23 02:00:00,Mawson,119.7196,139.1658,127.7665
2010-11-23 03:00:00,Mawson,152.9921,138.3209,130.2029
2010-11-23 04:00:00,Mawson,140.9783,119.7196,132.8364
2010-11-23 05:00:00,Mawson,129.1688,152.9921,133.9810
2010-11-23 06:00:00,Mawson,130.4238,140.9783,136.1492
2010-11-23 07:00:00,Mawson,131.2941,129.1688,136.9648
2010-11-23 08:00:00,Mawson,123.3851,130.4238,136.3833
2010-11-23 09:00:00,Mawson,110.7517,131.2941,135.0860
2010-11-23 10:00:00,Mawson,126.1202,123.3851,137.2408
2010-11-23 11:00:00,Mawson,132.9089,110.7517,138.9816
2010-11-23 12:00:00,Mawson,130.5005,126.1202,139.0146
2010-11-23 13:00:00,Mawson,142.3835,132.9089,134.7341
2010-11-23 14:00:00,Mawson,132.9463,130.5005,132.1635
2010-11-23 15:00:00,Mawson,124.9832,142.3835,133.2514
2010-11-23 16:00:00,Mawson,131.0781,132.9463,136.8976
2010-11-23 17:00:00,Mawson,125.7362,124.9832,143.3819
2010-11-23 18:00:00,Mawson,152.9628,131.0781,145.1379
2010-11-23 19:00:00,Mawson,158.4428,125.7362,143.9882
2010-11-23 20:00:00,Mawson,162.6393,152.9628,137.8957
2010-11-23 21:00:00,Mawson,131.3736,158.4428,136.0954
2010-11-23 22:00:00,Mawson,126.2251,162.6393,131.8452
2010-11-23 23:00:00,Mawson,115.4570,131.3736,128.9605
2010-11-24 00:00:00,Mawson,113.3698,126.2251,126.7500
2010-11-24 01:00:00,Mawson,125.2309,115.4570,126.4492
2010-11-24 02:00:00,Mawson,127.2528,113.3698,126.3266
2010-11-24 03:00:00,Mawson,122.5767,125.2309,126.8920
2010-11-24 04:00:00,Mawson,108.0204,127.2528,129.7244
2010-11-24 05:00:00,Mawson,129.1983,122.5767,129.9333
2010-11-24 06:00:00,Mawson,120.1736,108.0204,131.2196
2010-11-24 07:00:00,Mawson,146.0748,129.1983,130.2031
2010-11-24 08:00:00,Mawson,129.4405,120.1736,130.8206
2010-11-24 09:00:00,Mawson,131.6465,146.0748,131.2516
2010-11-24 10:00:00,Mawson,143.6325,129.4405,133.4904
2010-11-24 11:00:00,Mawson,115.5465,131.6465,136.6200
2010-11-24 12:00:00,Mawson,116.5825,143.6325,136.3078
2010-11-24 13:00:00,Mawson,159.1801,115.5465,132.9577
2010-11-24 14:00:00,Mawson,119.7254,116.5825,131.7489
2010-11-24 15:00:00,Mawson,132.6095,159.1801,131.2668
2010-11-24 16:00:00,Mawson,129.8949,119.7254,134.8363
2010-11-24 17:00:00,Mawson,137.5356,132.6095,142.2722
2010-11-24 18:00:00,Mawson,145.2679,129.8949,142.9360
2010-11-24 19:00:00,Mawson,141.1856,137.5356,142.2331
2010-11-24 20:00:00,Mawson,134.8442,145.2679,135.8367
2010-11-24 21:00:00,Mawson,127.9099,141.1856,132.6834
2010-11-24 22:00:00,Mawson,145.6282,134.8442,127.4865
2010-11-24 23:00:00,Mawson,117.3515,127.9099,125.6986
2010-11-25 00:00:00,Mawson,137.8667,145.6282,124.6236
2010-11-25 01:00:00,Mawson,132.7936,117.3515,125.5766
2010-11-25 02:00:00,Mawson,138.3491,137.8667,126.2747
2010-11-25 03:00:00,Mawson,124.4274,132.7936,129.0330
2010-11-25 04:00:00,Mawson,122.5847,138.3491,130.2724
2010-11-25 05:00:00,Mawson,131.0651,124.4274,129.8077
2010-11-25 06:00:00,Mawson,132.6798,122.5847,131.3194
2010-11-25 07:00:00,Mawson,139.0338,131.0651,132.8529
2010-11-25 08:00:00,Mawson,127.4203,132.6798,132.6641
2010-11-25 09:00:00,Mawson,118.4206,139.0338,131.1414
2010-11-25 10:00:00,Mawson,136.8270,127.4203,134.2298
2010-11-25 11:00:00,Mawson,128.3404,118.4206,136.6990
2010-11-25 12:00:00,Mawson,151.2744,136.8270,134.4788
2010-11-25 13:00:00,Mawson,137.3415,128.3404,133.8854
2010-11-25 14:00:00,Mawson,118.7490,151.2744,132.3264
2010-11-25 15:00:00,Mawson,131.4320,137.3415,131.0760
2010-11-25 16:00:00,Mawson,138.2378,118.7490,134.3745
2010-11-25 17:00:00,Mawson,128.4963,131.4320,141.4077
2010-11-25 18:00:00,Mawson,133.5176,138.2378,144.2185
2010-11-25 19:00:00,Mawson,130.2662,128.4963,142.3934
2010-11-25 20:00:00,Mawson,121.3488,133.5176,134.3409
2010-11-25 21:00:00,Mawson,136.4623,130.2662,131.6976
2010-11-25 22:00:00,Mawson,122.0734,121.3488,127.6155
2010-11-25 23:00:00,Mawson,141.7932,136.4623,125.8221
2010-11-26 00:00:00,Mawson,133.8185,122.0734,126.2064
2010-11-26 01:00:00,Mawson,122.9317,141.7932,126.2997
2010-11-26 02:00:00,Mawson,120.5343,133.8185,125.9415
2010-11-26 03:00:00,Mawson,117.9171,122.9317,128.7167
2010-11-26 04:00:00,Mawson,128.1675,120.5343,129.8504
2010-11-26 05:00:00,Mawson,125.1655,117.9171,129.9566
2010-11-26 06:00:00,Mawson,137.5966,128.1675,131.1229
2010-11-26 07:00:00,Mawson,119.7434,125.1655,132.0121
2010-11-26 08:00:00,Mawson,122.7408,137.5966,130.4628
2010-11-26 09:00:00,Mawson,121.4518,119.7434,131.1202
2010-11-26 10:00:00,Mawson,140.2767,122.7408,132.3267
2010-11-26 11:00:00,Mawson,137.8224,121.4518,136.4294
2010-11-26 12:00:00,Mawson,140.8397,140.2767,134.6570
2010-11-26 13:00:00,Mawson,145.2253,137.8224,133.5459
2010-11-26 14:00:00,Mawson,145.8631,140.8397,131.3952
2010-11-26 15:00:00,Mawson,121.1109,145.2253,130.4071
2010-11-26 16:00:00,Mawson,150.5195,145.8631,134.7365
2010-11-26 17:00:00,Mawson,145.2043,121.1109,142.9800
2010-11-26 18:00:00,Mawson,139.2038,150.5195,143.4540
2010-11-26 19:00:00,Mawson,135.2605,145.2043,142.0933
2010-11-26 20:00:00,Mawson,129.8765,139.2038,135.5301
2010-11-26 21:00:00,Mawson,122.4374,135.2605,131.9579
2010-11-26 22:00:00,Mawson,147.9092,129.8765,128.5134
2010-11-26 23:00:00,Mawson,120.5558,122.4374,126.9542
2010-11-27 00:00:00,Mawson,131.2787,147.9092,126.9740
2010-11-27 01:00:00,Mawson,114.6941,120.5558,125.9106
2010-11-27 02:00:00,Mawson,119.0657,131.2787,125.7726
2010-11-27 03:00:00,Mawson,152.7956,114.6941,126.8934
2010-11-27 04:00:00,Mawson,133.6703,119.0657,129.5318
2010-11-27 05:00:00,Mawson,124.3770,152.7956,130.5490
2010-11-27 06:00:00,Mawson,135.0859,133.6703,131.8651
2010-11-27 07:00:00,Mawson,140.9414,124.3770,131.9043
2010-11-27 08:00:00,Mawson,115.5896,135.0859,132.9054
2010-11-27 09:00:00,Mawson,119.7124,140.9414,132.2681
2010-11-27 10:00:00,Mawson,143.6889,115.5896,133.8889
2010-11-27 11:00:00,Mawson,128.1904,119.7124,139.0415
2010-11-27 12:00:00,Mawson,128.5073,143.6889,137.0294
2010-11-27 13:00:00,Mawson,131.7679,128.1904,134.0880
2010-11-27 14:00:00,Mawson,125.9725,128.5073,131.7647
2010-11-27 15:00:00,Mawson,135.6968,131.7679,131.0488
2010-11-27 16:00:00,Mawson,139.8166,125.9725,135.2435
2010-11-27 17:00:00,Mawson,140.9834,135.6968,142.5209
2010-11-27 18:00:00,Mawson,150.9451,139.8166,145.0792
2010-11-27 19:00:00,Mawson,136.9073,140.9834,142.8557
2010-11-27 20:00:00,Mawson,131.7174,150.9451,134.3304
2010-11-27 21:00:00,Mawson,119.2304,136.9073,132.2177
2010-11-27 22:00:00,Mawson,133.5345,131.7174,128.5448
2010-11-27 23:00:00,Mawson,132.1319,119.2304,126.9061
2010-11-28 00:00:00,Mawson,109.3602,133.5345,125.8535
2010-11-28 01:00:00,Mawson,112.8080,132.1319,125.4625
2010-11-28 02:00:00,Mawson,136.6092,109.3602,124.8869
2010-11-28 03:00:00,Mawson,112.9720,112.8080,127.0231
2010-11-28 04:00:00,Mawson,141.4424,136.6092,129.9915
2010-11-28 05:00:00,Mawson,122.6351,112.9720,129.6484
2010-11-28 06:00:00,Mawson,145.8199,141.4424,130.6570
2010-11-28 07:00:00,Mawson,133.5393,122.6351,131.4541
2010-11-28 08:00:00,Mawson,130.3764,145.8199,132.5308
2010-11-28 09:00:00,Mawson,126.2850,133.5393,131.2380
2010-11-28 10:00:00,Mawson,127.4734,130.3764,132.4253
2010-11-28 11:00:00,Mawson,144.4869,126.2850,135.9298
2010-11-28 12:00:00,Mawson,128.9275,127.4734,135.2626
2010-11-28 13:00:00,Mawson,145.5984,144.4869,131.9717
2010-11-28 14:00:00,Mawson,130.7187,128.9275,130.1242
2010-11-28 15:00:00,Mawson,115.8935,145.5984,130.6902
2010-11-28 16:00:00,Mawson,132.9569,130.7187,134.2234
2010-11-28 17:00:00,Mawson,148.7476,115.8935,142.0963
2010-11-28 18:00:00,Mawson,151.7076,132.9569,144.6463
2010-11-28 19:00:00,Mawson,151.4228,148.7476,142.7741
2010-11-28 20:00:00,Mawson,135.1164,151.7076,135.7459
2010-11-28 21:00:00,Mawson,132.2593,151.4228,133.8762
2010-11-28 22:00:00,Mawson,141.2979,135.1164,129.6036
2010-11-28 23:00:00,Mawson,115.3539,132.2593,126.9463
2010-11-29 00:00:00,Mawson,114.3596,141.2979,126.4676
2010-11-29 01:00:00,Mawson,116.0542,115.3539,125.1167
2010-11-29 02:00:00,Mawson,137.0684,114.3596,125.3995
2010-11-29 03:00:00,Mawson,125.2845,116.0542,128.2253
2010-11-29 04:00:00,Mawson,124.0105,137.0684,129.3430
2010-11-29 05:00:00,Mawson,141.4973,125.2845,129.4770
2010-11-29 06:00:00,Mawson,121.6056,124.0105,130.9038
2010-11-29 07:00:00,Mawson,143.4047,141.4973,132.1851
2010-11-29 08:00:00,Mawson,143.0202,121.6056,132.1172
2010-11-29 09:00:00,Mawson,120.9492,143.4047,132.4166
2010-11-29 10:00:00,Mawson,114.5893,143.0202,133.6738
2010-11-29 11:00:00,Mawson,134.3278,120.9492,137.3650
2010-11-29 12:00:00,Mawson,125.1327,114.5893,137.4617
2010-11-29 13:00:00,Mawson,133.2628,134.3278,133.1465
2010-11-29 14:00:00,Mawson,131.3074,125.1327,130.9642
2010-11-29 15:00:00,Mawson,127.5383,133.2628,130.0230
2010-11-29 16:00:00,Mawson,128.6802,131.3074,135.0022
2010-11-29 17:00:00,Mawson,151.4847,127.5383,141.8084
2010-11-29 18:00:00,Mawson,169.6107,128.6802,145.2534
2010-11-29 19:00:00,Mawson,141.5297,151.4847,144.3911
2010-11-29 20:00:00,Mawson,135.1837,169.6107,136.6151
2010-11-29 21:00:00,Mawson,125.1018,141.5297,134.1799
2010-11-29 22:00:00,Mawson,117.3283,135.1837,128.7487
2010-11-29 23:00:00,Mawson,104.2751,125.1018,126.8678
2010-11-30 00:00:00,Mawson,134.2394,117.3283,123.6900
2010-11-30 01:00:00,Mawson,112.6917,104.2751,124.8083
2010-11-30 02:00:00,Mawson,120.2281,134.2394,126.2135
2010-11-30 03:00:00,Mawson,118.5290,112.6917,126.6988
2010-11-30 04:00:00,Mawson,135.4008,120.2281,129.7216
2010-11-30 05:00:00,Mawson,126.3476,118.5290,129.7352
2010-11-30 06:00:00,Mawson,133.4973,135.4008,131.4737
2010-11-30 07:00:00,Mawson,113.9985,126.3476,131.0993
2010-11-30 08:00:00,Mawson,117.7991,133.4973,130.0211
2010-11-30 09:00:00,Mawson,137.2488,113.9985,128.5786
2010-11-30 10:00:00,Mawson,121.8892,117.7991,129.8611
2010-11-30 11:00:00,Mawson,124.5870,137.2488,132.7625
2010-11-30 12:00:00,Mawson,147.9003,121.8892,133.9962
2010-11-30 13:00:00,Mawson,159.1727,124.5870,132.0412
2010-11-30 14:00:00,Mawson,132.0819,147.9003,131.8446
2010-11-30 15:00:00,Mawson,143.3297,159.1727,132.2333
2010-11-30 16:00:00,Mawson,141.9705,132.0819,135.4655
2010-11-30 17:00:00,Mawson,133.1875,143.3297,142.6835
2010-11-30 18:00:00,Mawson,127.7105,141.9705,144.6646
2010-11-30 19:00:00,Mawson,157.3198,133.1875,142.1825
2010-11-30 20:00:00,Mawson,138.1221,127.7105,136.2620
2010-11-30 21:00:00,Mawson,116.6564,157.3198,134.5821
2010-11-30 22:00:00,Mawson,141.7173,138.1221,127.4256
2010-11-30 23:00:00,Mawson,109.3013,116.6564,126.2033
2010-12-01 00:00:00,Mawson,110.4721,141.7173,125.5007
2010-12-01 01:00:00,Mawson,117.4951,109.3013,124.6575
2010-12-01 02:00:00,Mawson,121.9129,110.4721,125.2112
2010-12-01 03:00:00,Mawson,110.0429,117.4951,126.0943
2010-12-01 04:00:00,Mawson,123.9487,121.9129,127.7573
2010-12-01 05:00:00,Mawson,122.4956,110.0429,128.2939
2010-12-01 06:00:00,Mawson,122.7038,123.9487,130.6475
2010-12-01 07:00:00,Mawson,131.0132,122.4956,128.9962
2010-12-01 08:00:00,Mawson,123.7285,122.7038,130.8144
2010-12-01 09:00:00,Mawson,119.3870,131.0132,130.5815
2010-12-01 10:00:00,Mawson,123.1179,123.7285,132.3670
2010-12-01 11:00:00,Mawson,136.6614,119.3870,134.2151
2010-12-01 12:00:00,Mawson,117.5699,123.1179,133.0849
2010-12-01 13:00:00,Mawson,117.1224,136.6614,128.7006
2010-12-01 14:00:00,Mawson,124.9355,117.5699,129.5416
2010-12-01 15:00:00,Mawson,119.1745,117.1224,125.7733
2010-12-01 16:00:00,Mawson,123.4162,124.9355,129.6931
2010-12-01 17:00:00,Mawson,123.0001,119.1745,136.7484
2010-12-01 18:00:00,Mawson,128.0473,123.4162,137.2651
2010-12-01 19:00:00,Mawson,139.4176,123.0001,134.9312
2010-12-01 20:00:00,Mawson,118.8837,128.0473,131.0209
2010-12-01 21:00:00,Mawson,138.9020,139.4176,127.1563
2010-12-01 22:00:00,Mawson,127.9864,118.8837,122.8169
2010-12-01 23:00:00,Mawson,125.3908,138.9020,122.7969
2010-12-02 00:00:00,Mawson,111.9024,127.9864,120.7171
2010-12-02 01:00:00,Mawson,114.0219,125.3908,120.9959
2010-12-02 02:00:00,Mawson,108.6376,111.9024,121.3179
2010-12-02 03:00:00,Mawson,121.2555,114.0219,122.2630
2010-12-02 04:00:00,Mawson,116.1774,108.6376,125.6578
2010-12-02 05:00:00,Mawson,141.2995,121.2555,126.0585
2010-12-02 06:00:00,Mawson,127.2610,116.1774,126.9860
2010-12-02 07:00:00,Mawson,119.2613,141.2995,127.6190
2010-12-02 08:00:00,Mawson,123.1458,127.2610,128.0052
2010-12-02 09:00:00,Mawson,124.2366,119.2613,126.9226
2010-12-02 10:00:00,Mawson,134.0810,123.1458,127.7523
2010-12-02 11:00:00,Mawson,129.7067,124.2366,131.5833
2010-12-02 12:00:00,Mawson,128.4692,134.0810,129.7324
2010-12-02 13:00:00,Mawson,129.9338,129.7067,127.8243
2010-12-02 14:00:00,Mawson,128.1944,128.4692,126.7982
2010-12-02 15:00:00,Mawson,132.7424,129.9338,125.4637
2010-12-02 16:00:00,Mawson,129.6845,128.1944,130.0592
2010-12-02 17:00:00,Mawson,145.2266,132.7424,135.8253
2010-12-02 18:00:00,Mawson,144.3923,129.6845,137.0884
2010-12-02 19:00:00,Mawson,138.8147,145.2266,136.9525
2010-12-02 20:00:00,Mawson,153.9609,144.3923,131.5487
2010-12-02 21:00:00,Mawson,132.0671,138.8147,129.2850
2010-12-02 22:00:00,Mawson,119.3528,153.9609,128.1253
2010-12-02 23:00:00,Mawson,129.6764,132.0671,122.3463
2010-12-03 00:00:00,Mawson,113.8510,119.3528,124.4426
2010-12-03 01:00:00,Mawson,125.0165,129.6764,123.4550
2010-12-03 02:00:00,Mawson,120.3410,113.8510,123.5886
2010-12-03 03:00:00,Mawson,107.7044,125.0165,125.6304
2010-12-03 04:00:00,Mawson,125.8600,120.3410,126.1212
2010-12-03 05:00:00,Mawson,123.3411,107.7044,128.5625
2010-12-03 06:00:00,Mawson,117.2323,125.8600,129.7535
2010-12-03 07:00:00,Mawson,107.5130,123.3411,128.9071
2010-12-03 08:00:00,Mawson,105.1394,117.2323,126.7062
2010-12-03 09:00:00,Mawson,114.8016,107.5130,127.6287
2010-12-03 10:00:00,Mawson,112.5575,105.1394,127.4824
2010-12-03 11:00:00,Mawson,149.9874,114.8016,132.0486
2010-12-03 12:00:00,Mawson,127.6198,112.5575,131.7989
2010-12-03 13:00:00,Mawson,114.5422,149.9874,129.8331
2010-12-03 14:00:00,Mawson,114.1256,127.6198,126.6994
2010-12-03 15:00:00,Mawson,126.6465,114.5422,127.6694
2010-12-03 16:00:00,Mawson,133.4701,114.1256,128.3704
2010-12-03 17:00:00,Mawson,127.9354,126.6465,136.1413
2010-12-03 18:00:00,Mawson,129.9423,133.4701,138.7572
2010-12-03 19:00:00,Mawson,127.3267,127.9354,136.1051
2010-12-03 20:00:00,Mawson,131.0344,129.9423,129.4377
2010-12-03 21:00:00,Mawson,116.8402,127.3267,128.7180
2010-12-03 22:00:00,Mawson,117.8577,131.0344,121.8625
2010-12-03 23:00:00,Mawson,112.3034,116.8402,120.3098
2010-12-04 00:00:00,Mawson,124.0005,117.8577,118.9482
2010-12-04 01:00:00,Mawson,116.4439,112.3034,119.9792
2010-12-04 02:00:00,Mawson,114.4468,124.0005,120.0830
2010-12-04 03:00:00,Mawson,126.0057,116.4439,120.9202
2010-12-04 04:00:00,Mawson,124.6275,114.4468,125.2474
2010-12-04 05:00:00,Mawson,117.6456,126.0057,126.1808
2010-12-04 06:00:00,Mawson,118.5487,124.6275,125.6623
2010-12-04 07:00:00,Mawson,128.9196,117.6456,126.0961
2010-12-04 08:00:00,Mawson,110.2997,118.5487,126.6744
2010-12-04 09:00:00,Mawson,127.9067,128.9196,125.6907
2010-12-04 10:00:00,Mawson,124.1758,110.2997,127.2538
2010-12-04 11:00:00,Mawson,132.7716,127.9067,131.1271
2010-12-04 12:00:00,Mawson,140.6164,124.1758,131.5382
2010-12-04 13:00:00,Mawson,127.5182,132.7716,127.0258
2010-12-04 14:00:00,Mawson,105.6154,140.6164,126.9704
2010-12-04 15:00:00,Mawson,131.6392,127.5182,125.8011
2010-12-04 16:00:00,Mawson,143.3571,105.6154,128.5428
2010-12-04 17:00:00,Mawson,116.6266,131.6392,136.3182
2010-12-04 18:00:00,Mawson,124.2333,143.3571,136.1146
2010-12-04 19:00:00,Mawson,132.0484,116.6266,135.9504
2010-12-04 20:00:00,Mawson,118.0811,124.2333,128.9512
2010-12-04 21:00:00,Mawson,117.0069,132.0484,126.5105
2010-12-04 22:00:00,Mawson,152.7948,118.0811,121.7167
2010-12-04 23:00:00,Mawson,127.9287,117.0069,121.6028
2010-12-05 00:00:00,Mawson,94.8887,152.7948,122.2382
2010-12-05 01:00:00,Mawson,116.3651,127.9287,120.2553
2010-12-05 02:00:00,Mawson,122.3277,94.8887,119.1501
2010-12-05 03:00:00,Mawson,104.0617,116.3651,123.0907
2010-12-05 04:00:00,Mawson,112.4029,122.3277,124.2342
2010-12-05 05:00:00,Mawson,113.3681,104.0617,125.8346
2010-12-05 06:00:00,Mawson,119.1553,112.4029,125.8230
2010-12-05 07:00:00,Mawson,112.1553,113.3681,126.4026
2010-12-05 08:00:00,Mawson,128.3631,119.1553,126.8608
2010-12-05 09:00:00,Mawson,117.0183,112.1553,126.4912
2010-12-05 10:00:00,Mawson,144.7044,128.3631,128.1456
2010-12-05 11:00:00,Mawson,118.6113,117.0183,130.0838
2010-12-05 12:00:00,Mawson,125.8308,144.7044,131.7860
2010-12-05 13:00:00,Mawson,106.2646,118.6113,126.3507
2010-12-05 14:00:00,Mawson,115.0446,125.8308,125.0819
2010-12-05 15:00:00,Mawson,120.3602,106.2646,124.9631
2010-12-05 16:00:00,Mawson,122.9164,115.0446,126.4579
2010-12-05 17:00:00,Mawson,144.6279,120.3602,134.4843
2010-12-05 18:00:00,Mawson,160.7924,122.9164,132.7189
2010-12-05 19:00:00,Mawson,124.3065,144.6279,134.7995
2010-12-05 20:00:00,Mawson,108.2974,160.7924,130.5456
2010-12-05 21:00:00,Mawson,117.6802,124.3065,126.3409
2010-12-05 22:00:00,Mawson,116.6244,108.2974,123.1756
2010-12-05 23:00:00,Mawson,121.5740,117.6802,122.0717
2010-12-06 00:00:00,Mawson,119.3848,116.6244,119.4743
2010-12-06 01:00:00,Mawson,110.9565,121.5740,120.3458
2010-12-06 02:00:00,Mawson,110.1343,119.3848,119.2439
2010-12-06 03:00:00,Mawson,124.1623,110.9565,122.1542
2010-12-06 04:00:00,Mawson,117.3041,110.1343,125.0252
2010-12-06 05:00:00,Mawson,112.2509,124.1623,124.7200
2010-12-06 06:00:00,Mawson,121.8868,117.3041,126.5378
2010-12-06 07:00:00,Mawson,122.0445,112.2509,125.4603
2010-12-06 08:00:00,Mawson,123.1779,121.8868,126.6925
2010-12-06 09:00:00,Mawson,119.9513,122.0445,127.3128
2010-12-06 10:00:00,Mawson,111.3535,123.1779,126.7465
2010-12-06 11:00:00,Mawson,125.4689,119.9513,130.1987
2010-12-06 12:00:00,Mawson,111.7256,111.3535,130.2647
2010-12-06 13:00:00,Mawson,120.2834,125.4689,127.2519
2010-12-06 14:00:00,Mawson,115.8107,111.7256,125.2858
2010-12-06 15:00:00,Mawson,130.5484,120.2834,124.9648
2010-12-06 16:00:00,Mawson,123.1767,115.8107,127.0227
2010-12-06 17:00:00,Mawson,143.1192,130.5484,132.6295
2010-12-06 18:00:00,Mawson,142.2564,123.1767,135.7567
2010-12-06 19:00:00,Mawson,137.5074,143.1192,134.3618
2010-12-06 20:00:00,Mawson,144.3586,142.2564,128.5392
2010-12-06 21:00:00,Mawson,111.0869,137.5074,128.1301
2010-12-06 22:00:00,Mawson,113.3890,144.3586,122.9776
2010-12-06 23:00:00,Mawson,126.1656,111.0869,120.2194
2010-12-07 00:00:00,Mawson,122.2193,113.3890,120.8377
2010-12-07 01:00:00,Mawson,107.2365,126.1656,121.5698
2010-12-07 02:00:00,Mawson,112.3986,122.2193,120.7042
2010-12-07 03:00:00,Mawson,121.8943,107.2365,121.9044
2010-12-07 04:00:00,Mawson,124.6946,112.3986,125.4041
2010-12-07 05:00:00,Mawson,119.2474,121.8943,125.9204
2010-12-07 06:00:00,Mawson,134.9483,124.6946,126.5489
2010-12-07 07:00:00,Mawson,145.6876,119.2474,126.2300
2010-12-07 08:00:00,Mawson,126.3023,134.9483,125.9222
2010-12-07 09:00:00,Mawson,111.5550,145.6876,127.2044
2010-12-07 10:00:00,Mawson,132.5697,126.3023,127.8104
2010-12-07 11:00:00,Mawson,140.2502,111.5550,129.5694
2010-12-07 12:00:00,Mawson,143.7766,132.5697,131.4537
2010-12-07 13:00:00,Mawson,116.3809,140.2502,129.5000
2010-12-07 14:00:00,Mawson,121.7529,143.7766,128.8664
2010-12-07 15:00:00,Mawson,124.8530,116.3809,126.8849
2010-12-07 16:00:00,Mawson,140.2017,121.7529,130.9211
2010-12-07 17:00:00,Mawson,144.2473,124.8530,137.6566
2010-12-07 18:00:00,Mawson,138.0842,140.2017,139.2429
2010-12-07 19:00:00,Mawson,116.6220,144.2473,137.0612
2010-12-07 20:00:00,Mawson,129.1325,138.0842,131.0015
2010-12-07 21:00:00,Mawson,123.9256,116.6220,128.1752
2010-12-07 22:00:00,Mawson,134.2589,129.1325,123.8399
2010-12-07 23:00:00,Mawson,110.9817,123.9256,124.9161
2010-12-08 00:00:00,Mawson,115.6663,134.2589,123.0459
2010-12-08 01:00:00,Mawson,119.7026,110.9817,121.9268
2010-12-08 02:00:00,Mawson,118.4484,115.6663,121.0590
2010-12-08 03:00:00,Mawson,138.1344,119.7026,123.3652
2010-12-08 04:00:00,Mawson,131.7368,118.4484,125.5228
2010-12-08 05:00:00,Mawson,129.6224,138.1344,127.1876
2010-12-08 06:00:00,Mawson,133.3168,131.7368,128.3087
2010-12-08 07:00:00,Mawson,125.5590,129.6224,129.8207
2010-12-08 08:00:00,Mawson,116.1056,133.3168,129.4845
2010-12-08 09:00:00,Mawson,133.7980,125.5590,128.6182
2010-12-08 10:00:00,Mawson,116.7312,116.1056,129.1926
2010-12-08 11:00:00,Mawson,126.8541,133.7980,129.5946
2010-12-08 12:00:00,Mawson,131.3819,116.7312,131.0042
2010-12-08 13:00:00,Mawson,120.4454,126.8541,127.4350
2010-12-08 14:00:00,Mawson,132.8259,131.3819,126.1578
2010-12-08 15:00:00,Mawson,113.5989,120.4454,127.0543
2010-12-08 16:00:00,Mawson,121.0720,132.8259,129.0886
2010-12-08 17:00:00,Mawson,128.9056,113.5989,135.7491
2010-12-08 18:00:00,Mawson,157.1281,121.0720,137.1713
2010-12-08 19:00:00,Mawson,122.0820,128.9056,136.0252
2010-12-08 20:00:00,Mawson,138.5742,157.1281,130.8160
2010-12-08 21:00:00,Mawson,133.6554,122.0820,127.2983
2010-12-08 22:00:00,Mawson,112.4652,138.5742,125.6355
2010-12-08 23:00:00,Mawson,125.4170,133.6554,123.6543
2010-12-09 00:00:00,Mawson,117.0317,112.4652,121.6155
2010-12-09 01:00:00,Mawson,109.2576,125.4170,122.9419
2010-12-09 02:00:00,Mawson,114.7470,117.0317,121.8362
2010-12-09 03:00:00,Mawson,123.0663,109.2576,122.8009
2010-12-09 04:00:00,Mawson,126.9701,114.7470,126.5974
2010-12-09 05:00:00,Mawson,134.8539,123.0663,126.0575
2010-12-09 06:00:00,Mawson,111.5167,126.9701,128.4508
2010-12-09 07:00:00,Mawson,105.8360,134.8539,126.5893
2010-12-09 08:00:00,Mawson,129.9426,111.5167,125.6463
2010-12-09 09:00:00,Mawson,118.3658,105.8360,125.4691
2010-12-09 10:00:00,Mawson,134.1734,129.9426,128.4862
2010-12-09 11:00:00,Mawson,142.0022,118.3658,129.5002
2010-12-09 12:00:00,Mawson,129.4173,134.1734,129.5823
2010-12-09 13:00:00,Mawson,121.3889,142.0022,128.1102
2010-12-09 14:00:00,Mawson,120.8875,129.4173,126.0630
2010-12-09 15:00:00,Mawson,107.7272,121.3889,125.9734
2010-12-09 16:00:00,Mawson,120.7926,120.8875,128.8307
2010-12-09 17:00:00,Mawson,131.8133,107.7272,134.1369
2010-12-09 18:00:00,Mawson,139.9050,120.7926,137.3620
2010-12-09 19:00:00,Mawson,120.2971,131.8133,136.8682
2010-12-09 20:00:00,Mawson,139.4561,139.9050,129.1662
2010-12-09 21:00:00,Mawson,130.8249,120.2971,127.4272
2010-12-09 22:00:00,Mawson,108.3219,139.4561,123.5711
2010-12-09 23:00:00,Mawson,108.6721,130.8249,121.0024
2010-12-10 00:00:00,Mawson,119.1536,108.3219,120.6329
2010-12-10 01:00:00,Mawson,114.3176,108.6721,120.5135
2010-12-10 02:00:00,Mawson,114.0473,119.1536,120.6784
2010-12-10 03:00:00,Mawson,123.3300,114.3176,121.7904
2010-12-10 04:00:00,Mawson,114.7115,114.0473,124.5365
2010-12-10 05:00:00,Mawson,133.9377,123.3300,126.3241
2010-12-10 06:00:00,Mawson,104.1312,114.7115,126.9034
2010-12-10 07:00:00,Mawson,110.9294,133.9377,126.2767
2010-12-10 08:00:00,Mawson,113.8641,104.1312,123.4634
2010-12-10 09:00:00,Mawson,130.3269,110.9294,124.7429
2010-12-10 10:00:00,Mawson,128.9265,113.8641,126.2373
2010-12-10 11:00:00,Mawson,122.0979,130.3269,129.1344
2010-12-10 12:00:00,Mawson,129.9533,128.9265,130.4415
2010-12-10 13:00:00,Mawson,120.5404,122.0979,126.5700
2010-12-10 14:00:00,Mawson,127.9134,129.9533,124.0263
2010-12-10 15:00:00,Mawson,116.7956,120.5404,124.1917
2010-12-10 16:00:00,Mawson,118.4428,127.9134,127.2044
2010-12-10 17:00:00,Mawson,155.1544,116.7956,133.0855
2010-12-10 18:00:00,Mawson,127.2430,118.4428,135.5811
2010-12-10 19:00:00,Mawson,125.2272,155.1544,136.7966
2010-12-10 20:00:00,Mawson,127.2559,127.2430,128.9329
2010-12-10 21:00:00,Mawson,136.0099,125.2272,126.8778
2010-12-10 22:00:00,Mawson,137.7109,127.2559,122.4583
2010-12-10 23:00:00,Mawson,111.0262,136.0099,121.0978
2010-12-11 00:00:00,Mawson,112.6805,137.7109,120.7411
2010-12-11 01:00:00,Mawson,109.4437,111.0262,120.2765
2010-12-11 02:00:00,Mawson,116.3172,112.6805,119.5718
2010-12-11 03:00:00,Mawson,116.8502,109.4437,120.8327
2010-12-11 04:00:00,Mawson,124.1046,116.3172,125.1475
2010-12-11 05:00:00,Mawson,115.3687,116.8502,125.5856
2010-12-11 06:00:00,Mawson,108.7086,124.1046,126.5650
2010-12-11 07:00:00,Mawson,113.1849,115.3687,125.2493
2010-12-11 08:00:00,Mawson,110.7358,108.7086,125.7082
2010-12-11 09:00:00,Mawson,136.1567,113.1849,125.5215
2010-12-11 10:00:00,Mawson,129.7325,110.7358,127.8258
2010-12-11 11:00:00,Mawson,111.7975,136.1567,130.5928
2010-12-11 12:00:00,Mawson,123.3782,129.7325,129.9716
2010-12-11 13:00:00,Mawson,123.7484,111.7975,128.7687
2010-12-11 14:00:00,Mawson,120.6317,123.3782,125.2452
2010-12-11 15:00:00,Mawson,140.5220,123.7484,124.0105
2010-12-11 16:00:00,Mawson,129.5992,120.6317,128.7975
2010-12-11 17:00:00,Mawson,134.0539,140.5220,136.1396
2010-12-11 18:00:00,Mawson,124.0526,129.5992,136.9290
2010-12-11 19:00:00,Mawson,144.8771,134.0539,133.9950
2010-12-11 20:00:00,Mawson,116.8623,124.0526,129.2053
2010-12-11 21:00:00,Mawson,104.3167,144.8771,125.8503
2010-12-11 22:00:00,Mawson,130.0002,116.8623,121.9806
2010-12-11 23:00:00,Mawson,118.5943,104.3167,121.0419
2010-12-12 00:00:00,Mawson,121.5632,130.0002,119.5068
2010-12-12 01:00:00,Mawson,101.3301,118.5943,118.5131
2010-12-12 02:00:00,Mawson,106.9858,121.5632,119.7957
2010-12-12 03:00:00,Mawson,110.4494,101.3301,120.2025
2010-12-12 04:00:00,Mawson,136.6852,106.9858,123.0456
2010-12-12 05:00:00,Mawson,132.3059,110.4494,124.2745
2010-12-12 06:00:00,Mawson,123.8325,136.6852,125.2874
2010-12-12 07:00:00,Mawson,128.2553,132.3059,124.9443
2010-12-12 08:00:00,Mawson,119.7140,123.8325,124.9230
2010-12-12 09:00:00,Mawson,115.5811,128.2553,126.3708
2010-12-12 10:00:00,Mawson,113.9143,119.7140,127.8696
2010-12-12 11:00:00,Mawson,138.3191,115.5811,131.3781
2010-12-12 12:00:00,Mawson,136.9027,113.9143,126.4601
2010-12-12 13:00:00,Mawson,134.3636,138.3191,127.7657
2010-12-12 14:00:00,Mawson,120.4792,136.9027,124.4737
2010-12-12 15:00:00,Mawson,108.3037,134.3636,126.0758
2010-12-12 16:00:00,Mawson,140.2213,120.4792,128.5790
2010-12-12 17:00:00,Mawson,126.3536,108.3037,134.1681
2010-12-12 18:00:00,Mawson,139.7864,140.2213,137.3316
2010-12-12 19:00:00,Mawson,124.7174,126.3536,134.7337
2010-12-12 20:00:00,Mawson,110.5084,139.7864,129.4645
2010-12-12 21:00:00,Mawson,133.8658,124.7174,124.1788
2010-12-12 22:00:00,Mawson,118.4741,110.5084,121.8671
2010-12-12 23:00:00,Mawson,123.0385,133.8658,121.6726
2010-12-13 00:00:00,Mawson,123.3040,118.4741,120.3735
2010-12-13 01:00:00,Mawson,140.6494,123.0385,121.1138
2010-12-13 02:00:00,Mawson,123.8707,123.3040,120.6050
2010-12-13 03:00:00,Mawson,128.9253,140.6494,123.1477
2010-12-13 04:00:00,Mawson,138.2216,123.8707,126.8812
2010-12-13 05:00:00,Mawson,128.6923,128.9253,127.8147
2010-12-13 06:00:00,Mawson,120.9826,138.2216,128.8785
2010-12-13 07:00:00,Mawson,114.2853,128.6923,128.5537
2010-12-13 08:00:00,Mawson,123.1025,120.9826,127.0292
2010-12-13 09:00:00,Mawson,126.0351,114.2853,126.8321
2010-12-13 10:00:00,Mawson,117.9909,123.1025,129.0888
2010-12-13 11:00:00,Mawson,135.0850,126.0351,130.1442
2010-12-13 12:00:00,Mawson,130.7176,117.9909,131.0641
2010-12-13 13:00:00,Mawson,114.7307,135.0850,127.3611
2010-12-13 14:00:00,Mawson,138.0995,130.7176,126.0444
2010-12-13 15:00:00,Mawson,133.4392,114.7307,125.3669
2010-12-13 16:00:00,Mawson,124.8405,138.0995,130.0588
2010-12-13 17:00:00,Mawson,132.3464,133.4392,136.7790
2010-12-13 18:00:00,Mawson,130.7783,124.8405,139.3506
2010-12-13 19:00:00,Mawson,130.1925,132.3464,137.8075
2010-12-13 20:00:00,Mawson,129.3835,130.7783,130.2699
2010-12-13 21:00:00,Mawson,117.2964,130.1925,129.5070
2010-12-13 22:00:00,Mawson,116.4782,129.3835,123.8585
2010-12-13 23:00:00,Mawson,106.9612,117.2964,122.1054
2010-12-14 00:00:00,Mawson,127.0987,116.4782,120.9366
2010-12-14 01:00:00,Mawson,115.5104,106.9612,121.6788
2010-12-14 02:00:00,Mawson,106.2032,127.0987,121.8714
2010-12-14 03:00:00,Mawson,113.9292,115.5104,120.5316
2010-12-14 04:00:00,Mawson,113.4604,106.2032,124.8455
2010-12-14 05:00:00,Mawson,124.9117,113.9292,126.2691
2010-12-14 06:00:00,Mawson,106.6772,113.4604,125.9108
2010-12-14 07:00:00,Mawson,136.7638,124.9117,126.4808
2010-12-14 08:00:00,Mawson,117.4558,106.6772,126.8240
2010-12-14 09:00:00,Mawson,120.0742,136.7638,126.5361
2010-12-14 10:00:00,Mawson,140.4592,117.4558,126.9220
2010-12-14 11:00:00,Mawson,130.8006,120.0742,131.3094
2010-12-14 12:00:00,Mawson,124.6507,140.4592,131.9106
2010-12-14 13:00:00,Mawson,108.8595,130.8006,129.4065
2010-12-14 14:00:00,Mawson,108.6932,124.6507,125.6533
2010-12-14 15:00:00,Mawson,116.4268,108.8595,124.8656
2010-12-14 16:00:00,Mawson,138.6275,108.6932,127.3500
2010-12-14 17:00:00,Mawson,129.0533,116.4268,134.1649
2010-12-14 18:00:00,Mawson,118.1221,138.6275,135.8085
2010-12-14 19:00:00,Mawson,131.7950,129.0533,134.0294
2010-12-14 20:00:00,Mawson,123.4832,118.1221,126.5799
2010-12-14 21:00:00,Mawson,143.5254,131.7950,124.3560
2010-12-14 22:00:00,Mawson,118.1202,123.4832,122.2382
2010-12-14 23:00:00,Mawson,117.3426,143.5254,120.9265
2010-12-15 00:00:00,Mawson,139.3950,118.1202,119.5999
2010-12-15 01:00:00,Mawson,120.0530,117.3426,120.0498
2010-12-15 02:00:00,Mawson,124.0379,139.3950,121.3132
2010-12-15 03:00:00,Mawson,121.6814,120.0530,121.4557
2010-12-15 04:00:00,Mawson,122.1979,124.0379,126.6302
2010-12-15 05:00:00,Mawson,125.1449,121.6814,126.5494
2010-12-15 06:00:00,Mawson,123.6343,122.1979,127.2109
2010-12-15 07:00:00,Mawson,126.8620,125.1449,127.2140
2010-12-15 08:00:00,Mawson,131.9533,123.6343,126.6535
2010-12-15 09:00:00,Mawson,138.3702,126.8620,126.0860
2010-12-15 10:00:00,Mawson,124.6970,131.9533,129.7923
2010-12-15 11:00:00,Mawson,127.7620,138.3702,130.4469
2010-12-15 12:00:00,Mawson,123.0081,124.6970,130.7119
2010-12-15 13:00:00,Mawson,131.5899,127.7620,127.3666
2010-12-15 14:00:00,Mawson,134.4478,123.0081,126.3815
2010-12-15 15:00:00,Mawson,111.8716,131.5899,128.1910
2010-12-15 16:00:00,Mawson,140.5126,134.4478,129.2384
2010-12-15 17:00:00,Mawson,152.3956,111.8716,136.5941
2010-12-15 18:00:00,Mawson,135.6495,140.5126,137.5543
2010-12-15 19:00:00,Mawson,136.2960,152.3956,138.4482
2010-12-15 20:00:00,Mawson,119.5552,135.6495,131.5646
2010-12-15 21:00:00,Mawson,125.1335,136.2960,130.2344
2010-12-15 22:00:00,Mawson,120.5247,119.5552,126.0811
2010-12-15 23:00:00,Mawson,134.8136,125.1335,123.4160
2010-12-16 00:00:00,Mawson,117.7329,120.5247,123.3242
2010-12-16 01:00:00,Mawson,120.5682,134.8136,123.8054
2010-12-16 02:00:00,Mawson,126.8747,117.7329,121.6851
2010-12-16 03:00:00,Mawson,106.2019,120.5682,123.5187
2010-12-16 04:00:00,Mawson,116.0578,126.8747,126.8303
2010-12-16 05:00:00,Mawson,118.8589,106.2019,126.5647
2010-12-16 06:00:00,Mawson,116.6778,116.0578,128.5784
2010-12-16 07:00:00,Mawson,136.1290,118.8589,126.4676
2010-12-16 08:00:00,Mawson,122.6181,116.6778,126.8385
2010-12-16 09:00:00,Mawson,129.7070,136.1290,128.8936
2010-12-16 10:00:00,Mawson,145.0960,122.6181,129.9696
2010-12-16 11:00:00,Mawson,132.5636,129.7070,133.1760
2010-12-16 12:00:00,Mawson,120.7223,145.0960,133.1715
2010-12-16 13:00:00,Mawson,134.9901,132.5636,129.3009
2010-12-16 14:00:00,Mawson,112.5538,120.7223,127.6761
2010-12-16 15:00:00,Mawson,139.8417,134.9901,127.0356
2010-12-16 16:00:00,Mawson,127.0350,112.5538,129.1784
2010-12-16 17:00:00,Mawson,118.4145,139.8417,136.8257
2010-12-16 18:00:00,Mawson,140.8287,127.0350,138.1668
2010-12-16 19:00:00,Mawson,128.2993,118.4145,135.9837
2010-12-16 20:00:00,Mawson,122.5616,140.8287,129.2730
2010-12-16 21:00:00,Mawson,117.0214,128.2993,127.6529
2010-12-16 22:00:00,Mawson,123.3362,122.5616,123.4003
2010-12-16 23:00:00,Mawson,121.9244,117.0214,120.1356
2010-12-17 00:00:00,Mawson,117.1513,123.3362,120.5794
2010-12-17 01:00:00,Mawson,123.6918,121.9244,120.9728
2010-12-17 02:00:00,Mawson,111.8849,117.1513,120.7519
2010-12-17 03:00:00,Mawson,131.4760,123.6918,122.2459
2010-12-17 04:00:00,Mawson,121.6798,111.8849,125.6982
2010-12-17 05:00:00,Mawson,115.7862,131.4760,125.0015
2010-12-17 06:00:00,Mawson,139.5678,121.6798,127.4862
2010-12-17 07:00:00,Mawson,113.3388,115.7862,126.0877
2010-12-17 08:00:00,Mawson,120.5012,139.5678,126.4047
2010-12-17 09:00:00,Mawson,125.1030,113.3388,126.1326
2010-12-17 10:00:00,Mawson,118.8864,120.5012,129.0944
2010-12-17 11:00:00,Mawson,155.2545,125.1030,131.3802
2010-12-17 12:00:00,Mawson,115.6846,118.8864,130.4337
2010-12-17 13:00:00,Mawson,118.6179,155.2545,126.6735
2010-12-17 14:00:00,Mawson,114.8739,115.6846,124.8271
2010-12-17 15:00:00,Mawson,109.3014,118.6179,125.9804
2010-12-17 16:00:00,Mawson,136.7472,114.8739,128.8282
2010-12-17 17:00:00,Mawson,127.6444,109.3014,133.0672
2010-12-17 18:00:00,Mawson,134.1867,136.7472,136.1265
2010-12-17 19:00:00,Mawson,125.0110,127.6444,135.6038
2010-12-17 20:00:00,Mawson,129.6671,134.1867,128.3345
2010-12-17 21:00:00,Mawson,125.8883,125.0110,124.8246
2010-12-17 22:00:00,Mawson,104.0638,129.6671,123.7169
2010-12-17 23:00:00,Mawson,113.9447,125.8883,121.4622
2010-12-18 00:00:00,Mawson,114.5863,104.0638,118.8827
2010-12-18 01:00:00,Mawson,125.9176,113.9447,119.6871
2010-12-18 02:00:00,Mawson,125.8096,114.5863,120.0571
2010-12-18 03:00:00,Mawson,118.1478,125.9176,121.6249
2010-12-18 04:00:00,Mawson,116.8412,125.8096,125.1453
2010-12-18 05:00:00,Mawson,126.0728,118.1478,125.3020
2010-12-18 06:00:00,Mawson,131.3990,116.8412,125.6984
2010-12-18 07:00:00,Mawson,121.8555,126.0728,126.4207
2010-12-18 08:00:00,Mawson,132.1879,131.3990,125.0982
2010-12-18 09:00:00,Mawson,107.2698,121.8555,125.6977
2010-12-18 10:00:00,Mawson,132.6885,132.1879,129.4197
2010-12-18 11:00:00,Mawson,112.5807,107.2698,130.0114
2010-12-18 12:00:00,Mawson,124.9399,132.6885,130.8385
2010-12-18 13:00:00,Mawson,122.9005,112.5807,124.4343
2010-12-18 14:00:00,Mawson,127.9489,124.9399,125.6500
2010-12-18 15:00:00,Mawson,126.8733,122.9005,124.8924
2010-12-18 16:00:00,Mawson,123.4126,127.9489,128.8855
2010-12-18 17:00:00,Mawson,143.3122,126.8733,134.2740
2010-12-18 18:00:00,Mawson,138.6795,123.4126,136.1581
2010-12-18 19:00:00,Mawson,112.1409,143.3122,134.6906
2010-12-18 20:00:00,Mawson,121.4853,138.6795,129.3401
2010-12-18 21:00:00,Mawson,122.1626,112.1409,124.1269
2010-12-18 22:00:00,Mawson,115.3582,121.4853,121.4695
2010-12-18 23:00:00,Mawson,122.6572,122.1626,121.0366
2010-12-19 00:00:00,Mawson,124.8223,115.3582,120.4357
2010-12-19 01:00:00,Mawson,114.6392,122.6572,120.8041
2010-12-19 02:00:00,Mawson,117.5536,124.8223,120.3602
2010-12-19 03:00:00,Mawson,132.9121,114.6392,121.8570
2010-12-19 04:00:00,Mawson,110.5746,117.5536,124.0502
2010-12-19 05:00:00,Mawson,107.5012,132.9121,126.6708
2010-12-19 06:00:00,Mawson,119.3717,110.5746,127.2270
2010-12-19 07:00:00,Mawson,134.7464,107.5012,126.6961
2010-12-19 08:00:00,Mawson,119.4284,119.3717,126.0352
2010-12-19 09:00:00,Mawson,141.1346,134.7464,126.5627
2010-12-19 10:00:00,Mawson,123.1437,119.4284,127.1742
2010-12-19 11:00:00,Mawson,136.7710,141.1346,129.5620
2010-12-19 12:00:00,Mawson,115.5869,123.1437,131.1523
2010-12-19 13:00:00,Mawson,128.2309,136.7710,128.8582
2010-12-19 14:00:00,Mawson,113.0931,115.5869,126.8009
2010-12-19 15:00:00,Mawson,123.6844,128.2309,124.8773
2010-12-19 16:00:00,Mawson,153.7199,113.0931,128.3400
2010-12-19 17:00:00,Mawson,159.6434,123.6844,135.4411
2010-12-19 18:00:00,Mawson,138.7926,153.7199,138.9038
2010-12-19 19:00:00,Mawson,131.4575,159.6434,137.9727
2010-12-19 20:00:00,Mawson,115.1411,138.7926,130.2708
2010-12-19 21:00:00,Mawson,121.4986,131.4575,127.0247
2010-12-19 22:00:00,Mawson,140.1570,115.1411,123.5178
2010-12-19 23:00:00,Mawson,107.7451,121.4986,123.7747
2010-12-20 00:00:00,Mawson,116.2498,140.1570,123.5884
2010-12-20 01:00:00,Mawson,111.4163,107.7451,121.6071
2010-12-20 02:00:00,Mawson,125.9563,116.2498,121.6604
2010-12-20 03:00:00,Mawson,108.0895,111.4163,122.6593
2010-12-20 04:00:00,Mawson,111.4805,125.9563,125.6595
2010-12-20 05:00:00,Mawson,122.2015,108.0895,126.0458
2010-12-20 06:00:00,Mawson,121.4694,111.4805,126.7314
2010-12-20 07:00:00,Mawson,117.6423,122.2015,126.0522
2010-12-20 08:00:00,Mawson,133.7526,121.4694,126.1132
2010-12-20 09:00:00,Mawson,115.7332,117.6423,126.4452
2010-12-20 10:00:00,Mawson,130.5638,133.7526,128.1267
2010-12-20 11:00:00,Mawson,127.7622,115.7332,129.9588
2010-12-20 12:00:00,Mawson,119.1488,130.5638,132.1872
2010-12-20 13:00:00,Mawson,119.5242,127.7622,128.2867
2010-12-20 14:00:00,Mawson,110.0167,119.1488,124.2180
2010-12-20 15:00:00,Mawson,113.8486,119.5242,125.6493
2010-12-20 16:00:00,Mawson,135.2327,110.0167,129.5502
2010-12-20 17:00:00,Mawson,124.8806,113.8486,136.1163
2010-12-20 18:00:00,Mawson,134.1754,135.2327,136.5632
2010-12-20 19:00:00,Mawson,116.9741,124.8806,134.6148
2010-12-20 20:00:00,Mawson,135.4998,134.1754,127.8264
2010-12-20 21:00:00,Mawson,125.8530,116.9741,124.2411
2010-12-20 22:00:00,Mawson,123.8108,135.4998,121.7576
2010-12-20 23:00:00,Mawson,118.1840,125.8530,120.7420
2010-12-21 00:00:00,Mawson,125.7958,123.8108,119.1060
2010-12-21 01:00:00,Mawson,136.6455,118.1840,119.1985
2010-12-21 02:00:00,Mawson,123.5684,125.7958,120.7881
2010-12-21 03:00:00,Mawson,110.5874,136.6455,122.9579
2010-12-21 04:00:00,Mawson,119.0352,123.5684,124.2565
2010-12-21 05:00:00,Mawson,126.3118,110.5874,124.4242
2010-12-21 06:00:00,Mawson,121.5699,119.0352,126.5106
2010-12-21 07:00:00,Mawson,129.4215,126.3118,125.6619
2010-12-21 08:00:00,Mawson,117.5386,121.5699,126.8488
2010-12-21 09:00:00,Mawson,129.9002,129.4215,126.0829
2010-12-21 10:00:00,Mawson,134.2150,117.5386,127.7118
2010-12-21 11:00:00,Mawson,117.0658,129.9002,131.0884
2010-12-21 12:00:00,Mawson,116.0448,134.2150,131.1347
2010-12-21 13:00:00,Mawson,127.2477,117.0658,125.8265
2010-12-21 14:00:00,Mawson,134.1383,116.0448,124.3404
2010-12-21 15:00:00,Mawson,116.8010,127.2477,125.1381
2010-12-21 16:00:00,Mawson,117.5422,134.1383,127.8450
2010-12-21 17:00:00,Mawson,123.3895,116.8010,135.8555
2010-12-21 18:00:00,Mawson,127.2021,117.5422,135.2957
2010-12-21 19:00:00,Mawson,144.8544,123.3895,134.7167
2010-12-21 20:00:00,Mawson,120.0430,127.2021,129.5156
2010-12-21 21:00:00,Mawson,131.7979,144.8544,125.7460
2010-12-21 22:00:00,Mawson,118.2809,120.0430,123.3662
2010-12-21 23:00:00,Mawson,114.5311,131.7979,120.1350
2010-12-22 00:00:00,Mawson,110.3227,118.2809,119.9478
2010-12-22 01:00:00,Mawson,109.4650,114.5311,120.9046
2010-12-22 02:00:00,Mawson,116.0628,110.3227,121.6112
2010-12-22 03:00:00,Mawson,116.3192,109.4650,122.3683
2010-12-22 04:00:00,Mawson,122.1181,116.0628,124.2226
2010-12-22 05:00:00,Mawson,122.5545,116.3192,124.8661
2010-12-22 06:00:00,Mawson,116.2611,122.1181,125.8988
2010-12-22 07:00:00,Mawson,126.0072,122.5545,126.2660
2010-12-22 08:00:00,Mawson,116.9695,116.2611,124.9769
2010-12-22 09:00:00,Mawson,115.8924,126.0072,126.4413
2010-12-22 10:00:00,Mawson,128.7300,116.9695,128.8323
2010-12-22 11:00:00,Mawson,130.4306,115.8924,129.4465
2010-12-22 12:00:00,Mawson,142.7159,128.7300,129.3097
2010-12-22 13:00:00,Mawson,136.9973,130.4306,127.5278
2010-12-22 14:00:00,Mawson,120.0401,142.7159,127.0101
2010-12-22 15:00:00,Mawson,125.7785,136.9973,127.0571
2010-12-22 16:00:00,Mawson,131.7698,120.0401,128.3350
2010-12-22 17:00:00,Mawson,127.2402,125.7785,134.9376
2010-12-22 18:00:00,Mawson,126.4361,131.7698,136.7972
2010-12-22 19:00:00,Mawson,124.5245,127.2402,135.2762
2010-12-22 20:00:00,Mawson,114.4492,126.4361,129.7414
2010-12-22 21:00:00,Mawson,121.5548,124.5245,124.6314
2010-12-22 22:00:00,Mawson,114.3232,114.4492,122.2604
2010-12-22 23:00:00,Mawson,120.4960,121.5548,120.8701
2010-12-23 00:00:00,Mawson,121.4852,114.3232,120.1961
2010-12-23 01:00:00,Mawson,127.2000,120.4960,120.2975
2010-12-23 02:00:00,Mawson,116.3484,121.4852,121.0142
2010-12-23 03:00:00,Mawson,118.9980,127.2000,121.9036
2010-12-23 04:00:00,Mawson,130.0463,116.3484,124.9756
2010-12-23 05:00:00,Mawson,124.4045,118.9980,125.1757
2010-12-23 06:00:00,Mawson,136.3294,130.0463,126.4147
2010-12-23 07:00:00,Mawson,123.8177,124.4045,125.9715
2010-12-23 08:00:00,Mawson,130.3624,136.3294,127.5254
2010-12-23 09:00:00,Mawson,113.4801,123.8177,127.0213
2010-12-23 10:00:00,Mawson,135.7485,130.3624,128.2866
2010-12-23 11:00:00,Mawson,119.8475,113.4801,132.8670
2010-12-23 12:00:00,Mawson,130.6934,135.7485,131.2102
2010-12-23 13:00:00,Mawson,115.4799,119.8475,127.7533
2010-12-23 14:00:00,Mawson,117.6744,130.6934,126.5871
2010-12-23 15:00:00,Mawson,118.0537,115.4799,124.6304
2010-12-23 16:00:00,Mawson,137.3096,117.6744,128.3394
2010-12-23 17:00:00,Mawson,127.9640,118.0537,134.3310
2010-12-23 18:00:00,Mawson,147.7107,137.3096,134.3772
2010-12-23 19:00:00,Mawson,117.7350,127.9640,135.2027
2010-12-23 20:00:00,Mawson,116.7788,147.7107,129.0247
2010-12-23 21:00:00,Mawson,109.4916,117.7350,125.3148
2010-12-23 22:00:00,Mawson,120.1956,116.7788,122.0978
2010-12-23 23:00:00,Mawson,118.0746,109.4916,120.8449
2010-12-24 00:00:00,Mawson,114.9774,120.1956,119.9952
2010-12-24 01:00:00,Mawson,112.1693,118.0746,120.2990
2010-12-24 02:00:00,Mawson,109.4105,114.9774,120.7348
2010-12-24 03:00:00,Mawson,110.8949,112.1693,121.1414
2010-12-24 04:00:00,Mawson,119.1218,109.4105,125.0384
2010-12-24 05:00:00,Mawson,110.8557,110.8949,124.5431
2010-12-24 06:00:00,Mawson,136.8928,119.1218,124.8157
2010-12-24 07:00:00,Mawson,120.4954,110.8557,127.3350
2010-12-24 08:00:00,Mawson,114.2920,136.8928,125.1893
2010-12-24 09:00:00,Mawson,116.4608,120.4954,125.7293
2010-12-24 10:00:00,Mawson,118.3579,114.2920,127.2031
2010-12-24 11:00:00,Mawson,123.8715,116.4608,128.7529
2010-12-24 12:00:00,Mawson,127.7493,118.3579,131.7041
2010-12-24 13:00:00,Mawson,117.8404,123.8715,124.9372
2010-12-24 14:00:00,Mawson,120.2887,127.7493,124.5347
2010-12-24 15:00:00,Mawson,136.9635,117.8404,123.7735
2010-12-24 16:00:00,Mawson,123.4878,120.2887,126.7882
2010-12-24 17:00:00,Mawson,139.8406,136.9635,134.7773
2010-12-24 18:00:00,Mawson,118.6936,123.4878,133.7032
2010-12-24 19:00:00,Mawson,147.0058,139.8406,135.8698
2010-12-24 20:00:00,Mawson,125.6233,118.6936,127.9436
2010-12-24 21:00:00,Mawson,120.4821,147.0058,125.6112
2010-12-24 22:00:00,Mawson,117.9555,125.6233,121.9632
2010-12-24 23:00:00,Mawson,110.1227,120.4821,119.6270
2010-12-25 00:00:00,Mawson,105.7952,117.9555,119.4029
2010-12-25 01:00:00,Mawson,112.5316,110.1227,119.2853
2010-12-25 02:00:00,Mawson,119.7257,105.7952,119.6670
2010-12-25 03:00:00,Mawson,114.1027,112.5316,120.5226
2010-12-25 04:00:00,Mawson,113.9867,119.7257,124.3145
2010-12-25 05:00:00,Mawson,109.4544,114.1027,123.9975
2010-12-25 06:00:00,Mawson,118.1183,113.9867,124.8946
2010-12-25 07:00:00,Mawson,129.7467,109.4544,126.8925
2010-12-25 08:00:00,Mawson,104.8837,118.1183,125.4020
2010-12-25 09:00:00,Mawson,125.2906,129.7467,126.8273
2010-12-25 10:00:00,Mawson,138.4790,104.8837,124.6393
2010-12-25 11:00:00,Mawson,109.8758,125.2906,128.8967
2010-12-25 12:00:00,Mawson,116.2168,138.4790,127.4323
2010-12-25 13:00:00,Mawson,124.5064,109.8758,126.7612
2010-12-25 14:00:00,Mawson,111.6982,116.2168,123.7669
2010-12-25 15:00:00,Mawson,118.1278,124.5064,124.4772
2010-12-25 16:00:00,Mawson,118.8434,111.6982,127.3179
2010-12-25 17:00:00,Mawson,131.3001,118.1278,133.2977
2010-12-25 18:00:00,Mawson,127.4089,118.8434,136.8464
2010-12-25 19:00:00,Mawson,135.0930,131.3001,133.8680
2010-12-25 20:00:00,Mawson,144.1138,127.4089,128.4353
2010-12-25 21:00:00,Mawson,107.4593,135.0930,124.5794
2010-12-25 22:00:00,Mawson,129.4821,144.1138,121.8635
2010-12-25 23:00:00,Mawson,122.9224,107.4593,119.3940
2010-12-26 00:00:00,Mawson,104.1355,129.4821,118.9381
2010-12-26 01:00:00,Mawson,120.9353,122.9224,119.1792
2010-12-26 02:00:00,Mawson,113.9271,104.1355,118.3368
2010-12-26 03:00:00,Mawson,126.2306,120.9353,121.5172
2010-12-26 04:00:00,Mawson,117.7713,113.9271,125.1013
2010-12-26 05:00:00,Mawson,122.2502,126.2306,124.6548
2010-12-26 06:00:00,Mawson,112.5176,117.7713,124.7220
2010-12-26 07:00:00,Mawson,114.7889,122.2502,125.0813
2010-12-26 08:00:00,Mawson,112.2924,112.5176,126.7541
2010-12-26 09:00:00,Mawson,114.2689,114.7889,124.9008
2010-12-26 10:00:00,Mawson,130.2052,112.2924,128.4440
2010-12-26 11:00:00,Mawson,134.6863,114.2689,130.3223
2010-12-26 12:00:00,Mawson,134.4729,130.2052,129.8862
2010-12-26 13:00:00,Mawson,119.1822,134.6863,126.3683
2010-12-26 14:00:00,Mawson,140.7263,134.4729,124.7153
2010-12-26 15:00:00,Mawson,118.2082,119.1822,125.0091
2010-12-26 16:00:00,Mawson,127.5442,140.7263,128.9275
2010-12-26 17:00:00,Mawson,120.8765,118.2082,134.3744
2010-12-26 18:00:00,Mawson,137.4526,127.5442,137.3052
2010-12-26 19:00:00,Mawson,120.6453,120.8765,134.8129
2010-12-26 20:00:00,Mawson,126.2178,137.4526,129.5549
2010-12-26 21:00:00,Mawson,132.4577,120.6453,125.6092
2010-12-26 22:00:00,Mawson,127.5209,126.2178,122.1744
2010-12-26 23:00:00,Mawson,109.8958,132.4577,120.8905
2010-12-27 00:00:00,Mawson,113.1429,127.5209,120.0678
2010-12-27 01:00:00,Mawson,119.9128,109.8958,119.7368
2010-12-27 02:00:00,Mawson,121.5150,113.1429,119.8764
2010-12-27 03:00:00,Mawson,105.7111,119.9128,121.7067
2010-12-27 04:00:00,Mawson,123.5679,121.5150,125.5100
2010-12-27 05:00:00,Mawson,121.4769,105.7111,123.3733
2010-12-27 06:00:00,Mawson,120.4837,123.5679,126.4210
2010-12-27 07:00:00,Mawson,114.2549,121.4769,125.7809
2010-12-27 08:00:00,Mawson,110.2942,120.4837,125.7313
2010-12-27 09:00:00,Mawson,126.2686,114.2549,126.6944
2010-12-27 10:00:00,Mawson,135.9681,110.2942,126.6099
2010-12-27 11:00:00,Mawson,118.6250,126.2686,131.3823
2010-12-27 12:00:00,Mawson,124.3974,135.9681,130.0910
2010-12-27 13:00:00,Mawson,116.9572,118.6250,127.1708
2010-12-27 14:00:00,Mawson,129.6756,124.3974,125.0547
2010-12-27 15:00:00,Mawson,130.4704,116.9572,124.6882
2010-12-27 16:00:00,Mawson,129.2558,129.6756,128.0813
2010-12-27 17:00:00,Mawson,123.2314,130.4704,134.8227
2010-12-27 18:00:00,Mawson,122.1742,129.2558,134.9646
2010-12-27 19:00:00,Mawson,122.5955,123.2314,135.1516
2010-12-27 20:00:00,Mawson,127.2626,122.1742,127.0107
2010-12-27 21:00:00,Mawson,133.1098,122.5955,125.2870
2010-12-27 22:00:00,Mawson,114.2232,127.2626,122.8749
2010-12-27 23:00:00,Mawson,124.5917,133.1098,120.1146
2010-12-28 00:00:00,Mawson,113.1917,114.2232,118.9939
2010-12-28 01:00:00,Mawson,115.0417,124.5917,119.7659
2010-12-28 02:00:00,Mawson,100.4918,113.1917,120.2778
2010-12-28 03:00:00,Mawson,112.1853,115.0417,120.8272
2010-12-28 04:00:00,Mawson,133.9779,100.4918,122.1772
2010-12-28 05:00:00,Mawson,131.4400,112.1853,125.1887
2010-12-28 06:00:00,Mawson,105.6636,133.9779,125.9008
2010-12-28 07:00:00,Mawson,124.1708,131.4400,125.0400
2010-12-28 08:00:00,Mawson,118.2489,105.6636,125.1256
2010-12-28 09:00:00,Mawson,124.5571,124.1708,125.3455
2010-12-28 10:00:00,Mawson,109.5782,118.2489,128.5575
2010-12-28 11:00:00,Mawson,140.6852,124.5571,131.4249
2010-12-28 12:00:00,Mawson,125.5212,109.5782,128.1640
2010-12-28 13:00:00,Mawson,143.7119,140.6852,126.2805
2010-12-28 14:00:00,Mawson,122.6485,125.5212,125.1747
2010-12-28 15:00:00,Mawson,141.9895,143.7119,126.6825
2010-12-28 16:00:00,Mawson,140.8645,122.6485,128.4086
2010-12-28 17:00:00,Mawson,143.6432,141.9895,134.5699
2010-12-28 18:00:00,Mawson,137.2980,140.8645,136.3982
2010-12-28 19:00:00,Mawson,136.1830,143.6432,134.6747
2010-12-28 20:00:00,Mawson,116.2813,137.2980,130.8403
2010-12-28 21:00:00,Mawson,131.1832,136.1830,126.6599
2010-12-28 22:00:00,Mawson,117.6304,116.2813,123.9105
2010-12-28 23:00:00,Mawson,122.1070,131.1832,121.1603
2010-12-29 00:00:00,Mawson,138.6932,117.6304,120.9950
2010-12-29 01:00:00,Mawson,117.4807,122.1070,122.1233
2010-12-29 02:00:00,Mawson,114.7500,138.6932,123.1964
2010-12-29 03:00:00,Mawson,121.9971,117.4807,122.1579
2010-12-29 04:00:00,Mawson,105.0967,114.7500,125.2148
2010-12-29 05:00:00,Mawson,115.1724,121.9971,127.0415
2010-12-29 06:00:00,Mawson,123.9710,105.0967,126.2486
2010-12-29 07:00:00,Mawson,119.2006,115.1724,126.6930
2010-12-29 08:00:00,Mawson,104.9040,123.9710,127.5266
2010-12-29 09:00:00,Mawson,126.3199,119.2006,126.1546
2010-12-29 10:00:00,Mawson,119.3068,104.9040,127.4185
2010-12-29 11:00:00,Mawson,112.7995,126.3199,129.8583
2010-12-29 12:00:00,Mawson,129.3807,119.3068,130.9933
2010-12-29 13:00:00,Mawson,103.3912,112.7995,128.6095
2010-12-29 14:00:00,Mawson,122.8359,129.3807,126.5796
2010-12-29 15:00:00,Mawson,119.8056,103.3912,123.7082
2010-12-29 16:00:00,Mawson,112.3853,122.8359,128.7869
2010-12-29 17:00:00,Mawson,128.5921,119.8056,134.5210
2010-12-29 18:00:00,Mawson,127.9149,112.3853,134.8779
2010-12-29 19:00:00,Mawson,123.2114,128.5921,133.0596
2010-12-29 20:00:00,Mawson,124.0398,127.9149,127.6278
2010-12-29 21:00:00,Mawson,127.2065,123.2114,123.6095
2010-12-29 22:00:00,Mawson,104.6229,124.0398,121.6725
2010-12-29 23:00:00,Mawson,107.9407,127.2065,119.6552
2010-12-30 00:00:00,Mawson,108.9383,104.6229,119.8103
2010-12-30 01:00:00,Mawson,137.4738,107.9407,120.3412
2010-12-30 02:00:00,Mawson,112.3100,108.9383,119.7546
2010-12-30 03:00:00,Mawson,112.1638,137.4738,121.4422
2010-12-30 04:00:00,Mawson,115.2762,112.3100,123.0230
2010-12-30 05:00:00,Mawson,126.4104,112.1638,125.0512
2010-12-30 06:00:00,Mawson,129.9111,115.2762,125.5384
2010-12-30 07:00:00,Mawson,123.3531,126.4104,126.3055
2010-12-30 08:00:00,Mawson,133.9735,129.9111,125.8387
2010-12-30 09:00:00,Mawson,123.6202,123.3531,126.2822
2010-12-30 10:00:00,Mawson,119.6573,133.9735,127.4858
2010-12-30 11:00:00,Mawson,126.2464,123.6202,130.7625
2010-12-30 12:00:00,Mawson,123.9082,119.6573,126.6716
2010-12-30 13:00:00,Mawson,114.2494,126.2464,127.2212
2010-12-30 14:00:00,Mawson,108.2109,123.9082,123.9231
2010-12-30 15:00:00,Mawson,125.4370,114.2494,124.1973
2010-12-30 16:00:00,Mawson,140.1627,108.2109,126.3696
2010-12-30 17:00:00,Mawson,123.3475,125.4370,133.5676
2010-12-30 18:00:00,Mawson,147.2403,140.1627,133.5596
2010-12-30 19:00:00,Mawson,128.8415,123.3475,136.1908
2010-12-30 20:00:00,Mawson,125.2490,147.2403,128.2352
2010-12-30 21:00:00,Mawson,130.6673,128.8415,125.3826
2010-12-30 22:00:00,Mawson,114.1101,125.2490,122.2529
2010-12-30 23:00:00,Mawson,118.3576,130.6673,120.0413
2010-12-31 00:00:00,Mawson,128.0131,114.1101,119.9416
2010-12-31 01:00:00,Mawson,130.0571,118.3576,120.2908
2010-12-31 02:00:00,Mawson,113.6474,128.0131,121.7098
2010-12-31 03:00:00,Mawson,123.0705,130.0571,122.0224
2010-12-31 04:00:00,Mawson,115.1450,113.6474,124.7560
2010-12-31 05:00:00,Mawson,115.3542,123.0705,125.0401
2010-12-31 06:00:00,Mawson,122.1795,115.1450,125.5878
2010-12-31 07:00:00,Mawson,131.7237,115.3542,127.3823
2010-12-31 08:00:00,Mawson,137.1989,122.1795,125.8623
2010-12-31 09:00:00,Mawson,126.9280,131.7237,126.8704
2010-12-31 10:00:00,Mawson,113.0841,137.1989,126.9857
2010-12-31 11:00:00,Mawson,128.0694,126.9280,129.4899
2010-12-31 12:00:00,Mawson,124.1258,113.0841,130.1578
2010-12-31 13:00:00,Mawson,137.6974,128.0694,127.5504
2010-12-31 14:00:00,Mawson,126.6726,124.1258,125.4000
2010-12-31 15:00:00,Mawson,134.1712,137.6974,125.8326
2010-12-31 16:00:00,Mawson,124.8573,126.6726,130.1554
2010-12-31 17:00:00,Mawson,138.9835,134.1712,135.8125
2010-12-31 18:00:00,Mawson,140.7902,124.8573,138.0627
2010-12-31 19:00:00,Mawson,135.7699,138.9835,137.5678
2010-12-31 20:00:00,Mawson,110.4698,140.7902,130.6467
2010-12-31 21:00:00,Mawson,142.1680,135.7699,126.2704
2010-12-31 22:00:00,Mawson,119.5846,110.4698,124.2078
