timestamp_utc,station,actual_renewable_available_kwh,predicted_renewable_available_kwh,baseline_renewable_available_kwh
2010-10-20T00:00:00+00:00,Casey,22.0666,18.6131,47.1740
2010-10-20T01:00:00+00:00,Casey,47.4502,41.2467,22.0666
2010-10-20T02:00:00+00:00,Casey,47.5882,42.3231,47.4502
2010-10-20T03:00:00+00:00,Casey,35.3654,33.7963,47.5882
2010-10-20T04:00:00+00:00,Casey,53.0944,42.0809,35.3654
2010-10-20T05:00:00+00:00,Casey,83.9665,108.4818,53.0944
2010-10-20T06:00:00+00:00,Casey,51.3837,52.9332,83.9665
2010-10-20T07:00:00+00:00,Casey,76.5450,77.9586,51.3837
2010-10-20T08:00:00+00:00,Casey,83.7029,89.3805,76.5450
2010-10-20T09:00:00+00:00,Casey,107.1097,110.2039,83.7029
2010-10-20T10:00:00+00:00,Casey,118.9013,116.2709,107.1097
2010-10-20T11:00:00+00:00,Casey,117.0430,105.7923,118.9013
2010-10-20T12:00:00+00:00,Casey,137.7237,141.7603,117.0430
2010-10-20T13:00:00+00:00,Casey,107.4834,110.1815,137.7237
2010-10-20T14:00:00+00:00,Casey,109.7279,115.4657,107.4834
2010-10-20T15:00:00+00:00,Casey,102.1297,95.6466,109.7279
2010-10-20T16:00:00+00:00,Casey,79.5948,74.0490,102.1297
2010-10-20T17:00:00+00:00,Casey,40.4849,37.9789,79.5948
2010-10-20T18:00:00+00:00,Casey,31.3408,29.0286,40.4849
2010-10-20T19:00:00+00:00,Casey,18.7335,18.7701,31.3408
2010-10-20T20:00:00+00:00,Casey,30.5237,30.0842,18.7335
2010-10-20T21:00:00+00:00,Casey,26.6484,25.4905,30.5237
2010-10-20T22:00:00+00:00,Casey,18.4622,17.2685,26.6484
2010-10-20T23:00:00+00:00,Casey,27.9924,26.8945,18.4622
2010-10-21T00:00:00+00:00,Casey,52.4079,46.3950,27.9924
2010-10-21T01:00:00+00:00,Casey,98.6369,147.6843,52.4079
2010-10-21T02:00:00+00:00,Casey,41.2076,33.5495,98.6369
2010-10-21T03:00:00+00:00,Casey,52.6367,42.3387,41.2076
2010-10-21T04:00:00+00:00,Casey,51.0478,52.9641,52.6367
2010-10-21T05:00:00+00:00,Casey,47.7290,49.1740,51.0478
2010-10-21T06:00:00+00:00,Casey,64.6566,62.9638,47.7290
2010-10-21T07:00:00+00:00,Casey,69.0635,67.5719,64.6566
2010-10-21T08:00:00+00:00,Casey,71.9216,76.5347,69.0635
2010-10-21T09:00:00+00:00,Casey,106.6757,96.8834,71.9216
2010-10-21T10:00:00+00:00,Casey,107.5929,110.5382,106.6757
2010-10-21T11:00:00+00:00,Casey,124.6470,117.4323,107.5929
2010-10-21T12:00:00+00:00,Casey,150.9973,153.6059,124.6470
2010-10-21T13:00:00+00:00,Casey,118.9018,115.1068,150.9973
2010-10-21T14:00:00+00:00,Casey,142.3688,134.2794,118.9018
2010-10-21T15:00:00+00:00,Casey,93.5922,89.7782,142.3688
2010-10-21T16:00:00+00:00,Casey,62.3055,64.2579,93.5922
2010-10-21T17:00:00+00:00,Casey,66.0935,56.5694,62.3055
2010-10-21T18:00:00+00:00,Casey,27.2085,24.4714,66.0935
2010-10-21T19:00:00+00:00,Casey,27.7938,26.8391,27.2085
2010-10-21T20:00:00+00:00,Casey,21.8712,21.0303,27.7938
2010-10-21T21:00:00+00:00,Casey,24.0066,22.3313,21.8712
2010-10-21T22:00:00+00:00,Casey,40.3606,37.2014,24.0066
2010-10-21T23:00:00+00:00,Casey,39.6395,37.0888,40.3606
2010-10-22T00:00:00+00:00,Casey,23.7043,19.4157,39.6395
2010-10-22T01:00:00+00:00,Casey,17.0563,23.0301,23.7043
2010-10-22T02:00:00+00:00,Casey,63.9914,56.2517,17.0563
2010-10-22T03:00:00+00:00,Casey,52.4163,42.6322,63.9914
2010-10-22T04:00:00+00:00,Casey,39.9146,31.1610,52.4163
2010-10-22T05:00:00+00:00,Casey,24.6162,28.2944,39.9146
2010-10-22T06:00:00+00:00,Casey,95.0128,124.5416,24.6162
2010-10-22T07:00:00+00:00,Casey,69.3407,50.7868,95.0128
2010-10-22T08:00:00+00:00,Casey,108.6290,95.4629,69.3407
2010-10-22T09:00:00+00:00,Casey,123.3394,131.2564,108.6290
2010-10-22T10:00:00+00:00,Casey,132.2281,128.7120,123.3394
2010-10-22T11:00:00+00:00,Casey,130.0302,113.7532,132.2281
2010-10-22T12:00:00+00:00,Casey,125.9719,120.8285,130.0302
2010-10-22T13:00:00+00:00,Casey,111.9899,105.2362,125.9719
2010-10-22T14:00:00+00:00,Casey,113.4145,104.3530,111.9899
2010-10-22T15:00:00+00:00,Casey,86.6391,84.7979,113.4145
2010-10-22T16:00:00+00:00,Casey,78.0318,71.3576,86.6391
2010-10-22T17:00:00+00:00,Casey,57.4541,53.4831,78.0318
2010-10-22T18:00:00+00:00,Casey,16.9814,18.6564,57.4541
2010-10-22T19:00:00+00:00,Casey,40.7214,44.2223,16.9814
2010-10-22T20:00:00+00:00,Casey,30.6080,31.5368,40.7214
2010-10-22T21:00:00+00:00,Casey,14.6231,13.6408,30.6080
2010-10-22T22:00:00+00:00,Casey,33.2467,31.5944,14.6231
2010-10-22T23:00:00+00:00,Casey,31.1296,28.5086,33.2467
2010-10-23T00:00:00+00:00,Casey,55.6973,50.5989,31.1296
2010-10-23T01:00:00+00:00,Casey,47.8042,41.2467,55.6973
2010-10-23T02:00:00+00:00,Casey,69.3002,69.9714,47.8042
2010-10-23T03:00:00+00:00,Casey,67.9850,58.1362,69.3002
2010-10-23T04:00:00+00:00,Casey,22.0899,19.4293,67.9850
2010-10-23T05:00:00+00:00,Casey,92.4867,151.3650,22.0899
2010-10-23T06:00:00+00:00,Casey,18.5702,21.7327,92.4867
2010-10-23T07:00:00+00:00,Casey,87.4260,68.5805,18.5702
2010-10-23T08:00:00+00:00,Casey,110.9204,101.5019,87.4260
2010-10-23T09:00:00+00:00,Casey,100.1710,102.0609,110.9204
2010-10-23T10:00:00+00:00,Casey,112.7013,112.3351,100.1710
2010-10-23T11:00:00+00:00,Casey,122.4141,124.3852,112.7013
2010-10-23T12:00:00+00:00,Casey,132.3457,114.0419,122.4141
2010-10-23T13:00:00+00:00,Casey,130.0855,114.7677,132.3457
2010-10-23T14:00:00+00:00,Casey,100.8903,97.7171,130.0855
2010-10-23T15:00:00+00:00,Casey,89.3505,88.7823,100.8903
2010-10-23T16:00:00+00:00,Casey,72.2723,69.8217,89.3505
2010-10-23T17:00:00+00:00,Casey,71.7993,62.3730,72.2723
2010-10-23T18:00:00+00:00,Casey,60.6202,60.9667,71.7993
2010-10-23T19:00:00+00:00,Casey,2.7531,4.9767,60.6202
2010-10-23T20:00:00+00:00,Casey,23.3027,22.4889,2.7531
2010-10-23T21:00:00+00:00,Casey,30.5899,30.1108,23.3027
2010-10-23T22:00:00+00:00,Casey,23.5256,20.8886,30.5899
2010-10-23T23:00:00+00:00,Casey,45.6313,43.7194,23.5256
2010-10-24T00:00:00+00:00,Casey,41.5993,35.7019,45.6313
2010-10-24T01:00:00+00:00,Casey,40.0890,31.8258,41.5993
2010-10-24T02:00:00+00:00,Casey,69.2836,77.2483,40.0890
2010-10-24T03:00:00+00:00,Casey,38.2462,30.9204,69.2836
2010-10-24T04:00:00+00:00,Casey,38.8630,31.6023,38.2462
2010-10-24T05:00:00+00:00,Casey,43.1498,47.5821,38.8630
2010-10-24T06:00:00+00:00,Casey,64.4953,51.4191,43.1498
2010-10-24T07:00:00+00:00,Casey,75.1864,75.4065,64.4953
2010-10-24T08:00:00+00:00,Casey,78.7148,83.6136,75.1864
2010-10-24T09:00:00+00:00,Casey,97.1784,101.3889,78.7148
2010-10-24T10:00:00+00:00,Casey,121.8654,118.7079,97.1784
2010-10-24T11:00:00+00:00,Casey,126.0643,124.6928,121.8654
2010-10-24T12:00:00+00:00,Casey,125.8922,127.0016,126.0643
2010-10-24T13:00:00+00:00,Casey,110.2504,103.8801,125.8922
2010-10-24T14:00:00+00:00,Casey,100.8462,102.0955,110.2504
2010-10-24T15:00:00+00:00,Casey,97.1021,93.5392,100.8462
2010-10-24T16:00:00+00:00,Casey,79.6474,68.9127,97.1021
2010-10-24T17:00:00+00:00,Casey,60.8280,54.8730,79.6474
2010-10-24T18:00:00+00:00,Casey,24.4601,25.4265,60.8280
2010-10-24T19:00:00+00:00,Casey,8.6348,9.1283,24.4601
2010-10-24T20:00:00+00:00,Casey,13.8241,14.2325,8.6348
2010-10-24T21:00:00+00:00,Casey,46.8818,49.0380,13.8241
2010-10-24T22:00:00+00:00,Casey,27.0979,24.8806,46.8818
2010-10-24T23:00:00+00:00,Casey,25.6999,23.3566,27.0979
2010-10-25T00:00:00+00:00,Casey,49.4351,56.2915,25.6999
2010-10-25T01:00:00+00:00,Casey,71.5254,77.7719,49.4351
2010-10-25T02:00:00+00:00,Casey,84.0042,101.7471,71.5254
2010-10-25T03:00:00+00:00,Casey,30.6334,33.0274,84.0042
2010-10-25T04:00:00+00:00,Casey,31.2563,29.6024,30.6334
2010-10-25T05:00:00+00:00,Casey,93.1300,135.5075,31.2563
2010-10-25T06:00:00+00:00,Casey,52.2606,50.7100,93.1300
2010-10-25T07:00:00+00:00,Casey,98.2443,110.1886,52.2606
2010-10-25T08:00:00+00:00,Casey,99.2698,105.1372,98.2443
2010-10-25T09:00:00+00:00,Casey,112.7003,109.2376,99.2698
2010-10-25T10:00:00+00:00,Casey,114.5342,113.5929,112.7003
2010-10-25T11:00:00+00:00,Casey,129.0159,129.5595,114.5342
2010-10-25T12:00:00+00:00,Casey,117.5793,107.5054,129.0159
2010-10-25T13:00:00+00:00,Casey,123.6874,114.7470,117.5793
2010-10-25T14:00:00+00:00,Casey,109.7902,102.9163,123.6874
2010-10-25T15:00:00+00:00,Casey,98.4977,93.1320,109.7902
2010-10-25T16:00:00+00:00,Casey,102.9222,95.2252,98.4977
2010-10-25T17:00:00+00:00,Casey,39.5427,52.5683,102.9222
2010-10-25T18:00:00+00:00,Casey,11.6305,13.7822,39.5427
2010-10-25T19:00:00+00:00,Casey,24.0678,24.4059,11.6305
2010-10-25T20:00:00+00:00,Casey,43.3030,49.0148,24.0678
2010-10-25T21:00:00+00:00,Casey,27.0489,25.5944,43.3030
2010-10-25T22:00:00+00:00,Casey,36.4214,32.7336,27.0489
2010-10-25T23:00:00+00:00,Casey,35.8165,32.7960,36.4214
2010-10-26T00:00:00+00:00,Casey,27.1615,21.8396,35.8165
2010-10-26T01:00:00+00:00,Casey,41.0023,33.7772,27.1615
2010-10-26T02:00:00+00:00,Casey,64.2516,57.4268,41.0023
2010-10-26T03:00:00+00:00,Casey,89.3424,132.7556,64.2516
2010-10-26T04:00:00+00:00,Casey,18.4163,13.4798,89.3424
2010-10-26T05:00:00+00:00,Casey,64.5437,56.4641,18.4163
2010-10-26T06:00:00+00:00,Casey,87.4983,112.6196,64.5437
2010-10-26T07:00:00+00:00,Casey,64.7046,63.7277,87.4983
2010-10-26T08:00:00+00:00,Casey,102.9708,92.1051,64.7046
2010-10-26T09:00:00+00:00,Casey,111.3384,96.3933,102.9708
2010-10-26T10:00:00+00:00,Casey,105.1979,108.5674,111.3384
2010-10-26T11:00:00+00:00,Casey,126.5243,125.8744,105.1979
2010-10-26T12:00:00+00:00,Casey,129.6867,112.2601,126.5243
2010-10-26T13:00:00+00:00,Casey,147.6316,133.6320,129.6867
2010-10-26T14:00:00+00:00,Casey,103.8022,99.2308,147.6316
2010-10-26T15:00:00+00:00,Casey,91.3277,89.6750,103.8022
2010-10-26T16:00:00+00:00,Casey,63.4487,58.2197,91.3277
2010-10-26T17:00:00+00:00,Casey,38.2650,36.8624,63.4487
2010-10-26T18:00:00+00:00,Casey,25.3967,25.8059,38.2650
2010-10-26T19:00:00+00:00,Casey,10.8629,10.9687,25.3967
2010-10-26T20:00:00+00:00,Casey,13.0507,13.1096,10.8629
2010-10-26T21:00:00+00:00,Casey,55.9853,59.2929,13.0507
2010-10-26T22:00:00+00:00,Casey,10.5594,9.8169,55.9853
2010-10-26T23:00:00+00:00,Casey,29.3858,27.4952,10.5594
2010-10-27T00:00:00+00:00,Casey,47.0530,41.4333,29.3858
2010-10-27T01:00:00+00:00,Casey,48.2829,40.9868,47.0530
2010-10-27T02:00:00+00:00,Casey,27.0127,23.5869,48.2829
2010-10-27T03:00:00+00:00,Casey,57.3545,47.8046,27.0127
2010-10-27T04:00:00+00:00,Casey,42.6140,39.0702,57.3545
2010-10-27T05:00:00+00:00,Casey,85.3882,107.3916,42.6140
2010-10-27T06:00:00+00:00,Casey,31.2225,29.4562,85.3882
2010-10-27T07:00:00+00:00,Casey,70.7393,71.2695,31.2225
2010-10-27T08:00:00+00:00,Casey,114.3560,127.8053,70.7393
2010-10-27T09:00:00+00:00,Casey,122.9005,132.1187,114.3560
2010-10-27T10:00:00+00:00,Casey,112.3320,106.3326,122.9005
2010-10-27T11:00:00+00:00,Casey,123.5398,122.8208,112.3320
2010-10-27T12:00:00+00:00,Casey,128.5185,112.3986,123.5398
2010-10-27T13:00:00+00:00,Casey,133.3664,129.5359,128.5185
2010-10-27T14:00:00+00:00,Casey,139.2595,127.8591,133.3664
2010-10-27T15:00:00+00:00,Casey,91.2344,76.9902,139.2595
2010-10-27T16:00:00+00:00,Casey,66.0083,73.4275,91.2344
2010-10-27T17:00:00+00:00,Casey,66.0777,59.0708,66.0083
2010-10-27T18:00:00+00:00,Casey,27.0559,27.9158,66.0777
2010-10-27T19:00:00+00:00,Casey,15.9921,16.1178,27.0559
2010-10-27T20:00:00+00:00,Casey,17.5141,16.9213,15.9921
2010-10-27T21:00:00+00:00,Casey,36.1072,34.8616,17.5141
2010-10-27T22:00:00+00:00,Casey,55.3118,62.7733,36.1072
2010-10-27T23:00:00+00:00,Casey,43.8172,41.4915,55.3118
2010-10-28T00:00:00+00:00,Casey,19.2989,15.8762,43.8172
2010-10-28T01:00:00+00:00,Casey,46.5131,40.8203,19.2989
2010-10-28T02:00:00+00:00,Casey,61.1422,55.2533,46.5131
2010-10-28T03:00:00+00:00,Casey,51.7744,51.2529,61.1422
2010-10-28T04:00:00+00:00,Casey,67.8670,62.8499,51.7744
2010-10-28T05:00:00+00:00,Casey,53.2742,41.7970,67.8670
2010-10-28T06:00:00+00:00,Casey,59.2874,57.0272,53.2742
2010-10-28T07:00:00+00:00,Casey,83.6938,84.6145,59.2874
2010-10-28T08:00:00+00:00,Casey,123.0323,137.1076,83.6938
2010-10-28T09:00:00+00:00,Casey,85.5544,89.8560,123.0323
2010-10-28T10:00:00+00:00,Casey,121.8631,110.2306,85.5544
2010-10-28T11:00:00+00:00,Casey,114.0975,111.2302,121.8631
2010-10-28T12:00:00+00:00,Casey,125.4743,119.2460,114.0975
2010-10-28T13:00:00+00:00,Casey,111.2037,100.7772,125.4743
2010-10-28T14:00:00+00:00,Casey,119.9845,110.8294,111.2037
2010-10-28T15:00:00+00:00,Casey,89.2351,86.7406,119.9845
2010-10-28T16:00:00+00:00,Casey,81.2762,66.6585,89.2351
2010-10-28T17:00:00+00:00,Casey,36.7395,35.5700,81.2762
2010-10-28T18:00:00+00:00,Casey,9.8292,11.7740,36.7395
2010-10-28T19:00:00+00:00,Casey,15.1662,14.1115,9.8292
2010-10-28T20:00:00+00:00,Casey,28.1571,27.5586,15.1662
2010-10-28T21:00:00+00:00,Casey,13.9432,12.8254,28.1571
2010-10-28T22:00:00+00:00,Casey,39.7271,38.1238,13.9432
2010-10-28T23:00:00+00:00,Casey,45.8459,43.8989,39.7271
2010-10-29T00:00:00+00:00,Casey,44.0976,40.8437,45.8459
2010-10-29T01:00:00+00:00,Casey,58.9756,51.7002,44.0976
2010-10-29T02:00:00+00:00,Casey,37.2691,33.4552,58.9756
2010-10-29T03:00:00+00:00,Casey,39.7899,34.5249,37.2691
2010-10-29T04:00:00+00:00,Casey,80.0956,88.3374,39.7899
2010-10-29T05:00:00+00:00,Casey,57.3355,48.8049,80.0956
2010-10-29T06:00:00+00:00,Casey,34.5492,35.6823,57.3355
2010-10-29T07:00:00+00:00,Casey,78.8451,76.2511,34.5492
2010-10-29T08:00:00+00:00,Casey,115.9619,138.7517,78.8451
2010-10-29T09:00:00+00:00,Casey,119.3837,125.5605,115.9619
2010-10-29T10:00:00+00:00,Casey,119.7095,107.8497,119.3837
2010-10-29T11:00:00+00:00,Casey,127.8272,127.6647,119.7095
2010-10-29T12:00:00+00:00,Casey,130.7456,131.9120,127.8272
2010-10-29T13:00:00+00:00,Casey,145.5598,125.8364,130.7456
2010-10-29T14:00:00+00:00,Casey,111.8661,107.4599,145.5598
2010-10-29T15:00:00+00:00,Casey,111.6507,99.0143,111.8661
2010-10-29T16:00:00+00:00,Casey,76.8629,78.0963,111.6507
2010-10-29T17:00:00+00:00,Casey,54.3566,48.3006,76.8629
2010-10-29T18:00:00+00:00,Casey,48.4787,48.2591,54.3566
2010-10-29T19:00:00+00:00,Casey,45.3919,42.3369,48.4787
2010-10-29T20:00:00+00:00,Casey,22.3856,20.8368,45.3919
2010-10-29T21:00:00+00:00,Casey,27.4862,25.6969,22.3856
2010-10-29T22:00:00+00:00,Casey,19.5837,17.3124,27.4862
2010-10-29T23:00:00+00:00,Casey,30.4150,28.0619,19.5837
2010-10-30T00:00:00+00:00,Casey,40.2059,35.7799,30.4150
2010-10-30T01:00:00+00:00,Casey,19.6119,16.2044,40.2059
2010-10-30T02:00:00+00:00,Casey,65.9019,60.2267,19.6119
2010-10-30T03:00:00+00:00,Casey,75.8215,80.8669,65.9019
2010-10-30T04:00:00+00:00,Casey,27.4573,22.6563,75.8215
2010-10-30T05:00:00+00:00,Casey,90.6415,140.5717,27.4573
2010-10-30T06:00:00+00:00,Casey,56.4442,45.2352,90.6415
2010-10-30T07:00:00+00:00,Casey,90.3989,97.2075,56.4442
2010-10-30T08:00:00+00:00,Casey,117.4442,130.7767,90.3989
2010-10-30T09:00:00+00:00,Casey,115.5408,116.3176,117.4442
2010-10-30T10:00:00+00:00,Casey,136.0639,115.9051,115.5408
2010-10-30T11:00:00+00:00,Casey,118.7798,121.7735,136.0639
2010-10-30T12:00:00+00:00,Casey,128.3423,115.3597,118.7798
2010-10-30T13:00:00+00:00,Casey,114.9203,113.4207,128.3423
2010-10-30T14:00:00+00:00,Casey,121.0465,108.3981,114.9203
2010-10-30T15:00:00+00:00,Casey,99.6771,87.5445,121.0465
2010-10-30T16:00:00+00:00,Casey,78.0195,71.5133,99.6771
2010-10-30T17:00:00+00:00,Casey,37.5323,36.8540,78.0195
2010-10-30T18:00:00+00:00,Casey,11.2658,13.2494,37.5323
2010-10-30T19:00:00+00:00,Casey,23.1843,22.4079,11.2658
2010-10-30T20:00:00+00:00,Casey,23.4145,22.9457,23.1843
2010-10-30T21:00:00+00:00,Casey,34.4943,28.4747,23.4145
2010-10-30T22:00:00+00:00,Casey,36.9925,37.5917,34.4943
2010-10-30T23:00:00+00:00,Casey,30.9023,28.5086,36.9925
2010-10-31T00:00:00+00:00,Casey,26.1425,21.9178,30.9023
2010-10-31T01:00:00+00:00,Casey,59.2923,51.4002,26.1425
2010-10-31T02:00:00+00:00,Casey,62.6214,51.0771,59.2923
2010-10-31T03:00:00+00:00,Casey,76.3327,102.8734,62.6214
2010-10-31T04:00:00+00:00,Casey,76.5433,96.6276,76.3327
2010-10-31T05:00:00+00:00,Casey,91.7718,137.4359,76.5433
2010-10-31T06:00:00+00:00,Casey,42.5990,28.9250,91.7718
2010-10-31T07:00:00+00:00,Casey,62.5748,63.3676,42.5990
2010-10-31T08:00:00+00:00,Casey,104.9511,116.1219,62.5748
2010-10-31T09:00:00+00:00,Casey,107.3273,105.5273,104.9511
2010-10-31T10:00:00+00:00,Casey,145.4543,165.6206,107.3273
2010-10-31T11:00:00+00:00,Casey,139.1370,129.9834,145.4543
2010-10-31T12:00:00+00:00,Casey,115.9730,121.3729,139.1370
2010-10-31T13:00:00+00:00,Casey,133.0646,134.8089,115.9730
2010-10-31T14:00:00+00:00,Casey,111.9109,115.2072,133.0646
2010-10-31T15:00:00+00:00,Casey,90.8907,89.5393,111.9109
2010-10-31T16:00:00+00:00,Casey,83.7946,76.1990,90.8907
2010-10-31T17:00:00+00:00,Casey,54.1615,49.3987,83.7946
2010-10-31T18:00:00+00:00,Casey,38.3102,37.0061,54.1615
2010-10-31T19:00:00+00:00,Casey,19.2259,20.1220,38.3102
2010-10-31T20:00:00+00:00,Casey,26.4421,26.4569,19.2259
2010-10-31T21:00:00+00:00,Casey,32.5677,31.3819,26.4421
2010-10-31T22:00:00+00:00,Casey,38.0606,34.4386,32.5677
2010-10-31T23:00:00+00:00,Casey,31.5084,28.7183,38.0606
2010-11-01T00:00:00+00:00,Casey,48.6915,40.1293,31.5084
2010-11-01T01:00:00+00:00,Casey,58.8579,54.5107,48.6915
2010-11-01T02:00:00+00:00,Casey,68.2869,60.1675,58.8579
2010-11-01T03:00:00+00:00,Casey,48.8736,44.6783,68.2869
2010-11-01T04:00:00+00:00,Casey,28.6003,23.7378,48.8736
2010-11-01T05:00:00+00:00,Casey,46.5259,42.4844,28.6003
2010-11-01T06:00:00+00:00,Casey,35.1846,33.3841,46.5259
2010-11-01T07:00:00+00:00,Casey,52.0143,46.5923,35.1846
2010-11-01T08:00:00+00:00,Casey,39.1183,36.7807,52.0143
2010-11-01T09:00:00+00:00,Casey,38.7275,36.7658,39.1183
2010-11-01T10:00:00+00:00,Casey,60.4561,56.8210,38.7275
2010-11-01T11:00:00+00:00,Casey,78.2139,74.8386,60.4561
2010-11-01T12:00:00+00:00,Casey,94.7521,76.6584,78.2139
2010-11-01T13:00:00+00:00,Casey,60.3222,59.1170,94.7521
2010-11-01T14:00:00+00:00,Casey,49.9223,53.3622,60.3222
2010-11-01T15:00:00+00:00,Casey,32.3466,37.2238,49.9223
2010-11-01T16:00:00+00:00,Casey,9.6045,11.2459,32.3466
2010-11-01T17:00:00+00:00,Casey,22.0607,24.0328,9.6045
2010-11-01T18:00:00+00:00,Casey,24.2218,18.8983,22.0607
2010-11-01T19:00:00+00:00,Casey,7.3458,1.7264,24.2218
2010-11-01T20:00:00+00:00,Casey,24.7269,25.7303,7.3458
2010-11-01T21:00:00+00:00,Casey,13.7516,7.5574,24.7269
2010-11-01T22:00:00+00:00,Casey,51.1323,49.6559,13.7516
2010-11-01T23:00:00+00:00,Casey,58.1317,67.5042,51.1323
2010-11-02T00:00:00+00:00,Casey,44.1119,35.9183,58.1317
2010-11-02T01:00:00+00:00,Casey,31.8553,24.8246,44.1119
2010-11-02T02:00:00+00:00,Casey,69.4570,60.5721,31.8553
2010-11-02T03:00:00+00:00,Casey,44.4786,41.0226,69.4570
2010-11-02T04:00:00+00:00,Casey,46.8589,42.3424,44.4786
2010-11-02T05:00:00+00:00,Casey,41.5093,37.6146,46.8589
2010-11-02T06:00:00+00:00,Casey,17.7704,14.7183,41.5093
2010-11-02T07:00:00+00:00,Casey,45.5594,48.7797,17.7704
2010-11-02T08:00:00+00:00,Casey,12.8784,10.9678,45.5594
2010-11-02T09:00:00+00:00,Casey,50.3197,41.0791,12.8784
2010-11-02T10:00:00+00:00,Casey,93.8749,103.9831,50.3197
2010-11-02T11:00:00+00:00,Casey,63.1761,64.3326,93.8749
2010-11-02T12:00:00+00:00,Casey,80.6345,66.7022,63.1761
2010-11-02T13:00:00+00:00,Casey,84.7164,72.5406,80.6345
2010-11-02T14:00:00+00:00,Casey,63.2968,60.7626,84.7164
2010-11-02T15:00:00+00:00,Casey,41.1725,45.9573,63.2968
2010-11-02T16:00:00+00:00,Casey,22.1921,22.6185,41.1725
2010-11-02T17:00:00+00:00,Casey,17.2178,12.6589,22.1921
2010-11-02T18:00:00+00:00,Casey,20.5001,16.1112,17.2178
2010-11-02T19:00:00+00:00,Casey,1.3309,0.0000,20.5001
2010-11-02T20:00:00+00:00,Casey,23.5567,16.4172,1.3309
2010-11-02T21:00:00+00:00,Casey,19.6508,12.0732,23.5567
2010-11-02T22:00:00+00:00,Casey,42.7204,40.0947,19.6508
2010-11-02T23:00:00+00:00,Casey,35.2378,27.2191,42.7204
2010-11-03T00:00:00+00:00,Casey,63.6406,57.3910,35.2378
2010-11-03T01:00:00+00:00,Casey,30.5417,28.9614,63.6406
2010-11-03T02:00:00+00:00,Casey,85.2665,117.3626,30.5417
2010-11-03T03:00:00+00:00,Casey,34.3983,30.6751,85.2665
2010-11-03T04:00:00+00:00,Casey,34.4638,30.0759,34.3983
2010-11-03T05:00:00+00:00,Casey,54.9472,49.5300,34.4638
2010-11-03T06:00:00+00:00,Casey,30.1157,27.3066,54.9472
2010-11-03T07:00:00+00:00,Casey,28.6592,26.5559,30.1157
2010-11-03T08:00:00+00:00,Casey,34.4464,43.1617,28.6592
2010-11-03T09:00:00+00:00,Casey,67.7440,70.6349,34.4464
2010-11-03T10:00:00+00:00,Casey,52.3161,52.0440,67.7440
2010-11-03T11:00:00+00:00,Casey,96.2457,73.0331,52.3161
2010-11-03T12:00:00+00:00,Casey,91.7461,74.4074,96.2457
2010-11-03T13:00:00+00:00,Casey,75.4418,61.3127,91.7461
2010-11-03T14:00:00+00:00,Casey,66.6540,58.0076,75.4418
2010-11-03T15:00:00+00:00,Casey,31.1435,29.3025,66.6540
2010-11-03T16:00:00+00:00,Casey,2.5334,9.2182,31.1435
2010-11-03T17:00:00+00:00,Casey,21.9721,18.7503,2.5334
2010-11-03T18:00:00+00:00,Casey,10.7653,5.6939,21.9721
2010-11-03T19:00:00+00:00,Casey,9.8048,2.8996,10.7653
2010-11-03T20:00:00+00:00,Casey,20.3801,13.1368,9.8048
2010-11-03T21:00:00+00:00,Casey,13.0526,6.7440,20.3801
2010-11-03T22:00:00+00:00,Casey,29.3098,23.1270,13.0526
2010-11-03T23:00:00+00:00,Casey,41.9905,40.0851,29.3098
2010-11-04T00:00:00+00:00,Casey,40.3053,35.8726,41.9905
2010-11-04T01:00:00+00:00,Casey,26.0773,22.4281,40.3053
2010-11-04T02:00:00+00:00,Casey,68.9638,83.4498,26.0773
2010-11-04T03:00:00+00:00,Casey,47.2382,39.7918,68.9638
2010-11-04T04:00:00+00:00,Casey,74.2428,84.3088,47.2382
2010-11-04T05:00:00+00:00,Casey,39.8142,34.8458,74.2428
2010-11-04T06:00:00+00:00,Casey,35.6725,33.3841,39.8142
2010-11-04T07:00:00+00:00,Casey,25.9522,24.0254,35.6725
2010-11-04T08:00:00+00:00,Casey,16.5232,15.7425,25.9522
2010-11-04T09:00:00+00:00,Casey,52.2713,42.5007,16.5232
2010-11-04T10:00:00+00:00,Casey,64.0857,58.9503,52.2713
2010-11-04T11:00:00+00:00,Casey,75.5176,67.2396,64.0857
2010-11-04T12:00:00+00:00,Casey,73.1384,62.3397,75.5176
2010-11-04T13:00:00+00:00,Casey,80.4860,69.8123,73.1384
2010-11-04T14:00:00+00:00,Casey,53.6377,55.1470,80.4860
2010-11-04T15:00:00+00:00,Casey,36.8217,39.8859,53.6377
2010-11-04T16:00:00+00:00,Casey,11.3523,15.0721,36.8217
2010-11-04T17:00:00+00:00,Casey,1.0783,0.0913,11.3523
2010-11-04T18:00:00+00:00,Casey,31.2943,28.8075,1.0783
2010-11-04T19:00:00+00:00,Casey,34.8158,24.4367,31.2943
2010-11-04T20:00:00+00:00,Casey,5.3516,0.0000,34.8158
2010-11-04T21:00:00+00:00,Casey,6.8649,1.0945,5.3516
2010-11-04T22:00:00+00:00,Casey,19.3417,12.5731,6.8649
2010-11-04T23:00:00+00:00,Casey,5.7814,0.6548,19.3417
2010-11-05T00:00:00+00:00,Casey,40.6301,37.8272,5.7814
2010-11-05T01:00:00+00:00,Casey,46.3334,41.6171,40.6301
2010-11-05T02:00:00+00:00,Casey,26.7856,22.1986,46.3334
2010-11-05T03:00:00+00:00,Casey,33.3643,25.8983,26.7856
2010-11-05T04:00:00+00:00,Casey,88.3451,117.1693,33.3643
2010-11-05T05:00:00+00:00,Casey,22.6234,17.4372,88.3451
2010-11-05T06:00:00+00:00,Casey,27.8985,23.7273,22.6234
2010-11-05T07:00:00+00:00,Casey,36.4493,31.1454,27.8985
2010-11-05T08:00:00+00:00,Casey,24.8934,24.5294,36.4493
2010-11-05T09:00:00+00:00,Casey,57.6408,46.9238,24.8934
2010-11-05T10:00:00+00:00,Casey,72.4320,61.9855,57.6408
2010-11-05T11:00:00+00:00,Casey,81.6118,69.7005,72.4320
2010-11-05T12:00:00+00:00,Casey,76.0923,65.1705,81.6118
2010-11-05T13:00:00+00:00,Casey,69.9808,64.2802,76.0923
2010-11-05T14:00:00+00:00,Casey,68.1178,64.3657,69.9808
2010-11-05T15:00:00+00:00,Casey,46.2972,50.9308,68.1178
2010-11-05T16:00:00+00:00,Casey,0.9265,7.8501,46.2972
2010-11-05T17:00:00+00:00,Casey,19.7224,16.7702,0.9265
2010-11-05T18:00:00+00:00,Casey,15.9810,13.5919,19.7224
2010-11-05T19:00:00+00:00,Casey,23.4035,16.1356,15.9810
2010-11-05T20:00:00+00:00,Casey,16.4174,9.3594,23.4035
2010-11-05T21:00:00+00:00,Casey,22.3804,14.9395,16.4174
2010-11-05T22:00:00+00:00,Casey,2.3217,0.0000,22.3804
2010-11-05T23:00:00+00:00,Casey,24.1280,17.4287,2.3217
2010-11-06T00:00:00+00:00,Casey,42.6550,40.4143,24.1280
2010-11-06T01:00:00+00:00,Casey,52.1146,49.7244,42.6550
2010-11-06T02:00:00+00:00,Casey,48.5106,45.1273,52.1146
2010-11-06T03:00:00+00:00,Casey,20.0806,9.9912,48.5106
2010-11-06T04:00:00+00:00,Casey,46.0181,40.1392,20.0806
2010-11-06T05:00:00+00:00,Casey,10.0653,7.0391,46.0181
2010-11-06T06:00:00+00:00,Casey,24.3571,19.0234,10.0653
2010-11-06T07:00:00+00:00,Casey,31.5160,27.7646,24.3571
2010-11-06T08:00:00+00:00,Casey,39.5061,44.0695,31.5160
2010-11-06T09:00:00+00:00,Casey,32.2169,27.5349,39.5061
2010-11-06T10:00:00+00:00,Casey,52.8141,52.2062,32.2169
2010-11-06T11:00:00+00:00,Casey,76.4609,66.7897,52.8141
2010-11-06T12:00:00+00:00,Casey,66.4853,63.0052,76.4609
2010-11-06T13:00:00+00:00,Casey,71.0322,64.2844,66.4853
2010-11-06T14:00:00+00:00,Casey,58.7139,56.6807,71.0322
2010-11-06T15:00:00+00:00,Casey,26.1636,32.2576,58.7139
2010-11-06T16:00:00+00:00,Casey,15.1310,21.6004,26.1636
2010-11-06T17:00:00+00:00,Casey,13.9291,16.9290,15.1310
2010-11-06T18:00:00+00:00,Casey,6.0417,10.3582,13.9291
2010-11-06T19:00:00+00:00,Casey,22.4667,18.1892,6.0417
2010-11-06T20:00:00+00:00,Casey,4.7939,0.0000,22.4667
2010-11-06T21:00:00+00:00,Casey,13.3351,6.1539,4.7939
2010-11-06T22:00:00+00:00,Casey,37.5810,34.5819,13.3351
2010-11-06T23:00:00+00:00,Casey,14.6408,15.0435,37.5810
2010-11-07T00:00:00+00:00,Casey,29.8330,15.9096,14.6408
2010-11-07T01:00:00+00:00,Casey,58.4340,46.5246,29.8330
2010-11-07T02:00:00+00:00,Casey,23.6148,20.0943,58.4340
2010-11-07T03:00:00+00:00,Casey,65.8303,64.4945,23.6148
2010-11-07T04:00:00+00:00,Casey,17.4959,13.4228,65.8303
2010-11-07T05:00:00+00:00,Casey,55.7689,47.3262,17.4959
2010-11-07T06:00:00+00:00,Casey,17.8169,14.3702,55.7689
2010-11-07T07:00:00+00:00,Casey,25.8963,24.0254,17.8169
2010-11-07T08:00:00+00:00,Casey,27.5548,25.4106,25.8963
2010-11-07T09:00:00+00:00,Casey,44.5704,40.5623,27.5548
2010-11-07T10:00:00+00:00,Casey,77.5370,67.4472,44.5704
2010-11-07T11:00:00+00:00,Casey,101.9050,74.7027,77.5370
2010-11-07T12:00:00+00:00,Casey,76.6048,68.1091,101.9050
2010-11-07T13:00:00+00:00,Casey,67.3565,63.2838,76.6048
2010-11-07T14:00:00+00:00,Casey,52.7768,53.3476,67.3565
2010-11-07T15:00:00+00:00,Casey,35.1140,33.5487,52.7768
2010-11-07T16:00:00+00:00,Casey,2.7512,8.0093,35.1140
2010-11-07T17:00:00+00:00,Casey,7.9085,4.7834,2.7512
2010-11-07T18:00:00+00:00,Casey,6.3793,7.8392,7.9085
2010-11-07T19:00:00+00:00,Casey,23.6195,24.1514,6.3793
2010-11-07T20:00:00+00:00,Casey,18.8620,15.6488,23.6195
2010-11-07T21:00:00+00:00,Casey,32.6973,25.4294,18.8620
2010-11-07T22:00:00+00:00,Casey,27.5536,19.1077,32.6973
2010-11-07T23:00:00+00:00,Casey,35.0484,25.1118,27.5536
2010-11-08T00:00:00+00:00,Casey,70.0057,56.6021,35.0484
2010-11-08T01:00:00+00:00,Casey,44.1378,36.0449,70.0057
2010-11-08T02:00:00+00:00,Casey,45.8687,39.0678,44.1378
2010-11-08T03:00:00+00:00,Casey,34.9911,31.7232,45.8687
2010-11-08T04:00:00+00:00,Casey,73.1410,83.4961,34.9911
2010-11-08T05:00:00+00:00,Casey,26.8748,22.5195,73.1410
2010-11-08T06:00:00+00:00,Casey,30.4759,25.5114,26.8748
2010-11-08T07:00:00+00:00,Casey,27.5501,24.9007,30.4759
2010-11-08T08:00:00+00:00,Casey,7.9151,12.7727,27.5501
2010-11-08T09:00:00+00:00,Casey,47.5329,41.7793,7.9151
2010-11-08T10:00:00+00:00,Casey,57.6269,55.0729,47.5329
2010-11-08T11:00:00+00:00,Casey,94.9117,80.9533,57.6269
2010-11-08T12:00:00+00:00,Casey,97.3526,79.2697,94.9117
2010-11-08T13:00:00+00:00,Casey,90.0392,72.7289,97.3526
2010-11-08T14:00:00+00:00,Casey,78.7742,75.1431,90.0392
2010-11-08T15:00:00+00:00,Casey,23.7291,24.3664,78.7742
2010-11-08T16:00:00+00:00,Casey,27.5996,24.8692,23.7291
2010-11-08T17:00:00+00:00,Casey,11.1936,6.7806,27.5996
2010-11-08T18:00:00+00:00,Casey,17.2153,12.2465,11.1936
2010-11-08T19:00:00+00:00,Casey,0.5212,0.0000,17.2153
2010-11-08T20:00:00+00:00,Casey,13.0628,7.1383,0.5212
2010-11-08T21:00:00+00:00,Casey,5.8378,1.9936,13.0628
2010-11-08T22:00:00+00:00,Casey,28.8588,24.4750,5.8378
2010-11-08T23:00:00+00:00,Casey,26.9164,20.5129,28.8588
2010-11-09T00:00:00+00:00,Casey,84.7538,80.0093,26.9164
2010-11-09T01:00:00+00:00,Casey,29.8201,28.7001,84.7538
2010-11-09T02:00:00+00:00,Casey,51.8582,47.6547,29.8201
2010-11-09T03:00:00+00:00,Casey,50.1289,42.9922,51.8582
2010-11-09T04:00:00+00:00,Casey,69.2666,82.5166,50.1289
2010-11-09T05:00:00+00:00,Casey,23.7734,18.5510,69.2666
2010-11-09T06:00:00+00:00,Casey,52.8444,48.1725,23.7734
2010-11-09T07:00:00+00:00,Casey,25.2445,23.0942,52.8444
2010-11-09T08:00:00+00:00,Casey,60.3172,92.4336,25.2445
2010-11-09T09:00:00+00:00,Casey,41.9658,39.9705,60.3172
2010-11-09T10:00:00+00:00,Casey,88.1245,76.0822,41.9658
2010-11-09T11:00:00+00:00,Casey,68.9209,64.0694,88.1245
2010-11-09T12:00:00+00:00,Casey,90.5410,72.6640,68.9209
2010-11-09T13:00:00+00:00,Casey,73.9813,66.0168,90.5410
2010-11-09T14:00:00+00:00,Casey,44.4144,49.1866,73.9813
2010-11-09T15:00:00+00:00,Casey,36.1049,38.0892,44.4144
2010-11-09T16:00:00+00:00,Casey,11.0083,7.3710,36.1049
2010-11-09T17:00:00+00:00,Casey,8.5574,3.9052,11.0083
2010-11-09T18:00:00+00:00,Casey,5.6903,2.0951,8.5574
2010-11-09T19:00:00+00:00,Casey,9.9047,6.1847,5.6903
2010-11-09T20:00:00+00:00,Casey,12.8442,8.0634,9.9047
2010-11-09T21:00:00+00:00,Casey,11.7750,6.6960,12.8442
2010-11-09T22:00:00+00:00,Casey,21.7497,14.4421,11.7750
2010-11-09T23:00:00+00:00,Casey,35.2427,31.5294,21.7497
2010-11-10T00:00:00+00:00,Casey,32.5208,22.7982,35.2427
2010-11-10T01:00:00+00:00,Casey,28.1008,19.3226,32.5208
2010-11-10T02:00:00+00:00,Casey,46.7761,35.4260,28.1008
2010-11-10T03:00:00+00:00,Casey,35.5019,31.3087,46.7761
2010-11-10T04:00:00+00:00,Casey,67.0614,52.8733,35.5019
2010-11-10T05:00:00+00:00,Casey,18.4448,15.2275,67.0614
2010-11-10T06:00:00+00:00,Casey,41.5128,38.9535,18.4448
2010-11-10T07:00:00+00:00,Casey,36.7172,36.0876,41.5128
2010-11-10T08:00:00+00:00,Casey,32.4130,29.4198,36.7172
2010-11-10T09:00:00+00:00,Casey,34.9641,33.8612,32.4130
2010-11-10T10:00:00+00:00,Casey,60.3890,55.7518,34.9641
2010-11-10T11:00:00+00:00,Casey,76.1316,67.4585,60.3890
2010-11-10T12:00:00+00:00,Casey,84.4262,68.7402,76.1316
2010-11-10T13:00:00+00:00,Casey,82.9428,67.8583,84.4262
2010-11-10T14:00:00+00:00,Casey,58.1259,57.6105,82.9428
2010-11-10T15:00:00+00:00,Casey,32.8329,30.7099,58.1259
2010-11-10T16:00:00+00:00,Casey,14.2552,14.2049,32.8329
2010-11-10T17:00:00+00:00,Casey,1.3452,0.5667,14.2552
2010-11-10T18:00:00+00:00,Casey,5.5704,0.7858,1.3452
2010-11-10T19:00:00+00:00,Casey,15.3625,15.2535,5.5704
2010-11-10T20:00:00+00:00,Casey,20.5746,13.2696,15.3625
2010-11-10T21:00:00+00:00,Casey,33.2286,31.2609,20.5746
2010-11-10T22:00:00+00:00,Casey,16.1097,9.9721,33.2286
2010-11-10T23:00:00+00:00,Casey,32.0205,25.0101,16.1097
2010-11-11T00:00:00+00:00,Casey,55.4697,38.7425,32.0205
2010-11-11T01:00:00+00:00,Casey,17.2687,8.8052,55.4697
2010-11-11T02:00:00+00:00,Casey,51.8417,48.9645,17.2687
2010-11-11T03:00:00+00:00,Casey,36.0863,32.8963,51.8417
2010-11-11T04:00:00+00:00,Casey,67.7902,65.6171,36.0863
2010-11-11T05:00:00+00:00,Casey,45.5221,42.2164,67.7902
2010-11-11T06:00:00+00:00,Casey,33.3652,30.6672,45.5221
2010-11-11T07:00:00+00:00,Casey,8.4673,7.2020,33.3652
2010-11-11T08:00:00+00:00,Casey,11.3456,10.9491,8.4673
2010-11-11T09:00:00+00:00,Casey,26.3278,21.6880,11.3456
2010-11-11T10:00:00+00:00,Casey,46.3165,48.5765,26.3278
2010-11-11T11:00:00+00:00,Casey,90.5810,73.8622,46.3165
2010-11-11T12:00:00+00:00,Casey,77.4790,66.5622,90.5810
2010-11-11T13:00:00+00:00,Casey,75.1846,67.7775,77.4790
2010-11-11T14:00:00+00:00,Casey,40.4860,40.1178,75.1846
2010-11-11T15:00:00+00:00,Casey,34.6340,32.4730,40.4860
2010-11-11T16:00:00+00:00,Casey,2.1686,2.3188,34.6340
2010-11-11T17:00:00+00:00,Casey,8.8627,5.5625,2.1686
2010-11-11T18:00:00+00:00,Casey,12.4206,6.1388,8.8627
2010-11-11T19:00:00+00:00,Casey,15.5057,8.8655,12.4206
2010-11-11T20:00:00+00:00,Casey,19.8644,14.0042,15.5057
2010-11-11T21:00:00+00:00,Casey,14.9485,8.0083,19.8644
2010-11-11T22:00:00+00:00,Casey,27.6379,21.1351,14.9485
2010-11-11T23:00:00+00:00,Casey,24.4566,15.3563,27.6379
2010-11-12T00:00:00+00:00,Casey,30.4722,28.3775,24.4566
2010-11-12T01:00:00+00:00,Casey,34.0641,26.7608,30.4722
2010-11-12T02:00:00+00:00,Casey,7.4787,4.4705,34.0641
2010-11-12T03:00:00+00:00,Casey,42.2203,34.0883,7.4787
2010-11-12T04:00:00+00:00,Casey,39.0363,36.6470,42.2203
2010-11-12T05:00:00+00:00,Casey,49.2930,44.0895,39.0363
2010-11-12T06:00:00+00:00,Casey,49.4317,42.8400,49.2930
2010-11-12T07:00:00+00:00,Casey,40.0877,38.5257,49.4317
2010-11-12T08:00:00+00:00,Casey,29.8712,30.9771,40.0877
2010-11-12T09:00:00+00:00,Casey,46.9610,41.0882,29.8712
2010-11-12T10:00:00+00:00,Casey,64.2568,57.8521,46.9610
2010-11-12T11:00:00+00:00,Casey,66.2852,61.8117,64.2568
2010-11-12T12:00:00+00:00,Casey,75.7399,66.6373,66.2852
2010-11-12T13:00:00+00:00,Casey,76.9668,44.4223,75.7399
2010-11-12T14:00:00+00:00,Casey,71.7110,66.2090,76.9668
2010-11-12T15:00:00+00:00,Casey,30.6817,28.3281,71.7110
2010-11-12T16:00:00+00:00,Casey,11.0370,14.7000,30.6817
2010-11-12T17:00:00+00:00,Casey,5.5853,9.8287,11.0370
2010-11-12T18:00:00+00:00,Casey,16.7781,13.2472,5.5853
2010-11-12T19:00:00+00:00,Casey,7.5914,9.6013,16.7781
2010-11-12T20:00:00+00:00,Casey,17.1648,10.8539,7.5914
2010-11-12T21:00:00+00:00,Casey,9.5762,4.9827,17.1648
2010-11-12T22:00:00+00:00,Casey,32.3046,22.2836,9.5762
2010-11-12T23:00:00+00:00,Casey,45.5478,37.3763,32.3046
2010-11-13T00:00:00+00:00,Casey,49.3619,34.1262,45.5478
2010-11-13T01:00:00+00:00,Casey,29.7422,28.7001,49.3619
2010-11-13T02:00:00+00:00,Casey,24.6791,19.5928,29.7422
2010-11-13T03:00:00+00:00,Casey,31.7405,26.5053,24.6791
2010-11-13T04:00:00+00:00,Casey,53.9132,47.4365,31.7405
2010-11-13T05:00:00+00:00,Casey,53.4719,46.5580,53.9132
2010-11-13T06:00:00+00:00,Casey,35.3336,33.3841,53.4719
2010-11-13T07:00:00+00:00,Casey,20.1052,17.4214,35.3336
2010-11-13T08:00:00+00:00,Casey,35.3922,31.8974,20.1052
2010-11-13T09:00:00+00:00,Casey,56.2508,53.1568,35.3922
2010-11-13T10:00:00+00:00,Casey,61.1146,57.5951,56.2508
2010-11-13T11:00:00+00:00,Casey,103.3637,70.1202,61.1146
2010-11-13T12:00:00+00:00,Casey,74.0649,66.7479,103.3637
2010-11-13T13:00:00+00:00,Casey,66.8098,62.8947,74.0649
2010-11-13T14:00:00+00:00,Casey,56.4598,58.0299,66.8098
2010-11-13T15:00:00+00:00,Casey,26.5487,33.1543,56.4598
2010-11-13T16:00:00+00:00,Casey,5.2186,5.8996,26.5487
2010-11-13T17:00:00+00:00,Casey,6.2598,8.6434,5.2186
2010-11-13T18:00:00+00:00,Casey,10.8638,7.6438,6.2598
2010-11-13T19:00:00+00:00,Casey,9.4040,4.6797,10.8638
2010-11-13T20:00:00+00:00,Casey,8.9863,3.0191,9.4040
2010-11-13T21:00:00+00:00,Casey,14.6532,10.1363,8.9863
2010-11-13T22:00:00+00:00,Casey,19.6880,12.1905,14.6532
2010-11-13T23:00:00+00:00,Casey,56.5731,49.4975,19.6880
2010-11-14T00:00:00+00:00,Casey,56.4108,45.8977,56.5731
2010-11-14T01:00:00+00:00,Casey,34.3369,25.0131,56.4108
2010-11-14T02:00:00+00:00,Casey,43.4382,40.0900,34.3369
2010-11-14T03:00:00+00:00,Casey,15.9032,13.5652,43.4382
2010-11-14T04:00:00+00:00,Casey,33.5352,27.8818,15.9032
2010-11-14T05:00:00+00:00,Casey,50.5395,45.8803,33.5352
2010-11-14T06:00:00+00:00,Casey,53.2430,48.1410,50.5395
2010-11-14T07:00:00+00:00,Casey,21.2553,19.2732,53.2430
2010-11-14T08:00:00+00:00,Casey,14.4878,13.8058,21.2553
2010-11-14T09:00:00+00:00,Casey,29.4995,27.5349,14.4878
2010-11-14T10:00:00+00:00,Casey,66.7711,60.4303,29.4995
2010-11-14T11:00:00+00:00,Casey,72.1702,69.1380,66.7711
2010-11-14T12:00:00+00:00,Casey,83.8116,70.5835,72.1702
2010-11-14T13:00:00+00:00,Casey,77.6584,66.4517,83.8116
2010-11-14T14:00:00+00:00,Casey,45.6648,51.1618,77.6584
2010-11-14T15:00:00+00:00,Casey,21.1177,21.5296,45.6648
2010-11-14T16:00:00+00:00,Casey,25.1946,24.9472,21.1177
2010-11-14T17:00:00+00:00,Casey,16.2820,11.7712,25.1946
2010-11-14T18:00:00+00:00,Casey,13.1653,13.6300,16.2820
2010-11-14T19:00:00+00:00,Casey,5.2351,1.4165,13.1653
2010-11-14T20:00:00+00:00,Casey,16.9056,11.7940,5.2351
2010-11-14T21:00:00+00:00,Casey,17.5195,9.4653,16.9056
2010-11-14T22:00:00+00:00,Casey,47.3642,41.0210,17.5195
2010-11-14T23:00:00+00:00,Casey,22.0902,15.3433,47.3642
2010-11-15T00:00:00+00:00,Casey,75.3426,72.8607,22.0902
2010-11-15T01:00:00+00:00,Casey,49.8909,40.5605,75.3426
2010-11-15T02:00:00+00:00,Casey,42.2033,35.2065,49.8909
2010-11-15T03:00:00+00:00,Casey,64.9085,59.7627,42.2033
2010-11-15T04:00:00+00:00,Casey,20.4593,9.2296,64.9085
2010-11-15T05:00:00+00:00,Casey,40.1251,36.7606,20.4593
2010-11-15T06:00:00+00:00,Casey,36.6652,34.9736,40.1251
2010-11-15T07:00:00+00:00,Casey,37.1603,31.9835,36.6652
2010-11-15T08:00:00+00:00,Casey,21.1812,20.0395,37.1603
2010-11-15T09:00:00+00:00,Casey,66.5012,70.0151,21.1812
2010-11-15T10:00:00+00:00,Casey,69.1876,64.8138,66.5012
2010-11-15T11:00:00+00:00,Casey,72.7537,65.5853,69.1876
2010-11-15T12:00:00+00:00,Casey,84.3056,70.8602,72.7537
2010-11-15T13:00:00+00:00,Casey,85.4111,74.6772,84.3056
2010-11-15T14:00:00+00:00,Casey,62.0783,61.0488,85.4111
2010-11-15T15:00:00+00:00,Casey,29.6908,33.7632,62.0783
2010-11-15T16:00:00+00:00,Casey,13.8239,13.5847,29.6908
2010-11-15T17:00:00+00:00,Casey,16.6744,12.9799,13.8239
2010-11-15T18:00:00+00:00,Casey,4.3140,0.3484,16.6744
2010-11-15T19:00:00+00:00,Casey,22.1471,16.4210,4.3140
2010-11-15T20:00:00+00:00,Casey,13.8191,6.8232,22.1471
2010-11-15T21:00:00+00:00,Casey,11.5502,4.5739,13.8191
2010-11-15T22:00:00+00:00,Casey,43.8267,42.0348,11.5502
2010-11-15T23:00:00+00:00,Casey,27.4313,25.5589,43.8267
2010-11-16T00:00:00+00:00,Casey,50.9604,36.6764,27.4313
2010-11-16T01:00:00+00:00,Casey,34.1980,32.0687,50.9604
2010-11-16T02:00:00+00:00,Casey,47.4600,45.1273,34.1980
2010-11-16T03:00:00+00:00,Casey,55.2395,50.6830,47.4600
2010-11-16T04:00:00+00:00,Casey,39.0714,33.6376,55.2395
2010-11-16T05:00:00+00:00,Casey,44.8260,40.7373,39.0714
2010-11-16T06:00:00+00:00,Casey,27.3885,23.9625,44.8260
2010-11-16T07:00:00+00:00,Casey,58.9081,72.1936,27.3885
2010-11-16T08:00:00+00:00,Casey,45.4522,49.1557,58.9081
2010-11-16T09:00:00+00:00,Casey,37.3031,33.5933,45.4522
2010-11-16T10:00:00+00:00,Casey,63.6599,58.8632,37.3031
2010-11-16T11:00:00+00:00,Casey,67.4308,62.7368,63.6599
2010-11-16T12:00:00+00:00,Casey,76.0781,66.7479,67.4308
2010-11-16T13:00:00+00:00,Casey,85.0330,65.1869,76.0781
2010-11-16T14:00:00+00:00,Casey,51.8869,49.8672,85.0330
2010-11-16T15:00:00+00:00,Casey,35.2999,39.5493,51.8869
2010-11-16T16:00:00+00:00,Casey,3.3698,3.7898,35.2999
2010-11-16T17:00:00+00:00,Casey,8.5517,5.6338,3.3698
2010-11-16T18:00:00+00:00,Casey,12.7146,10.0478,8.5517
2010-11-16T19:00:00+00:00,Casey,11.9414,10.6300,12.7146
2010-11-16T20:00:00+00:00,Casey,14.8209,8.0083,11.9414
2010-11-16T21:00:00+00:00,Casey,33.2058,25.5769,14.8209
2010-11-16T22:00:00+00:00,Casey,11.5853,6.0448,33.2058
2010-11-16T23:00:00+00:00,Casey,28.7651,27.7237,11.5853
2010-11-17T00:00:00+00:00,Casey,51.9329,44.5055,28.7651
2010-11-17T01:00:00+00:00,Casey,19.7777,16.8096,51.9329
2010-11-17T02:00:00+00:00,Casey,62.7274,59.9610,19.7777
2010-11-17T03:00:00+00:00,Casey,34.2749,31.2004,62.7274
2010-11-17T04:00:00+00:00,Casey,35.8147,32.7927,34.2749
2010-11-17T05:00:00+00:00,Casey,43.3798,42.0303,35.8147
2010-11-17T06:00:00+00:00,Casey,13.1068,10.2057,43.3798
2010-11-17T07:00:00+00:00,Casey,13.3253,11.6167,13.1068
2010-11-17T08:00:00+00:00,Casey,30.4748,30.5656,13.3253
2010-11-17T09:00:00+00:00,Casey,29.1914,27.8277,30.4748
2010-11-17T10:00:00+00:00,Casey,42.6471,46.6904,29.1914
2010-11-17T11:00:00+00:00,Casey,83.5924,76.3782,42.6471
2010-11-17T12:00:00+00:00,Casey,71.3285,65.7341,83.5924
2010-11-17T13:00:00+00:00,Casey,67.1843,62.4316,71.3285
2010-11-17T14:00:00+00:00,Casey,55.1840,55.4886,67.1843
2010-11-17T15:00:00+00:00,Casey,29.1758,23.8580,55.1840
2010-11-17T16:00:00+00:00,Casey,6.9171,4.6349,29.1758
2010-11-17T17:00:00+00:00,Casey,9.3062,5.9309,6.9171
2010-11-17T18:00:00+00:00,Casey,13.6891,16.7686,9.3062
2010-11-17T19:00:00+00:00,Casey,3.7790,0.0000,13.6891
2010-11-17T20:00:00+00:00,Casey,17.5510,14.0943,3.7790
2010-11-17T21:00:00+00:00,Casey,24.0113,19.4697,17.5510
2010-11-17T22:00:00+00:00,Casey,43.9368,38.9264,24.0113
2010-11-17T23:00:00+00:00,Casey,19.5166,11.5279,43.9368
2010-11-18T00:00:00+00:00,Casey,27.9913,26.3608,19.5166
2010-11-18T01:00:00+00:00,Casey,75.7098,102.7632,27.9913
2010-11-18T02:00:00+00:00,Casey,34.1148,28.7997,75.7098
2010-11-18T03:00:00+00:00,Casey,22.6301,18.1566,34.1148
2010-11-18T04:00:00+00:00,Casey,22.4986,17.3126,22.6301
2010-11-18T05:00:00+00:00,Casey,20.9989,16.7570,22.4986
2010-11-18T06:00:00+00:00,Casey,54.6781,50.3833,20.9989
2010-11-18T07:00:00+00:00,Casey,32.4843,31.1569,54.6781
2010-11-18T08:00:00+00:00,Casey,44.9413,46.2771,32.4843
2010-11-18T09:00:00+00:00,Casey,37.9922,36.2900,44.9413
2010-11-18T10:00:00+00:00,Casey,55.6819,51.9664,37.9922
2010-11-18T11:00:00+00:00,Casey,81.4018,68.3998,55.6819
2010-11-18T12:00:00+00:00,Casey,81.3381,69.9341,81.4018
2010-11-18T13:00:00+00:00,Casey,70.0378,64.7294,81.3381
2010-11-18T14:00:00+00:00,Casey,62.8485,60.3338,70.0378
2010-11-18T15:00:00+00:00,Casey,26.1351,32.4746,62.8485
2010-11-18T16:00:00+00:00,Casey,40.1113,49.0650,26.1351
2010-11-18T17:00:00+00:00,Casey,14.1121,9.6071,40.1113
2010-11-18T18:00:00+00:00,Casey,18.3950,13.6458,14.1121
2010-11-18T19:00:00+00:00,Casey,5.4857,0.7406,18.3950
2010-11-18T20:00:00+00:00,Casey,10.6897,4.6747,5.4857
2010-11-18T21:00:00+00:00,Casey,16.2161,9.3594,10.6897
2010-11-18T22:00:00+00:00,Casey,26.6777,24.6746,16.2161
2010-11-18T23:00:00+00:00,Casey,52.6374,52.6773,26.6777
2010-11-19T00:00:00+00:00,Casey,29.7171,19.2688,52.6374
2010-11-19T01:00:00+00:00,Casey,45.7435,32.1564,29.7171
2010-11-19T02:00:00+00:00,Casey,25.0993,19.5635,45.7435
2010-11-19T03:00:00+00:00,Casey,26.3862,23.9657,25.0993
2010-11-19T04:00:00+00:00,Casey,31.8659,26.0041,26.3862
2010-11-19T05:00:00+00:00,Casey,46.4895,39.0464,31.8659
2010-11-19T06:00:00+00:00,Casey,27.4030,23.9625,46.4895
2010-11-19T07:00:00+00:00,Casey,41.1539,39.1210,27.4030
2010-11-19T08:00:00+00:00,Casey,41.3589,48.0983,41.1539
2010-11-19T09:00:00+00:00,Casey,28.1019,23.6940,41.3589
2010-11-19T10:00:00+00:00,Casey,66.0449,59.8437,28.1019
2010-11-19T11:00:00+00:00,Casey,96.8391,72.9658,66.0449
2010-11-19T12:00:00+00:00,Casey,89.7455,72.8394,96.8391
2010-11-19T13:00:00+00:00,Casey,71.3695,64.2844,89.7455
2010-11-19T14:00:00+00:00,Casey,53.2967,55.4934,71.3695
2010-11-19T15:00:00+00:00,Casey,17.9189,16.8481,53.2967
2010-11-19T16:00:00+00:00,Casey,17.7877,23.7468,17.9189
2010-11-19T17:00:00+00:00,Casey,6.9933,7.4137,17.7877
2010-11-19T18:00:00+00:00,Casey,20.9286,15.7182,6.9933
2010-11-19T19:00:00+00:00,Casey,15.8774,9.3138,20.9286
2010-11-19T20:00:00+00:00,Casey,26.8224,19.1010,15.8774
2010-11-19T21:00:00+00:00,Casey,15.6706,9.0750,26.8224
2010-11-19T22:00:00+00:00,Casey,27.8639,21.9210,15.6706
2010-11-19T23:00:00+00:00,Casey,34.8611,26.6191,27.8639
2010-11-20T00:00:00+00:00,Casey,59.9608,48.7442,34.8611
2010-11-20T01:00:00+00:00,Casey,32.5334,28.1132,59.9608
2010-11-20T02:00:00+00:00,Casey,20.9679,17.1636,32.5334
2010-11-20T03:00:00+00:00,Casey,50.9557,46.7980,20.9679
2010-11-20T04:00:00+00:00,Casey,53.9125,47.4969,50.9557
2010-11-20T05:00:00+00:00,Casey,20.3524,15.5194,53.9125
2010-11-20T06:00:00+00:00,Casey,33.0774,30.6672,20.3524
2010-11-20T07:00:00+00:00,Casey,5.2006,5.4695,33.0774
2010-11-20T08:00:00+00:00,Casey,26.7798,28.0865,5.2006
2010-11-20T09:00:00+00:00,Casey,38.6504,35.5926,26.7798
2010-11-20T10:00:00+00:00,Casey,55.8617,54.1361,38.6504
2010-11-20T11:00:00+00:00,Casey,75.1108,70.8070,55.8617
2010-11-20T12:00:00+00:00,Casey,88.2171,73.2173,75.1108
2010-11-20T13:00:00+00:00,Casey,70.3102,64.2844,88.2171
2010-11-20T14:00:00+00:00,Casey,62.2685,60.6521,70.3102
2010-11-20T15:00:00+00:00,Casey,37.8616,39.0653,62.2685
2010-11-20T16:00:00+00:00,Casey,12.8830,15.4429,37.8616
2010-11-20T17:00:00+00:00,Casey,21.8994,19.2305,12.8830
2010-11-20T18:00:00+00:00,Casey,18.5282,20.5423,21.8994
2010-11-20T19:00:00+00:00,Casey,19.0114,12.1229,18.5282
2010-11-20T20:00:00+00:00,Casey,14.1597,7.1955,19.0114
2010-11-20T21:00:00+00:00,Casey,13.7373,6.6706,14.1597
2010-11-20T22:00:00+00:00,Casey,10.4502,7.6472,13.7373
2010-11-20T23:00:00+00:00,Casey,12.8086,8.1643,10.4502
2010-11-21T00:00:00+00:00,Casey,42.4916,31.7859,12.8086
2010-11-21T01:00:00+00:00,Casey,52.5912,49.8178,42.4916
2010-11-21T02:00:00+00:00,Casey,45.6800,40.6391,52.5912
2010-11-21T03:00:00+00:00,Casey,56.1907,50.6289,45.6800
2010-11-21T04:00:00+00:00,Casey,70.7572,66.8423,56.1907
2010-11-21T05:00:00+00:00,Casey,43.6434,42.0303,70.7572
2010-11-21T06:00:00+00:00,Casey,33.8067,28.0600,43.6434
2010-11-21T07:00:00+00:00,Casey,28.6266,23.5555,33.8067
2010-11-21T08:00:00+00:00,Casey,14.3573,13.6871,28.6266
2010-11-21T09:00:00+00:00,Casey,57.7819,54.5479,14.3573
2010-11-21T10:00:00+00:00,Casey,58.3009,54.4299,57.7819
2010-11-21T11:00:00+00:00,Casey,100.9684,82.0257,58.3009
2010-11-21T12:00:00+00:00,Casey,74.5008,66.0168,100.9684
2010-11-21T13:00:00+00:00,Casey,68.4163,63.3382,74.5008
2010-11-21T14:00:00+00:00,Casey,47.0697,39.5597,68.4163
2010-11-21T15:00:00+00:00,Casey,29.6348,30.8004,47.0697
2010-11-21T16:00:00+00:00,Casey,7.6868,4.7208,29.6348
2010-11-21T17:00:00+00:00,Casey,7.4842,11.3634,7.6868
2010-11-21T18:00:00+00:00,Casey,6.7433,6.2716,7.4842
2010-11-21T19:00:00+00:00,Casey,14.0276,8.8793,6.7433
2010-11-21T20:00:00+00:00,Casey,14.9175,9.4565,14.0276
2010-11-21T21:00:00+00:00,Casey,28.4307,22.9949,14.9175
2010-11-21T22:00:00+00:00,Casey,26.6370,21.0393,28.4307
2010-11-21T23:00:00+00:00,Casey,12.3226,6.8725,26.6370
2010-11-22T00:00:00+00:00,Casey,36.8899,25.4897,12.3226
2010-11-22T01:00:00+00:00,Casey,18.4592,14.9279,36.8899
2010-11-22T02:00:00+00:00,Casey,21.3158,18.0808,18.4592
2010-11-22T03:00:00+00:00,Casey,34.2302,25.4215,21.3158
2010-11-22T04:00:00+00:00,Casey,27.0334,23.3711,34.2302
2010-11-22T05:00:00+00:00,Casey,15.3974,11.8691,27.0334
2010-11-22T06:00:00+00:00,Casey,17.1357,14.2740,15.3974
2010-11-22T07:00:00+00:00,Casey,36.1372,34.4981,17.1357
2010-11-22T08:00:00+00:00,Casey,17.8914,17.0005,36.1372
2010-11-22T09:00:00+00:00,Casey,41.8051,39.7589,17.8914
2010-11-22T10:00:00+00:00,Casey,67.5871,60.4132,41.8051
2010-11-22T11:00:00+00:00,Casey,82.5910,69.1547,67.5871
2010-11-22T12:00:00+00:00,Casey,73.4667,66.1232,82.5910
2010-11-22T13:00:00+00:00,Casey,78.5790,69.7587,73.4667
2010-11-22T14:00:00+00:00,Casey,59.8971,51.4009,78.5790
2010-11-22T15:00:00+00:00,Casey,30.6786,28.3905,59.8971
2010-11-22T16:00:00+00:00,Casey,13.6132,12.0223,30.6786
2010-11-22T17:00:00+00:00,Casey,21.6002,19.0593,13.6132
2010-11-22T18:00:00+00:00,Casey,7.1087,3.0263,21.6002
2010-11-22T19:00:00+00:00,Casey,13.8203,7.5883,7.1087
2010-11-22T20:00:00+00:00,Casey,16.7372,10.5683,13.8203
2010-11-22T21:00:00+00:00,Casey,21.9629,13.5174,16.7372
2010-11-22T22:00:00+00:00,Casey,9.3936,2.9498,21.9629
2010-11-22T23:00:00+00:00,Casey,11.4271,4.3735,9.3936
2010-11-23T00:00:00+00:00,Casey,38.1680,27.5847,11.4271
2010-11-23T01:00:00+00:00,Casey,44.4066,43.3194,38.1680
2010-11-23T02:00:00+00:00,Casey,10.2316,7.2100,44.4066
2010-11-23T03:00:00+00:00,Casey,64.8567,63.2214,10.2316
2010-11-23T04:00:00+00:00,Casey,16.4455,12.9300,64.8567
2010-11-23T05:00:00+00:00,Casey,38.9114,36.5874,16.4455
2010-11-23T06:00:00+00:00,Casey,29.8299,27.4172,38.9114
2010-11-23T07:00:00+00:00,Casey,17.5999,15.1417,29.8299
2010-11-23T08:00:00+00:00,Casey,15.2975,14.9442,17.5999
2010-11-23T09:00:00+00:00,Casey,31.1873,26.7583,15.2975
2010-11-23T10:00:00+00:00,Casey,49.2754,50.0923,31.1873
2010-11-23T11:00:00+00:00,Casey,72.7717,65.6286,49.2754
2010-11-23T12:00:00+00:00,Casey,88.9094,71.0260,72.7717
2010-11-23T13:00:00+00:00,Casey,83.1315,54.1209,88.9094
2010-11-23T14:00:00+00:00,Casey,55.5364,55.2211,83.1315
2010-11-23T15:00:00+00:00,Casey,19.2645,23.8662,55.5364
2010-11-23T16:00:00+00:00,Casey,10.1120,8.1222,19.2645
2010-11-23T17:00:00+00:00,Casey,16.0146,12.6087,10.1120
2010-11-23T18:00:00+00:00,Casey,9.4796,5.2892,16.0146
2010-11-23T19:00:00+00:00,Casey,17.7257,9.0685,9.4796
2010-11-23T20:00:00+00:00,Casey,13.6675,6.7777,17.7257
2010-11-23T21:00:00+00:00,Casey,32.2097,27.0270,13.6675
2010-11-23T22:00:00+00:00,Casey,18.7693,13.2049,32.2097
2010-11-23T23:00:00+00:00,Casey,13.1666,13.3122,18.7693
2010-11-24T00:00:00+00:00,Casey,106.9657,206.8872,13.1666
2010-11-24T01:00:00+00:00,Casey,11.7897,11.7313,106.9657
2010-11-24T02:00:00+00:00,Casey,24.6769,22.4855,11.7897
2010-11-24T03:00:00+00:00,Casey,65.8429,62.1024,24.6769
2010-11-24T04:00:00+00:00,Casey,58.2591,48.1154,65.8429
2010-11-24T05:00:00+00:00,Casey,35.5250,32.7330,58.2591
2010-11-24T06:00:00+00:00,Casey,56.3111,52.8495,35.5250
2010-11-24T07:00:00+00:00,Casey,49.0616,50.1480,56.3111
2010-11-24T08:00:00+00:00,Casey,38.0303,43.1617,49.0616
2010-11-24T09:00:00+00:00,Casey,49.4303,47.6285,38.0303
2010-11-24T10:00:00+00:00,Casey,47.8268,48.2692,49.4303
2010-11-24T11:00:00+00:00,Casey,84.0491,68.6194,47.8268
2010-11-24T12:00:00+00:00,Casey,91.9102,72.6640,84.0491
2010-11-24T13:00:00+00:00,Casey,93.5674,75.2309,91.9102
2010-11-24T14:00:00+00:00,Casey,59.2243,58.5440,93.5674
2010-11-24T15:00:00+00:00,Casey,22.0965,23.8177,59.2243
2010-11-24T16:00:00+00:00,Casey,18.9735,24.4479,22.0965
2010-11-24T17:00:00+00:00,Casey,15.0168,12.3564,18.9735
2010-11-24T18:00:00+00:00,Casey,4.7253,2.3859,15.0168
2010-11-24T19:00:00+00:00,Casey,7.3307,2.4990,4.7253
2010-11-24T20:00:00+00:00,Casey,31.5581,24.1852,7.3307
2010-11-24T21:00:00+00:00,Casey,26.0258,21.2223,31.5581
2010-11-24T22:00:00+00:00,Casey,21.2737,13.1628,26.0258
2010-11-24T23:00:00+00:00,Casey,20.2413,19.2739,21.2737
2010-11-25T00:00:00+00:00,Casey,47.8107,35.2468,20.2413
2010-11-25T01:00:00+00:00,Casey,20.2859,15.7847,47.8107
2010-11-25T02:00:00+00:00,Casey,65.9206,61.6834,20.2859
2010-11-25T03:00:00+00:00,Casey,29.0123,25.7419,65.9206
2010-11-25T04:00:00+00:00,Casey,56.6567,51.9118,29.0123
2010-11-25T05:00:00+00:00,Casey,91.1951,124.9793,56.6567
2010-11-25T06:00:00+00:00,Casey,37.1002,29.1162,91.1951
2010-11-25T07:00:00+00:00,Casey,52.2500,51.7333,37.1002
2010-11-25T08:00:00+00:00,Casey,20.5261,18.7203,52.2500
2010-11-25T09:00:00+00:00,Casey,32.4236,30.0379,20.5261
2010-11-25T10:00:00+00:00,Casey,56.7130,54.1361,32.4236
2010-11-25T11:00:00+00:00,Casey,70.7866,63.8123,56.7130
2010-11-25T12:00:00+00:00,Casey,105.1958,73.8296,70.7866
2010-11-25T13:00:00+00:00,Casey,72.1754,65.8333,105.1958
2010-11-25T14:00:00+00:00,Casey,54.3538,46.5244,72.1754
2010-11-25T15:00:00+00:00,Casey,17.5702,16.8481,54.3538
2010-11-25T16:00:00+00:00,Casey,7.1326,9.8031,17.5702
2010-11-25T17:00:00+00:00,Casey,11.8543,9.5056,7.1326
2010-11-25T18:00:00+00:00,Casey,8.4994,9.5882,11.8543
2010-11-25T19:00:00+00:00,Casey,5.1913,1.4763,8.4994
2010-11-25T20:00:00+00:00,Casey,8.5748,2.1393,5.1913
2010-11-25T21:00:00+00:00,Casey,15.5447,9.4296,8.5748
2010-11-25T22:00:00+00:00,Casey,25.8035,24.2021,15.5447
2010-11-25T23:00:00+00:00,Casey,16.5611,9.7420,25.8035
2010-11-26T00:00:00+00:00,Casey,61.4012,48.7896,16.5611
2010-11-26T01:00:00+00:00,Casey,41.7606,38.7645,61.4012
2010-11-26T02:00:00+00:00,Casey,20.0591,11.5987,41.7606
2010-11-26T03:00:00+00:00,Casey,6.9422,4.9586,20.0591
2010-11-26T04:00:00+00:00,Casey,58.9083,54.4999,6.9422
2010-11-26T05:00:00+00:00,Casey,66.6685,62.7470,58.9083
2010-11-26T06:00:00+00:00,Casey,29.2324,25.5107,66.6685
2010-11-26T07:00:00+00:00,Casey,31.2488,28.1271,29.2324
2010-11-26T08:00:00+00:00,Casey,38.7004,44.0380,31.2488
2010-11-26T09:00:00+00:00,Casey,17.2912,17.7587,38.7004
2010-11-26T10:00:00+00:00,Casey,68.8996,63.4950,17.2912
2010-11-26T11:00:00+00:00,Casey,74.3102,66.3468,68.8996
2010-11-26T12:00:00+00:00,Casey,68.7636,64.0392,74.3102
2010-11-26T13:00:00+00:00,Casey,63.8944,60.7370,68.7636
2010-11-26T14:00:00+00:00,Casey,40.3761,43.6246,63.8944
2010-11-26T15:00:00+00:00,Casey,33.4850,37.2751,40.3761
2010-11-26T16:00:00+00:00,Casey,9.0283,6.1898,33.4850
2010-11-26T17:00:00+00:00,Casey,10.5512,4.3219,9.0283
2010-11-26T18:00:00+00:00,Casey,9.2548,12.4679,10.5512
2010-11-26T19:00:00+00:00,Casey,15.4514,8.5250,9.2548
2010-11-26T20:00:00+00:00,Casey,30.7218,23.7771,15.4514
2010-11-26T21:00:00+00:00,Casey,26.7340,25.0509,30.7218
2010-11-26T22:00:00+00:00,Casey,18.8805,13.2049,26.7340
2010-11-26T23:00:00+00:00,Casey,35.2321,35.7508,18.8805
2010-11-27T00:00:00+00:00,Casey,34.4260,28.5691,35.2321
2010-11-27T01:00:00+00:00,Casey,63.1398,54.7638,34.4260
2010-11-27T02:00:00+00:00,Casey,23.8368,16.7475,63.1398
2010-11-27T03:00:00+00:00,Casey,60.3746,56.7584,23.8368
2010-11-27T04:00:00+00:00,Casey,14.3962,10.3679,60.3746
2010-11-27T05:00:00+00:00,Casey,69.7826,65.7894,14.3962
2010-11-27T06:00:00+00:00,Casey,34.1631,30.6672,69.7826
2010-11-27T07:00:00+00:00,Casey,17.0726,14.8178,34.1631
2010-11-27T08:00:00+00:00,Casey,29.3630,30.0959,17.0726
2010-11-27T09:00:00+00:00,Casey,54.5369,48.7480,29.3630
2010-11-27T10:00:00+00:00,Casey,71.0708,62.9709,54.5369
2010-11-27T11:00:00+00:00,Casey,72.7270,61.2185,71.0708
2010-11-27T12:00:00+00:00,Casey,70.0579,64.5166,72.7270
2010-11-27T13:00:00+00:00,Casey,69.3275,64.8902,70.0579
2010-11-27T14:00:00+00:00,Casey,59.3188,46.3575,69.3275
2010-11-27T15:00:00+00:00,Casey,29.1042,25.6458,59.3188
2010-11-27T16:00:00+00:00,Casey,6.8523,4.7393,29.1042
2010-11-27T17:00:00+00:00,Casey,2.1022,5.5051,6.8523
2010-11-27T18:00:00+00:00,Casey,13.9920,14.4017,2.1022
2010-11-27T19:00:00+00:00,Casey,14.2257,15.6643,13.9920
2010-11-27T20:00:00+00:00,Casey,11.0146,4.4554,14.2257
2010-11-27T21:00:00+00:00,Casey,24.1841,19.3864,11.0146
2010-11-27T22:00:00+00:00,Casey,17.9771,11.4635,24.1841
2010-11-27T23:00:00+00:00,Casey,14.4401,7.9264,17.9771
2010-11-28T00:00:00+00:00,Casey,38.5022,33.7682,14.4401
2010-11-28T01:00:00+00:00,Casey,16.8283,8.3209,38.5022
2010-11-28T02:00:00+00:00,Casey,45.8086,40.0086,16.8283
2010-11-28T03:00:00+00:00,Casey,22.2484,18.1549,45.8086
2010-11-28T04:00:00+00:00,Casey,18.3442,12.9226,22.2484
2010-11-28T05:00:00+00:00,Casey,51.3127,46.4093,18.3442
2010-11-28T06:00:00+00:00,Casey,17.5680,13.8341,51.3127
2010-11-28T07:00:00+00:00,Casey,15.6471,13.5015,17.5680
2010-11-28T08:00:00+00:00,Casey,54.8622,64.8929,15.6471
2010-11-28T09:00:00+00:00,Casey,59.1750,52.1825,54.8622
2010-11-28T10:00:00+00:00,Casey,80.1268,66.9313,59.1750
2010-11-28T11:00:00+00:00,Casey,79.7548,66.1644,80.1268
2010-11-28T12:00:00+00:00,Casey,81.9252,71.9038,79.7548
2010-11-28T13:00:00+00:00,Casey,64.6293,61.4961,81.9252
2010-11-28T14:00:00+00:00,Casey,61.5058,59.6952,64.6293
2010-11-28T15:00:00+00:00,Casey,23.4125,21.5742,61.5058
2010-11-28T16:00:00+00:00,Casey,6.8138,12.4181,23.4125
2010-11-28T17:00:00+00:00,Casey,8.8445,5.0616,6.8138
2010-11-28T18:00:00+00:00,Casey,31.3735,24.3524,8.8445
2010-11-28T19:00:00+00:00,Casey,16.4360,9.5965,31.3735
2010-11-28T20:00:00+00:00,Casey,6.3586,0.6738,16.4360
2010-11-28T21:00:00+00:00,Casey,31.5634,25.8223,6.3586
2010-11-28T22:00:00+00:00,Casey,34.9738,32.4684,31.5634
2010-11-28T23:00:00+00:00,Casey,28.0316,24.1112,34.9738
2010-11-29T00:00:00+00:00,Casey,22.8495,14.5751,28.0316
2010-11-29T01:00:00+00:00,Casey,45.8098,44.6724,22.8495
2010-11-29T02:00:00+00:00,Casey,14.3938,2.3028,45.8098
2010-11-29T03:00:00+00:00,Casey,24.7078,20.1782,14.3938
2010-11-29T04:00:00+00:00,Casey,38.9543,34.5326,24.7078
2010-11-29T05:00:00+00:00,Casey,22.5432,17.4048,38.9543
2010-11-29T06:00:00+00:00,Casey,31.2423,28.7198,22.5432
2010-11-29T07:00:00+00:00,Casey,62.0252,72.8408,31.2423
2010-11-29T08:00:00+00:00,Casey,54.7930,65.8697,62.0252
2010-11-29T09:00:00+00:00,Casey,74.9998,78.1010,54.7930
2010-11-29T10:00:00+00:00,Casey,71.8468,61.2997,74.9998
2010-11-29T11:00:00+00:00,Casey,84.9739,73.4262,71.8468
2010-11-29T12:00:00+00:00,Casey,86.2465,67.7781,84.9739
2010-11-29T13:00:00+00:00,Casey,77.3593,71.9793,86.2465
2010-11-29T14:00:00+00:00,Casey,61.4717,60.2996,77.3593
2010-11-29T15:00:00+00:00,Casey,29.8904,26.4503,61.4717
2010-11-29T16:00:00+00:00,Casey,17.6936,16.6265,29.8904
2010-11-29T17:00:00+00:00,Casey,20.8087,16.1218,17.6936
2010-11-29T18:00:00+00:00,Casey,40.8109,55.2749,20.8087
2010-11-29T19:00:00+00:00,Casey,10.3744,6.5803,40.8109
2010-11-29T20:00:00+00:00,Casey,6.3589,6.2223,10.3744
2010-11-29T21:00:00+00:00,Casey,29.6936,18.8054,6.3589
2010-11-29T22:00:00+00:00,Casey,17.2771,10.0419,29.6936
2010-11-29T23:00:00+00:00,Casey,11.4910,6.9184,17.2771
2010-11-30T00:00:00+00:00,Casey,33.2522,22.9507,11.4910
2010-11-30T01:00:00+00:00,Casey,65.0353,61.9789,33.2522
2010-11-30T02:00:00+00:00,Casey,20.8896,17.0531,65.0353
2010-11-30T03:00:00+00:00,Casey,53.2494,47.0468,20.8896
2010-11-30T04:00:00+00:00,Casey,68.9148,83.3238,53.2494
2010-11-30T05:00:00+00:00,Casey,46.6835,42.7697,68.9148
2010-11-30T06:00:00+00:00,Casey,34.6646,29.4992,46.6835
2010-11-30T07:00:00+00:00,Casey,18.8759,11.1989,34.6646
2010-11-30T08:00:00+00:00,Casey,15.3631,13.9035,18.8759
2010-11-30T09:00:00+00:00,Casey,56.6048,52.0462,15.3631
2010-11-30T10:00:00+00:00,Casey,54.7110,52.4253,56.6048
2010-11-30T11:00:00+00:00,Casey,68.9338,66.4596,54.7110
2010-11-30T12:00:00+00:00,Casey,73.8620,66.8989,68.9338
2010-11-30T13:00:00+00:00,Casey,93.3905,73.2807,73.8620
2010-11-30T14:00:00+00:00,Casey,51.9037,48.1836,93.3905
2010-11-30T15:00:00+00:00,Casey,42.7085,38.6422,51.9037
2010-11-30T16:00:00+00:00,Casey,3.5101,1.8870,42.7085
2010-11-30T17:00:00+00:00,Casey,11.0518,14.2576,3.5101
2010-11-30T18:00:00+00:00,Casey,10.7597,11.5996,11.0518
2010-11-30T19:00:00+00:00,Casey,9.8980,6.1765,10.7597
2010-11-30T20:00:00+00:00,Casey,16.2315,8.2587,9.8980
2010-11-30T21:00:00+00:00,Casey,13.7540,5.7490,16.2315
2010-11-30T22:00:00+00:00,Casey,10.3347,11.3015,13.7540
2010-11-30T23:00:00+00:00,Casey,38.1818,35.7454,10.3347
2010-12-01T00:00:00+00:00,Casey,25.9458,12.7030,38.1818
2010-12-01T01:00:00+00:00,Casey,39.2746,31.6348,25.9458
2010-12-01T02:00:00+00:00,Casey,46.0650,35.5142,39.2746
2010-12-01T03:00:00+00:00,Casey,31.7838,20.7976,46.0650
2010-12-01T04:00:00+00:00,Casey,59.7434,43.7371,31.7838
2010-12-01T05:00:00+00:00,Casey,38.6234,30.0002,59.7434
2010-12-01T06:00:00+00:00,Casey,26.6303,14.0616,38.6234
2010-12-01T07:00:00+00:00,Casey,16.2183,10.5883,26.6303
2010-12-01T08:00:00+00:00,Casey,51.5739,45.8413,16.2183
2010-12-01T09:00:00+00:00,Casey,19.4766,15.9815,51.5739
2010-12-01T10:00:00+00:00,Casey,9.0051,11.1703,19.4766
2010-12-01T11:00:00+00:00,Casey,8.2399,4.5209,9.0051
2010-12-01T12:00:00+00:00,Casey,52.3770,52.7369,8.2399
2010-12-01T13:00:00+00:00,Casey,3.0231,2.6039,52.3770
2010-12-01T14:00:00+00:00,Casey,21.3669,15.9734,3.0231
2010-12-01T15:00:00+00:00,Casey,15.4394,9.8590,21.3669
2010-12-01T16:00:00+00:00,Casey,35.1834,25.6592,15.4394
2010-12-01T17:00:00+00:00,Casey,13.6714,7.9113,35.1834
2010-12-01T18:00:00+00:00,Casey,10.9668,8.0560,13.6714
2010-12-01T19:00:00+00:00,Casey,10.5726,5.8714,10.9668
2010-12-01T20:00:00+00:00,Casey,22.9617,13.3568,10.5726
2010-12-01T21:00:00+00:00,Casey,24.9024,19.6580,22.9617
2010-12-01T22:00:00+00:00,Casey,21.9074,15.1641,24.9024
2010-12-01T23:00:00+00:00,Casey,9.0406,4.7331,21.9074
2010-12-02T00:00:00+00:00,Casey,59.8409,43.9270,9.0406
2010-12-02T01:00:00+00:00,Casey,11.4916,5.4410,59.8409
2010-12-02T02:00:00+00:00,Casey,49.4935,43.3691,11.4916
2010-12-02T03:00:00+00:00,Casey,31.2976,22.7983,49.4935
2010-12-02T04:00:00+00:00,Casey,49.6872,29.0425,31.2976
2010-12-02T05:00:00+00:00,Casey,59.9268,49.1273,49.6872
2010-12-02T06:00:00+00:00,Casey,31.6046,26.1426,59.9268
2010-12-02T07:00:00+00:00,Casey,44.6197,40.4292,31.6046
2010-12-02T08:00:00+00:00,Casey,52.4092,37.7840,44.6197
2010-12-02T09:00:00+00:00,Casey,12.9198,3.8490,52.4092
2010-12-02T10:00:00+00:00,Casey,13.3331,14.9809,12.9198
2010-12-02T11:00:00+00:00,Casey,25.9479,30.4891,13.3331
2010-12-02T12:00:00+00:00,Casey,39.4902,36.4139,25.9479
2010-12-02T13:00:00+00:00,Casey,24.6274,22.5494,39.4902
2010-12-02T14:00:00+00:00,Casey,10.1706,6.3699,24.6274
2010-12-02T15:00:00+00:00,Casey,17.6254,12.7442,10.1706
2010-12-02T16:00:00+00:00,Casey,20.2234,17.3784,17.6254
2010-12-02T17:00:00+00:00,Casey,0.1996,2.4723,20.2234
2010-12-02T18:00:00+00:00,Casey,8.9314,6.8968,0.1996
2010-12-02T19:00:00+00:00,Casey,19.0343,12.9595,8.9314
2010-12-02T20:00:00+00:00,Casey,49.7953,31.3093,19.0343
2010-12-02T21:00:00+00:00,Casey,8.1174,3.9519,49.7953
2010-12-02T22:00:00+00:00,Casey,20.2251,11.9346,8.1174
2010-12-02T23:00:00+00:00,Casey,53.4924,52.9547,20.2251
2010-12-03T00:00:00+00:00,Casey,56.8134,34.9974,53.4924
2010-12-03T01:00:00+00:00,Casey,53.5553,47.3437,56.8134
2010-12-03T02:00:00+00:00,Casey,23.5675,14.8253,53.5553
2010-12-03T03:00:00+00:00,Casey,80.9414,98.4566,23.5675
2010-12-03T04:00:00+00:00,Casey,68.8875,55.4457,80.9414
2010-12-03T05:00:00+00:00,Casey,34.6163,27.9370,68.8875
2010-12-03T06:00:00+00:00,Casey,21.1316,17.2377,34.6163
2010-12-03T07:00:00+00:00,Casey,24.4491,22.9837,21.1316
2010-12-03T08:00:00+00:00,Casey,30.2016,27.2432,24.4491
2010-12-03T09:00:00+00:00,Casey,18.2833,17.4194,30.2016
2010-12-03T10:00:00+00:00,Casey,27.4194,23.5541,18.2833
2010-12-03T11:00:00+00:00,Casey,16.6977,11.4986,27.4194
2010-12-03T12:00:00+00:00,Casey,45.3104,37.6746,16.6977
2010-12-03T13:00:00+00:00,Casey,3.2074,0.9988,45.3104
2010-12-03T14:00:00+00:00,Casey,17.4790,16.9975,3.2074
2010-12-03T15:00:00+00:00,Casey,22.4905,21.8769,17.4790
2010-12-03T16:00:00+00:00,Casey,36.2649,32.5555,22.4905
2010-12-03T17:00:00+00:00,Casey,6.2515,4.2792,36.2649
2010-12-03T18:00:00+00:00,Casey,15.4611,10.5476,6.2515
2010-12-03T19:00:00+00:00,Casey,4.0068,0.0000,15.4611
2010-12-03T20:00:00+00:00,Casey,42.0455,28.2646,4.0068
2010-12-03T21:00:00+00:00,Casey,10.3424,6.3930,42.0455
2010-12-03T22:00:00+00:00,Casey,40.5212,37.3550,10.3424
2010-12-03T23:00:00+00:00,Casey,29.3203,21.0473,40.5212
2010-12-04T00:00:00+00:00,Casey,70.8352,39.8387,29.3203
2010-12-04T01:00:00+00:00,Casey,16.3202,7.1733,70.8352
2010-12-04T02:00:00+00:00,Casey,75.3138,85.9521,16.3202
2010-12-04T03:00:00+00:00,Casey,41.6887,31.8710,75.3138
2010-12-04T04:00:00+00:00,Casey,74.9909,63.6187,41.6887
2010-12-04T05:00:00+00:00,Casey,54.3102,42.2691,74.9909
2010-12-04T06:00:00+00:00,Casey,64.8576,48.0632,54.3102
2010-12-04T07:00:00+00:00,Casey,36.5186,29.6723,64.8576
2010-12-04T08:00:00+00:00,Casey,48.3181,43.9664,36.5186
2010-12-04T09:00:00+00:00,Casey,55.2796,63.2605,48.3181
2010-12-04T10:00:00+00:00,Casey,16.0209,18.0636,55.2796
2010-12-04T11:00:00+00:00,Casey,3.2085,2.4970,16.0209
2010-12-04T12:00:00+00:00,Casey,40.4239,36.6966,3.2085
2010-12-04T13:00:00+00:00,Casey,13.5131,9.0429,40.4239
2010-12-04T14:00:00+00:00,Casey,0.3713,0.0000,13.5131
2010-12-04T15:00:00+00:00,Casey,15.4302,12.3144,0.3713
2010-12-04T16:00:00+00:00,Casey,27.2448,20.1870,15.4302
2010-12-04T17:00:00+00:00,Casey,14.7846,10.9253,27.2448
2010-12-04T18:00:00+00:00,Casey,11.3522,5.4464,14.7846
2010-12-04T19:00:00+00:00,Casey,31.8364,18.5933,11.3522
2010-12-04T20:00:00+00:00,Casey,57.6058,34.9368,31.8364
2010-12-04T21:00:00+00:00,Casey,23.3336,13.6438,57.6058
2010-12-04T22:00:00+00:00,Casey,45.6782,38.9289,23.3336
2010-12-04T23:00:00+00:00,Casey,35.9716,28.2189,45.6782
2010-12-05T00:00:00+00:00,Casey,75.9653,45.6496,35.9716
2010-12-05T01:00:00+00:00,Casey,48.2148,38.9584,75.9653
2010-12-05T02:00:00+00:00,Casey,73.6937,90.2545,48.2148
2010-12-05T03:00:00+00:00,Casey,73.0077,82.1177,73.6937
2010-12-05T04:00:00+00:00,Casey,96.8119,83.0452,73.0077
2010-12-05T05:00:00+00:00,Casey,30.2596,26.6556,96.8119
2010-12-05T06:00:00+00:00,Casey,33.9789,26.2366,30.2596
2010-12-05T07:00:00+00:00,Casey,34.5550,32.3247,33.9789
2010-12-05T08:00:00+00:00,Casey,35.1073,29.0656,34.5550
2010-12-05T09:00:00+00:00,Casey,33.3214,28.6449,35.1073
2010-12-05T10:00:00+00:00,Casey,33.3146,37.1331,33.3214
2010-12-05T11:00:00+00:00,Casey,13.5789,18.4012,33.3146
2010-12-05T12:00:00+00:00,Casey,42.1711,35.8193,13.5789
2010-12-05T13:00:00+00:00,Casey,4.4877,10.5288,42.1711
2010-12-05T14:00:00+00:00,Casey,6.5952,8.4746,4.4877
2010-12-05T15:00:00+00:00,Casey,5.3629,2.5045,6.5952
2010-12-05T16:00:00+00:00,Casey,51.1564,41.4363,5.3629
2010-12-05T17:00:00+00:00,Casey,5.1689,1.9100,51.1564
2010-12-05T18:00:00+00:00,Casey,6.0681,5.1645,5.1689
2010-12-05T19:00:00+00:00,Casey,12.4560,5.7104,6.0681
2010-12-05T20:00:00+00:00,Casey,46.7895,29.9908,12.4560
2010-12-05T21:00:00+00:00,Casey,27.5520,21.4758,46.7895
2010-12-05T22:00:00+00:00,Casey,13.1906,6.5802,27.5520
2010-12-05T23:00:00+00:00,Casey,41.3561,32.6560,13.1906
2010-12-06T00:00:00+00:00,Casey,51.1691,33.2295,41.3561
2010-12-06T01:00:00+00:00,Casey,65.5998,44.0935,51.1691
2010-12-06T02:00:00+00:00,Casey,20.1884,8.2785,65.5998
2010-12-06T03:00:00+00:00,Casey,46.9432,37.9847,20.1884
2010-12-06T04:00:00+00:00,Casey,82.3668,55.7267,46.9432
2010-12-06T05:00:00+00:00,Casey,30.8410,21.6833,82.3668
2010-12-06T06:00:00+00:00,Casey,55.1686,48.5264,30.8410
2010-12-06T07:00:00+00:00,Casey,24.4396,22.9837,55.1686
2010-12-06T08:00:00+00:00,Casey,49.8094,42.3223,24.4396
2010-12-06T09:00:00+00:00,Casey,35.5366,32.7066,49.8094
2010-12-06T10:00:00+00:00,Casey,14.3579,14.9919,35.5366
2010-12-06T11:00:00+00:00,Casey,9.9819,7.7496,14.3579
2010-12-06T12:00:00+00:00,Casey,23.1903,25.2688,9.9819
2010-12-06T13:00:00+00:00,Casey,17.2295,22.5601,23.1903
2010-12-06T14:00:00+00:00,Casey,1.1071,1.8553,17.2295
2010-12-06T15:00:00+00:00,Casey,26.4752,21.1579,1.1071
2010-12-06T16:00:00+00:00,Casey,46.9647,36.5568,26.4752
2010-12-06T17:00:00+00:00,Casey,7.3681,4.4299,46.9647
2010-12-06T18:00:00+00:00,Casey,10.9878,8.9363,7.3681
2010-12-06T19:00:00+00:00,Casey,28.9154,26.8832,10.9878
2010-12-06T20:00:00+00:00,Casey,51.1669,30.3726,28.9154
2010-12-06T21:00:00+00:00,Casey,12.0035,7.6232,51.1669
2010-12-06T22:00:00+00:00,Casey,13.7683,8.4336,12.0035
2010-12-06T23:00:00+00:00,Casey,6.8335,0.0493,13.7683
2010-12-07T00:00:00+00:00,Casey,33.0739,19.3461,6.8335
2010-12-07T01:00:00+00:00,Casey,30.2279,20.4649,33.0739
2010-12-07T02:00:00+00:00,Casey,30.5447,21.4790,30.2279
2010-12-07T03:00:00+00:00,Casey,75.2290,59.7159,30.5447
2010-12-07T04:00:00+00:00,Casey,59.7268,38.8084,75.2290
2010-12-07T05:00:00+00:00,Casey,37.6087,32.5495,59.7268
2010-12-07T06:00:00+00:00,Casey,25.8127,13.6855,37.6087
2010-12-07T07:00:00+00:00,Casey,16.1581,13.5656,25.8127
2010-12-07T08:00:00+00:00,Casey,40.7349,35.5452,16.1581
2010-12-07T09:00:00+00:00,Casey,25.0714,17.8247,40.7349
2010-12-07T10:00:00+00:00,Casey,16.7232,19.2971,25.0714
2010-12-07T11:00:00+00:00,Casey,9.0211,11.8812,16.7232
2010-12-07T12:00:00+00:00,Casey,36.2730,40.1271,9.0211
2010-12-07T13:00:00+00:00,Casey,1.3956,7.4113,36.2730
2010-12-07T14:00:00+00:00,Casey,13.9359,10.0110,1.3956
2010-12-07T15:00:00+00:00,Casey,29.1429,25.7509,13.9359
2010-12-07T16:00:00+00:00,Casey,31.8587,25.3138,29.1429
2010-12-07T17:00:00+00:00,Casey,3.2878,2.7841,31.8587
2010-12-07T18:00:00+00:00,Casey,27.1111,20.7244,3.2878
2010-12-07T19:00:00+00:00,Casey,19.4996,12.8061,27.1111
2010-12-07T20:00:00+00:00,Casey,49.0576,28.9337,19.4996
2010-12-07T21:00:00+00:00,Casey,14.4451,7.5989,49.0576
2010-12-07T22:00:00+00:00,Casey,57.1325,49.2997,14.4451
2010-12-07T23:00:00+00:00,Casey,42.5972,39.2309,57.1325
2010-12-08T00:00:00+00:00,Casey,50.5215,33.4950,42.5972
2010-12-08T01:00:00+00:00,Casey,28.4566,19.8980,50.5215
2010-12-08T02:00:00+00:00,Casey,38.3611,22.0630,28.4566
2010-12-08T03:00:00+00:00,Casey,36.0743,24.8150,38.3611
2010-12-08T04:00:00+00:00,Casey,86.9204,70.3408,36.0743
2010-12-08T05:00:00+00:00,Casey,75.4176,70.1739,86.9204
2010-12-08T06:00:00+00:00,Casey,12.8590,3.5057,75.4176
2010-12-08T07:00:00+00:00,Casey,18.0492,16.5442,12.8590
2010-12-08T08:00:00+00:00,Casey,26.6087,24.8045,18.0492
2010-12-08T09:00:00+00:00,Casey,20.6351,17.2124,26.6087
2010-12-08T10:00:00+00:00,Casey,17.5485,11.6187,20.6351
2010-12-08T11:00:00+00:00,Casey,10.2220,14.4597,17.5485
2010-12-08T12:00:00+00:00,Casey,35.5711,41.8524,10.2220
2010-12-08T13:00:00+00:00,Casey,1.4299,7.0962,35.5711
2010-12-08T14:00:00+00:00,Casey,11.6664,9.0634,1.4299
2010-12-08T15:00:00+00:00,Casey,7.3314,2.5116,11.6664
2010-12-08T16:00:00+00:00,Casey,46.2425,35.7487,7.3314
2010-12-08T17:00:00+00:00,Casey,20.7494,15.0857,46.2425
2010-12-08T18:00:00+00:00,Casey,21.0436,10.9266,20.7494
2010-12-08T19:00:00+00:00,Casey,3.9314,2.8000,21.0436
2010-12-08T20:00:00+00:00,Casey,67.3000,42.0327,3.9314
2010-12-08T21:00:00+00:00,Casey,15.8087,9.3629,67.3000
2010-12-08T22:00:00+00:00,Casey,10.1205,5.6672,15.8087
2010-12-08T23:00:00+00:00,Casey,26.0586,17.4142,10.1205
2010-12-09T00:00:00+00:00,Casey,55.2791,33.8815,26.0586
2010-12-09T01:00:00+00:00,Casey,66.8157,61.1861,55.2791
2010-12-09T02:00:00+00:00,Casey,37.0838,27.9307,66.8157
2010-12-09T03:00:00+00:00,Casey,22.7807,9.8332,37.0838
2010-12-09T04:00:00+00:00,Casey,42.1464,22.6375,22.7807
2010-12-09T05:00:00+00:00,Casey,13.9528,7.2347,42.1464
2010-12-09T06:00:00+00:00,Casey,23.6138,19.1808,13.9528
2010-12-09T07:00:00+00:00,Casey,33.5423,31.6649,23.6138
2010-12-09T08:00:00+00:00,Casey,59.9506,56.4391,33.5423
2010-12-09T09:00:00+00:00,Casey,15.8157,9.2895,59.9506
2010-12-09T10:00:00+00:00,Casey,10.2782,12.4468,15.8157
2010-12-09T11:00:00+00:00,Casey,24.4620,28.5400,10.2782
2010-12-09T12:00:00+00:00,Casey,32.7512,36.0185,24.4620
2010-12-09T13:00:00+00:00,Casey,17.5881,11.8736,32.7512
2010-12-09T14:00:00+00:00,Casey,4.1485,1.3169,17.5881
2010-12-09T15:00:00+00:00,Casey,12.4155,6.4648,4.1485
2010-12-09T16:00:00+00:00,Casey,34.4583,26.1248,12.4155
2010-12-09T17:00:00+00:00,Casey,6.9585,4.8994,34.4583
2010-12-09T18:00:00+00:00,Casey,29.7172,30.7387,6.9585
2010-12-09T19:00:00+00:00,Casey,21.8871,16.8269,29.7172
2010-12-09T20:00:00+00:00,Casey,49.7605,30.7897,21.8871
2010-12-09T21:00:00+00:00,Casey,15.6995,8.3791,49.7605
2010-12-09T22:00:00+00:00,Casey,26.4149,17.3151,15.6995
2010-12-09T23:00:00+00:00,Casey,23.3001,13.7655,26.4149
2010-12-10T00:00:00+00:00,Casey,95.8606,77.4901,23.3001
2010-12-10T01:00:00+00:00,Casey,55.8004,41.8933,95.8606
2010-12-10T02:00:00+00:00,Casey,15.3505,6.0353,55.8004
2010-12-10T03:00:00+00:00,Casey,30.9919,17.8404,15.3505
2010-12-10T04:00:00+00:00,Casey,60.8031,44.9408,30.9919
2010-12-10T05:00:00+00:00,Casey,26.8600,23.3114,60.8031
2010-12-10T06:00:00+00:00,Casey,31.3304,20.5536,26.8600
2010-12-10T07:00:00+00:00,Casey,19.6911,10.3799,31.3304
2010-12-10T08:00:00+00:00,Casey,37.5534,36.3837,19.6911
2010-12-10T09:00:00+00:00,Casey,14.5808,7.2016,37.5534
2010-12-10T10:00:00+00:00,Casey,13.5899,15.0997,14.5808
2010-12-10T11:00:00+00:00,Casey,4.4883,2.4970,13.5899
2010-12-10T12:00:00+00:00,Casey,37.7079,43.8849,4.4883
2010-12-10T13:00:00+00:00,Casey,11.8851,17.8047,37.7079
2010-12-10T14:00:00+00:00,Casey,8.8144,4.9088,11.8851
2010-12-10T15:00:00+00:00,Casey,2.1743,0.0000,8.8144
2010-12-10T16:00:00+00:00,Casey,38.5755,31.0735,2.1743
2010-12-10T17:00:00+00:00,Casey,9.8603,7.7227,38.5755
2010-12-10T18:00:00+00:00,Casey,10.6525,7.8766,9.8603
2010-12-10T19:00:00+00:00,Casey,12.5107,8.2704,10.6525
2010-12-10T20:00:00+00:00,Casey,45.3827,27.9035,12.5107
2010-12-10T21:00:00+00:00,Casey,17.7859,11.2709,45.3827
2010-12-10T22:00:00+00:00,Casey,7.7597,1.1835,17.7859
2010-12-10T23:00:00+00:00,Casey,43.7545,39.7039,7.7597
2010-12-11T00:00:00+00:00,Casey,81.6536,67.0184,43.7545
2010-12-11T01:00:00+00:00,Casey,47.7738,38.7535,81.6536
2010-12-11T02:00:00+00:00,Casey,12.6208,4.6213,47.7738
2010-12-11T03:00:00+00:00,Casey,28.1181,19.9088,12.6208
2010-12-11T04:00:00+00:00,Casey,70.9359,52.5576,28.1181
2010-12-11T05:00:00+00:00,Casey,8.7042,0.0000,70.9359
2010-12-11T06:00:00+00:00,Casey,24.7165,21.9141,8.7042
2010-12-11T07:00:00+00:00,Casey,23.1713,12.7872,24.7165
2010-12-11T08:00:00+00:00,Casey,83.5390,103.8744,23.1713
2010-12-11T09:00:00+00:00,Casey,27.4820,20.2324,83.5390
2010-12-11T10:00:00+00:00,Casey,8.0303,2.0284,27.4820
2010-12-11T11:00:00+00:00,Casey,31.5833,26.9005,8.0303
2010-12-11T12:00:00+00:00,Casey,26.1695,27.9927,31.5833
2010-12-11T13:00:00+00:00,Casey,16.9791,14.1883,26.1695
2010-12-11T14:00:00+00:00,Casey,6.5549,4.6525,16.9791
2010-12-11T15:00:00+00:00,Casey,13.7452,10.0380,6.5549
2010-12-11T16:00:00+00:00,Casey,44.3501,37.2054,13.7452
2010-12-11T17:00:00+00:00,Casey,10.8663,6.9791,44.3501
2010-12-11T18:00:00+00:00,Casey,15.3282,11.1873,10.8663
2010-12-11T19:00:00+00:00,Casey,10.6351,6.9665,15.3282
2010-12-11T20:00:00+00:00,Casey,72.4841,54.7309,10.6351
2010-12-11T21:00:00+00:00,Casey,7.0678,1.2940,72.4841
2010-12-11T22:00:00+00:00,Casey,18.4735,12.5507,7.0678
2010-12-11T23:00:00+00:00,Casey,23.7418,14.2964,18.4735
2010-12-12T00:00:00+00:00,Casey,67.2255,51.7301,23.7418
2010-12-12T01:00:00+00:00,Casey,45.0893,33.4473,67.2255
2010-12-12T02:00:00+00:00,Casey,31.7971,22.2616,45.0893
2010-12-12T03:00:00+00:00,Casey,80.7456,105.0614,31.7971
2010-12-12T04:00:00+00:00,Casey,91.4434,98.1001,80.7456
2010-12-12T05:00:00+00:00,Casey,33.0238,26.9301,91.4434
2010-12-12T06:00:00+00:00,Casey,42.3380,30.9950,33.0238
2010-12-12T07:00:00+00:00,Casey,40.0144,31.9044,42.3380
2010-12-12T08:00:00+00:00,Casey,62.5512,56.9145,40.0144
2010-12-12T09:00:00+00:00,Casey,20.4489,18.5028,62.5512
2010-12-12T10:00:00+00:00,Casey,38.8185,43.3720,20.4489
2010-12-12T11:00:00+00:00,Casey,6.5787,11.3811,38.8185
2010-12-12T12:00:00+00:00,Casey,33.4281,30.0091,6.5787
2010-12-12T13:00:00+00:00,Casey,15.1147,17.1260,33.4281
2010-12-12T14:00:00+00:00,Casey,13.8125,9.0226,15.1147
2010-12-12T15:00:00+00:00,Casey,7.6677,2.4201,13.8125
2010-12-12T16:00:00+00:00,Casey,23.0914,15.9696,7.6677
2010-12-12T17:00:00+00:00,Casey,23.3834,21.9199,23.0914
2010-12-12T18:00:00+00:00,Casey,31.4617,20.5109,23.3834
2010-12-12T19:00:00+00:00,Casey,23.0770,17.3172,31.4617
2010-12-12T20:00:00+00:00,Casey,29.6093,16.0367,23.0770
2010-12-12T21:00:00+00:00,Casey,22.9210,13.2972,29.6093
2010-12-12T22:00:00+00:00,Casey,17.6720,9.1301,22.9210
2010-12-12T23:00:00+00:00,Casey,78.4671,59.2123,17.6720
2010-12-13T00:00:00+00:00,Casey,115.2072,131.6695,78.4671
2010-12-13T01:00:00+00:00,Casey,74.8522,57.5375,115.2072
2010-12-13T02:00:00+00:00,Casey,29.6897,21.5069,74.8522
2010-12-13T03:00:00+00:00,Casey,100.0000,173.2435,29.6897
2010-12-13T04:00:00+00:00,Casey,53.3680,37.3300,100.0000
2010-12-13T05:00:00+00:00,Casey,24.2366,14.0661,53.3680
2010-12-13T06:00:00+00:00,Casey,27.5033,23.8754,24.2366
2010-12-13T07:00:00+00:00,Casey,47.4315,36.3534,27.5033
2010-12-13T08:00:00+00:00,Casey,59.3023,49.0446,47.4315
2010-12-13T09:00:00+00:00,Casey,9.4684,6.1008,59.3023
2010-12-13T10:00:00+00:00,Casey,5.7696,1.7143,9.4684
2010-12-13T11:00:00+00:00,Casey,11.5318,16.5953,5.7696
2010-12-13T12:00:00+00:00,Casey,38.2791,41.7983,11.5318
2010-12-13T13:00:00+00:00,Casey,6.2093,3.4958,38.2791
2010-12-13T14:00:00+00:00,Casey,6.5892,11.6983,6.2093
2010-12-13T15:00:00+00:00,Casey,1.3690,0.0000,6.5892
2010-12-13T16:00:00+00:00,Casey,48.9555,33.9097,1.3690
2010-12-13T17:00:00+00:00,Casey,11.4078,8.9974,48.9555
2010-12-13T18:00:00+00:00,Casey,23.7982,17.9848,11.4078
2010-12-13T19:00:00+00:00,Casey,17.1790,9.0446,23.7982
2010-12-13T20:00:00+00:00,Casey,48.5786,31.5796,17.1790
2010-12-13T21:00:00+00:00,Casey,24.4154,14.3034,48.5786
2010-12-13T22:00:00+00:00,Casey,22.7847,11.6321,24.4154
2010-12-13T23:00:00+00:00,Casey,43.5192,36.7542,22.7847
2010-12-14T00:00:00+00:00,Casey,53.6894,38.3085,43.5192
2010-12-14T01:00:00+00:00,Casey,51.1718,42.0855,53.6894
2010-12-14T02:00:00+00:00,Casey,81.0354,62.3198,51.1718
2010-12-14T03:00:00+00:00,Casey,44.8818,39.0893,81.0354
2010-12-14T04:00:00+00:00,Casey,78.2729,67.0223,44.8818
2010-12-14T05:00:00+00:00,Casey,22.5799,12.1357,78.2729
2010-12-14T06:00:00+00:00,Casey,24.2135,21.9141,22.5799
2010-12-14T07:00:00+00:00,Casey,43.0842,42.8377,24.2135
2010-12-14T08:00:00+00:00,Casey,36.4085,29.1128,43.0842
2010-12-14T09:00:00+00:00,Casey,35.3155,34.0634,36.4085
2010-12-14T10:00:00+00:00,Casey,25.0332,26.1494,35.3155
2010-12-14T11:00:00+00:00,Casey,17.0487,16.2628,25.0332
2010-12-14T12:00:00+00:00,Casey,39.3501,44.1094,17.0487
2010-12-14T13:00:00+00:00,Casey,11.0368,8.6855,39.3501
2010-12-14T14:00:00+00:00,Casey,22.8609,20.8601,11.0368
2010-12-14T15:00:00+00:00,Casey,21.8722,17.9417,22.8609
2010-12-14T16:00:00+00:00,Casey,54.4417,41.3724,21.8722
2010-12-14T17:00:00+00:00,Casey,3.2200,4.4126,54.4417
2010-12-14T18:00:00+00:00,Casey,15.0705,10.8703,3.2200
2010-12-14T19:00:00+00:00,Casey,26.8564,24.8532,15.0705
2010-12-14T20:00:00+00:00,Casey,40.4479,25.3377,26.8564
2010-12-14T21:00:00+00:00,Casey,11.2714,5.5881,40.4479
2010-12-14T22:00:00+00:00,Casey,50.1930,43.5647,11.2714
2010-12-14T23:00:00+00:00,Casey,46.5553,38.3395,50.1930
2010-12-15T00:00:00+00:00,Casey,63.6028,42.6533,46.5553
2010-12-15T01:00:00+00:00,Casey,30.7446,18.7990,63.6028
2010-12-15T02:00:00+00:00,Casey,37.8705,27.4126,30.7446
2010-12-15T03:00:00+00:00,Casey,47.7365,37.9496,37.8705
2010-12-15T04:00:00+00:00,Casey,110.5522,136.3844,47.7365
2010-12-15T05:00:00+00:00,Casey,44.9773,38.7414,110.5522
2010-12-15T06:00:00+00:00,Casey,27.5282,17.1481,44.9773
2010-12-15T07:00:00+00:00,Casey,24.3796,19.9018,27.5282
2010-12-15T08:00:00+00:00,Casey,40.7307,38.3437,24.3796
2010-12-15T09:00:00+00:00,Casey,41.6734,33.3144,40.7307
2010-12-15T10:00:00+00:00,Casey,19.3306,17.1952,41.6734
2010-12-15T11:00:00+00:00,Casey,9.2301,8.2254,19.3306
2010-12-15T12:00:00+00:00,Casey,50.5290,40.3566,9.2301
2010-12-15T13:00:00+00:00,Casey,25.0418,18.9999,50.5290
2010-12-15T14:00:00+00:00,Casey,10.9885,6.5371,25.0418
2010-12-15T15:00:00+00:00,Casey,11.3710,6.9792,10.9885
2010-12-15T16:00:00+00:00,Casey,52.9664,36.9980,11.3710
2010-12-15T17:00:00+00:00,Casey,6.1869,6.8096,52.9664
2010-12-15T18:00:00+00:00,Casey,10.1769,5.7055,6.1869
2010-12-15T19:00:00+00:00,Casey,2.4926,2.3055,10.1769
2010-12-15T20:00:00+00:00,Casey,39.2606,23.1995,2.4926
2010-12-15T21:00:00+00:00,Casey,20.7693,11.3759,39.2606
2010-12-15T22:00:00+00:00,Casey,17.8954,10.7837,20.7693
2010-12-15T23:00:00+00:00,Casey,32.8198,26.4195,17.8954
2010-12-16T00:00:00+00:00,Casey,72.5390,60.6872,32.8198
2010-12-16T01:00:00+00:00,Casey,48.2431,37.5674,72.5390
2010-12-16T02:00:00+00:00,Casey,42.0232,28.3170,48.2431
2010-12-16T03:00:00+00:00,Casey,21.8815,11.8766,42.0232
2010-12-16T04:00:00+00:00,Casey,94.3161,78.4823,21.8815
2010-12-16T05:00:00+00:00,Casey,30.6092,23.4193,94.3161
2010-12-16T06:00:00+00:00,Casey,34.4935,32.3247,30.6092
2010-12-16T07:00:00+00:00,Casey,22.0695,19.4173,34.4935
2010-12-16T08:00:00+00:00,Casey,45.8880,34.4171,22.0695
2010-12-16T09:00:00+00:00,Casey,14.4916,15.2508,45.8880
2010-12-16T10:00:00+00:00,Casey,17.5293,11.9303,14.4916
2010-12-16T11:00:00+00:00,Casey,30.8165,32.2710,17.5293
2010-12-16T12:00:00+00:00,Casey,36.0315,32.4147,30.8165
2010-12-16T13:00:00+00:00,Casey,0.3888,0.0000,36.0315
2010-12-16T14:00:00+00:00,Casey,11.6947,13.1218,0.3888
2010-12-16T15:00:00+00:00,Casey,13.3003,9.8534,11.6947
2010-12-16T16:00:00+00:00,Casey,27.6433,22.4221,13.3003
2010-12-16T17:00:00+00:00,Casey,5.1519,0.8499,27.6433
2010-12-16T18:00:00+00:00,Casey,6.8613,4.8312,5.1519
2010-12-16T19:00:00+00:00,Casey,7.9045,4.9977,6.8613
2010-12-16T20:00:00+00:00,Casey,60.0719,41.9819,7.9045
2010-12-16T21:00:00+00:00,Casey,32.1410,25.6749,60.0719
2010-12-16T22:00:00+00:00,Casey,23.9260,16.7952,32.1410
2010-12-16T23:00:00+00:00,Casey,31.4714,23.6247,23.9260
2010-12-17T00:00:00+00:00,Casey,79.3878,68.8114,31.4714
2010-12-17T01:00:00+00:00,Casey,16.1883,8.0706,79.3878
2010-12-17T02:00:00+00:00,Casey,37.2389,25.8572,16.1883
2010-12-17T03:00:00+00:00,Casey,49.9944,44.6608,37.2389
2010-12-17T04:00:00+00:00,Casey,64.2625,48.4888,49.9944
2010-12-17T05:00:00+00:00,Casey,28.1565,23.6311,64.2625
2010-12-17T06:00:00+00:00,Casey,18.0807,14.8920,28.1565
2010-12-17T07:00:00+00:00,Casey,56.2314,65.8517,18.0807
2010-12-17T08:00:00+00:00,Casey,46.4774,39.7637,56.2314
2010-12-17T09:00:00+00:00,Casey,16.1082,14.4409,46.4774
2010-12-17T10:00:00+00:00,Casey,8.3038,10.3146,16.1082
2010-12-17T11:00:00+00:00,Casey,12.9670,11.2605,8.3038
2010-12-17T12:00:00+00:00,Casey,27.9863,24.0584,12.9670
2010-12-17T13:00:00+00:00,Casey,11.8298,9.0582,27.9863
2010-12-17T14:00:00+00:00,Casey,10.6899,8.5692,11.8298
2010-12-17T15:00:00+00:00,Casey,5.1732,1.6098,10.6899
2010-12-17T16:00:00+00:00,Casey,31.8630,24.3536,5.1732
2010-12-17T17:00:00+00:00,Casey,17.4208,12.6581,31.8630
2010-12-17T18:00:00+00:00,Casey,3.5900,0.2015,17.4208
2010-12-17T19:00:00+00:00,Casey,3.6508,0.0000,3.5900
2010-12-17T20:00:00+00:00,Casey,46.0368,26.2317,3.6508
2010-12-17T21:00:00+00:00,Casey,24.8266,19.3398,46.0368
2010-12-17T22:00:00+00:00,Casey,29.7107,22.3800,24.8266
2010-12-17T23:00:00+00:00,Casey,30.0508,19.5746,29.7107
2010-12-18T00:00:00+00:00,Casey,55.4511,37.3493,30.0508
2010-12-18T01:00:00+00:00,Casey,35.2352,27.2191,55.4511
2010-12-18T02:00:00+00:00,Casey,62.2321,52.8871,35.2352
2010-12-18T03:00:00+00:00,Casey,31.6018,23.3791,62.2321
2010-12-18T04:00:00+00:00,Casey,137.7549,224.5904,31.6018
2010-12-18T05:00:00+00:00,Casey,39.8366,24.9921,137.7549
2010-12-18T06:00:00+00:00,Casey,54.0574,45.3185,39.8366
2010-12-18T07:00:00+00:00,Casey,8.6758,7.5074,54.0574
2010-12-18T08:00:00+00:00,Casey,49.9025,36.9873,8.6758
2010-12-18T09:00:00+00:00,Casey,14.7531,12.6411,49.9025
2010-12-18T10:00:00+00:00,Casey,24.6041,24.1293,14.7531
2010-12-18T11:00:00+00:00,Casey,28.6239,31.9056,24.6041
2010-12-18T12:00:00+00:00,Casey,32.0425,25.9572,28.6239
2010-12-18T13:00:00+00:00,Casey,1.8662,7.0962,32.0425
2010-12-18T14:00:00+00:00,Casey,11.3327,8.2281,1.8662
2010-12-18T15:00:00+00:00,Casey,24.8092,23.2033,11.3327
2010-12-18T16:00:00+00:00,Casey,32.4519,25.2923,24.8092
2010-12-18T17:00:00+00:00,Casey,13.3104,12.0284,32.4519
2010-12-18T18:00:00+00:00,Casey,4.0201,3.8252,13.3104
2010-12-18T19:00:00+00:00,Casey,20.6468,15.4031,4.0201
2010-12-18T20:00:00+00:00,Casey,36.8916,21.8643,20.6468
2010-12-18T21:00:00+00:00,Casey,19.0530,13.1243,36.8916
2010-12-18T22:00:00+00:00,Casey,70.4119,73.3296,19.0530
2010-12-18T23:00:00+00:00,Casey,17.5592,8.9269,70.4119
2010-12-19T00:00:00+00:00,Casey,48.1491,31.4786,17.5592
2010-12-19T01:00:00+00:00,Casey,57.4292,42.6981,48.1491
2010-12-19T02:00:00+00:00,Casey,58.9778,42.9825,57.4292
2010-12-19T03:00:00+00:00,Casey,49.6038,44.2153,58.9778
2010-12-19T04:00:00+00:00,Casey,65.8373,46.8108,49.6038
2010-12-19T05:00:00+00:00,Casey,29.4946,13.4240,65.8373
2010-12-19T06:00:00+00:00,Casey,49.3009,36.1307,29.4946
2010-12-19T07:00:00+00:00,Casey,22.4581,19.3068,49.3009
2010-12-19T08:00:00+00:00,Casey,26.1840,18.0801,22.4581
2010-12-19T09:00:00+00:00,Casey,22.3617,12.8773,26.1840
2010-12-19T10:00:00+00:00,Casey,20.1316,14.9690,22.3617
2010-12-19T11:00:00+00:00,Casey,9.6056,14.1020,20.1316
2010-12-19T12:00:00+00:00,Casey,39.4730,35.0462,9.6056
2010-12-19T13:00:00+00:00,Casey,10.7430,8.9309,39.4730
2010-12-19T14:00:00+00:00,Casey,30.4615,29.4706,10.7430
2010-12-19T15:00:00+00:00,Casey,17.9111,12.7563,30.4615
2010-12-19T16:00:00+00:00,Casey,42.2428,36.2063,17.9111
2010-12-19T17:00:00+00:00,Casey,12.0921,11.8384,42.2428
2010-12-19T18:00:00+00:00,Casey,14.4891,10.3453,12.0921
2010-12-19T19:00:00+00:00,Casey,29.0617,26.0438,14.4891
2010-12-19T20:00:00+00:00,Casey,61.1285,41.6564,29.0617
2010-12-19T21:00:00+00:00,Casey,26.4758,15.6983,61.1285
2010-12-19T22:00:00+00:00,Casey,19.8006,12.3247,26.4758
2010-12-19T23:00:00+00:00,Casey,39.9901,32.1850,19.8006
2010-12-20T00:00:00+00:00,Casey,48.0890,35.6497,39.9901
2010-12-20T01:00:00+00:00,Casey,45.3495,35.9906,48.0890
2010-12-20T02:00:00+00:00,Casey,9.4085,1.4382,45.3495
2010-12-20T03:00:00+00:00,Casey,48.0191,37.1082,9.4085
2010-12-20T04:00:00+00:00,Casey,61.6787,48.9403,48.0191
2010-12-20T05:00:00+00:00,Casey,33.1607,26.8865,61.6787
2010-12-20T06:00:00+00:00,Casey,43.9675,42.7739,33.1607
2010-12-20T07:00:00+00:00,Casey,13.2868,10.7536,43.9675
2010-12-20T08:00:00+00:00,Casey,54.3784,45.0075,13.2868
2010-12-20T09:00:00+00:00,Casey,4.9203,5.3299,54.3784
2010-12-20T10:00:00+00:00,Casey,19.0609,17.5666,4.9203
2010-12-20T11:00:00+00:00,Casey,9.5104,14.4171,19.0609
2010-12-20T12:00:00+00:00,Casey,52.1164,42.4192,9.5104
2010-12-20T13:00:00+00:00,Casey,5.6121,0.5119,52.1164
2010-12-20T14:00:00+00:00,Casey,14.5693,12.2380,5.6121
2010-12-20T15:00:00+00:00,Casey,4.7705,1.8225,14.5693
2010-12-20T16:00:00+00:00,Casey,29.6814,27.0485,4.7705
2010-12-20T17:00:00+00:00,Casey,6.4188,6.4621,29.6814
2010-12-20T18:00:00+00:00,Casey,9.2735,7.4122,6.4188
2010-12-20T19:00:00+00:00,Casey,9.0195,5.2027,9.2735
2010-12-20T20:00:00+00:00,Casey,36.4891,21.8052,9.0195
2010-12-20T21:00:00+00:00,Casey,15.4686,8.2182,36.4891
2010-12-20T22:00:00+00:00,Casey,10.7421,5.1639,15.4686
2010-12-20T23:00:00+00:00,Casey,9.8874,3.4353,10.7421
2010-12-21T00:00:00+00:00,Casey,70.5474,52.7633,9.8874
2010-12-21T01:00:00+00:00,Casey,47.1228,38.0466,70.5474
2010-12-21T02:00:00+00:00,Casey,55.8898,46.0231,47.1228
2010-12-21T03:00:00+00:00,Casey,48.8925,40.5406,55.8898
2010-12-21T04:00:00+00:00,Casey,62.4582,40.1902,48.8925
2010-12-21T05:00:00+00:00,Casey,48.7089,36.3497,62.4582
2010-12-21T06:00:00+00:00,Casey,20.8565,17.9180,48.7089
2010-12-21T07:00:00+00:00,Casey,67.0234,51.0580,20.8565
2010-12-21T08:00:00+00:00,Casey,78.8372,101.0248,67.0234
2010-12-21T09:00:00+00:00,Casey,8.8203,8.5747,78.8372
2010-12-21T10:00:00+00:00,Casey,10.1700,12.7619,8.8203
2010-12-21T11:00:00+00:00,Casey,3.6391,4.7150,10.1700
2010-12-21T12:00:00+00:00,Casey,38.2471,37.5045,3.6391
2010-12-21T13:00:00+00:00,Casey,11.9418,9.3841,38.2471
2010-12-21T14:00:00+00:00,Casey,8.3844,3.6091,11.9418
2010-12-21T15:00:00+00:00,Casey,10.1045,7.2848,8.3844
2010-12-21T16:00:00+00:00,Casey,34.6816,24.4475,10.1045
2010-12-21T17:00:00+00:00,Casey,4.4500,3.7825,34.6816
2010-12-21T18:00:00+00:00,Casey,20.1426,14.1235,4.4500
2010-12-21T19:00:00+00:00,Casey,14.1991,6.8662,20.1426
2010-12-21T20:00:00+00:00,Casey,38.3738,20.3049,14.1991
2010-12-21T21:00:00+00:00,Casey,27.8802,23.0976,38.3738
2010-12-21T22:00:00+00:00,Casey,41.1436,25.4731,27.8802
2010-12-21T23:00:00+00:00,Casey,18.8349,12.4432,41.1436
2010-12-22T00:00:00+00:00,Casey,93.4886,68.6136,18.8349
2010-12-22T01:00:00+00:00,Casey,65.0247,47.9049,93.4886
2010-12-22T02:00:00+00:00,Casey,39.0533,31.0618,65.0247
2010-12-22T03:00:00+00:00,Casey,56.8239,44.2990,39.0533
2010-12-22T04:00:00+00:00,Casey,85.3082,57.6339,56.8239
2010-12-22T05:00:00+00:00,Casey,37.9816,28.8129,85.3082
2010-12-22T06:00:00+00:00,Casey,32.3830,22.9096,37.9816
2010-12-22T07:00:00+00:00,Casey,46.7627,42.6935,32.3830
2010-12-22T08:00:00+00:00,Casey,51.1877,43.2507,46.7627
2010-12-22T09:00:00+00:00,Casey,14.0563,10.0714,51.1877
2010-12-22T10:00:00+00:00,Casey,12.3945,15.7767,14.0563
2010-12-22T11:00:00+00:00,Casey,32.9380,41.9772,12.3945
2010-12-22T12:00:00+00:00,Casey,43.2614,38.7068,32.9380
2010-12-22T13:00:00+00:00,Casey,10.8434,6.9125,43.2614
2010-12-22T14:00:00+00:00,Casey,19.8009,18.0228,10.8434
2010-12-22T15:00:00+00:00,Casey,3.9021,1.1972,19.8009
2010-12-22T16:00:00+00:00,Casey,43.3785,32.8317,3.9021
2010-12-22T17:00:00+00:00,Casey,12.7486,11.1805,43.3785
2010-12-22T18:00:00+00:00,Casey,17.2099,12.7105,12.7486
2010-12-22T19:00:00+00:00,Casey,21.7606,18.2480,17.2099
2010-12-22T20:00:00+00:00,Casey,33.5108,20.8977,21.7606
2010-12-22T21:00:00+00:00,Casey,47.3303,43.7027,33.5108
2010-12-22T22:00:00+00:00,Casey,24.7284,19.0756,47.3303
2010-12-22T23:00:00+00:00,Casey,59.0896,51.2773,24.7284
2010-12-23T00:00:00+00:00,Casey,56.1260,37.9572,59.0896
2010-12-23T01:00:00+00:00,Casey,53.3163,41.4853,56.1260
2010-12-23T02:00:00+00:00,Casey,56.6192,42.7295,53.3163
2010-12-23T03:00:00+00:00,Casey,37.5053,26.8966,56.6192
2010-12-23T04:00:00+00:00,Casey,77.2814,56.0801,37.5053
2010-12-23T05:00:00+00:00,Casey,52.8839,41.7853,77.2814
2010-12-23T06:00:00+00:00,Casey,24.7157,16.8265,52.8839
2010-12-23T07:00:00+00:00,Casey,23.0404,20.0040,24.7157
2010-12-23T08:00:00+00:00,Casey,34.5826,30.8696,23.0404
2010-12-23T09:00:00+00:00,Casey,31.5379,31.1684,34.5826
2010-12-23T10:00:00+00:00,Casey,14.7540,16.3448,31.5379
2010-12-23T11:00:00+00:00,Casey,19.6750,22.8905,14.7540
2010-12-23T12:00:00+00:00,Casey,31.5864,37.7923,19.6750
2010-12-23T13:00:00+00:00,Casey,7.5805,2.5326,31.5864
2010-12-23T14:00:00+00:00,Casey,3.9924,0.0000,7.5805
2010-12-23T15:00:00+00:00,Casey,9.7925,6.7339,3.9924
2010-12-23T16:00:00+00:00,Casey,39.1320,29.3389,9.7925
2010-12-23T17:00:00+00:00,Casey,14.6094,13.1193,39.1320
2010-12-23T18:00:00+00:00,Casey,19.6951,12.7424,14.6094
2010-12-23T19:00:00+00:00,Casey,26.5691,13.7102,19.6951
2010-12-23T20:00:00+00:00,Casey,45.6251,23.6783,26.5691
2010-12-23T21:00:00+00:00,Casey,19.1068,12.1796,45.6251
2010-12-23T22:00:00+00:00,Casey,56.0312,55.2313,19.1068
2010-12-23T23:00:00+00:00,Casey,23.6651,14.9097,56.0312
2010-12-24T00:00:00+00:00,Casey,51.0854,38.6488,23.6651
2010-12-24T01:00:00+00:00,Casey,43.2884,34.4444,51.0854
2010-12-24T02:00:00+00:00,Casey,55.5366,42.6858,43.2884
2010-12-24T03:00:00+00:00,Casey,83.0419,107.6947,55.5366
2010-12-24T04:00:00+00:00,Casey,59.3443,38.3223,83.0419
2010-12-24T05:00:00+00:00,Casey,31.2347,21.1625,59.3443
2010-12-24T06:00:00+00:00,Casey,23.9637,16.7385,31.2347
2010-12-24T07:00:00+00:00,Casey,14.1596,12.6180,23.9637
2010-12-24T08:00:00+00:00,Casey,43.2293,34.5091,14.1596
2010-12-24T09:00:00+00:00,Casey,10.3914,4.3933,43.2293
2010-12-24T10:00:00+00:00,Casey,41.3125,38.1905,10.3914
2010-12-24T11:00:00+00:00,Casey,13.3326,16.4621,41.3125
2010-12-24T12:00:00+00:00,Casey,41.7658,38.6713,13.3326
2010-12-24T13:00:00+00:00,Casey,4.3858,6.5823,41.7658
2010-12-24T14:00:00+00:00,Casey,7.6248,7.2681,4.3858
2010-12-24T15:00:00+00:00,Casey,1.8425,0.0388,7.6248
2010-12-24T16:00:00+00:00,Casey,51.8903,47.4902,1.8425
2010-12-24T17:00:00+00:00,Casey,12.0860,11.6636,51.8903
2010-12-24T18:00:00+00:00,Casey,12.4360,9.3521,12.0860
2010-12-24T19:00:00+00:00,Casey,6.7541,2.1943,12.4360
2010-12-24T20:00:00+00:00,Casey,53.3281,33.9166,6.7541
2010-12-24T21:00:00+00:00,Casey,16.6056,11.3969,53.3281
2010-12-24T22:00:00+00:00,Casey,18.6916,12.2398,16.6056
2010-12-24T23:00:00+00:00,Casey,21.9082,13.8302,18.6916
2010-12-25T00:00:00+00:00,Casey,68.8791,53.9056,21.9082
2010-12-25T01:00:00+00:00,Casey,26.4173,18.2209,68.8791
2010-12-25T02:00:00+00:00,Casey,67.0979,44.8348,26.4173
2010-12-25T03:00:00+00:00,Casey,12.7906,6.9950,67.0979
2010-12-25T04:00:00+00:00,Casey,64.9945,37.3758,12.7906
2010-12-25T05:00:00+00:00,Casey,45.7749,33.1247,64.9945
2010-12-25T06:00:00+00:00,Casey,31.5194,22.0159,45.7749
2010-12-25T07:00:00+00:00,Casey,9.2108,0.0000,31.5194
2010-12-25T08:00:00+00:00,Casey,39.8978,33.8979,9.2108
2010-12-25T09:00:00+00:00,Casey,15.4838,13.2615,39.8978
2010-12-25T10:00:00+00:00,Casey,15.3539,17.6748,15.4838
2010-12-25T11:00:00+00:00,Casey,21.5004,22.6146,15.3539
2010-12-25T12:00:00+00:00,Casey,44.7794,46.5733,21.5004
2010-12-25T13:00:00+00:00,Casey,16.3304,15.8396,44.7794
2010-12-25T14:00:00+00:00,Casey,11.6925,8.3042,16.3304
2010-12-25T15:00:00+00:00,Casey,13.6383,10.3298,11.6925
2010-12-25T16:00:00+00:00,Casey,35.8641,29.1215,13.6383
2010-12-25T17:00:00+00:00,Casey,4.6778,4.4413,35.8641
2010-12-25T18:00:00+00:00,Casey,17.0471,14.7324,4.6778
2010-12-25T19:00:00+00:00,Casey,15.3987,7.7317,17.0471
2010-12-25T20:00:00+00:00,Casey,31.9979,21.9797,15.3987
2010-12-25T21:00:00+00:00,Casey,35.2643,27.4269,31.9979
2010-12-25T22:00:00+00:00,Casey,14.4512,9.3517,35.2643
2010-12-25T23:00:00+00:00,Casey,29.0771,19.5667,14.4512
2010-12-26T00:00:00+00:00,Casey,53.8581,32.5532,29.0771
2010-12-26T01:00:00+00:00,Casey,47.7429,33.5453,53.8581
2010-12-26T02:00:00+00:00,Casey,30.8081,21.2158,47.7429
2010-12-26T03:00:00+00:00,Casey,27.6292,17.6761,30.8081
2010-12-26T04:00:00+00:00,Casey,60.3882,44.8166,27.6292
2010-12-26T05:00:00+00:00,Casey,24.7586,15.8771,60.3882
2010-12-26T06:00:00+00:00,Casey,32.2734,27.1009,24.7586
2010-12-26T07:00:00+00:00,Casey,51.8359,40.0547,32.2734
2010-12-26T08:00:00+00:00,Casey,36.3985,35.8316,51.8359
2010-12-26T09:00:00+00:00,Casey,38.7489,31.5120,36.3985
2010-12-26T10:00:00+00:00,Casey,1.2746,1.1418,38.7489
2010-12-26T11:00:00+00:00,Casey,4.6478,9.7684,1.2746
2010-12-26T12:00:00+00:00,Casey,45.8578,37.8010,4.6478
2010-12-26T13:00:00+00:00,Casey,3.4311,4.8304,45.8578
2010-12-26T14:00:00+00:00,Casey,10.3586,5.8442,3.4311
2010-12-26T15:00:00+00:00,Casey,3.7207,0.0000,10.3586
2010-12-26T16:00:00+00:00,Casey,57.0247,45.9454,3.7207
2010-12-26T17:00:00+00:00,Casey,14.2235,10.4418,57.0247
2010-12-26T18:00:00+00:00,Casey,7.7182,5.5496,14.2235
2010-12-26T19:00:00+00:00,Casey,11.4414,7.4298,7.7182
2010-12-26T20:00:00+00:00,Casey,41.9970,23.7138,11.4414
2010-12-26T21:00:00+00:00,Casey,14.0784,6.6904,41.9970
2010-12-26T22:00:00+00:00,Casey,9.7062,4.1900,14.0784
2010-12-26T23:00:00+00:00,Casey,38.4714,32.6918,9.7062
2010-12-27T00:00:00+00:00,Casey,43.9035,25.3246,38.4714
2010-12-27T01:00:00+00:00,Casey,28.6471,17.5026,43.9035
2010-12-27T02:00:00+00:00,Casey,32.0070,27.8978,28.6471
2010-12-27T03:00:00+00:00,Casey,23.0389,12.0633,32.0070
2010-12-27T04:00:00+00:00,Casey,65.5243,37.9034,23.0389
2010-12-27T05:00:00+00:00,Casey,31.2350,28.0687,65.5243
2010-12-27T06:00:00+00:00,Casey,26.4259,18.8249,31.2350
2010-12-27T07:00:00+00:00,Casey,31.9630,27.8349,26.4259
2010-12-27T08:00:00+00:00,Casey,56.4069,43.3381,31.9630
2010-12-27T09:00:00+00:00,Casey,8.2997,7.4086,56.4069
2010-12-27T10:00:00+00:00,Casey,4.5329,2.0314,8.2997
2010-12-27T11:00:00+00:00,Casey,28.1348,29.7171,4.5329
2010-12-27T12:00:00+00:00,Casey,47.3234,51.0082,28.1348
2010-12-27T13:00:00+00:00,Casey,7.7201,6.2244,47.3234
2010-12-27T14:00:00+00:00,Casey,4.3935,3.2057,7.7201
2010-12-27T15:00:00+00:00,Casey,2.6563,0.0000,4.3935
2010-12-27T16:00:00+00:00,Casey,41.9295,32.2544,2.6563
2010-12-27T17:00:00+00:00,Casey,26.8211,20.4663,41.9295
2010-12-27T18:00:00+00:00,Casey,14.6282,10.7765,26.8211
2010-12-27T19:00:00+00:00,Casey,17.8850,12.7416,14.6282
2010-12-27T20:00:00+00:00,Casey,21.0582,11.5416,17.8850
2010-12-27T21:00:00+00:00,Casey,25.8605,21.2622,21.0582
2010-12-27T22:00:00+00:00,Casey,50.4309,39.4720,25.8605
2010-12-27T23:00:00+00:00,Casey,47.0159,44.0850,50.4309
2010-12-28T00:00:00+00:00,Casey,64.3038,42.2411,47.0159
2010-12-28T01:00:00+00:00,Casey,28.8595,21.6567,64.3038
2010-12-28T02:00:00+00:00,Casey,51.9483,39.3482,28.8595
2010-12-28T03:00:00+00:00,Casey,58.2813,40.9798,51.9483
2010-12-28T04:00:00+00:00,Casey,63.2976,41.9807,58.2813
2010-12-28T05:00:00+00:00,Casey,41.5638,30.8481,63.2976
2010-12-28T06:00:00+00:00,Casey,29.4633,26.8302,41.5638
2010-12-28T07:00:00+00:00,Casey,48.3740,38.6833,29.4633
2010-12-28T08:00:00+00:00,Casey,51.3107,40.3305,48.3740
2010-12-28T09:00:00+00:00,Casey,36.9195,40.8473,51.3107
2010-12-28T10:00:00+00:00,Casey,9.0227,9.8683,36.9195
2010-12-28T11:00:00+00:00,Casey,15.8193,16.5579,9.0227
2010-12-28T12:00:00+00:00,Casey,50.0914,44.0951,15.8193
2010-12-28T13:00:00+00:00,Casey,6.3481,5.7996,50.0914
2010-12-28T14:00:00+00:00,Casey,12.0385,10.5782,6.3481
2010-12-28T15:00:00+00:00,Casey,4.0895,0.2582,12.0385
2010-12-28T16:00:00+00:00,Casey,31.5430,24.7708,4.0895
2010-12-28T17:00:00+00:00,Casey,8.0348,5.6123,31.5430
2010-12-28T18:00:00+00:00,Casey,6.5810,2.9492,8.0348
2010-12-28T19:00:00+00:00,Casey,4.1282,2.7697,6.5810
2010-12-28T20:00:00+00:00,Casey,56.7760,34.6606,4.1282
2010-12-28T21:00:00+00:00,Casey,39.5642,36.7782,56.7760
2010-12-28T22:00:00+00:00,Casey,54.6088,46.4075,39.5642
2010-12-28T23:00:00+00:00,Casey,19.9996,12.8730,54.6088
2010-12-29T00:00:00+00:00,Casey,90.1714,70.6427,19.9996
2010-12-29T01:00:00+00:00,Casey,25.8538,17.0032,90.1714
2010-12-29T02:00:00+00:00,Casey,37.7835,26.1869,25.8538
2010-12-29T03:00:00+00:00,Casey,63.2650,50.0756,37.7835
2010-12-29T04:00:00+00:00,Casey,43.7291,28.3239,63.2650
2010-12-29T05:00:00+00:00,Casey,26.1537,22.3040,43.7291
2010-12-29T06:00:00+00:00,Casey,17.8474,9.2460,26.1537
2010-12-29T07:00:00+00:00,Casey,28.1927,25.9667,17.8474
2010-12-29T08:00:00+00:00,Casey,39.3210,32.9538,28.1927
2010-12-29T09:00:00+00:00,Casey,19.4424,15.8278,39.3210
2010-12-29T10:00:00+00:00,Casey,17.1537,17.3640,19.4424
2010-12-29T11:00:00+00:00,Casey,14.8049,17.9075,17.1537
2010-12-29T12:00:00+00:00,Casey,24.3515,21.2833,14.8049
2010-12-29T13:00:00+00:00,Casey,3.8248,3.2231,24.3515
2010-12-29T14:00:00+00:00,Casey,3.7338,1.0040,3.8248
2010-12-29T15:00:00+00:00,Casey,8.7558,6.4616,3.7338
2010-12-29T16:00:00+00:00,Casey,21.2265,13.7068,8.7558
2010-12-29T17:00:00+00:00,Casey,9.3232,6.2917,21.2265
2010-12-29T18:00:00+00:00,Casey,12.0025,8.6237,9.3232
2010-12-29T19:00:00+00:00,Casey,27.5587,20.1795,12.0025
2010-12-29T20:00:00+00:00,Casey,50.8150,33.1842,27.5587
2010-12-29T21:00:00+00:00,Casey,22.6685,15.6900,50.8150
2010-12-29T22:00:00+00:00,Casey,21.6745,14.1713,22.6685
2010-12-29T23:00:00+00:00,Casey,31.5814,23.4569,21.6745
2010-12-30T00:00:00+00:00,Casey,33.6760,21.4750,31.5814
2010-12-30T01:00:00+00:00,Casey,88.1432,66.4713,33.6760
2010-12-30T02:00:00+00:00,Casey,39.5872,29.2868,88.1432
2010-12-30T03:00:00+00:00,Casey,34.6472,22.9369,39.5872
2010-12-30T04:00:00+00:00,Casey,83.6192,61.4773,34.6472
2010-12-30T05:00:00+00:00,Casey,19.0951,14.6137,83.6192
2010-12-30T06:00:00+00:00,Casey,40.5313,33.8814,19.0951
2010-12-30T07:00:00+00:00,Casey,23.9283,20.3714,40.5313
2010-12-30T08:00:00+00:00,Casey,41.1701,29.9024,23.9283
2010-12-30T09:00:00+00:00,Casey,15.5370,9.3849,41.1701
2010-12-30T10:00:00+00:00,Casey,16.9796,17.1569,15.5370
2010-12-30T11:00:00+00:00,Casey,22.3961,28.2742,16.9796
2010-12-30T12:00:00+00:00,Casey,42.3165,43.5079,22.3961
2010-12-30T13:00:00+00:00,Casey,21.9642,18.1980,42.3165
2010-12-30T14:00:00+00:00,Casey,5.7240,2.5457,21.9642
2010-12-30T15:00:00+00:00,Casey,5.7322,2.5045,5.7240
2010-12-30T16:00:00+00:00,Casey,44.2841,37.6247,5.7322
2010-12-30T17:00:00+00:00,Casey,10.0007,6.1666,44.2841
2010-12-30T18:00:00+00:00,Casey,21.6124,15.6054,10.0007
2010-12-30T19:00:00+00:00,Casey,2.0737,1.8455,21.6124
2010-12-30T20:00:00+00:00,Casey,33.4390,19.4002,2.0737
2010-12-30T21:00:00+00:00,Casey,16.5780,10.5683,33.4390
2010-12-30T22:00:00+00:00,Casey,50.5312,38.3078,16.5780
2010-12-30T23:00:00+00:00,Casey,21.2953,13.5470,50.5312
2010-12-31T00:00:00+00:00,Casey,60.6970,40.7453,21.2953
2010-12-31T01:00:00+00:00,Casey,38.2402,29.6545,60.6970
2010-12-31T02:00:00+00:00,Casey,72.5826,81.6387,38.2402
2010-12-31T03:00:00+00:00,Casey,72.3429,83.8007,72.5826
2010-12-31T04:00:00+00:00,Casey,99.7818,102.0699,72.3429
2010-12-31T05:00:00+00:00,Casey,50.6992,44.8062,99.7818
2010-12-31T06:00:00+00:00,Casey,24.0159,19.5711,50.6992
2010-12-31T07:00:00+00:00,Casey,22.2758,19.4173,24.0159
2010-12-31T08:00:00+00:00,Casey,54.9789,46.9689,22.2758
2010-12-31T09:00:00+00:00,Casey,10.9236,11.2819,54.9789
2010-12-31T10:00:00+00:00,Casey,17.6520,19.5292,10.9236
2010-12-31T11:00:00+00:00,Casey,6.6709,5.4882,17.6520
2010-12-31T12:00:00+00:00,Casey,28.9838,31.5668,6.6709
2010-12-31T13:00:00+00:00,Casey,10.3718,15.4050,28.9838
2010-12-31T14:00:00+00:00,Casey,4.4825,3.3667,10.3718
2010-12-31T15:00:00+00:00,Casey,8.2532,4.1921,4.4825
2010-12-31T16:00:00+00:00,Casey,26.2954,21.5984,8.2532
2010-12-31T17:00:00+00:00,Casey,2.3959,3.6598,26.2954
2010-12-31T18:00:00+00:00,Casey,20.2367,16.2347,2.3959
2010-12-31T19:00:00+00:00,Casey,5.2927,3.5317,20.2367
2010-12-31T20:00:00+00:00,Casey,27.8300,14.4324,5.2927
2010-12-31T21:00:00+00:00,Casey,9.0936,2.5984,27.8300
2010-12-31T22:00:00+00:00,Casey,14.0700,8.4870,9.0936
2010-12-31T23:00:00+00:00,Casey,24.6164,14.6114,14.0700
2010-10-20T00:00:00+00:00,Davis,18.0085,16.0177,13.2407
2010-10-20T01:00:00+00:00,Davis,24.6608,31.4521,18.0085
2010-10-20T02:00:00+00:00,Davis,22.0042,17.3912,24.6608
2010-10-20T03:00:00+00:00,Davis,57.5401,58.4330,22.0042
2010-10-20T04:00:00+00:00,Davis,11.7539,13.8526,57.5401
2010-10-20T05:00:00+00:00,Davis,13.9851,17.6773,11.7539
2010-10-20T06:00:00+00:00,Davis,35.6397,38.7929,13.9851
2010-10-20T07:00:00+00:00,Davis,76.9826,81.8165,35.6397
2010-10-20T08:00:00+00:00,Davis,80.6039,84.1398,76.9826
2010-10-20T09:00:00+00:00,Davis,91.3785,94.9243,80.6039
2010-10-20T10:00:00+00:00,Davis,118.8733,116.2709,91.3785
2010-10-20T11:00:00+00:00,Davis,108.9673,107.6207,118.8733
2010-10-20T12:00:00+00:00,Davis,113.6162,122.3683,108.9673
2010-10-20T13:00:00+00:00,Davis,121.8642,112.8279,113.6162
2010-10-20T14:00:00+00:00,Davis,100.2754,98.0587,121.8642
2010-10-20T15:00:00+00:00,Davis,96.0029,92.3207,100.2754
2010-10-20T16:00:00+00:00,Davis,69.9371,71.5583,96.0029
2010-10-20T17:00:00+00:00,Davis,57.1711,51.8114,69.9371
2010-10-20T18:00:00+00:00,Davis,15.1878,16.9967,57.1711
2010-10-20T19:00:00+00:00,Davis,8.4995,10.8321,15.1878
2010-10-20T20:00:00+00:00,Davis,18.2350,17.7536,8.4995
2010-10-20T21:00:00+00:00,Davis,7.9841,16.6093,18.2350
2010-10-20T22:00:00+00:00,Davis,16.2538,15.7023,7.9841
2010-10-20T23:00:00+00:00,Davis,10.4676,13.1294,16.2538
2010-10-21T00:00:00+00:00,Davis,33.0413,28.6265,10.4676
2010-10-21T01:00:00+00:00,Davis,24.6010,21.0409,33.0413
2010-10-21T02:00:00+00:00,Davis,31.0091,25.2732,24.6010
2010-10-21T03:00:00+00:00,Davis,39.5978,41.7162,31.0091
2010-10-21T04:00:00+00:00,Davis,27.0540,32.2227,39.5978
2010-10-21T05:00:00+00:00,Davis,25.3846,27.7999,27.0540
2010-10-21T06:00:00+00:00,Davis,20.2716,21.8148,25.3846
2010-10-21T07:00:00+00:00,Davis,60.1773,67.0710,20.2716
2010-10-21T08:00:00+00:00,Davis,88.3630,96.6080,60.1773
2010-10-21T09:00:00+00:00,Davis,93.4062,93.9392,88.3630
2010-10-21T10:00:00+00:00,Davis,109.7978,110.7909,93.4062
2010-10-21T11:00:00+00:00,Davis,114.8984,116.3526,109.7978
2010-10-21T12:00:00+00:00,Davis,114.0880,119.9142,114.8984
2010-10-21T13:00:00+00:00,Davis,118.2158,120.4052,114.0880
2010-10-21T14:00:00+00:00,Davis,110.5381,105.1844,118.2158
2010-10-21T15:00:00+00:00,Davis,86.6654,90.4130,110.5381
2010-10-21T16:00:00+00:00,Davis,53.5229,57.5602,86.6654
2010-10-21T17:00:00+00:00,Davis,46.0046,49.3170,53.5229
2010-10-21T18:00:00+00:00,Davis,33.4471,34.3477,46.0046
2010-10-21T19:00:00+00:00,Davis,11.6678,10.8408,33.4471
2010-10-21T20:00:00+00:00,Davis,10.2755,10.6424,11.6678
2010-10-21T21:00:00+00:00,Davis,22.6217,24.5282,10.2755
2010-10-21T22:00:00+00:00,Davis,27.0546,25.6047,22.6217
2010-10-21T23:00:00+00:00,Davis,47.8724,45.0147,27.0546
2010-10-22T00:00:00+00:00,Davis,43.1343,50.2940,47.8724
2010-10-22T01:00:00+00:00,Davis,37.8977,43.5750,43.1343
2010-10-22T02:00:00+00:00,Davis,25.7635,29.4330,37.8977
2010-10-22T03:00:00+00:00,Davis,45.9153,46.2300,25.7635
2010-10-22T04:00:00+00:00,Davis,33.3931,37.7884,45.9153
2010-10-22T05:00:00+00:00,Davis,36.8723,41.9651,33.3931
2010-10-22T06:00:00+00:00,Davis,26.6912,31.4937,36.8723
2010-10-22T07:00:00+00:00,Davis,57.5374,61.6591,26.6912
2010-10-22T08:00:00+00:00,Davis,84.5162,92.4363,57.5374
2010-10-22T09:00:00+00:00,Davis,105.4804,106.6125,84.5162
2010-10-22T10:00:00+00:00,Davis,115.1028,121.8487,105.4804
2010-10-22T11:00:00+00:00,Davis,118.9911,118.4140,115.1028
2010-10-22T12:00:00+00:00,Davis,121.3884,123.9838,118.9911
2010-10-22T13:00:00+00:00,Davis,102.6213,107.5262,121.3884
2010-10-22T14:00:00+00:00,Davis,97.9121,101.3709,102.6213
2010-10-22T15:00:00+00:00,Davis,95.9333,99.2361,97.9121
2010-10-22T16:00:00+00:00,Davis,80.1168,78.0966,95.9333
2010-10-22T17:00:00+00:00,Davis,30.4365,33.3141,80.1168
2010-10-22T18:00:00+00:00,Davis,23.3489,21.9752,30.4365
2010-10-22T19:00:00+00:00,Davis,6.5664,7.8107,23.3489
2010-10-22T20:00:00+00:00,Davis,16.6286,15.7378,6.5664
2010-10-22T21:00:00+00:00,Davis,7.5195,7.5799,16.6286
2010-10-22T22:00:00+00:00,Davis,18.0211,17.5685,7.5195
2010-10-22T23:00:00+00:00,Davis,10.1476,9.8098,18.0211
2010-10-23T00:00:00+00:00,Davis,20.4840,26.8939,10.1476
2010-10-23T01:00:00+00:00,Davis,16.9297,15.3642,20.4840
2010-10-23T02:00:00+00:00,Davis,29.8659,30.8230,16.9297
2010-10-23T03:00:00+00:00,Davis,38.3038,38.9656,29.8659
2010-10-23T04:00:00+00:00,Davis,24.0252,30.3154,38.3038
2010-10-23T05:00:00+00:00,Davis,26.3594,32.2823,24.0252
2010-10-23T06:00:00+00:00,Davis,37.0280,35.1560,26.3594
2010-10-23T07:00:00+00:00,Davis,69.0394,70.9243,37.0280
2010-10-23T08:00:00+00:00,Davis,76.5877,81.7700,69.0394
2010-10-23T09:00:00+00:00,Davis,89.8016,98.2888,76.5877
2010-10-23T10:00:00+00:00,Davis,96.5897,108.7866,89.8016
2010-10-23T11:00:00+00:00,Davis,112.8472,117.6495,96.5897
2010-10-23T12:00:00+00:00,Davis,132.5248,133.6385,112.8472
2010-10-23T13:00:00+00:00,Davis,119.2780,114.3500,132.5248
2010-10-23T14:00:00+00:00,Davis,115.4159,111.2530,119.2780
2010-10-23T15:00:00+00:00,Davis,79.0858,81.7553,115.4159
2010-10-23T16:00:00+00:00,Davis,62.6203,70.5636,79.0858
2010-10-23T17:00:00+00:00,Davis,44.2226,46.5687,62.6203
2010-10-23T18:00:00+00:00,Davis,34.0636,30.8985,44.2226
2010-10-23T19:00:00+00:00,Davis,25.8356,24.5275,34.0636
2010-10-23T20:00:00+00:00,Davis,9.2367,11.9963,25.8356
2010-10-23T21:00:00+00:00,Davis,12.3500,14.4220,9.2367
2010-10-23T22:00:00+00:00,Davis,33.5718,31.9138,12.3500
2010-10-23T23:00:00+00:00,Davis,41.4049,41.3582,33.5718
2010-10-24T00:00:00+00:00,Davis,10.2601,10.6337,41.4049
2010-10-24T01:00:00+00:00,Davis,20.5877,18.9481,10.2601
2010-10-24T02:00:00+00:00,Davis,46.2795,39.4804,20.5877
2010-10-24T03:00:00+00:00,Davis,18.7309,20.4211,46.2795
2010-10-24T04:00:00+00:00,Davis,29.0831,29.2479,18.7309
2010-10-24T05:00:00+00:00,Davis,19.8735,24.4389,29.0831
2010-10-24T06:00:00+00:00,Davis,26.7903,32.6515,19.8735
2010-10-24T07:00:00+00:00,Davis,77.7424,74.2439,26.7903
2010-10-24T08:00:00+00:00,Davis,72.6673,80.3042,77.7424
2010-10-24T09:00:00+00:00,Davis,95.4011,100.1212,72.6673
2010-10-24T10:00:00+00:00,Davis,102.8476,106.7698,95.4011
2010-10-24T11:00:00+00:00,Davis,119.1753,120.2024,102.8476
2010-10-24T12:00:00+00:00,Davis,116.4770,122.3902,119.1753
2010-10-24T13:00:00+00:00,Davis,109.6089,110.8712,116.4770
2010-10-24T14:00:00+00:00,Davis,101.8943,103.0460,109.6089
2010-10-24T15:00:00+00:00,Davis,82.5112,86.7621,101.8943
2010-10-24T16:00:00+00:00,Davis,65.8734,76.9374,82.5112
2010-10-24T17:00:00+00:00,Davis,62.2681,66.3278,65.8734
2010-10-24T18:00:00+00:00,Davis,11.6986,14.8468,62.2681
2010-10-24T19:00:00+00:00,Davis,7.6804,8.4731,11.6986
2010-10-24T20:00:00+00:00,Davis,8.4483,8.3786,7.6804
2010-10-24T21:00:00+00:00,Davis,17.3774,16.9913,8.4483
2010-10-24T22:00:00+00:00,Davis,13.2804,12.2230,17.3774
2010-10-24T23:00:00+00:00,Davis,12.8504,11.9376,13.2804
2010-10-25T00:00:00+00:00,Davis,10.9373,8.8275,12.8504
2010-10-25T01:00:00+00:00,Davis,52.1946,55.6673,10.9373
2010-10-25T02:00:00+00:00,Davis,26.3364,28.4804,52.1946
2010-10-25T03:00:00+00:00,Davis,11.4108,11.2479,26.3364
2010-10-25T04:00:00+00:00,Davis,46.4424,50.5983,11.4108
2010-10-25T05:00:00+00:00,Davis,29.3644,26.2741,46.4424
2010-10-25T06:00:00+00:00,Davis,38.1662,34.1426,29.3644
2010-10-25T07:00:00+00:00,Davis,51.6074,57.9923,38.1662
2010-10-25T08:00:00+00:00,Davis,76.8970,80.9484,51.6074
2010-10-25T09:00:00+00:00,Davis,103.3925,101.9467,76.8970
2010-10-25T10:00:00+00:00,Davis,102.0474,105.0581,103.3925
2010-10-25T11:00:00+00:00,Davis,126.3630,132.0273,102.0474
2010-10-25T12:00:00+00:00,Davis,115.7515,118.9284,126.3630
2010-10-25T13:00:00+00:00,Davis,118.2640,120.3994,115.7515
2010-10-25T14:00:00+00:00,Davis,108.1325,107.6413,118.2640
2010-10-25T15:00:00+00:00,Davis,92.4096,88.3618,108.1325
2010-10-25T16:00:00+00:00,Davis,68.5866,71.3529,92.4096
2010-10-25T17:00:00+00:00,Davis,46.0050,45.3914,68.5866
2010-10-25T18:00:00+00:00,Davis,46.1391,44.1109,46.0050
2010-10-25T19:00:00+00:00,Davis,25.3057,26.9159,46.1391
2010-10-25T20:00:00+00:00,Davis,13.8039,13.0184,25.3057
2010-10-25T21:00:00+00:00,Davis,25.3825,24.5393,13.8039
2010-10-25T22:00:00+00:00,Davis,22.2313,20.8164,25.3825
2010-10-25T23:00:00+00:00,Davis,16.3584,15.6363,22.2313
2010-10-26T00:00:00+00:00,Davis,25.7128,23.7187,16.3584
2010-10-26T01:00:00+00:00,Davis,12.8617,17.7147,25.7128
2010-10-26T02:00:00+00:00,Davis,38.4266,40.6195,12.8617
2010-10-26T03:00:00+00:00,Davis,29.9691,24.1070,38.4266
2010-10-26T04:00:00+00:00,Davis,45.5922,50.5320,29.9691
2010-10-26T05:00:00+00:00,Davis,72.8394,95.3097,45.5922
2010-10-26T06:00:00+00:00,Davis,53.9309,53.8394,72.8394
2010-10-26T07:00:00+00:00,Davis,57.9035,58.9420,53.9309
2010-10-26T08:00:00+00:00,Davis,83.1925,84.2188,57.9035
2010-10-26T09:00:00+00:00,Davis,84.2512,91.3503,83.1925
2010-10-26T10:00:00+00:00,Davis,110.0941,113.5244,84.2512
2010-10-26T11:00:00+00:00,Davis,129.0394,138.1308,110.0941
2010-10-26T12:00:00+00:00,Davis,112.5242,118.3556,129.0394
2010-10-26T13:00:00+00:00,Davis,125.5709,109.5950,112.5242
2010-10-26T14:00:00+00:00,Davis,104.0694,116.9512,125.5709
2010-10-26T15:00:00+00:00,Davis,81.6133,76.0246,104.0694
2010-10-26T16:00:00+00:00,Davis,78.1280,78.6342,81.6133
2010-10-26T17:00:00+00:00,Davis,45.4359,40.4286,78.1280
2010-10-26T18:00:00+00:00,Davis,13.5425,27.4247,45.4359
2010-10-26T19:00:00+00:00,Davis,4.3716,5.7295,13.5425
2010-10-26T20:00:00+00:00,Davis,10.2866,9.8060,4.3716
2010-10-26T21:00:00+00:00,Davis,14.0350,12.8254,10.2866
2010-10-26T22:00:00+00:00,Davis,11.3761,9.9007,14.0350
2010-10-26T23:00:00+00:00,Davis,28.3789,26.1002,11.3761
2010-10-27T00:00:00+00:00,Davis,43.4359,51.2718,28.3789
2010-10-27T01:00:00+00:00,Davis,26.1114,21.4147,43.4359
2010-10-27T02:00:00+00:00,Davis,24.5077,27.3194,26.1114
2010-10-27T03:00:00+00:00,Davis,43.8207,45.7759,24.5077
2010-10-27T04:00:00+00:00,Davis,7.8385,11.9028,43.8207
2010-10-27T05:00:00+00:00,Davis,19.5398,23.7757,7.8385
2010-10-27T06:00:00+00:00,Davis,18.3244,21.6395,19.5398
2010-10-27T07:00:00+00:00,Davis,54.3169,55.1274,18.3244
2010-10-27T08:00:00+00:00,Davis,103.4849,112.3895,54.3169
2010-10-27T09:00:00+00:00,Davis,102.7574,110.3785,103.4849
2010-10-27T10:00:00+00:00,Davis,109.1939,107.2120,102.7574
2010-10-27T11:00:00+00:00,Davis,123.6152,127.8273,109.1939
2010-10-27T12:00:00+00:00,Davis,124.9462,131.7188,123.6152
2010-10-27T13:00:00+00:00,Davis,117.6751,108.0280,124.9462
2010-10-27T14:00:00+00:00,Davis,92.0244,103.2259,117.6751
2010-10-27T15:00:00+00:00,Davis,84.9730,84.6132,92.0244
2010-10-27T16:00:00+00:00,Davis,63.3676,71.3939,84.9730
2010-10-27T17:00:00+00:00,Davis,36.5295,39.0115,63.3676
2010-10-27T18:00:00+00:00,Davis,33.7696,34.6477,36.5295
2010-10-27T19:00:00+00:00,Davis,17.4220,17.6057,33.7696
2010-10-27T20:00:00+00:00,Davis,19.5422,17.7622,17.4220
2010-10-27T21:00:00+00:00,Davis,20.8050,21.1964,19.5422
2010-10-27T22:00:00+00:00,Davis,26.7200,24.2777,20.8050
2010-10-27T23:00:00+00:00,Davis,15.0871,18.3705,26.7200
2010-10-28T00:00:00+00:00,Davis,56.1427,49.0772,15.0871
2010-10-28T01:00:00+00:00,Davis,38.1171,35.9214,56.1427
2010-10-28T02:00:00+00:00,Davis,18.1893,19.5872,38.1171
2010-10-28T03:00:00+00:00,Davis,12.7785,8.8305,18.1893
2010-10-28T04:00:00+00:00,Davis,33.3007,28.9751,12.7785
2010-10-28T05:00:00+00:00,Davis,47.1416,38.6014,33.3007
2010-10-28T06:00:00+00:00,Davis,28.2131,27.3162,47.1416
2010-10-28T07:00:00+00:00,Davis,51.9881,54.6111,28.2131
2010-10-28T08:00:00+00:00,Davis,85.0664,88.6728,51.9881
2010-10-28T09:00:00+00:00,Davis,104.0554,99.8369,85.0664
2010-10-28T10:00:00+00:00,Davis,116.9309,123.9167,104.0554
2010-10-28T11:00:00+00:00,Davis,125.6396,131.5619,116.9309
2010-10-28T12:00:00+00:00,Davis,135.8880,118.6709,125.6396
2010-10-28T13:00:00+00:00,Davis,118.1665,123.4415,135.8880
2010-10-28T14:00:00+00:00,Davis,105.4258,107.7744,118.1665
2010-10-28T15:00:00+00:00,Davis,96.9599,92.8450,105.4258
2010-10-28T16:00:00+00:00,Davis,58.9233,63.9249,96.9599
2010-10-28T17:00:00+00:00,Davis,35.3576,33.0819,58.9233
2010-10-28T18:00:00+00:00,Davis,16.1942,16.4641,35.3576
2010-10-28T19:00:00+00:00,Davis,10.2701,22.1755,16.1942
2010-10-28T20:00:00+00:00,Davis,19.8259,18.3605,10.2701
2010-10-28T21:00:00+00:00,Davis,10.8031,10.2807,19.8259
2010-10-28T22:00:00+00:00,Davis,13.0980,13.6515,10.8031
2010-10-28T23:00:00+00:00,Davis,24.3267,23.4274,13.0980
2010-10-29T00:00:00+00:00,Davis,29.0281,29.6615,24.3267
2010-10-29T01:00:00+00:00,Davis,33.0043,39.1578,29.0281
2010-10-29T02:00:00+00:00,Davis,20.3005,15.7219,33.0043
2010-10-29T03:00:00+00:00,Davis,53.7670,45.4843,20.3005
2010-10-29T04:00:00+00:00,Davis,54.4148,59.1573,53.7670
2010-10-29T05:00:00+00:00,Davis,35.0302,36.6083,54.4148
2010-10-29T06:00:00+00:00,Davis,61.5653,60.3481,35.0302
2010-10-29T07:00:00+00:00,Davis,55.3479,60.8066,61.5653
2010-10-29T08:00:00+00:00,Davis,73.6338,81.4100,55.3479
2010-10-29T09:00:00+00:00,Davis,97.3557,104.6975,73.6338
2010-10-29T10:00:00+00:00,Davis,126.6594,112.5468,97.3557
2010-10-29T11:00:00+00:00,Davis,121.3875,120.9430,126.6594
2010-10-29T12:00:00+00:00,Davis,124.8820,120.0308,121.3875
2010-10-29T13:00:00+00:00,Davis,109.6547,107.4569,124.8820
2010-10-29T14:00:00+00:00,Davis,128.4734,132.3346,109.6547
2010-10-29T15:00:00+00:00,Davis,84.1349,87.9269,128.4734
2010-10-29T16:00:00+00:00,Davis,78.3055,85.6431,84.1349
2010-10-29T17:00:00+00:00,Davis,40.5992,38.2116,78.3055
2010-10-29T18:00:00+00:00,Davis,4.0641,11.6779,40.5992
2010-10-29T19:00:00+00:00,Davis,0.6622,4.4455,4.0641
2010-10-29T20:00:00+00:00,Davis,14.2342,14.3163,0.6622
2010-10-29T21:00:00+00:00,Davis,20.3702,19.1072,14.2342
2010-10-29T22:00:00+00:00,Davis,14.2606,13.2243,20.3702
2010-10-29T23:00:00+00:00,Davis,16.0440,15.7738,14.2606
2010-10-30T00:00:00+00:00,Davis,23.0411,19.0049,16.0440
2010-10-30T01:00:00+00:00,Davis,67.4373,65.1246,23.0411
2010-10-30T02:00:00+00:00,Davis,37.3059,31.5322,67.4373
2010-10-30T03:00:00+00:00,Davis,9.7607,9.2907,37.3059
2010-10-30T04:00:00+00:00,Davis,33.7996,38.5842,9.7607
2010-10-30T05:00:00+00:00,Davis,35.6870,40.1574,33.7996
2010-10-30T06:00:00+00:00,Davis,39.8787,42.0618,35.6870
2010-10-30T07:00:00+00:00,Davis,83.5183,85.7446,39.8787
2010-10-30T08:00:00+00:00,Davis,84.2495,87.6733,83.5183
2010-10-30T09:00:00+00:00,Davis,102.7796,110.4508,84.2495
2010-10-30T10:00:00+00:00,Davis,112.9109,119.0243,102.7796
2010-10-30T11:00:00+00:00,Davis,129.4737,135.5840,112.9109
2010-10-30T12:00:00+00:00,Davis,117.1246,120.6682,129.4737
2010-10-30T13:00:00+00:00,Davis,118.9864,108.9618,117.1246
2010-10-30T14:00:00+00:00,Davis,101.9856,104.1720,118.9864
2010-10-30T15:00:00+00:00,Davis,75.3829,88.0672,101.9856
2010-10-30T16:00:00+00:00,Davis,71.3447,75.2809,75.3829
2010-10-30T17:00:00+00:00,Davis,45.2390,42.8348,71.3447
2010-10-30T18:00:00+00:00,Davis,22.1497,19.9206,45.2390
2010-10-30T19:00:00+00:00,Davis,18.5490,19.2207,22.1497
2010-10-30T20:00:00+00:00,Davis,11.7333,10.1408,18.5490
2010-10-30T21:00:00+00:00,Davis,17.4857,16.2639,11.7333
2010-10-30T22:00:00+00:00,Davis,17.6652,16.6361,17.4857
2010-10-30T23:00:00+00:00,Davis,36.7693,34.7308,17.6652
2010-10-31T00:00:00+00:00,Davis,30.0270,26.4413,36.7693
2010-10-31T01:00:00+00:00,Davis,30.0920,25.7662,30.0270
2010-10-31T02:00:00+00:00,Davis,69.6245,62.2253,30.0920
2010-10-31T03:00:00+00:00,Davis,16.3409,17.4583,69.6245
2010-10-31T04:00:00+00:00,Davis,39.6527,31.8499,16.3409
2010-10-31T05:00:00+00:00,Davis,25.0890,30.3102,39.6527
2010-10-31T06:00:00+00:00,Davis,35.6188,33.9573,25.0890
2010-10-31T07:00:00+00:00,Davis,84.5563,85.0646,35.6188
2010-10-31T08:00:00+00:00,Davis,99.1851,115.6907,84.5563
2010-10-31T09:00:00+00:00,Davis,107.7572,117.2601,99.1851
2010-10-31T10:00:00+00:00,Davis,105.8308,114.0996,107.7572
2010-10-31T11:00:00+00:00,Davis,120.9753,121.4849,105.8308
2010-10-31T12:00:00+00:00,Davis,127.6583,129.7347,120.9753
2010-10-31T13:00:00+00:00,Davis,115.8800,115.3758,127.6583
2010-10-31T14:00:00+00:00,Davis,106.2857,100.3042,115.8800
2010-10-31T15:00:00+00:00,Davis,112.6092,101.5196,106.2857
2010-10-31T16:00:00+00:00,Davis,61.7953,57.9199,112.6092
2010-10-31T17:00:00+00:00,Davis,43.7797,44.8358,61.7953
2010-10-31T18:00:00+00:00,Davis,11.1442,12.6671,43.7797
2010-10-31T19:00:00+00:00,Davis,3.1500,7.4486,11.1442
2010-10-31T20:00:00+00:00,Davis,5.6396,6.3396,3.1500
2010-10-31T21:00:00+00:00,Davis,8.7525,10.1741,5.6396
2010-10-31T22:00:00+00:00,Davis,4.2700,5.3883,8.7525
2010-10-31T23:00:00+00:00,Davis,18.7161,17.0985,4.2700
2010-11-01T00:00:00+00:00,Davis,27.1623,26.3525,18.7161
2010-11-01T01:00:00+00:00,Davis,51.7881,49.7244,27.1623
2010-11-01T02:00:00+00:00,Davis,29.6346,23.4892,51.7881
2010-11-01T03:00:00+00:00,Davis,43.1793,41.6766,29.6346
2010-11-01T04:00:00+00:00,Davis,10.6767,7.2093,43.1793
2010-11-01T05:00:00+00:00,Davis,38.8555,36.5874,10.6767
2010-11-01T06:00:00+00:00,Davis,25.2162,19.9506,38.8555
2010-11-01T07:00:00+00:00,Davis,17.3445,15.5449,25.2162
2010-11-01T08:00:00+00:00,Davis,2.6371,9.9603,17.3445
2010-11-01T09:00:00+00:00,Davis,32.4065,33.1848,2.6371
2010-11-01T10:00:00+00:00,Davis,52.5298,51.6658,32.4065
2010-11-01T11:00:00+00:00,Davis,68.9780,63.5355,52.5298
2010-11-01T12:00:00+00:00,Davis,81.6031,79.0655,68.9780
2010-11-01T13:00:00+00:00,Davis,64.2698,65.4371,81.6031
2010-11-01T14:00:00+00:00,Davis,61.1387,59.0102,64.2698
2010-11-01T15:00:00+00:00,Davis,30.0778,35.7046,61.1387
2010-11-01T16:00:00+00:00,Davis,5.6079,10.5191,30.0778
2010-11-01T17:00:00+00:00,Davis,2.0291,1.9869,5.6079
2010-11-01T18:00:00+00:00,Davis,15.0664,18.9582,2.0291
2010-11-01T19:00:00+00:00,Davis,8.6290,3.7400,15.0664
2010-11-01T20:00:00+00:00,Davis,13.0239,13.1309,8.6290
2010-11-01T21:00:00+00:00,Davis,43.0644,49.6513,13.0239
2010-11-01T22:00:00+00:00,Davis,31.4730,30.2154,43.0644
2010-11-01T23:00:00+00:00,Davis,6.4141,6.1405,31.4730
2010-11-02T00:00:00+00:00,Davis,25.4894,23.3130,6.4141
2010-11-02T01:00:00+00:00,Davis,20.9905,17.7104,25.4894
2010-11-02T02:00:00+00:00,Davis,11.3724,8.9892,20.9905
2010-11-02T03:00:00+00:00,Davis,22.3461,18.1549,11.3724
2010-11-02T04:00:00+00:00,Davis,47.5302,43.1153,22.3461
2010-11-02T05:00:00+00:00,Davis,42.8552,38.2038,47.5302
2010-11-02T06:00:00+00:00,Davis,13.3382,10.5034,42.8552
2010-11-02T07:00:00+00:00,Davis,7.1192,5.8566,13.3382
2010-11-02T08:00:00+00:00,Davis,13.4070,17.9850,7.1192
2010-11-02T09:00:00+00:00,Davis,36.1814,33.4154,13.4070
2010-11-02T10:00:00+00:00,Davis,57.2063,54.5537,36.1814
2010-11-02T11:00:00+00:00,Davis,82.5342,79.1454,57.2063
2010-11-02T12:00:00+00:00,Davis,69.4142,63.8134,82.5342
2010-11-02T13:00:00+00:00,Davis,71.1159,78.9093,69.4142
2010-11-02T14:00:00+00:00,Davis,59.5315,58.8417,71.1159
2010-11-02T15:00:00+00:00,Davis,35.1154,38.6782,59.5315
2010-11-02T16:00:00+00:00,Davis,4.0792,9.2119,35.1154
2010-11-02T17:00:00+00:00,Davis,3.3559,4.8672,4.0792
2010-11-02T18:00:00+00:00,Davis,2.8902,0.2518,3.3559
2010-11-02T19:00:00+00:00,Davis,9.5684,2.3211,2.8902
2010-11-02T20:00:00+00:00,Davis,7.8684,0.7932,9.5684
2010-11-02T21:00:00+00:00,Davis,19.5365,10.8039,7.8684
2010-11-02T22:00:00+00:00,Davis,15.1523,10.1959,19.5365
2010-11-02T23:00:00+00:00,Davis,32.4310,33.4904,15.1523
2010-11-03T00:00:00+00:00,Davis,41.4599,40.2386,32.4310
2010-11-03T01:00:00+00:00,Davis,21.9926,17.6701,41.4599
2010-11-03T02:00:00+00:00,Davis,13.1002,11.1017,21.9926
2010-11-03T03:00:00+00:00,Davis,30.6928,27.6267,13.1002
2010-11-03T04:00:00+00:00,Davis,32.7005,29.4516,30.6928
2010-11-03T05:00:00+00:00,Davis,12.4177,8.0385,32.7005
2010-11-03T06:00:00+00:00,Davis,9.7934,6.9018,12.4177
2010-11-03T07:00:00+00:00,Davis,25.5983,24.0002,9.7934
2010-11-03T08:00:00+00:00,Davis,17.3379,22.9423,25.5983
2010-11-03T09:00:00+00:00,Davis,41.6972,43.7227,17.3379
2010-11-03T10:00:00+00:00,Davis,49.2694,55.9097,41.6972
2010-11-03T11:00:00+00:00,Davis,59.7554,64.0450,49.2694
2010-11-03T12:00:00+00:00,Davis,91.6714,78.5835,59.7554
2010-11-03T13:00:00+00:00,Davis,70.2990,64.6271,91.6714
2010-11-03T14:00:00+00:00,Davis,43.6421,49.9950,70.2990
2010-11-03T15:00:00+00:00,Davis,25.0983,25.8222,43.6421
2010-11-03T16:00:00+00:00,Davis,3.0396,8.8769,25.0983
2010-11-03T17:00:00+00:00,Davis,7.0037,11.6808,3.0396
2010-11-03T18:00:00+00:00,Davis,7.8305,10.8569,7.0037
2010-11-03T19:00:00+00:00,Davis,7.4426,1.4664,7.8305
2010-11-03T20:00:00+00:00,Davis,29.8880,25.2350,7.4426
2010-11-03T21:00:00+00:00,Davis,8.3783,9.9738,29.8880
2010-11-03T22:00:00+00:00,Davis,19.8221,12.6581,8.3783
2010-11-03T23:00:00+00:00,Davis,10.1385,11.4940,19.8221
2010-11-04T00:00:00+00:00,Davis,42.9632,42.0224,10.1385
2010-11-04T01:00:00+00:00,Davis,24.0536,22.3085,42.9632
2010-11-04T02:00:00+00:00,Davis,25.7456,21.7721,24.0536
2010-11-04T03:00:00+00:00,Davis,20.0218,16.2954,25.7456
2010-11-04T04:00:00+00:00,Davis,29.6253,25.0838,20.0218
2010-11-04T05:00:00+00:00,Davis,40.4800,34.0657,29.6253
2010-11-04T06:00:00+00:00,Davis,41.3864,37.5562,40.4800
2010-11-04T07:00:00+00:00,Davis,19.6727,17.0956,41.3864
2010-11-04T08:00:00+00:00,Davis,13.1497,11.8152,19.6727
2010-11-04T09:00:00+00:00,Davis,30.3955,36.6280,13.1497
2010-11-04T10:00:00+00:00,Davis,44.3048,56.9980,30.3955
2010-11-04T11:00:00+00:00,Davis,70.5075,73.2359,44.3048
2010-11-04T12:00:00+00:00,Davis,72.2771,70.8800,70.5075
2010-11-04T13:00:00+00:00,Davis,60.6869,57.5014,72.2771
2010-11-04T14:00:00+00:00,Davis,50.1251,51.9538,60.6869
2010-11-04T15:00:00+00:00,Davis,27.4657,28.5669,50.1251
2010-11-04T16:00:00+00:00,Davis,1.1364,7.5886,27.4657
2010-11-04T17:00:00+00:00,Davis,2.4153,0.6225,1.1364
2010-11-04T18:00:00+00:00,Davis,7.5858,10.2843,2.4153
2010-11-04T19:00:00+00:00,Davis,16.6302,13.3115,7.5858
2010-11-04T20:00:00+00:00,Davis,4.3354,0.0000,16.6302
2010-11-04T21:00:00+00:00,Davis,8.8001,11.2980,4.3354
2010-11-04T22:00:00+00:00,Davis,6.0969,8.0477,8.8001
2010-11-04T23:00:00+00:00,Davis,10.4441,5.7147,6.0969
2010-11-05T00:00:00+00:00,Davis,41.8273,40.5875,10.4441
2010-11-05T01:00:00+00:00,Davis,14.2431,13.3246,41.8273
2010-11-05T02:00:00+00:00,Davis,23.5453,20.0613,14.2431
2010-11-05T03:00:00+00:00,Davis,32.2528,26.8242,23.5453
2010-11-05T04:00:00+00:00,Davis,21.7813,17.3539,32.2528
2010-11-05T05:00:00+00:00,Davis,28.8974,24.7707,21.7813
2010-11-05T06:00:00+00:00,Davis,10.9319,7.3450,28.8974
2010-11-05T07:00:00+00:00,Davis,4.0132,5.0357,10.9319
2010-11-05T08:00:00+00:00,Davis,8.6080,10.4576,4.0132
2010-11-05T09:00:00+00:00,Davis,29.5129,23.6951,8.6080
2010-11-05T10:00:00+00:00,Davis,62.8788,57.4867,29.5129
2010-11-05T11:00:00+00:00,Davis,68.1916,63.1884,62.8788
2010-11-05T12:00:00+00:00,Davis,87.6181,77.0792,68.1916
2010-11-05T13:00:00+00:00,Davis,72.1871,64.8910,87.6181
2010-11-05T14:00:00+00:00,Davis,59.8522,58.8222,72.1871
2010-11-05T15:00:00+00:00,Davis,29.0380,35.3448,59.8522
2010-11-05T16:00:00+00:00,Davis,7.3312,12.8288,29.0380
2010-11-05T17:00:00+00:00,Davis,4.4690,10.1141,7.3312
2010-11-05T18:00:00+00:00,Davis,14.0900,14.4467,4.4690
2010-11-05T19:00:00+00:00,Davis,19.9084,16.8905,14.0900
2010-11-05T20:00:00+00:00,Davis,6.1475,1.5941,19.9084
2010-11-05T21:00:00+00:00,Davis,4.2369,6.2505,6.1475
2010-11-05T22:00:00+00:00,Davis,2.8849,0.0000,4.2369
2010-11-05T23:00:00+00:00,Davis,9.5773,8.9838,2.8849
2010-11-06T00:00:00+00:00,Davis,37.4492,20.9380,9.5773
2010-11-06T01:00:00+00:00,Davis,32.8909,30.0245,37.4492
2010-11-06T02:00:00+00:00,Davis,50.9300,47.8235,32.8909
2010-11-06T03:00:00+00:00,Davis,8.8004,6.8310,50.9300
2010-11-06T04:00:00+00:00,Davis,19.8387,14.9353,8.8004
2010-11-06T05:00:00+00:00,Davis,47.8975,42.2940,19.8387
2010-11-06T06:00:00+00:00,Davis,20.4126,15.8798,47.8975
2010-11-06T07:00:00+00:00,Davis,40.5339,40.6985,20.4126
2010-11-06T08:00:00+00:00,Davis,18.0739,22.0478,40.5339
2010-11-06T09:00:00+00:00,Davis,40.4198,38.6458,18.0739
2010-11-06T10:00:00+00:00,Davis,63.0671,60.8185,40.4198
2010-11-06T11:00:00+00:00,Davis,80.8936,72.3833,63.0671
2010-11-06T12:00:00+00:00,Davis,70.5897,64.7805,80.8936
2010-11-06T13:00:00+00:00,Davis,67.6495,63.2691,70.5897
2010-11-06T14:00:00+00:00,Davis,44.9729,45.8603,67.6495
2010-11-06T15:00:00+00:00,Davis,8.9365,7.6370,44.9729
2010-11-06T16:00:00+00:00,Davis,2.1920,1.7920,8.9365
2010-11-06T17:00:00+00:00,Davis,6.6597,7.4427,2.1920
2010-11-06T18:00:00+00:00,Davis,1.5948,3.1333,6.6597
2010-11-06T19:00:00+00:00,Davis,3.9269,6.7558,1.5948
2010-11-06T20:00:00+00:00,Davis,5.1953,0.3306,3.9269
2010-11-06T21:00:00+00:00,Davis,12.2300,9.9389,5.1953
2010-11-06T22:00:00+00:00,Davis,8.2668,7.6127,12.2300
2010-11-06T23:00:00+00:00,Davis,4.3248,0.0000,8.2668
2010-11-07T00:00:00+00:00,Davis,38.1396,26.4780,4.3248
2010-11-07T01:00:00+00:00,Davis,29.7700,25.1235,38.1396
2010-11-07T02:00:00+00:00,Davis,29.7209,28.2638,29.7700
2010-11-07T03:00:00+00:00,Davis,16.7482,12.5974,29.7209
2010-11-07T04:00:00+00:00,Davis,24.9644,20.4908,16.7482
2010-11-07T05:00:00+00:00,Davis,17.5066,13.4737,24.9644
2010-11-07T06:00:00+00:00,Davis,28.5265,25.5323,17.5066
2010-11-07T07:00:00+00:00,Davis,9.1828,8.1757,28.5265
2010-11-07T08:00:00+00:00,Davis,4.0997,5.4134,9.1828
2010-11-07T09:00:00+00:00,Davis,24.5150,21.2143,4.0997
2010-11-07T10:00:00+00:00,Davis,46.5894,48.6870,24.5150
2010-11-07T11:00:00+00:00,Davis,70.5067,73.2359,46.5894
2010-11-07T12:00:00+00:00,Davis,82.6192,69.1330,70.5067
2010-11-07T13:00:00+00:00,Davis,53.0129,55.5139,82.6192
2010-11-07T14:00:00+00:00,Davis,65.8170,62.3584,53.0129
2010-11-07T15:00:00+00:00,Davis,35.3560,37.9410,65.8170
2010-11-07T16:00:00+00:00,Davis,6.6703,13.2080,35.3560
2010-11-07T17:00:00+00:00,Davis,9.9566,13.5213,6.6703
2010-11-07T18:00:00+00:00,Davis,2.0008,0.0261,9.9566
2010-11-07T19:00:00+00:00,Davis,5.4571,6.3690,2.0008
2010-11-07T20:00:00+00:00,Davis,17.7969,11.3675,5.4571
2010-11-07T21:00:00+00:00,Davis,7.5614,1.8218,17.7969
2010-11-07T22:00:00+00:00,Davis,10.9352,11.9467,7.5614
2010-11-07T23:00:00+00:00,Davis,8.8188,10.0543,10.9352
2010-11-08T00:00:00+00:00,Davis,18.8213,17.4376,8.8188
2010-11-08T01:00:00+00:00,Davis,15.1703,13.6948,18.8213
2010-11-08T02:00:00+00:00,Davis,21.1528,17.4572,15.1703
2010-11-08T03:00:00+00:00,Davis,42.9843,42.2590,21.1528
2010-11-08T04:00:00+00:00,Davis,22.4598,17.4645,42.9843
2010-11-08T05:00:00+00:00,Davis,20.2197,15.5194,22.4598
2010-11-08T06:00:00+00:00,Davis,29.5263,26.6465,20.2197
2010-11-08T07:00:00+00:00,Davis,31.1060,25.5297,29.5263
2010-11-08T08:00:00+00:00,Davis,9.5142,9.4809,31.1060
2010-11-08T09:00:00+00:00,Davis,30.6126,33.6838,9.5142
2010-11-08T10:00:00+00:00,Davis,63.4081,62.0248,30.6126
2010-11-08T11:00:00+00:00,Davis,84.9438,74.6237,63.4081
2010-11-08T12:00:00+00:00,Davis,73.0730,75.2461,84.9438
2010-11-08T13:00:00+00:00,Davis,66.3827,69.0011,73.0730
2010-11-08T14:00:00+00:00,Davis,42.1491,42.6937,66.3827
2010-11-08T15:00:00+00:00,Davis,30.5938,35.4553,42.1491
2010-11-08T16:00:00+00:00,Davis,3.6741,9.1013,30.5938
2010-11-08T17:00:00+00:00,Davis,14.4276,17.9512,3.6741
2010-11-08T18:00:00+00:00,Davis,6.2683,2.8445,14.4276
2010-11-08T19:00:00+00:00,Davis,5.5880,8.0783,6.2683
2010-11-08T20:00:00+00:00,Davis,12.7342,7.4570,5.5880
2010-11-08T21:00:00+00:00,Davis,5.4201,7.5578,12.7342
2010-11-08T22:00:00+00:00,Davis,14.5563,15.0720,5.4201
2010-11-08T23:00:00+00:00,Davis,14.8290,9.5255,14.5563
2010-11-09T00:00:00+00:00,Davis,22.3740,21.6803,14.8290
2010-11-09T01:00:00+00:00,Davis,14.3001,13.0356,22.3740
2010-11-09T02:00:00+00:00,Davis,37.1427,34.0467,14.3001
2010-11-09T03:00:00+00:00,Davis,32.9496,25.0857,37.1427
2010-11-09T04:00:00+00:00,Davis,52.4144,47.3643,32.9496
2010-11-09T05:00:00+00:00,Davis,25.3984,21.2300,52.4144
2010-11-09T06:00:00+00:00,Davis,28.3129,25.5323,25.3984
2010-11-09T07:00:00+00:00,Davis,15.7042,12.8100,28.3129
2010-11-09T08:00:00+00:00,Davis,10.0726,13.8888,15.7042
2010-11-09T09:00:00+00:00,Davis,29.0884,24.0974,10.0726
2010-11-09T10:00:00+00:00,Davis,58.6036,60.5479,29.0884
2010-11-09T11:00:00+00:00,Davis,79.5835,79.5384,58.6036
2010-11-09T12:00:00+00:00,Davis,69.1954,63.6021,79.5835
2010-11-09T13:00:00+00:00,Davis,64.0998,64.0268,69.1954
2010-11-09T14:00:00+00:00,Davis,61.7201,60.7375,64.0998
2010-11-09T15:00:00+00:00,Davis,17.6650,22.6936,61.7201
2010-11-09T16:00:00+00:00,Davis,14.1601,20.2776,17.6650
2010-11-09T17:00:00+00:00,Davis,2.2860,8.1935,14.1601
2010-11-09T18:00:00+00:00,Davis,3.6014,7.8146,2.2860
2010-11-09T19:00:00+00:00,Davis,12.6150,14.3769,3.6014
2010-11-09T20:00:00+00:00,Davis,6.3052,8.2116,12.6150
2010-11-09T21:00:00+00:00,Davis,14.6115,10.3303,6.3052
2010-11-09T22:00:00+00:00,Davis,32.5988,34.9924,14.6115
2010-11-09T23:00:00+00:00,Davis,20.5202,21.2513,32.5988
2010-11-10T00:00:00+00:00,Davis,56.9433,43.0604,20.5202
2010-11-10T01:00:00+00:00,Davis,24.9734,23.1907,56.9433
2010-11-10T02:00:00+00:00,Davis,11.9191,11.1460,24.9734
2010-11-10T03:00:00+00:00,Davis,20.5004,16.1214,11.9191
2010-11-10T04:00:00+00:00,Davis,30.7625,23.9687,20.5004
2010-11-10T05:00:00+00:00,Davis,21.6842,17.4048,30.7625
2010-11-10T06:00:00+00:00,Davis,12.8760,9.8211,21.6842
2010-11-10T07:00:00+00:00,Davis,20.0238,16.6939,12.8760
2010-11-10T08:00:00+00:00,Davis,16.1637,20.1363,20.0238
2010-11-10T09:00:00+00:00,Davis,31.2329,36.0830,16.1637
2010-11-10T10:00:00+00:00,Davis,50.2999,48.0721,31.2329
2010-11-10T11:00:00+00:00,Davis,67.3281,62.7974,50.2999
2010-11-10T12:00:00+00:00,Davis,67.9152,63.1586,67.3281
2010-11-10T13:00:00+00:00,Davis,67.8910,63.2691,67.9152
2010-11-10T14:00:00+00:00,Davis,50.3790,52.0644,67.8910
2010-11-10T15:00:00+00:00,Davis,25.4639,32.2003,50.3790
2010-11-10T16:00:00+00:00,Davis,3.0376,0.4758,25.4639
2010-11-10T17:00:00+00:00,Davis,2.7513,7.9601,3.0376
2010-11-10T18:00:00+00:00,Davis,5.8111,8.9688,2.7513
2010-11-10T19:00:00+00:00,Davis,9.9588,4.5217,5.8111
2010-11-10T20:00:00+00:00,Davis,21.0987,21.8037,9.9588
2010-11-10T21:00:00+00:00,Davis,14.6023,8.1154,21.0987
2010-11-10T22:00:00+00:00,Davis,18.5688,11.6913,14.6023
2010-11-10T23:00:00+00:00,Davis,22.9018,21.8565,18.5688
2010-11-11T00:00:00+00:00,Davis,25.2996,20.3996,22.9018
2010-11-11T01:00:00+00:00,Davis,29.7419,24.5216,25.2996
2010-11-11T02:00:00+00:00,Davis,16.9412,14.5957,29.7419
2010-11-11T03:00:00+00:00,Davis,44.2594,42.6892,16.9412
2010-11-11T04:00:00+00:00,Davis,19.0977,14.7839,44.2594
2010-11-11T05:00:00+00:00,Davis,25.3446,21.1462,19.0977
2010-11-11T06:00:00+00:00,Davis,17.3249,13.8341,25.3446
2010-11-11T07:00:00+00:00,Davis,27.8043,25.7534,17.3249
2010-11-11T08:00:00+00:00,Davis,19.6396,17.9905,27.8043
2010-11-11T09:00:00+00:00,Davis,29.5592,28.7013,19.6396
2010-11-11T10:00:00+00:00,Davis,65.7387,58.5145,29.5592
2010-11-11T11:00:00+00:00,Davis,79.4852,77.7159,65.7387
2010-11-11T12:00:00+00:00,Davis,78.3635,73.1284,79.4852
2010-11-11T13:00:00+00:00,Davis,81.7653,67.8583,78.3635
2010-11-11T14:00:00+00:00,Davis,60.5649,58.2117,81.7653
2010-11-11T15:00:00+00:00,Davis,29.3772,35.0908,60.5649
2010-11-11T16:00:00+00:00,Davis,14.9170,20.1872,29.3772
2010-11-11T17:00:00+00:00,Davis,0.7225,7.2375,14.9170
2010-11-11T18:00:00+00:00,Davis,8.2099,9.0162,0.7225
2010-11-11T19:00:00+00:00,Davis,11.6141,11.2713,8.2099
2010-11-11T20:00:00+00:00,Davis,24.3271,23.4278,11.6141
2010-11-11T21:00:00+00:00,Davis,10.6360,4.4554,24.3271
2010-11-11T22:00:00+00:00,Davis,22.2308,15.5557,10.6360
2010-11-11T23:00:00+00:00,Davis,26.2415,26.6512,22.2308
2010-11-12T00:00:00+00:00,Davis,44.8121,39.1466,26.2415
2010-11-12T01:00:00+00:00,Davis,15.7203,13.9626,44.8121
2010-11-12T02:00:00+00:00,Davis,14.2722,11.6500,15.7203
2010-11-12T03:00:00+00:00,Davis,9.0774,6.6659,14.2722
2010-11-12T04:00:00+00:00,Davis,3.0788,2.9182,9.0774
2010-11-12T05:00:00+00:00,Davis,37.7548,31.6801,3.0788
2010-11-12T06:00:00+00:00,Davis,14.0056,11.0694,37.7548
2010-11-12T07:00:00+00:00,Davis,21.9439,18.8778,14.0056
2010-11-12T08:00:00+00:00,Davis,3.2823,5.0205,21.9439
2010-11-12T09:00:00+00:00,Davis,38.5553,31.0041,3.2823
2010-11-12T10:00:00+00:00,Davis,51.4176,50.9095,38.5553
2010-11-12T11:00:00+00:00,Davis,63.1140,63.1718,51.4176
2010-11-12T12:00:00+00:00,Davis,87.3261,81.7477,63.1140
2010-11-12T13:00:00+00:00,Davis,60.7440,59.3890,87.3261
2010-11-12T14:00:00+00:00,Davis,51.1610,55.2704,60.7440
2010-11-12T15:00:00+00:00,Davis,26.3475,32.4746,51.1610
2010-11-12T16:00:00+00:00,Davis,12.9067,17.1574,26.3475
2010-11-12T17:00:00+00:00,Davis,0.1652,5.2482,12.9067
2010-11-12T18:00:00+00:00,Davis,0.0000,4.5413,0.1652
2010-11-12T19:00:00+00:00,Davis,0.4657,5.4870,0.0000
2010-11-12T20:00:00+00:00,Davis,2.0828,5.2956,0.4657
2010-11-12T21:00:00+00:00,Davis,14.3051,11.8892,2.0828
2010-11-12T22:00:00+00:00,Davis,5.6827,4.6235,14.3051
2010-11-12T23:00:00+00:00,Davis,21.6244,21.1593,5.6827
2010-11-13T00:00:00+00:00,Davis,34.0247,27.7173,21.6244
2010-11-13T01:00:00+00:00,Davis,26.0788,23.0704,34.0247
2010-11-13T02:00:00+00:00,Davis,14.1999,12.6111,26.0788
2010-11-13T03:00:00+00:00,Davis,26.9285,24.0615,14.1999
2010-11-13T04:00:00+00:00,Davis,17.1299,13.4163,26.9285
2010-11-13T05:00:00+00:00,Davis,16.5073,12.0081,17.1299
2010-11-13T06:00:00+00:00,Davis,13.2258,10.4196,16.5073
2010-11-13T07:00:00+00:00,Davis,5.2517,5.4695,13.2258
2010-11-13T08:00:00+00:00,Davis,15.7581,20.0524,5.2517
2010-11-13T09:00:00+00:00,Davis,32.8833,27.8277,15.7581
2010-11-13T10:00:00+00:00,Davis,55.1073,52.0833,32.8833
2010-11-13T11:00:00+00:00,Davis,69.5902,79.0082,55.1073
2010-11-13T12:00:00+00:00,Davis,83.9352,72.8628,69.5902
2010-11-13T13:00:00+00:00,Davis,60.8225,58.8222,83.9352
2010-11-13T14:00:00+00:00,Davis,49.7899,52.1523,60.8225
2010-11-13T15:00:00+00:00,Davis,9.1083,16.1630,49.7899
2010-11-13T16:00:00+00:00,Davis,5.6709,9.8143,9.1083
2010-11-13T17:00:00+00:00,Davis,19.8414,18.3434,5.6709
2010-11-13T18:00:00+00:00,Davis,1.1179,0.0000,19.8414
2010-11-13T19:00:00+00:00,Davis,2.8243,4.3355,1.1179
2010-11-13T20:00:00+00:00,Davis,11.4906,10.2205,2.8243
2010-11-13T21:00:00+00:00,Davis,24.3659,22.6940,11.4906
2010-11-13T22:00:00+00:00,Davis,25.8748,21.6072,24.3659
2010-11-13T23:00:00+00:00,Davis,4.7703,0.0000,25.8748
2010-11-14T00:00:00+00:00,Davis,40.4968,34.9972,4.7703
2010-11-14T01:00:00+00:00,Davis,35.6437,32.4808,40.4968
2010-11-14T02:00:00+00:00,Davis,10.7001,8.8787,35.6437
2010-11-14T03:00:00+00:00,Davis,30.1122,26.0248,10.7001
2010-11-14T04:00:00+00:00,Davis,11.2352,8.0135,30.1122
2010-11-14T05:00:00+00:00,Davis,6.9188,3.8451,11.2352
2010-11-14T06:00:00+00:00,Davis,21.4671,18.3454,6.9188
2010-11-14T07:00:00+00:00,Davis,7.3163,6.0345,21.4671
2010-11-14T08:00:00+00:00,Davis,13.6576,19.1655,7.3163
2010-11-14T09:00:00+00:00,Davis,18.1597,18.5007,13.6576
2010-11-14T10:00:00+00:00,Davis,53.7494,52.2062,18.1597
2010-11-14T11:00:00+00:00,Davis,67.0189,65.9006,53.7494
2010-11-14T12:00:00+00:00,Davis,76.7909,65.2810,67.0189
2010-11-14T13:00:00+00:00,Davis,66.1539,66.3427,76.7909
2010-11-14T14:00:00+00:00,Davis,61.1864,60.4518,66.1539
2010-11-14T15:00:00+00:00,Davis,28.8838,35.0118,61.1864
2010-11-14T16:00:00+00:00,Davis,1.0203,0.1565,28.8838
2010-11-14T17:00:00+00:00,Davis,7.2105,11.0651,1.0203
2010-11-14T18:00:00+00:00,Davis,2.8862,5.4897,7.2105
2010-11-14T19:00:00+00:00,Davis,10.9717,11.9343,2.8862
2010-11-14T20:00:00+00:00,Davis,16.8456,9.1492,10.9717
2010-11-14T21:00:00+00:00,Davis,7.6329,1.9151,16.8456
2010-11-14T22:00:00+00:00,Davis,16.6729,11.7795,7.6329
2010-11-14T23:00:00+00:00,Davis,11.0961,12.3292,16.6729
2010-11-15T00:00:00+00:00,Davis,18.1307,11.7586,11.0961
2010-11-15T01:00:00+00:00,Davis,27.6512,25.3560,18.1307
2010-11-15T02:00:00+00:00,Davis,32.4535,30.1042,27.6512
2010-11-15T03:00:00+00:00,Davis,25.7364,22.9982,32.4535
2010-11-15T04:00:00+00:00,Davis,15.7949,12.0678,25.7364
2010-11-15T05:00:00+00:00,Davis,24.8339,18.8272,15.7949
2010-11-15T06:00:00+00:00,Davis,30.7258,28.7198,24.8339
2010-11-15T07:00:00+00:00,Davis,12.3852,10.1044,30.7258
2010-11-15T08:00:00+00:00,Davis,10.3509,15.1720,12.3852
2010-11-15T09:00:00+00:00,Davis,29.3120,24.0974,10.3509
2010-11-15T10:00:00+00:00,Davis,57.6211,52.7035,29.3120
2010-11-15T11:00:00+00:00,Davis,79.4455,82.1592,57.6211
2010-11-15T12:00:00+00:00,Davis,87.5023,73.1421,79.4455
2010-11-15T13:00:00+00:00,Davis,71.5905,65.7945,87.5023
2010-11-15T14:00:00+00:00,Davis,54.9683,55.4934,71.5905
2010-11-15T15:00:00+00:00,Davis,31.6263,36.2416,54.9683
2010-11-15T16:00:00+00:00,Davis,2.0200,8.7030,31.6263
2010-11-15T17:00:00+00:00,Davis,1.6438,7.8857,2.0200
2010-11-15T18:00:00+00:00,Davis,3.0994,7.4789,1.6438
2010-11-15T19:00:00+00:00,Davis,17.0534,18.2479,3.0994
2010-11-15T20:00:00+00:00,Davis,11.8962,12.4346,17.0534
2010-11-15T21:00:00+00:00,Davis,17.2727,14.3309,11.8962
2010-11-15T22:00:00+00:00,Davis,4.1414,6.0866,17.2727
2010-11-15T23:00:00+00:00,Davis,19.9239,17.2847,4.1414
2010-11-16T00:00:00+00:00,Davis,21.9713,13.4000,19.9239
2010-11-16T01:00:00+00:00,Davis,14.8591,13.2615,21.9713
2010-11-16T02:00:00+00:00,Davis,34.9581,34.2307,14.8591
2010-11-16T03:00:00+00:00,Davis,28.5059,25.7419,34.9581
2010-11-16T04:00:00+00:00,Davis,12.4877,8.1659,28.5059
2010-11-16T05:00:00+00:00,Davis,40.2927,37.1827,12.4877
2010-11-16T06:00:00+00:00,Davis,6.8667,4.4382,40.2927
2010-11-16T07:00:00+00:00,Davis,17.7054,15.8546,6.8667
2010-11-16T08:00:00+00:00,Davis,23.9868,27.7351,17.7054
2010-11-16T09:00:00+00:00,Davis,34.8064,43.4874,23.9868
2010-11-16T10:00:00+00:00,Davis,69.8001,63.1980,34.8064
2010-11-16T11:00:00+00:00,Davis,66.6828,65.9545,69.8001
2010-11-16T12:00:00+00:00,Davis,76.3685,74.3887,66.6828
2010-11-16T13:00:00+00:00,Davis,72.2841,71.5482,76.3685
2010-11-16T14:00:00+00:00,Davis,46.7811,42.6846,72.2841
2010-11-16T15:00:00+00:00,Davis,33.1090,31.0710,46.7811
2010-11-16T16:00:00+00:00,Davis,15.7325,20.3673,33.1090
2010-11-16T17:00:00+00:00,Davis,5.7078,3.0865,15.7325
2010-11-16T18:00:00+00:00,Davis,1.6482,3.1333,5.7078
2010-11-16T19:00:00+00:00,Davis,18.3660,18.3335,1.6482
2010-11-16T20:00:00+00:00,Davis,7.1206,8.8318,18.3660
2010-11-16T21:00:00+00:00,Davis,11.8326,13.5004,7.1206
2010-11-16T22:00:00+00:00,Davis,31.3864,33.6692,11.8326
2010-11-16T23:00:00+00:00,Davis,12.0251,4.3894,31.3864
2010-11-17T00:00:00+00:00,Davis,23.1825,22.0749,12.0251
2010-11-17T01:00:00+00:00,Davis,22.5235,19.7454,23.1825
2010-11-17T02:00:00+00:00,Davis,55.7798,49.7015,22.5235
2010-11-17T03:00:00+00:00,Davis,17.6890,14.8909,55.7798
2010-11-17T04:00:00+00:00,Davis,15.8355,12.0678,17.6890
2010-11-17T05:00:00+00:00,Davis,12.6063,9.4607,15.8355
2010-11-17T06:00:00+00:00,Davis,13.8118,14.3621,12.6063
2010-11-17T07:00:00+00:00,Davis,30.6028,28.3554,13.8118
2010-11-17T08:00:00+00:00,Davis,19.2318,20.0510,30.6028
2010-11-17T09:00:00+00:00,Davis,36.0985,33.4154,19.2318
2010-11-17T10:00:00+00:00,Davis,57.7728,53.9374,36.0985
2010-11-17T11:00:00+00:00,Davis,73.8247,66.2491,57.7728
2010-11-17T12:00:00+00:00,Davis,74.1590,72.8883,73.8247
2010-11-17T13:00:00+00:00,Davis,81.3165,83.7610,74.1590
2010-11-17T14:00:00+00:00,Davis,53.7977,56.5673,81.3165
2010-11-17T15:00:00+00:00,Davis,28.4783,33.0971,53.7977
2010-11-17T16:00:00+00:00,Davis,3.6453,8.7862,28.4783
2010-11-17T17:00:00+00:00,Davis,18.1417,17.1325,3.6453
2010-11-17T18:00:00+00:00,Davis,1.5254,6.7875,18.1417
2010-11-17T19:00:00+00:00,Davis,4.3857,0.0000,1.5254
2010-11-17T20:00:00+00:00,Davis,26.3144,26.7343,4.3857
2010-11-17T21:00:00+00:00,Davis,19.6083,14.4226,26.3144
2010-11-17T22:00:00+00:00,Davis,22.0754,20.0773,19.6083
2010-11-17T23:00:00+00:00,Davis,22.7259,19.9545,22.0754
2010-11-18T00:00:00+00:00,Davis,32.2702,31.8483,22.7259
2010-11-18T01:00:00+00:00,Davis,22.8799,19.8621,32.2702
2010-11-18T02:00:00+00:00,Davis,16.5697,13.1853,22.8799
2010-11-18T03:00:00+00:00,Davis,22.2922,17.1725,16.5697
2010-11-18T04:00:00+00:00,Davis,30.9676,26.2125,22.2922
2010-11-18T05:00:00+00:00,Davis,8.0951,4.9365,30.9676
2010-11-18T06:00:00+00:00,Davis,9.2003,6.6606,8.0951
2010-11-18T07:00:00+00:00,Davis,13.0885,11.9861,9.2003
2010-11-18T08:00:00+00:00,Davis,4.3575,5.0205,13.0885
2010-11-18T09:00:00+00:00,Davis,28.1424,24.7318,4.3575
2010-11-18T10:00:00+00:00,Davis,55.6922,51.9556,28.1424
2010-11-18T11:00:00+00:00,Davis,82.6612,79.5384,55.6922
2010-11-18T12:00:00+00:00,Davis,76.7937,76.8152,82.6612
2010-11-18T13:00:00+00:00,Davis,71.2479,71.6708,76.7937
2010-11-18T14:00:00+00:00,Davis,52.4771,53.8079,71.2479
2010-11-18T15:00:00+00:00,Davis,14.4252,20.1881,52.4771
2010-11-18T16:00:00+00:00,Davis,0.0512,7.4780,14.4252
2010-11-18T17:00:00+00:00,Davis,8.9160,10.9758,0.0512
2010-11-18T18:00:00+00:00,Davis,9.3787,5.7511,8.9160
2010-11-18T19:00:00+00:00,Davis,11.5369,12.3254,9.3787
2010-11-18T20:00:00+00:00,Davis,19.8206,19.2661,11.5369
2010-11-18T21:00:00+00:00,Davis,11.0373,2.9505,19.8206
2010-11-18T22:00:00+00:00,Davis,22.3970,20.2969,11.0373
2010-11-18T23:00:00+00:00,Davis,28.6814,29.1179,22.3970
2010-11-19T00:00:00+00:00,Davis,25.7152,23.4047,28.6814
2010-11-19T01:00:00+00:00,Davis,5.1306,6.3017,25.7152
2010-11-19T02:00:00+00:00,Davis,12.5793,10.8408,5.1306
2010-11-19T03:00:00+00:00,Davis,22.3433,17.9776,12.5793
2010-11-19T04:00:00+00:00,Davis,23.5073,18.1617,22.3433
2010-11-19T05:00:00+00:00,Davis,21.8965,17.4048,23.5073
2010-11-19T06:00:00+00:00,Davis,17.3332,13.5484,21.8965
2010-11-19T07:00:00+00:00,Davis,18.6315,16.0570,17.3332
2010-11-19T08:00:00+00:00,Davis,8.7561,6.9378,18.6315
2010-11-19T09:00:00+00:00,Davis,23.1021,20.5932,8.7561
2010-11-19T10:00:00+00:00,Davis,56.8699,53.0564,23.1021
2010-11-19T11:00:00+00:00,Davis,83.6144,71.9048,56.8699
2010-11-19T12:00:00+00:00,Davis,74.6289,70.4683,83.6144
2010-11-19T13:00:00+00:00,Davis,62.9484,60.1306,74.6289
2010-11-19T14:00:00+00:00,Davis,53.9014,55.2832,62.9484
2010-11-19T15:00:00+00:00,Davis,19.4867,22.6364,53.9014
2010-11-19T16:00:00+00:00,Davis,7.0328,11.6456,19.4867
2010-11-19T17:00:00+00:00,Davis,7.2986,4.1235,7.0328
2010-11-19T18:00:00+00:00,Davis,7.6561,8.7571,7.2986
2010-11-19T19:00:00+00:00,Davis,8.7243,2.7179,7.6561
2010-11-19T20:00:00+00:00,Davis,19.2638,19.3030,8.7243
2010-11-19T21:00:00+00:00,Davis,20.6642,18.4035,19.2638
2010-11-19T22:00:00+00:00,Davis,2.3553,5.1317,20.6642
2010-11-19T23:00:00+00:00,Davis,18.8286,18.7092,2.3553
2010-11-20T00:00:00+00:00,Davis,33.4723,26.0068,18.8286
2010-11-20T01:00:00+00:00,Davis,29.8396,28.8106,33.4723
2010-11-20T02:00:00+00:00,Davis,17.3386,14.9919,29.8396
2010-11-20T03:00:00+00:00,Davis,48.3336,44.3547,17.3386
2010-11-20T04:00:00+00:00,Davis,18.4241,14.7019,48.3336
2010-11-20T05:00:00+00:00,Davis,13.6043,9.3520,18.4241
2010-11-20T06:00:00+00:00,Davis,27.2927,24.4261,13.6043
2010-11-20T07:00:00+00:00,Davis,43.3634,38.6302,27.2927
2010-11-20T08:00:00+00:00,Davis,10.4875,14.9558,43.3634
2010-11-20T09:00:00+00:00,Davis,29.5857,27.0599,10.4875
2010-11-20T10:00:00+00:00,Davis,54.2147,57.7386,29.5857
2010-11-20T11:00:00+00:00,Davis,93.7488,72.7660,54.2147
2010-11-20T12:00:00+00:00,Davis,81.3803,67.6162,93.7488
2010-11-20T13:00:00+00:00,Davis,68.1758,78.5033,81.3803
2010-11-20T14:00:00+00:00,Davis,59.3928,58.5087,68.1758
2010-11-20T15:00:00+00:00,Davis,31.4777,35.2407,59.3928
2010-11-20T16:00:00+00:00,Davis,4.7597,8.8019,31.4777
2010-11-20T17:00:00+00:00,Davis,5.9308,8.5461,4.7597
2010-11-20T18:00:00+00:00,Davis,0.3178,6.5306,5.9308
2010-11-20T19:00:00+00:00,Davis,3.1409,6.3248,0.3178
2010-11-20T20:00:00+00:00,Davis,12.1762,6.4760,3.1409
2010-11-20T21:00:00+00:00,Davis,15.8402,13.9983,12.1762
2010-11-20T22:00:00+00:00,Davis,25.5104,17.5354,15.8402
2010-11-20T23:00:00+00:00,Davis,9.6296,11.7372,25.5104
2010-11-21T00:00:00+00:00,Davis,34.3926,24.0133,9.6296
2010-11-21T01:00:00+00:00,Davis,47.4449,38.9157,34.3926
2010-11-21T02:00:00+00:00,Davis,30.8303,25.4463,47.4449
2010-11-21T03:00:00+00:00,Davis,31.1608,26.1999,30.8303
2010-11-21T04:00:00+00:00,Davis,31.6473,28.1284,31.1608
2010-11-21T05:00:00+00:00,Davis,7.5004,4.6971,31.6473
2010-11-21T06:00:00+00:00,Davis,5.5743,3.8183,7.5004
2010-11-21T07:00:00+00:00,Davis,8.5122,7.3549,5.5743
2010-11-21T08:00:00+00:00,Davis,14.9131,14.7368,8.5122
2010-11-21T09:00:00+00:00,Davis,29.5733,30.2523,14.9131
2010-11-21T10:00:00+00:00,Davis,60.8165,70.1045,29.5733
2010-11-21T11:00:00+00:00,Davis,75.5393,75.5960,60.8165
2010-11-21T12:00:00+00:00,Davis,86.1172,65.9939,75.5393
2010-11-21T13:00:00+00:00,Davis,70.0711,64.7279,86.1172
2010-11-21T14:00:00+00:00,Davis,51.5505,52.3974,70.0711
2010-11-21T15:00:00+00:00,Davis,19.0031,23.8662,51.5505
2010-11-21T16:00:00+00:00,Davis,7.7554,12.4496,19.0031
2010-11-21T17:00:00+00:00,Davis,7.3005,11.2676,7.7554
2010-11-21T18:00:00+00:00,Davis,2.4549,7.1723,7.3005
2010-11-21T19:00:00+00:00,Davis,22.5986,14.3081,2.4549
2010-11-21T20:00:00+00:00,Davis,17.5967,17.5390,22.5986
2010-11-21T21:00:00+00:00,Davis,5.0034,4.4040,17.5967
2010-11-21T22:00:00+00:00,Davis,6.1785,4.3935,5.0034
2010-11-21T23:00:00+00:00,Davis,19.5864,17.7440,6.1785
2010-11-22T00:00:00+00:00,Davis,22.5923,18.7853,19.5864
2010-11-22T01:00:00+00:00,Davis,29.2311,26.8152,22.5923
2010-11-22T02:00:00+00:00,Davis,53.1994,46.7173,29.2311
2010-11-22T03:00:00+00:00,Davis,11.7505,10.2279,53.1994
2010-11-22T04:00:00+00:00,Davis,44.9383,38.9425,11.7505
2010-11-22T05:00:00+00:00,Davis,57.7746,47.9576,44.9383
2010-11-22T06:00:00+00:00,Davis,20.8332,15.5708,57.7746
2010-11-22T07:00:00+00:00,Davis,10.9594,8.8601,20.8332
2010-11-22T08:00:00+00:00,Davis,10.2560,14.9389,10.9594
2010-11-22T09:00:00+00:00,Davis,37.9018,33.5431,10.2560
2010-11-22T10:00:00+00:00,Davis,46.9381,48.3969,37.9018
2010-11-22T11:00:00+00:00,Davis,72.8090,80.8628,46.9381
2010-11-22T12:00:00+00:00,Davis,90.3287,87.7751,72.8090
2010-11-22T13:00:00+00:00,Davis,72.3484,64.7906,90.3287
2010-11-22T14:00:00+00:00,Davis,54.4739,53.8895,72.3484
2010-11-22T15:00:00+00:00,Davis,22.0244,26.6109,54.4739
2010-11-22T16:00:00+00:00,Davis,14.7881,21.1294,22.0244
2010-11-22T17:00:00+00:00,Davis,0.5555,7.6019,14.7881
2010-11-22T18:00:00+00:00,Davis,2.9154,7.5895,0.5555
2010-11-22T19:00:00+00:00,Davis,14.6284,9.8373,2.9154
2010-11-22T20:00:00+00:00,Davis,24.8223,24.2174,14.6284
2010-11-22T21:00:00+00:00,Davis,17.5449,10.5660,24.8223
2010-11-22T22:00:00+00:00,Davis,7.3926,8.7785,17.5449
2010-11-22T23:00:00+00:00,Davis,10.3234,11.3835,7.3926
2010-11-23T00:00:00+00:00,Davis,31.3313,29.7355,10.3234
2010-11-23T01:00:00+00:00,Davis,23.6109,20.6412,31.3313
2010-11-23T02:00:00+00:00,Davis,21.9873,18.3895,23.6109
2010-11-23T03:00:00+00:00,Davis,23.9463,18.8121,21.9873
2010-11-23T04:00:00+00:00,Davis,15.5125,12.0393,23.9463
2010-11-23T05:00:00+00:00,Davis,27.7485,24.0090,15.5125
2010-11-23T06:00:00+00:00,Davis,34.5232,29.0997,27.7485
2010-11-23T07:00:00+00:00,Davis,26.3480,22.3996,34.5232
2010-11-23T08:00:00+00:00,Davis,25.2236,22.8559,26.3480
2010-11-23T09:00:00+00:00,Davis,22.9686,25.7383,25.2236
2010-11-23T10:00:00+00:00,Davis,56.5955,58.4758,22.9686
2010-11-23T11:00:00+00:00,Davis,71.6974,79.3412,56.5955
2010-11-23T12:00:00+00:00,Davis,80.2670,77.6907,71.6974
2010-11-23T13:00:00+00:00,Davis,65.4053,61.6839,80.2670
2010-11-23T14:00:00+00:00,Davis,55.6384,55.2211,65.4053
2010-11-23T15:00:00+00:00,Davis,16.3049,22.6364,55.6384
2010-11-23T16:00:00+00:00,Davis,0.1547,7.5140,16.3049
2010-11-23T17:00:00+00:00,Davis,4.9984,8.7616,0.1547
2010-11-23T18:00:00+00:00,Davis,12.4187,15.0854,4.9984
2010-11-23T19:00:00+00:00,Davis,17.1868,15.9409,12.4187
2010-11-23T20:00:00+00:00,Davis,11.7876,13.2917,17.1868
2010-11-23T21:00:00+00:00,Davis,6.3447,8.9260,11.7876
2010-11-23T22:00:00+00:00,Davis,7.9538,9.6010,6.3447
2010-11-23T23:00:00+00:00,Davis,30.1934,28.0291,7.9538
2010-11-24T00:00:00+00:00,Davis,44.4294,29.0035,30.1934
2010-11-24T01:00:00+00:00,Davis,18.6757,16.7892,44.4294
2010-11-24T02:00:00+00:00,Davis,33.1433,31.5139,18.6757
2010-11-24T03:00:00+00:00,Davis,47.9057,44.3547,33.1433
2010-11-24T04:00:00+00:00,Davis,19.3006,14.7276,47.9057
2010-11-24T05:00:00+00:00,Davis,34.0381,30.0162,19.3006
2010-11-24T06:00:00+00:00,Davis,24.2760,19.0048,34.0381
2010-11-24T07:00:00+00:00,Davis,14.6543,12.6327,24.2760
2010-11-24T08:00:00+00:00,Davis,28.9353,27.7934,14.6543
2010-11-24T09:00:00+00:00,Davis,32.8013,32.1181,28.9353
2010-11-24T10:00:00+00:00,Davis,49.3603,49.9450,32.8013
2010-11-24T11:00:00+00:00,Davis,75.1906,75.0559,49.3603
2010-11-24T12:00:00+00:00,Davis,94.7833,75.1641,75.1906
2010-11-24T13:00:00+00:00,Davis,73.4378,74.9181,94.7833
2010-11-24T14:00:00+00:00,Davis,50.8789,53.8079,73.4378
2010-11-24T15:00:00+00:00,Davis,21.6162,22.9694,50.8789
2010-11-24T16:00:00+00:00,Davis,11.8129,16.7350,21.6162
2010-11-24T17:00:00+00:00,Davis,18.4048,19.9170,11.8129
2010-11-24T18:00:00+00:00,Davis,12.8476,15.9087,18.4048
2010-11-24T19:00:00+00:00,Davis,8.9518,9.1855,12.8476
2010-11-24T20:00:00+00:00,Davis,1.4778,0.0000,8.9518
2010-11-24T21:00:00+00:00,Davis,3.4346,0.0000,1.4778
2010-11-24T22:00:00+00:00,Davis,11.1076,11.3015,3.4346
2010-11-24T23:00:00+00:00,Davis,17.3548,17.6310,11.1076
2010-11-25T00:00:00+00:00,Davis,31.8120,19.5546,17.3548
2010-11-25T01:00:00+00:00,Davis,16.4995,15.2530,31.8120
2010-11-25T02:00:00+00:00,Davis,28.5901,26.3789,16.4995
2010-11-25T03:00:00+00:00,Davis,40.3288,39.0507,28.5901
2010-11-25T04:00:00+00:00,Davis,43.4606,42.0900,40.3288
2010-11-25T05:00:00+00:00,Davis,25.8364,18.5624,43.4606
2010-11-25T06:00:00+00:00,Davis,13.5912,10.4196,25.8364
2010-11-25T07:00:00+00:00,Davis,9.6515,11.7442,13.5912
2010-11-25T08:00:00+00:00,Davis,25.8169,24.3232,9.6515
2010-11-25T09:00:00+00:00,Davis,26.6628,29.0202,25.8169
2010-11-25T10:00:00+00:00,Davis,58.9653,55.5091,26.6628
2010-11-25T11:00:00+00:00,Davis,75.6687,66.4265,58.9653
2010-11-25T12:00:00+00:00,Davis,71.3719,73.7250,75.6687
2010-11-25T13:00:00+00:00,Davis,69.2088,64.3907,71.3719
2010-11-25T14:00:00+00:00,Davis,63.6120,61.3509,69.2088
2010-11-25T15:00:00+00:00,Davis,17.9246,22.9694,63.6120
2010-11-25T16:00:00+00:00,Davis,0.5951,5.8609,17.9246
2010-11-25T17:00:00+00:00,Davis,0.6773,0.0000,0.5951
2010-11-25T18:00:00+00:00,Davis,3.2803,0.5874,0.6773
2010-11-25T19:00:00+00:00,Davis,17.5404,12.4084,3.2803
2010-11-25T20:00:00+00:00,Davis,17.9306,10.9293,17.5404
2010-11-25T21:00:00+00:00,Davis,4.9789,8.1141,17.9306
2010-11-25T22:00:00+00:00,Davis,25.2362,17.5147,4.9789
2010-11-25T23:00:00+00:00,Davis,14.7267,15.0435,25.2362
2010-11-26T00:00:00+00:00,Davis,35.7754,28.5348,14.7267
2010-11-26T01:00:00+00:00,Davis,31.3916,27.2320,35.7754
2010-11-26T02:00:00+00:00,Davis,14.6238,12.6831,31.3916
2010-11-26T03:00:00+00:00,Davis,34.7703,31.4712,14.6238
2010-11-26T04:00:00+00:00,Davis,7.1063,4.0827,34.7703
2010-11-26T05:00:00+00:00,Davis,39.5413,36.6188,7.1063
2010-11-26T06:00:00+00:00,Davis,13.4909,10.4196,39.5413
2010-11-26T07:00:00+00:00,Davis,17.6939,16.2298,13.4909
2010-11-26T08:00:00+00:00,Davis,10.4411,9.3822,17.6939
2010-11-26T09:00:00+00:00,Davis,29.4754,24.0974,10.4411
2010-11-26T10:00:00+00:00,Davis,60.4139,56.7482,29.4754
2010-11-26T11:00:00+00:00,Davis,79.2462,78.2086,60.4139
2010-11-26T12:00:00+00:00,Davis,77.1496,77.3625,79.2462
2010-11-26T13:00:00+00:00,Davis,84.4783,75.7416,77.1496
2010-11-26T14:00:00+00:00,Davis,46.0446,50.0351,84.4783
2010-11-26T15:00:00+00:00,Davis,32.1475,35.4238,46.0446
2010-11-26T16:00:00+00:00,Davis,10.6860,14.8105,32.1475
2010-11-26T17:00:00+00:00,Davis,16.9401,21.4314,10.6860
2010-11-26T18:00:00+00:00,Davis,0.6896,6.5306,16.9401
2010-11-26T19:00:00+00:00,Davis,5.5790,2.2989,0.6896
2010-11-26T20:00:00+00:00,Davis,6.2673,1.0067,5.5790
2010-11-26T21:00:00+00:00,Davis,13.1521,11.3074,6.2673
2010-11-26T22:00:00+00:00,Davis,25.9301,23.4278,13.1521
2010-11-26T23:00:00+00:00,Davis,11.0852,11.3835,25.9301
2010-11-27T00:00:00+00:00,Davis,43.0191,33.6847,11.0852
2010-11-27T01:00:00+00:00,Davis,22.6256,19.5028,43.0191
2010-11-27T02:00:00+00:00,Davis,72.5773,83.1709,22.6256
2010-11-27T03:00:00+00:00,Davis,46.7986,37.8657,72.5773
2010-11-27T04:00:00+00:00,Davis,39.5522,27.5301,46.7986
2010-11-27T05:00:00+00:00,Davis,34.1216,29.9872,39.5522
2010-11-27T06:00:00+00:00,Davis,71.1936,68.2160,34.1216
2010-11-27T07:00:00+00:00,Davis,20.6110,17.6784,71.1936
2010-11-27T08:00:00+00:00,Davis,6.7676,11.8464,20.6110
2010-11-27T09:00:00+00:00,Davis,32.2349,36.9072,6.7676
2010-11-27T10:00:00+00:00,Davis,61.4712,57.3019,32.2349
2010-11-27T11:00:00+00:00,Davis,57.8221,63.0530,61.4712
2010-11-27T12:00:00+00:00,Davis,95.7653,72.8879,57.8221
2010-11-27T13:00:00+00:00,Davis,71.7476,68.3666,95.7653
2010-11-27T14:00:00+00:00,Davis,39.3085,41.2201,71.7476
2010-11-27T15:00:00+00:00,Davis,31.3142,35.1480,39.3085
2010-11-27T16:00:00+00:00,Davis,1.3378,7.5886,31.3142
2010-11-27T17:00:00+00:00,Davis,6.1815,11.8351,1.3378
2010-11-27T18:00:00+00:00,Davis,7.5066,6.8918,6.1815
2010-11-27T19:00:00+00:00,Davis,16.0924,10.5925,7.5066
2010-11-27T20:00:00+00:00,Davis,4.9699,2.8364,16.0924
2010-11-27T21:00:00+00:00,Davis,6.5407,5.3014,4.9699
2010-11-27T22:00:00+00:00,Davis,18.6916,11.7457,6.5407
2010-11-27T23:00:00+00:00,Davis,16.6642,16.9245,18.6916
2010-11-28T00:00:00+00:00,Davis,21.5620,20.2365,16.6642
2010-11-28T01:00:00+00:00,Davis,13.1240,11.6368,21.5620
2010-11-28T02:00:00+00:00,Davis,26.7046,24.8091,13.1240
2010-11-28T03:00:00+00:00,Davis,11.4766,8.2286,26.7046
2010-11-28T04:00:00+00:00,Davis,33.7547,29.9985,11.4766
2010-11-28T05:00:00+00:00,Davis,30.9955,24.7742,33.7547
2010-11-28T06:00:00+00:00,Davis,27.3001,23.8754,30.9955
2010-11-28T07:00:00+00:00,Davis,24.4309,20.9483,27.3001
2010-11-28T08:00:00+00:00,Davis,20.0157,23.7786,24.4309
2010-11-28T09:00:00+00:00,Davis,36.3407,40.0889,20.0157
2010-11-28T10:00:00+00:00,Davis,60.3567,55.2400,36.3407
2010-11-28T11:00:00+00:00,Davis,63.7657,61.2957,60.3567
2010-11-28T12:00:00+00:00,Davis,70.2546,73.6241,63.7657
2010-11-28T13:00:00+00:00,Davis,69.9868,64.1498,70.2546
2010-11-28T14:00:00+00:00,Davis,50.2066,52.0644,69.9868
2010-11-28T15:00:00+00:00,Davis,27.8435,31.3003,50.2066
2010-11-28T16:00:00+00:00,Davis,5.5865,4.6773,27.8435
2010-11-28T17:00:00+00:00,Davis,2.9018,6.1965,5.5865
2010-11-28T18:00:00+00:00,Davis,12.0360,6.4602,2.9018
2010-11-28T19:00:00+00:00,Davis,9.2782,11.1282,12.0360
2010-11-28T20:00:00+00:00,Davis,11.3312,12.3212,9.2782
2010-11-28T21:00:00+00:00,Davis,7.6133,8.8318,11.3312
2010-11-28T22:00:00+00:00,Davis,10.6000,11.3015,7.6133
2010-11-28T23:00:00+00:00,Davis,32.0879,26.8432,10.6000
2010-11-29T00:00:00+00:00,Davis,30.8237,25.4034,32.0879
2010-11-29T01:00:00+00:00,Davis,29.7063,28.8106,30.8237
2010-11-29T02:00:00+00:00,Davis,10.9708,8.9892,29.7063
2010-11-29T03:00:00+00:00,Davis,26.0836,20.8545,10.9708
2010-11-29T04:00:00+00:00,Davis,52.2672,47.4365,26.0836
2010-11-29T05:00:00+00:00,Davis,7.5832,4.2834,52.2672
2010-11-29T06:00:00+00:00,Davis,48.6607,44.1452,7.5832
2010-11-29T07:00:00+00:00,Davis,5.4250,5.4271,48.6607
2010-11-29T08:00:00+00:00,Davis,9.2025,9.6081,5.4250
2010-11-29T09:00:00+00:00,Davis,31.7315,33.0197,9.2025
2010-11-29T10:00:00+00:00,Davis,44.6060,48.3396,31.7315
2010-11-29T11:00:00+00:00,Davis,66.8302,63.1611,44.6060
2010-11-29T12:00:00+00:00,Davis,64.3327,62.0672,66.8302
2010-11-29T13:00:00+00:00,Davis,68.7560,68.4389,64.3327
2010-11-29T14:00:00+00:00,Davis,53.7447,53.6345,68.7560
2010-11-29T15:00:00+00:00,Davis,21.5550,24.8996,53.7447
2010-11-29T16:00:00+00:00,Davis,4.6711,9.1013,21.5550
2010-11-29T17:00:00+00:00,Davis,3.5144,4.8436,4.6711
2010-11-29T18:00:00+00:00,Davis,2.7606,3.4528,3.5144
2010-11-29T19:00:00+00:00,Davis,7.2477,9.3085,2.7606
2010-11-29T20:00:00+00:00,Davis,5.5126,0.0000,7.2477
2010-11-29T21:00:00+00:00,Davis,15.6481,16.1165,5.5126
2010-11-29T22:00:00+00:00,Davis,11.8742,7.6677,15.6481
2010-11-29T23:00:00+00:00,Davis,15.7950,15.7446,11.8742
2010-11-30T00:00:00+00:00,Davis,43.8482,33.8605,15.7950
2010-11-30T01:00:00+00:00,Davis,7.0801,7.0720,43.8482
2010-11-30T02:00:00+00:00,Davis,8.3044,8.4280,7.0801
2010-11-30T03:00:00+00:00,Davis,19.6638,15.7362,8.3044
2010-11-30T04:00:00+00:00,Davis,46.2038,40.7223,19.6638
2010-11-30T05:00:00+00:00,Davis,55.6547,50.1847,46.2038
2010-11-30T06:00:00+00:00,Davis,21.9428,17.7652,55.6547
2010-11-30T07:00:00+00:00,Davis,45.0916,42.1792,21.9428
2010-11-30T08:00:00+00:00,Davis,13.0953,11.8152,45.0916
2010-11-30T09:00:00+00:00,Davis,34.2991,27.8277,13.0953
2010-11-30T10:00:00+00:00,Davis,58.2244,54.7077,34.2991
2010-11-30T11:00:00+00:00,Davis,72.5095,71.5293,58.2244
2010-11-30T12:00:00+00:00,Davis,80.0694,79.0654,72.5095
2010-11-30T13:00:00+00:00,Davis,77.7704,76.7341,80.0694
2010-11-30T14:00:00+00:00,Davis,47.3935,51.2643,77.7704
2010-11-30T15:00:00+00:00,Davis,20.6059,23.0799,47.3935
2010-11-30T16:00:00+00:00,Davis,0.4452,7.7932,20.6059
2010-11-30T17:00:00+00:00,Davis,24.2815,33.2979,0.4452
2010-11-30T18:00:00+00:00,Davis,10.0190,14.1083,24.2815
2010-11-30T19:00:00+00:00,Davis,16.6182,14.2759,10.0190
2010-11-30T20:00:00+00:00,Davis,14.0539,12.3046,16.6182
2010-11-30T21:00:00+00:00,Davis,15.3247,9.2525,14.0539
2010-11-30T22:00:00+00:00,Davis,29.3066,29.7187,15.3247
2010-11-30T23:00:00+00:00,Davis,12.1625,14.2503,29.3066
2010-12-01T00:00:00+00:00,Davis,54.0383,38.5732,12.1625
2010-12-01T01:00:00+00:00,Davis,17.8523,9.1427,54.0383
2010-12-01T02:00:00+00:00,Davis,23.0404,12.6676,17.8523
2010-12-01T03:00:00+00:00,Davis,20.5531,10.1377,23.0404
2010-12-01T04:00:00+00:00,Davis,52.9517,34.3032,20.5531
2010-12-01T05:00:00+00:00,Davis,14.1244,10.9500,52.9517
2010-12-01T06:00:00+00:00,Davis,21.1978,16.1692,14.1244
2010-12-01T07:00:00+00:00,Davis,11.4190,9.1578,21.1978
2010-12-01T08:00:00+00:00,Davis,31.9187,24.9151,11.4190
2010-12-01T09:00:00+00:00,Davis,6.5177,6.5393,31.9187
2010-12-01T10:00:00+00:00,Davis,4.2057,10.0072,6.5177
2010-12-01T11:00:00+00:00,Davis,13.4665,16.9159,4.2057
2010-12-01T12:00:00+00:00,Davis,35.6851,36.0177,13.4665
2010-12-01T13:00:00+00:00,Davis,1.5423,1.3348,35.6851
2010-12-01T14:00:00+00:00,Davis,1.8089,1.8367,1.5423
2010-12-01T15:00:00+00:00,Davis,14.7054,14.3426,1.8089
2010-12-01T16:00:00+00:00,Davis,34.1053,31.0074,14.7054
2010-12-01T17:00:00+00:00,Davis,2.1144,0.3482,34.1053
2010-12-01T18:00:00+00:00,Davis,8.8268,5.7185,2.1144
2010-12-01T19:00:00+00:00,Davis,0.5303,0.0000,8.8268
2010-12-01T20:00:00+00:00,Davis,20.5886,8.8185,0.5303
2010-12-01T21:00:00+00:00,Davis,10.9169,3.9275,20.5886
2010-12-01T22:00:00+00:00,Davis,1.9787,0.0000,10.9169
2010-12-01T23:00:00+00:00,Davis,26.2781,16.3508,1.9787
2010-12-02T00:00:00+00:00,Davis,56.5359,42.8612,26.2781
2010-12-02T01:00:00+00:00,Davis,15.3835,13.9928,56.5359
2010-12-02T02:00:00+00:00,Davis,17.6249,11.6401,15.3835
2010-12-02T03:00:00+00:00,Davis,11.6549,2.8102,17.6249
2010-12-02T04:00:00+00:00,Davis,37.0599,24.9618,11.6549
2010-12-02T05:00:00+00:00,Davis,21.9729,17.2943,37.0599
2010-12-02T06:00:00+00:00,Davis,18.6561,15.0846,21.9729
2010-12-02T07:00:00+00:00,Davis,46.2062,42.1229,18.6561
2010-12-02T08:00:00+00:00,Davis,28.5005,24.1530,46.2062
2010-12-02T09:00:00+00:00,Davis,12.8911,12.6709,28.5005
2010-12-02T10:00:00+00:00,Davis,5.0947,9.2881,12.8911
2010-12-02T11:00:00+00:00,Davis,9.8605,15.8148,5.0947
2010-12-02T12:00:00+00:00,Davis,27.1851,33.2288,9.8605
2010-12-02T13:00:00+00:00,Davis,3.4261,10.1567,27.1851
2010-12-02T14:00:00+00:00,Davis,0.5480,0.0000,3.4261
2010-12-02T15:00:00+00:00,Davis,16.4777,10.5354,0.5480
2010-12-02T16:00:00+00:00,Davis,49.9849,46.9989,16.4777
2010-12-02T17:00:00+00:00,Davis,8.6542,5.5345,49.9849
2010-12-02T18:00:00+00:00,Davis,4.7165,1.3232,8.6542
2010-12-02T19:00:00+00:00,Davis,22.3420,13.5323,4.7165
2010-12-02T20:00:00+00:00,Davis,30.8511,21.2440,22.3420
2010-12-02T21:00:00+00:00,Davis,18.4817,9.4780,30.8511
2010-12-02T22:00:00+00:00,Davis,17.7007,9.5246,18.4817
2010-12-02T23:00:00+00:00,Davis,13.4725,8.9417,17.7007
2010-12-03T00:00:00+00:00,Davis,79.3310,57.6050,13.4725
2010-12-03T01:00:00+00:00,Davis,50.9873,46.7097,79.3310
2010-12-03T02:00:00+00:00,Davis,2.1602,3.3266,50.9873
2010-12-03T03:00:00+00:00,Davis,27.1286,21.3689,2.1602
2010-12-03T04:00:00+00:00,Davis,58.4451,44.7654,27.1286
2010-12-03T05:00:00+00:00,Davis,12.2707,9.3502,58.4451
2010-12-03T06:00:00+00:00,Davis,37.2953,31.4081,12.2707
2010-12-03T07:00:00+00:00,Davis,19.2866,16.6805,37.2953
2010-12-03T08:00:00+00:00,Davis,37.9572,31.2041,19.2866
2010-12-03T09:00:00+00:00,Davis,6.7027,6.2244,37.9572
2010-12-03T10:00:00+00:00,Davis,0.6500,6.2710,6.7027
2010-12-03T11:00:00+00:00,Davis,7.4604,11.6130,0.6500
2010-12-03T12:00:00+00:00,Davis,31.2472,27.7493,7.4604
2010-12-03T13:00:00+00:00,Davis,15.9281,21.6849,31.2472
2010-12-03T14:00:00+00:00,Davis,6.8398,5.4791,15.9281
2010-12-03T15:00:00+00:00,Davis,6.5548,7.3040,6.8398
2010-12-03T16:00:00+00:00,Davis,27.3049,24.0537,6.5548
2010-12-03T17:00:00+00:00,Davis,7.7237,10.0814,27.3049
2010-12-03T18:00:00+00:00,Davis,5.8930,4.6893,7.7237
2010-12-03T19:00:00+00:00,Davis,10.4483,7.1135,5.8930
2010-12-03T20:00:00+00:00,Davis,44.7266,35.2122,10.4483
2010-12-03T21:00:00+00:00,Davis,14.9022,9.3942,44.7266
2010-12-03T22:00:00+00:00,Davis,11.1853,3.2628,14.9022
2010-12-03T23:00:00+00:00,Davis,22.8533,13.4820,11.1853
2010-12-04T00:00:00+00:00,Davis,63.4552,43.4088,22.8533
2010-12-04T01:00:00+00:00,Davis,18.5499,10.5021,63.4552
2010-12-04T02:00:00+00:00,Davis,47.6875,43.0141,18.5499
2010-12-04T03:00:00+00:00,Davis,13.6878,2.9518,47.6875
2010-12-04T04:00:00+00:00,Davis,54.5244,41.6824,13.6878
2010-12-04T05:00:00+00:00,Davis,37.3883,34.1208,54.5244
2010-12-04T06:00:00+00:00,Davis,28.6692,24.0473,37.3883
2010-12-04T07:00:00+00:00,Davis,13.0083,11.3297,28.6692
2010-12-04T08:00:00+00:00,Davis,82.0073,81.5207,13.0083
2010-12-04T09:00:00+00:00,Davis,6.8081,4.4527,82.0073
2010-12-04T10:00:00+00:00,Davis,12.1170,16.2632,6.8081
2010-12-04T11:00:00+00:00,Davis,5.4765,5.3643,12.1170
2010-12-04T12:00:00+00:00,Davis,39.8667,41.2495,5.4765
2010-12-04T13:00:00+00:00,Davis,10.8966,18.7208,39.8667
2010-12-04T14:00:00+00:00,Davis,3.2906,4.7635,10.8966
2010-12-04T15:00:00+00:00,Davis,0.4239,0.0000,3.2906
2010-12-04T16:00:00+00:00,Davis,28.6146,27.7379,0.4239
2010-12-04T17:00:00+00:00,Davis,1.0516,0.4991,28.6146
2010-12-04T18:00:00+00:00,Davis,3.3373,0.0153,1.0516
2010-12-04T19:00:00+00:00,Davis,3.8966,0.0415,3.3373
2010-12-04T20:00:00+00:00,Davis,48.5462,28.2052,3.8966
2010-12-04T21:00:00+00:00,Davis,51.5835,48.4798,48.5462
2010-12-04T22:00:00+00:00,Davis,7.5904,0.9832,51.5835
2010-12-04T23:00:00+00:00,Davis,16.3814,9.7179,7.5904
2010-12-05T00:00:00+00:00,Davis,41.9229,30.0361,16.3814
2010-12-05T01:00:00+00:00,Davis,28.4045,18.5801,41.9229
2010-12-05T02:00:00+00:00,Davis,22.8727,17.6733,28.4045
2010-12-05T03:00:00+00:00,Davis,14.5878,12.1124,22.8727
2010-12-05T04:00:00+00:00,Davis,38.4939,27.2374,14.5878
2010-12-05T05:00:00+00:00,Davis,35.8811,32.7330,38.4939
2010-12-05T06:00:00+00:00,Davis,14.5500,11.4930,35.8811
2010-12-05T07:00:00+00:00,Davis,27.6430,23.4239,14.5500
2010-12-05T08:00:00+00:00,Davis,30.2699,24.1530,27.6430
2010-12-05T09:00:00+00:00,Davis,15.7946,16.3500,30.2699
2010-12-05T10:00:00+00:00,Davis,6.7446,9.0718,15.7946
2010-12-05T11:00:00+00:00,Davis,14.5325,18.3188,6.7446
2010-12-05T12:00:00+00:00,Davis,40.0127,40.2460,14.5325
2010-12-05T13:00:00+00:00,Davis,0.2220,1.0779,40.0127
2010-12-05T14:00:00+00:00,Davis,3.9585,4.6888,0.2220
2010-12-05T15:00:00+00:00,Davis,4.6544,0.0000,3.9585
2010-12-05T16:00:00+00:00,Davis,41.0396,37.9972,4.6544
2010-12-05T17:00:00+00:00,Davis,3.6117,2.8378,41.0396
2010-12-05T18:00:00+00:00,Davis,7.5429,4.9541,3.6117
2010-12-05T19:00:00+00:00,Davis,1.5224,0.0000,7.5429
2010-12-05T20:00:00+00:00,Davis,41.8586,26.8762,1.5224
2010-12-05T21:00:00+00:00,Davis,7.9076,0.3247,41.8586
2010-12-05T22:00:00+00:00,Davis,8.4463,1.3479,7.9076
2010-12-05T23:00:00+00:00,Davis,31.5617,26.2008,8.4463
2010-12-06T00:00:00+00:00,Davis,46.6234,32.4214,31.5617
2010-12-06T01:00:00+00:00,Davis,33.2194,24.5476,46.6234
2010-12-06T02:00:00+00:00,Davis,14.3026,12.5005,33.2194
2010-12-06T03:00:00+00:00,Davis,19.4665,15.4180,14.3026
2010-12-06T04:00:00+00:00,Davis,55.8948,43.6925,19.4665
2010-12-06T05:00:00+00:00,Davis,23.3845,18.6444,55.8948
2010-12-06T06:00:00+00:00,Davis,7.2083,4.7322,23.3845
2010-12-06T07:00:00+00:00,Davis,34.1122,31.8666,7.2083
2010-12-06T08:00:00+00:00,Davis,51.2566,44.4856,34.1122
2010-12-06T09:00:00+00:00,Davis,29.8724,28.7444,51.2566
2010-12-06T10:00:00+00:00,Davis,23.4288,25.0250,29.8724
2010-12-06T11:00:00+00:00,Davis,2.6805,9.3432,23.4288
2010-12-06T12:00:00+00:00,Davis,53.3755,51.2862,2.6805
2010-12-06T13:00:00+00:00,Davis,1.8899,7.7330,53.3755
2010-12-06T14:00:00+00:00,Davis,3.3701,3.0986,1.8899
2010-12-06T15:00:00+00:00,Davis,0.6840,0.5686,3.3701
2010-12-06T16:00:00+00:00,Davis,37.2610,31.4256,0.6840
2010-12-06T17:00:00+00:00,Davis,5.7422,5.6207,37.2610
2010-12-06T18:00:00+00:00,Davis,0.6880,0.0000,5.7422
2010-12-06T19:00:00+00:00,Davis,2.9520,0.0000,0.6880
2010-12-06T20:00:00+00:00,Davis,44.6193,31.7370,2.9520
2010-12-06T21:00:00+00:00,Davis,19.9463,10.0304,44.6193
2010-12-06T22:00:00+00:00,Davis,25.0646,15.6487,19.9463
2010-12-06T23:00:00+00:00,Davis,23.8958,17.3216,25.0646
2010-12-07T00:00:00+00:00,Davis,46.1485,38.6097,23.8958
2010-12-07T01:00:00+00:00,Davis,20.8817,15.9312,46.1485
2010-12-07T02:00:00+00:00,Davis,41.3617,33.4234,20.8817
2010-12-07T03:00:00+00:00,Davis,14.2854,6.2763,41.3617
2010-12-07T04:00:00+00:00,Davis,56.7290,42.0207,14.2854
2010-12-07T05:00:00+00:00,Davis,22.8238,18.1020,56.7290
2010-12-07T06:00:00+00:00,Davis,7.5792,4.9237,22.8238
2010-12-07T07:00:00+00:00,Davis,18.6173,16.3153,7.5792
2010-12-07T08:00:00+00:00,Davis,25.2889,21.1755,18.6173
2010-12-07T09:00:00+00:00,Davis,3.2265,4.0443,25.2889
2010-12-07T10:00:00+00:00,Davis,6.3625,9.7018,3.2265
2010-12-07T11:00:00+00:00,Davis,30.4552,30.6988,6.3625
2010-12-07T12:00:00+00:00,Davis,26.7944,31.4269,30.4552
2010-12-07T13:00:00+00:00,Davis,0.7836,9.1437,26.7944
2010-12-07T14:00:00+00:00,Davis,7.8613,7.8698,0.7836
2010-12-07T15:00:00+00:00,Davis,12.4100,11.8743,7.8613
2010-12-07T16:00:00+00:00,Davis,24.5713,18.5110,12.4100
2010-12-07T17:00:00+00:00,Davis,5.5218,1.9100,24.5713
2010-12-07T18:00:00+00:00,Davis,11.4788,5.6668,5.5218
2010-12-07T19:00:00+00:00,Davis,8.8311,3.0252,11.4788
2010-12-07T20:00:00+00:00,Davis,20.1635,9.8081,8.8311
2010-12-07T21:00:00+00:00,Davis,10.1597,3.9275,20.1635
2010-12-07T22:00:00+00:00,Davis,12.0604,6.3751,10.1597
2010-12-07T23:00:00+00:00,Davis,35.1147,28.3790,12.0604
2010-12-08T00:00:00+00:00,Davis,50.3464,32.9777,35.1147
2010-12-08T01:00:00+00:00,Davis,23.1160,11.2981,50.3464
2010-12-08T02:00:00+00:00,Davis,3.5072,0.0000,23.1160
2010-12-08T03:00:00+00:00,Davis,18.2665,15.4127,3.5072
2010-12-08T04:00:00+00:00,Davis,44.7278,35.3435,18.2665
2010-12-08T05:00:00+00:00,Davis,33.7651,25.2352,44.7278
2010-12-08T06:00:00+00:00,Davis,10.7512,7.6938,33.7651
2010-12-08T07:00:00+00:00,Davis,18.0227,7.8992,10.7512
2010-12-08T08:00:00+00:00,Davis,37.8974,35.9679,18.0227
2010-12-08T09:00:00+00:00,Davis,13.4869,12.4307,37.8974
2010-12-08T10:00:00+00:00,Davis,14.6878,16.2915,13.4869
2010-12-08T11:00:00+00:00,Davis,4.9994,8.1532,14.6878
2010-12-08T12:00:00+00:00,Davis,37.6740,40.8299,4.9994
2010-12-08T13:00:00+00:00,Davis,2.5681,9.2607,37.6740
2010-12-08T14:00:00+00:00,Davis,23.2024,17.7657,2.5681
2010-12-08T15:00:00+00:00,Davis,8.9710,6.6118,23.2024
2010-12-08T16:00:00+00:00,Davis,32.0975,26.9040,8.9710
2010-12-08T17:00:00+00:00,Davis,14.3990,8.7765,32.0975
2010-12-08T18:00:00+00:00,Davis,14.2874,7.0853,14.3990
2010-12-08T19:00:00+00:00,Davis,0.8536,0.0000,14.2874
2010-12-08T20:00:00+00:00,Davis,40.7024,23.9927,0.8536
2010-12-08T21:00:00+00:00,Davis,24.0353,18.7150,40.7024
2010-12-08T22:00:00+00:00,Davis,14.8115,6.9085,24.0353
2010-12-08T23:00:00+00:00,Davis,33.3371,27.5955,14.8115
2010-12-09T00:00:00+00:00,Davis,48.9175,35.6029,33.3371
2010-12-09T01:00:00+00:00,Davis,22.2416,12.5319,48.9175
2010-12-09T02:00:00+00:00,Davis,32.1156,19.2526,22.2416
2010-12-09T03:00:00+00:00,Davis,27.8720,24.8697,32.1156
2010-12-09T04:00:00+00:00,Davis,52.2348,38.3755,27.8720
2010-12-09T05:00:00+00:00,Davis,15.6506,11.3892,52.2348
2010-12-09T06:00:00+00:00,Davis,17.3298,13.0504,15.6506
2010-12-09T07:00:00+00:00,Davis,18.7036,17.5289,17.3298
2010-12-09T08:00:00+00:00,Davis,38.8787,37.1334,18.7036
2010-12-09T09:00:00+00:00,Davis,20.2439,18.5557,38.8787
2010-12-09T10:00:00+00:00,Davis,21.9595,23.4914,20.2439
2010-12-09T11:00:00+00:00,Davis,6.1481,9.6534,21.9595
2010-12-09T12:00:00+00:00,Davis,33.3622,36.3216,6.1481
2010-12-09T13:00:00+00:00,Davis,1.6247,6.9988,33.3622
2010-12-09T14:00:00+00:00,Davis,5.0385,10.4771,1.6247
2010-12-09T15:00:00+00:00,Davis,2.4092,8.0067,5.0385
2010-12-09T16:00:00+00:00,Davis,27.3247,25.9138,2.4092
2010-12-09T17:00:00+00:00,Davis,5.2629,4.0404,27.3247
2010-12-09T18:00:00+00:00,Davis,2.6711,0.0351,5.2629
2010-12-09T19:00:00+00:00,Davis,5.0081,0.4092,2.6711
2010-12-09T20:00:00+00:00,Davis,27.1892,15.2082,5.0081
2010-12-09T21:00:00+00:00,Davis,31.1554,26.9014,27.1892
2010-12-09T22:00:00+00:00,Davis,9.6339,8.8045,31.1554
2010-12-09T23:00:00+00:00,Davis,30.0280,23.4570,9.6339
2010-12-10T00:00:00+00:00,Davis,64.5283,51.4333,30.0280
2010-12-10T01:00:00+00:00,Davis,33.1947,23.2310,64.5283
2010-12-10T02:00:00+00:00,Davis,31.0939,29.5664,33.1947
2010-12-10T03:00:00+00:00,Davis,19.3121,10.2595,31.0939
2010-12-10T04:00:00+00:00,Davis,38.7836,32.0230,19.3121
2010-12-10T05:00:00+00:00,Davis,43.4628,32.1636,38.7836
2010-12-10T06:00:00+00:00,Davis,35.1752,25.8359,43.4628
2010-12-10T07:00:00+00:00,Davis,7.6459,8.9608,35.1752
2010-12-10T08:00:00+00:00,Davis,32.4043,30.6787,7.6459
2010-12-10T09:00:00+00:00,Davis,9.4579,9.1783,32.4043
2010-12-10T10:00:00+00:00,Davis,1.9615,5.1574,9.4579
2010-12-10T11:00:00+00:00,Davis,19.4318,24.4669,1.9615
2010-12-10T12:00:00+00:00,Davis,32.7121,37.2442,19.4318
2010-12-10T13:00:00+00:00,Davis,14.0189,19.3626,32.7121
2010-12-10T14:00:00+00:00,Davis,17.7011,17.9487,14.0189
2010-12-10T15:00:00+00:00,Davis,8.5382,7.1660,17.7011
2010-12-10T16:00:00+00:00,Davis,19.1198,13.2664,8.5382
2010-12-10T17:00:00+00:00,Davis,3.8817,4.1161,19.1198
2010-12-10T18:00:00+00:00,Davis,2.9443,0.0000,3.8817
2010-12-10T19:00:00+00:00,Davis,0.8197,0.0000,2.9443
2010-12-10T20:00:00+00:00,Davis,30.6980,19.8902,0.8197
2010-12-10T21:00:00+00:00,Davis,13.8328,7.0826,30.6980
2010-12-10T22:00:00+00:00,Davis,27.7659,21.8600,13.8328
2010-12-10T23:00:00+00:00,Davis,11.9379,7.5413,27.7659
2010-12-11T00:00:00+00:00,Davis,64.9863,49.8429,11.9379
2010-12-11T01:00:00+00:00,Davis,33.2367,32.0687,64.9863
2010-12-11T02:00:00+00:00,Davis,9.6395,1.9487,33.2367
2010-12-11T03:00:00+00:00,Davis,19.7433,15.6257,9.6395
2010-12-11T04:00:00+00:00,Davis,62.1648,49.6302,19.7433
2010-12-11T05:00:00+00:00,Davis,15.9170,10.9052,62.1648
2010-12-11T06:00:00+00:00,Davis,8.6976,6.4940,15.9170
2010-12-11T07:00:00+00:00,Davis,30.3788,27.5524,8.6976
2010-12-11T08:00:00+00:00,Davis,37.7882,37.1076,30.3788
2010-12-11T09:00:00+00:00,Davis,16.0920,14.7823,37.7882
2010-12-11T10:00:00+00:00,Davis,29.8777,33.7288,16.0920
2010-12-11T11:00:00+00:00,Davis,6.3560,11.2706,29.8777
2010-12-11T12:00:00+00:00,Davis,28.1548,33.5618,6.3560
2010-12-11T13:00:00+00:00,Davis,3.6855,4.6835,28.1548
2010-12-11T14:00:00+00:00,Davis,9.3534,8.6938,3.6855
2010-12-11T15:00:00+00:00,Davis,4.8213,1.8340,9.3534
2010-12-11T16:00:00+00:00,Davis,27.9267,27.7005,4.8213
2010-12-11T17:00:00+00:00,Davis,0.6498,0.0913,27.9267
2010-12-11T18:00:00+00:00,Davis,6.4431,2.2875,0.6498
2010-12-11T19:00:00+00:00,Davis,6.9133,2.3542,6.4431
2010-12-11T20:00:00+00:00,Davis,31.7958,19.7151,6.9133
2010-12-11T21:00:00+00:00,Davis,13.8498,6.6937,31.7958
2010-12-11T22:00:00+00:00,Davis,22.5294,14.5835,13.8498
2010-12-11T23:00:00+00:00,Davis,20.8853,12.4323,22.5294
2010-12-12T00:00:00+00:00,Davis,33.9382,24.1139,20.8853
2010-12-12T01:00:00+00:00,Davis,0.5990,0.0846,33.9382
2010-12-12T02:00:00+00:00,Davis,10.7558,7.3074,0.5990
2010-12-12T03:00:00+00:00,Davis,20.9429,13.1797,10.7558
2010-12-12T04:00:00+00:00,Davis,45.1785,32.0412,20.9429
2010-12-12T05:00:00+00:00,Davis,13.2689,9.9487,45.1785
2010-12-12T06:00:00+00:00,Davis,36.2296,31.9053,13.2689
2010-12-12T07:00:00+00:00,Davis,9.3699,8.2640,36.2296
2010-12-12T08:00:00+00:00,Davis,58.9820,48.1731,9.3699
2010-12-12T09:00:00+00:00,Davis,26.5939,20.0381,58.9820
2010-12-12T10:00:00+00:00,Davis,8.2007,11.3397,26.5939
2010-12-12T11:00:00+00:00,Davis,3.1288,9.4869,8.2007
2010-12-12T12:00:00+00:00,Davis,28.4497,36.2809,3.1288
2010-12-12T13:00:00+00:00,Davis,3.7383,12.1399,28.4497
2010-12-12T14:00:00+00:00,Davis,1.8023,5.4312,3.7383
2010-12-12T15:00:00+00:00,Davis,1.5230,8.7180,1.8023
2010-12-12T16:00:00+00:00,Davis,23.5239,19.9332,1.5230
2010-12-12T17:00:00+00:00,Davis,11.5662,5.9144,23.5239
2010-12-12T18:00:00+00:00,Davis,10.4244,6.3606,11.5662
2010-12-12T19:00:00+00:00,Davis,0.3532,0.0000,10.4244
2010-12-12T20:00:00+00:00,Davis,34.9464,21.8314,0.3532
2010-12-12T21:00:00+00:00,Davis,9.3344,2.2312,34.9464
2010-12-12T22:00:00+00:00,Davis,6.2393,0.9307,9.3344
2010-12-12T23:00:00+00:00,Davis,10.0400,4.3735,6.2393
2010-12-13T00:00:00+00:00,Davis,37.5606,24.4282,10.0400
2010-12-13T01:00:00+00:00,Davis,7.7714,0.5110,37.5606
2010-12-13T02:00:00+00:00,Davis,36.0143,27.2074,7.7714
2010-12-13T03:00:00+00:00,Davis,13.7205,10.8297,36.0143
2010-12-13T04:00:00+00:00,Davis,32.9115,21.5150,13.7205
2010-12-13T05:00:00+00:00,Davis,21.6045,17.4102,32.9115
2010-12-13T06:00:00+00:00,Davis,17.2391,13.8341,21.6045
2010-12-13T07:00:00+00:00,Davis,5.7290,5.4271,17.2391
2010-12-13T08:00:00+00:00,Davis,43.1923,34.3629,5.7290
2010-12-13T09:00:00+00:00,Davis,12.8750,13.2799,43.1923
2010-12-13T10:00:00+00:00,Davis,9.2983,12.3729,12.8750
2010-12-13T11:00:00+00:00,Davis,1.6417,9.0723,9.2983
2010-12-13T12:00:00+00:00,Davis,33.3820,36.1176,1.6417
2010-12-13T13:00:00+00:00,Davis,6.8498,9.8506,33.3820
2010-12-13T14:00:00+00:00,Davis,2.5199,4.2577,6.8498
2010-12-13T15:00:00+00:00,Davis,0.7178,0.4615,2.5199
2010-12-13T16:00:00+00:00,Davis,23.9156,24.0635,0.7178
2010-12-13T17:00:00+00:00,Davis,0.6864,0.4558,23.9156
2010-12-13T18:00:00+00:00,Davis,0.2166,0.5770,0.6864
2010-12-13T19:00:00+00:00,Davis,3.7834,0.1691,0.2166
2010-12-13T20:00:00+00:00,Davis,42.3806,25.6034,3.7834
2010-12-13T21:00:00+00:00,Davis,6.9900,1.2034,42.3806
2010-12-13T22:00:00+00:00,Davis,20.9797,14.7629,6.9900
2010-12-13T23:00:00+00:00,Davis,42.3598,39.3454,20.9797
2010-12-14T00:00:00+00:00,Davis,47.8750,31.6113,42.3598
2010-12-14T01:00:00+00:00,Davis,19.1316,9.8571,47.8750
2010-12-14T02:00:00+00:00,Davis,13.9994,11.3940,19.1316
2010-12-14T03:00:00+00:00,Davis,22.8980,16.6758,13.9994
2010-12-14T04:00:00+00:00,Davis,45.7829,36.5678,22.8980
2010-12-14T05:00:00+00:00,Davis,20.3673,15.4089,45.7829
2010-12-14T06:00:00+00:00,Davis,25.1235,21.7304,20.3673
2010-12-14T07:00:00+00:00,Davis,11.2668,3.2861,25.1235
2010-12-14T08:00:00+00:00,Davis,41.1264,38.5195,11.2668
2010-12-14T09:00:00+00:00,Davis,3.9309,5.6614,41.1264
2010-12-14T10:00:00+00:00,Davis,15.2236,17.1537,3.9309
2010-12-14T11:00:00+00:00,Davis,4.4108,2.8121,15.2236
2010-12-14T12:00:00+00:00,Davis,32.8430,37.9858,4.4108
2010-12-14T13:00:00+00:00,Davis,4.1667,10.4719,32.8430
2010-12-14T14:00:00+00:00,Davis,4.1202,10.2521,4.1667
2010-12-14T15:00:00+00:00,Davis,1.9549,0.0000,4.1202
2010-12-14T16:00:00+00:00,Davis,39.7228,33.8474,1.9549
2010-12-14T17:00:00+00:00,Davis,0.0812,3.8637,39.7228
2010-12-14T18:00:00+00:00,Davis,4.7955,4.5453,0.0812
2010-12-14T19:00:00+00:00,Davis,8.3187,4.9560,4.7955
2010-12-14T20:00:00+00:00,Davis,26.6305,14.9044,8.3187
2010-12-14T21:00:00+00:00,Davis,9.3811,2.9668,26.6305
2010-12-14T22:00:00+00:00,Davis,13.0731,7.7515,9.3811
2010-12-14T23:00:00+00:00,Davis,16.9433,9.8893,13.0731
2010-12-15T00:00:00+00:00,Davis,55.2329,40.8362,16.9433
2010-12-15T01:00:00+00:00,Davis,23.1080,13.2900,55.2329
2010-12-15T02:00:00+00:00,Davis,28.9588,16.2887,23.1080
2010-12-15T03:00:00+00:00,Davis,16.5757,7.5026,28.9588
2010-12-15T04:00:00+00:00,Davis,76.5065,60.7834,16.5757
2010-12-15T05:00:00+00:00,Davis,24.4885,21.0357,76.5065
2010-12-15T06:00:00+00:00,Davis,28.7379,25.5323,24.4885
2010-12-15T07:00:00+00:00,Davis,27.1038,22.4224,28.7379
2010-12-15T08:00:00+00:00,Davis,33.4762,29.4659,27.1038
2010-12-15T09:00:00+00:00,Davis,6.1818,5.3656,33.4762
2010-12-15T10:00:00+00:00,Davis,22.0779,24.3202,6.1818
2010-12-15T11:00:00+00:00,Davis,13.6734,15.1882,22.0779
2010-12-15T12:00:00+00:00,Davis,29.9894,36.3066,13.6734
2010-12-15T13:00:00+00:00,Davis,1.4562,5.4312,29.9894
2010-12-15T14:00:00+00:00,Davis,3.8534,1.4125,1.4562
2010-12-15T15:00:00+00:00,Davis,2.1423,1.9441,3.8534
2010-12-15T16:00:00+00:00,Davis,46.5230,38.3440,2.1423
2010-12-15T17:00:00+00:00,Davis,4.1320,0.9358,46.5230
2010-12-15T18:00:00+00:00,Davis,12.9210,7.4892,4.1320
2010-12-15T19:00:00+00:00,Davis,8.0151,2.7580,12.9210
2010-12-15T20:00:00+00:00,Davis,35.7717,26.8752,8.0151
2010-12-15T21:00:00+00:00,Davis,2.7703,0.0000,35.7717
2010-12-15T22:00:00+00:00,Davis,12.7017,3.1384,2.7703
2010-12-15T23:00:00+00:00,Davis,28.2755,21.2643,12.7017
2010-12-16T00:00:00+00:00,Davis,41.7180,26.0614,28.2755
2010-12-16T01:00:00+00:00,Davis,31.5214,28.7517,41.7180
2010-12-16T02:00:00+00:00,Davis,36.9603,27.6257,31.5214
2010-12-16T03:00:00+00:00,Davis,37.8277,33.9473,36.9603
2010-12-16T04:00:00+00:00,Davis,45.7010,35.4407,37.8277
2010-12-16T05:00:00+00:00,Davis,34.0314,30.0162,45.7010
2010-12-16T06:00:00+00:00,Davis,15.8345,12.7319,34.0314
2010-12-16T07:00:00+00:00,Davis,21.9373,19.8095,15.8345
2010-12-16T08:00:00+00:00,Davis,28.0098,24.9151,21.9373
2010-12-16T09:00:00+00:00,Davis,26.4553,24.8425,28.0098
2010-12-16T10:00:00+00:00,Davis,9.2223,11.1722,26.4553
2010-12-16T11:00:00+00:00,Davis,7.9658,15.8049,9.2223
2010-12-16T12:00:00+00:00,Davis,24.2303,33.4332,7.9658
2010-12-16T13:00:00+00:00,Davis,8.7103,10.5890,24.2303
2010-12-16T14:00:00+00:00,Davis,1.3100,8.4564,8.7103
2010-12-16T15:00:00+00:00,Davis,8.4693,10.9651,1.3100
2010-12-16T16:00:00+00:00,Davis,32.7865,25.3618,8.4693
2010-12-16T17:00:00+00:00,Davis,4.5712,0.9358,32.7865
2010-12-16T18:00:00+00:00,Davis,18.5743,19.6912,4.5712
2010-12-16T19:00:00+00:00,Davis,4.7750,0.0000,18.5743
2010-12-16T20:00:00+00:00,Davis,39.5999,26.9609,4.7750
2010-12-16T21:00:00+00:00,Davis,19.0834,12.1430,39.5999
2010-12-16T22:00:00+00:00,Davis,17.9129,12.0853,19.0834
2010-12-16T23:00:00+00:00,Davis,36.1961,29.5188,17.9129
2010-12-17T00:00:00+00:00,Davis,65.6721,39.8078,36.1961
2010-12-17T01:00:00+00:00,Davis,34.1491,29.0917,65.6721
2010-12-17T02:00:00+00:00,Davis,58.9236,56.3147,34.1491
2010-12-17T03:00:00+00:00,Davis,39.2439,37.4794,58.9236
2010-12-17T04:00:00+00:00,Davis,59.7599,45.8124,39.2439
2010-12-17T05:00:00+00:00,Davis,26.8449,23.2009,59.7599
2010-12-17T06:00:00+00:00,Davis,34.9507,29.1423,26.8449
2010-12-17T07:00:00+00:00,Davis,19.4616,16.6805,34.9507
2010-12-17T08:00:00+00:00,Davis,27.8583,25.2127,19.4616
2010-12-17T09:00:00+00:00,Davis,18.8953,17.6559,27.8583
2010-12-17T10:00:00+00:00,Davis,5.1106,8.7811,18.8953
2010-12-17T11:00:00+00:00,Davis,10.5133,16.6989,5.1106
2010-12-17T12:00:00+00:00,Davis,40.1050,38.2801,10.5133
2010-12-17T13:00:00+00:00,Davis,1.8197,6.7419,40.1050
2010-12-17T14:00:00+00:00,Davis,18.7724,26.1973,1.8197
2010-12-17T15:00:00+00:00,Davis,1.8734,1.3117,18.7724
2010-12-17T16:00:00+00:00,Davis,28.2496,27.6016,1.8734
2010-12-17T17:00:00+00:00,Davis,5.4153,1.9100,28.2496
2010-12-17T18:00:00+00:00,Davis,1.0974,2.5412,5.4153
2010-12-17T19:00:00+00:00,Davis,3.0209,1.7053,1.0974
2010-12-17T20:00:00+00:00,Davis,21.6096,12.4024,3.0209
2010-12-17T21:00:00+00:00,Davis,2.9793,0.0000,21.6096
2010-12-17T22:00:00+00:00,Davis,23.2393,14.7181,2.9793
2010-12-17T23:00:00+00:00,Davis,15.1621,9.0492,23.2393
2010-12-18T00:00:00+00:00,Davis,46.4933,30.9578,15.1621
2010-12-18T01:00:00+00:00,Davis,6.0402,1.7976,46.4933
2010-12-18T02:00:00+00:00,Davis,28.3297,19.3397,6.0402
2010-12-18T03:00:00+00:00,Davis,26.0826,14.8281,28.3297
2010-12-18T04:00:00+00:00,Davis,41.1155,28.6069,26.0826
2010-12-18T05:00:00+00:00,Davis,16.0293,9.5224,41.1155
2010-12-18T06:00:00+00:00,Davis,4.1254,5.8594,16.0293
2010-12-18T07:00:00+00:00,Davis,5.3592,5.6926,4.1254
2010-12-18T08:00:00+00:00,Davis,44.4499,38.6240,5.3592
2010-12-18T09:00:00+00:00,Davis,1.6416,5.5345,44.4499
2010-12-18T10:00:00+00:00,Davis,20.0939,20.7422,1.6416
2010-12-18T11:00:00+00:00,Davis,5.0855,9.9528,20.0939
2010-12-18T12:00:00+00:00,Davis,30.0735,34.3174,5.0855
2010-12-18T13:00:00+00:00,Davis,1.5293,4.2257,30.0735
2010-12-18T14:00:00+00:00,Davis,0.6773,1.2420,1.5293
2010-12-18T15:00:00+00:00,Davis,8.7041,6.9436,0.6773
2010-12-18T16:00:00+00:00,Davis,24.3507,18.5110,8.7041
2010-12-18T17:00:00+00:00,Davis,14.9990,12.2627,24.3507
2010-12-18T18:00:00+00:00,Davis,12.2534,8.4884,14.9990
2010-12-18T19:00:00+00:00,Davis,2.1320,0.0000,12.2534
2010-12-18T20:00:00+00:00,Davis,46.8963,27.6457,2.1320
2010-12-18T21:00:00+00:00,Davis,3.6057,1.0365,46.8963
2010-12-18T22:00:00+00:00,Davis,11.7443,9.3928,3.6057
2010-12-18T23:00:00+00:00,Davis,23.3274,15.2466,11.7443
2010-12-19T00:00:00+00:00,Davis,48.6169,34.4415,23.3274
2010-12-19T01:00:00+00:00,Davis,82.4372,81.7368,48.6169
2010-12-19T02:00:00+00:00,Davis,28.5682,24.1936,82.4372
2010-12-19T03:00:00+00:00,Davis,45.6192,39.5973,28.5682
2010-12-19T04:00:00+00:00,Davis,52.2259,37.5797,45.6192
2010-12-19T05:00:00+00:00,Davis,52.7688,45.4711,52.2259
2010-12-19T06:00:00+00:00,Davis,16.5502,13.7322,52.7688
2010-12-19T07:00:00+00:00,Davis,32.4516,26.7852,16.5502
2010-12-19T08:00:00+00:00,Davis,42.3408,36.8861,32.4516
2010-12-19T09:00:00+00:00,Davis,3.8931,5.4568,42.3408
2010-12-19T10:00:00+00:00,Davis,11.9368,14.7318,3.8931
2010-12-19T11:00:00+00:00,Davis,10.9808,16.1659,11.9368
2010-12-19T12:00:00+00:00,Davis,29.7505,34.4167,10.9808
2010-12-19T13:00:00+00:00,Davis,1.5147,3.3448,29.7505
2010-12-19T14:00:00+00:00,Davis,0.6992,8.8285,1.5147
2010-12-19T15:00:00+00:00,Davis,3.3603,1.1972,0.6992
2010-12-19T16:00:00+00:00,Davis,42.0914,33.1089,3.3603
2010-12-19T17:00:00+00:00,Davis,2.6544,0.6225,42.0914
2010-12-19T18:00:00+00:00,Davis,7.3325,3.1439,2.6544
2010-12-19T19:00:00+00:00,Davis,3.6105,0.0000,7.3325
2010-12-19T20:00:00+00:00,Davis,47.6968,32.4445,3.6105
2010-12-19T21:00:00+00:00,Davis,2.3809,0.0000,47.6968
2010-12-19T22:00:00+00:00,Davis,17.3197,10.6901,2.3809
2010-12-19T23:00:00+00:00,Davis,22.9324,14.5793,17.3197
2010-12-20T00:00:00+00:00,Davis,29.2025,19.7859,22.9324
2010-12-20T01:00:00+00:00,Davis,27.8876,26.0536,29.2025
2010-12-20T02:00:00+00:00,Davis,44.7319,36.5047,27.8876
2010-12-20T03:00:00+00:00,Davis,11.8164,6.8407,44.7319
2010-12-20T04:00:00+00:00,Davis,50.0402,33.0655,11.8164
2010-12-20T05:00:00+00:00,Davis,10.9205,7.1583,50.0402
2010-12-20T06:00:00+00:00,Davis,18.7061,15.1336,10.9205
2010-12-20T07:00:00+00:00,Davis,19.0486,17.2334,18.7061
2010-12-20T08:00:00+00:00,Davis,42.0554,39.8002,19.0486
2010-12-20T09:00:00+00:00,Davis,8.2809,9.1093,42.0554
2010-12-20T10:00:00+00:00,Davis,6.9016,9.7018,8.2809
2010-12-20T11:00:00+00:00,Davis,1.5029,9.0190,6.9016
2010-12-20T12:00:00+00:00,Davis,26.9806,34.8156,1.5029
2010-12-20T13:00:00+00:00,Davis,1.4763,9.4606,26.9806
2010-12-20T14:00:00+00:00,Davis,7.3537,14.1884,1.4763
2010-12-20T15:00:00+00:00,Davis,2.9158,3.0290,7.3537
2010-12-20T16:00:00+00:00,Davis,34.7275,28.9355,2.9158
2010-12-20T17:00:00+00:00,Davis,8.8525,5.9909,34.7275
2010-12-20T18:00:00+00:00,Davis,3.1938,1.1957,8.8525
2010-12-20T19:00:00+00:00,Davis,7.0181,4.9166,3.1938
2010-12-20T20:00:00+00:00,Davis,23.3448,9.2391,7.0181
2010-12-20T21:00:00+00:00,Davis,13.7468,8.4407,23.3448
2010-12-20T22:00:00+00:00,Davis,14.5246,7.2557,13.7468
2010-12-20T23:00:00+00:00,Davis,7.8414,1.9403,14.5246
2010-12-21T00:00:00+00:00,Davis,42.2186,31.3471,7.8414
2010-12-21T01:00:00+00:00,Davis,32.6125,27.8066,42.2186
2010-12-21T02:00:00+00:00,Davis,18.6266,12.8956,32.6125
2010-12-21T03:00:00+00:00,Davis,27.3156,19.3455,18.6266
2010-12-21T04:00:00+00:00,Davis,49.9654,33.0676,27.3156
2010-12-21T05:00:00+00:00,Davis,35.0966,32.5313,49.9654
2010-12-21T06:00:00+00:00,Davis,16.2016,12.3685,35.0966
2010-12-21T07:00:00+00:00,Davis,20.2064,18.2232,16.2016
2010-12-21T08:00:00+00:00,Davis,34.6723,33.2115,20.2064
2010-12-21T09:00:00+00:00,Davis,15.3883,16.6618,34.6723
2010-12-21T10:00:00+00:00,Davis,15.8961,18.4379,15.3883
2010-12-21T11:00:00+00:00,Davis,14.8914,20.7020,15.8961
2010-12-21T12:00:00+00:00,Davis,32.9870,30.7943,14.8914
2010-12-21T13:00:00+00:00,Davis,5.8459,6.7521,32.9870
2010-12-21T14:00:00+00:00,Davis,2.2753,1.8141,5.8459
2010-12-21T15:00:00+00:00,Davis,13.1815,14.3419,2.2753
2010-12-21T16:00:00+00:00,Davis,46.6482,38.5173,13.1815
2010-12-21T17:00:00+00:00,Davis,14.0693,8.3591,46.6482
2010-12-21T18:00:00+00:00,Davis,2.9284,0.5955,14.0693
2010-12-21T19:00:00+00:00,Davis,2.7581,0.0000,2.9284
2010-12-21T20:00:00+00:00,Davis,28.3039,21.4316,2.7581
2010-12-21T21:00:00+00:00,Davis,13.9866,9.8523,28.3039
2010-12-21T22:00:00+00:00,Davis,14.2431,8.9126,13.9866
2010-12-21T23:00:00+00:00,Davis,24.5448,25.3829,14.2431
2010-12-22T00:00:00+00:00,Davis,37.2636,23.2612,24.5448
2010-12-22T01:00:00+00:00,Davis,18.0668,9.1751,37.2636
2010-12-22T02:00:00+00:00,Davis,13.5866,7.1610,18.0668
2010-12-22T03:00:00+00:00,Davis,17.4197,12.6729,13.5866
2010-12-22T04:00:00+00:00,Davis,52.7018,37.4946,17.4197
2010-12-22T05:00:00+00:00,Davis,13.9812,10.4710,52.7018
2010-12-22T06:00:00+00:00,Davis,22.2754,16.3929,13.9812
2010-12-22T07:00:00+00:00,Davis,18.7945,15.5431,22.2754
2010-12-22T08:00:00+00:00,Davis,38.9035,33.7766,18.7945
2010-12-22T09:00:00+00:00,Davis,19.2416,15.8841,38.9035
2010-12-22T10:00:00+00:00,Davis,28.5316,31.8972,19.2416
2010-12-22T11:00:00+00:00,Davis,16.9796,13.3710,28.5316
2010-12-22T12:00:00+00:00,Davis,33.2390,32.5629,16.9796
2010-12-22T13:00:00+00:00,Davis,6.9950,4.9119,33.2390
2010-12-22T14:00:00+00:00,Davis,0.5080,3.1449,6.9950
2010-12-22T15:00:00+00:00,Davis,0.0103,0.0000,0.5080
2010-12-22T16:00:00+00:00,Davis,31.8267,23.7464,0.0103
2010-12-22T17:00:00+00:00,Davis,3.8288,3.3591,31.8267
2010-12-22T18:00:00+00:00,Davis,28.5583,17.3744,3.8288
2010-12-22T19:00:00+00:00,Davis,12.2354,8.6646,28.5583
2010-12-22T20:00:00+00:00,Davis,25.0606,13.7248,12.2354
2010-12-22T21:00:00+00:00,Davis,4.8205,0.8471,25.0606
2010-12-22T22:00:00+00:00,Davis,8.0693,1.7512,4.8205
2010-12-22T23:00:00+00:00,Davis,25.7964,16.1517,8.0693
2010-12-23T00:00:00+00:00,Davis,56.1358,38.3820,25.7964
2010-12-23T01:00:00+00:00,Davis,38.2558,26.1926,56.1358
2010-12-23T02:00:00+00:00,Davis,41.3187,38.2011,38.2558
2010-12-23T03:00:00+00:00,Davis,28.2162,18.5913,41.3187
2010-12-23T04:00:00+00:00,Davis,60.6234,47.7582,28.2162
2010-12-23T05:00:00+00:00,Davis,24.4511,21.0357,60.6234
2010-12-23T06:00:00+00:00,Davis,33.4868,26.8546,24.4511
2010-12-23T07:00:00+00:00,Davis,6.7994,5.7037,33.4868
2010-12-23T08:00:00+00:00,Davis,48.1091,41.6175,6.7994
2010-12-23T09:00:00+00:00,Davis,7.0215,5.8360,48.1091
2010-12-23T10:00:00+00:00,Davis,13.5233,17.4287,7.0215
2010-12-23T11:00:00+00:00,Davis,6.5366,11.2706,13.5233
2010-12-23T12:00:00+00:00,Davis,39.0348,40.3652,6.5366
2010-12-23T13:00:00+00:00,Davis,5.6462,10.3932,39.0348
2010-12-23T14:00:00+00:00,Davis,3.1697,9.8235,5.6462
2010-12-23T15:00:00+00:00,Davis,13.9164,13.2373,3.1697
2010-12-23T16:00:00+00:00,Davis,37.8837,33.5799,13.9164
2010-12-23T17:00:00+00:00,Davis,4.6735,1.7831,37.8837
2010-12-23T18:00:00+00:00,Davis,3.7574,1.2633,4.6735
2010-12-23T19:00:00+00:00,Davis,17.7567,9.4450,3.7574
2010-12-23T20:00:00+00:00,Davis,26.8177,16.5393,17.7567
2010-12-23T21:00:00+00:00,Davis,22.2845,15.0466,26.8177
2010-12-23T22:00:00+00:00,Davis,5.7402,0.1805,22.2845
2010-12-23T23:00:00+00:00,Davis,17.3677,10.0890,5.7402
2010-12-24T00:00:00+00:00,Davis,49.9840,39.0683,17.3677
2010-12-24T01:00:00+00:00,Davis,36.7811,27.7426,49.9840
2010-12-24T02:00:00+00:00,Davis,19.7480,11.1042,36.7811
2010-12-24T03:00:00+00:00,Davis,37.5529,35.1831,19.7480
2010-12-24T04:00:00+00:00,Davis,50.4536,38.3549,37.5529
2010-12-24T05:00:00+00:00,Davis,27.3372,23.2009,50.4536
2010-12-24T06:00:00+00:00,Davis,31.6617,22.6002,27.3372
2010-12-24T07:00:00+00:00,Davis,19.6140,17.1034,31.6617
2010-12-24T08:00:00+00:00,Davis,45.6657,44.6151,19.6140
2010-12-24T09:00:00+00:00,Davis,14.9163,14.1029,45.6657
2010-12-24T10:00:00+00:00,Davis,15.7353,17.1898,14.9163
2010-12-24T11:00:00+00:00,Davis,6.5825,11.2706,15.7353
2010-12-24T12:00:00+00:00,Davis,41.7011,44.0320,6.5825
2010-12-24T13:00:00+00:00,Davis,2.7833,9.6328,41.7011
2010-12-24T14:00:00+00:00,Davis,0.1022,3.0402,2.7833
2010-12-24T15:00:00+00:00,Davis,8.2414,7.3040,0.1022
2010-12-24T16:00:00+00:00,Davis,28.2482,27.7005,8.2414
2010-12-24T17:00:00+00:00,Davis,4.3519,2.0979,28.2482
2010-12-24T18:00:00+00:00,Davis,12.7783,8.0604,4.3519
2010-12-24T19:00:00+00:00,Davis,7.8438,3.3121,12.7783
2010-12-24T20:00:00+00:00,Davis,30.3290,19.2740,7.8438
2010-12-24T21:00:00+00:00,Davis,20.1241,13.1395,30.3290
2010-12-24T22:00:00+00:00,Davis,14.7213,7.0050,20.1241
2010-12-24T23:00:00+00:00,Davis,31.9806,23.9063,14.7213
2010-12-25T00:00:00+00:00,Davis,46.1031,38.5277,31.9806
2010-12-25T01:00:00+00:00,Davis,17.7458,9.0356,46.1031
2010-12-25T02:00:00+00:00,Davis,18.5674,14.4632,17.7458
2010-12-25T03:00:00+00:00,Davis,43.6722,42.6892,18.5674
2010-12-25T04:00:00+00:00,Davis,43.2996,35.2775,43.6722
2010-12-25T05:00:00+00:00,Davis,20.2884,15.4089,43.2996
2010-12-25T06:00:00+00:00,Davis,18.8733,15.0846,20.2884
2010-12-25T07:00:00+00:00,Davis,29.5057,24.9831,18.8733
2010-12-25T08:00:00+00:00,Davis,30.0213,31.8710,29.5057
2010-12-25T09:00:00+00:00,Davis,5.9103,8.2802,30.0213
2010-12-25T10:00:00+00:00,Davis,8.6318,5.1530,5.9103
2010-12-25T11:00:00+00:00,Davis,13.9345,15.6132,8.6318
2010-12-25T12:00:00+00:00,Davis,22.6605,25.7510,13.9345
2010-12-25T13:00:00+00:00,Davis,5.7253,4.2922,22.6605
2010-12-25T14:00:00+00:00,Davis,8.0610,8.1738,5.7253
2010-12-25T15:00:00+00:00,Davis,0.6394,0.0000,8.0610
2010-12-25T16:00:00+00:00,Davis,19.6412,14.1546,0.6394
2010-12-25T17:00:00+00:00,Davis,8.3698,3.3288,19.6412
2010-12-25T18:00:00+00:00,Davis,9.9273,7.4611,8.3698
2010-12-25T19:00:00+00:00,Davis,8.7870,2.5403,9.9273
2010-12-25T20:00:00+00:00,Davis,46.2627,32.6537,8.7870
2010-12-25T21:00:00+00:00,Davis,8.7231,4.5835,46.2627
2010-12-25T22:00:00+00:00,Davis,6.7819,1.2571,8.7231
2010-12-25T23:00:00+00:00,Davis,46.5149,44.1862,6.7819
2010-12-26T00:00:00+00:00,Davis,34.8685,27.5461,46.5149
2010-12-26T01:00:00+00:00,Davis,18.2419,11.1618,34.8685
2010-12-26T02:00:00+00:00,Davis,19.5043,9.3103,18.2419
2010-12-26T03:00:00+00:00,Davis,16.9179,13.0783,19.5043
2010-12-26T04:00:00+00:00,Davis,44.0603,30.0039,16.9179
2010-12-26T05:00:00+00:00,Davis,21.9061,17.2943,44.0603
2010-12-26T06:00:00+00:00,Davis,23.3958,19.1044,21.9061
2010-12-26T07:00:00+00:00,Davis,1.1168,4.4661,23.3958
2010-12-26T08:00:00+00:00,Davis,33.0610,32.0632,1.1168
2010-12-26T09:00:00+00:00,Davis,14.9435,13.8140,33.0610
2010-12-26T10:00:00+00:00,Davis,7.2717,9.6348,14.9435
2010-12-26T11:00:00+00:00,Davis,0.2140,8.0681,7.2717
2010-12-26T12:00:00+00:00,Davis,39.0233,42.6883,0.2140
2010-12-26T13:00:00+00:00,Davis,13.6878,21.2445,39.0233
2010-12-26T14:00:00+00:00,Davis,6.6251,5.8049,13.6878
2010-12-26T15:00:00+00:00,Davis,11.9812,10.4746,6.6251
2010-12-26T16:00:00+00:00,Davis,28.1473,19.9771,11.9812
2010-12-26T17:00:00+00:00,Davis,5.0997,2.4821,28.1473
2010-12-26T18:00:00+00:00,Davis,1.6836,2.7981,5.0997
2010-12-26T19:00:00+00:00,Davis,4.8594,0.3564,1.6836
2010-12-26T20:00:00+00:00,Davis,47.0626,32.2991,4.8594
2010-12-26T21:00:00+00:00,Davis,11.7623,5.2308,47.0626
2010-12-26T22:00:00+00:00,Davis,15.4488,8.3414,11.7623
2010-12-26T23:00:00+00:00,Davis,15.1314,9.7282,15.4488
2010-12-27T00:00:00+00:00,Davis,56.4806,42.1887,15.1314
2010-12-27T01:00:00+00:00,Davis,22.0994,11.3382,56.4806
2010-12-27T02:00:00+00:00,Davis,28.8369,20.1885,22.0994
2010-12-27T03:00:00+00:00,Davis,28.2978,19.9088,28.8369
2010-12-27T04:00:00+00:00,Davis,46.3999,33.4135,28.2978
2010-12-27T05:00:00+00:00,Davis,19.6080,8.7974,46.3999
2010-12-27T06:00:00+00:00,Davis,27.6340,21.5875,19.6080
2010-12-27T07:00:00+00:00,Davis,16.9288,14.8561,27.6340
2010-12-27T08:00:00+00:00,Davis,43.9614,39.9365,16.9288
2010-12-27T09:00:00+00:00,Davis,5.6668,6.1586,43.9614
2010-12-27T10:00:00+00:00,Davis,13.7922,12.6230,5.6668
2010-12-27T11:00:00+00:00,Davis,6.7522,11.9578,13.7922
2010-12-27T12:00:00+00:00,Davis,35.7120,33.7377,6.7522
2010-12-27T13:00:00+00:00,Davis,1.8666,9.7222,35.7120
2010-12-27T14:00:00+00:00,Davis,0.1648,9.5490,1.8666
2010-12-27T15:00:00+00:00,Davis,4.9259,0.4027,0.1648
2010-12-27T16:00:00+00:00,Davis,40.7550,38.2515,4.9259
2010-12-27T17:00:00+00:00,Davis,5.6530,2.0961,40.7550
2010-12-27T18:00:00+00:00,Davis,19.2345,17.4370,5.6530
2010-12-27T19:00:00+00:00,Davis,7.1131,1.7264,19.2345
2010-12-27T20:00:00+00:00,Davis,27.4242,18.9117,7.1131
2010-12-27T21:00:00+00:00,Davis,19.3526,11.2295,27.4242
2010-12-27T22:00:00+00:00,Davis,10.0254,4.1844,19.3526
2010-12-27T23:00:00+00:00,Davis,13.3337,6.0721,10.0254
2010-12-28T00:00:00+00:00,Davis,42.1024,25.7391,13.3337
2010-12-28T01:00:00+00:00,Davis,12.0153,6.4740,42.1024
2010-12-28T02:00:00+00:00,Davis,37.1146,35.6185,12.0153
2010-12-28T03:00:00+00:00,Davis,28.2469,18.6819,37.1146
2010-12-28T04:00:00+00:00,Davis,43.0936,34.8822,28.2469
2010-12-28T05:00:00+00:00,Davis,24.8104,17.5988,43.0936
2010-12-28T06:00:00+00:00,Davis,16.5944,13.7460,24.8104
2010-12-28T07:00:00+00:00,Davis,10.7941,8.3745,16.5944
2010-12-28T08:00:00+00:00,Davis,41.8399,36.8188,10.7941
2010-12-28T09:00:00+00:00,Davis,7.4648,7.7568,41.8399
2010-12-28T10:00:00+00:00,Davis,18.6446,20.9059,7.4648
2010-12-28T11:00:00+00:00,Davis,11.9730,17.9260,18.6446
2010-12-28T12:00:00+00:00,Davis,29.2279,37.0507,11.9730
2010-12-28T13:00:00+00:00,Davis,1.4470,3.6600,29.2279
2010-12-28T14:00:00+00:00,Davis,7.6850,6.2731,1.4470
2010-12-28T15:00:00+00:00,Davis,5.1339,10.2052,7.6850
2010-12-28T16:00:00+00:00,Davis,41.8540,31.6019,5.1339
2010-12-28T17:00:00+00:00,Davis,11.8836,5.1662,41.8540
2010-12-28T18:00:00+00:00,Davis,11.3577,7.8855,11.8836
2010-12-28T19:00:00+00:00,Davis,2.3620,0.0000,11.3577
2010-12-28T20:00:00+00:00,Davis,38.1230,22.4677,2.3620
2010-12-28T21:00:00+00:00,Davis,11.5161,4.5316,38.1230
2010-12-28T22:00:00+00:00,Davis,4.0636,0.0000,11.5161
2010-12-28T23:00:00+00:00,Davis,24.9009,14.9078,4.0636
2010-12-29T00:00:00+00:00,Davis,67.2830,47.5763,24.9009
2010-12-29T01:00:00+00:00,Davis,35.5743,27.8569,67.2830
2010-12-29T02:00:00+00:00,Davis,73.3544,88.1829,35.5743
2010-12-29T03:00:00+00:00,Davis,20.1086,16.2695,73.3544
2010-12-29T04:00:00+00:00,Davis,47.0218,30.1401,20.1086
2010-12-29T05:00:00+00:00,Davis,42.0066,34.2521,47.0218
2010-12-29T06:00:00+00:00,Davis,9.1803,7.0094,42.0066
2010-12-29T07:00:00+00:00,Davis,18.6939,15.7204,9.1803
2010-12-29T08:00:00+00:00,Davis,45.3929,40.1779,18.6939
2010-12-29T09:00:00+00:00,Davis,15.8405,14.4981,45.3929
2010-12-29T10:00:00+00:00,Davis,7.1310,11.1591,15.8405
2010-12-29T11:00:00+00:00,Davis,2.0656,8.3822,7.1310
2010-12-29T12:00:00+00:00,Davis,26.6565,21.5191,2.0656
2010-12-29T13:00:00+00:00,Davis,17.9853,11.4036,26.6565
2010-12-29T14:00:00+00:00,Davis,7.1463,12.3770,17.9853
2010-12-29T15:00:00+00:00,Davis,3.2741,1.0901,7.1463
2010-12-29T16:00:00+00:00,Davis,22.6101,17.6142,3.2741
2010-12-29T17:00:00+00:00,Davis,2.3264,0.0000,22.6101
2010-12-29T18:00:00+00:00,Davis,8.7212,5.9437,2.3264
2010-12-29T19:00:00+00:00,Davis,2.7528,0.0000,8.7212
2010-12-29T20:00:00+00:00,Davis,59.6441,40.8712,2.7528
2010-12-29T21:00:00+00:00,Davis,21.7976,13.6330,59.6441
2010-12-29T22:00:00+00:00,Davis,18.7338,10.2777,21.7976
2010-12-29T23:00:00+00:00,Davis,20.6197,13.0820,18.7338
2010-12-30T00:00:00+00:00,Davis,44.2937,28.0927,20.6197
2010-12-30T01:00:00+00:00,Davis,39.0891,34.5887,44.2937
2010-12-30T02:00:00+00:00,Davis,35.6467,18.9284,39.0891
2010-12-30T03:00:00+00:00,Davis,19.6851,15.6257,35.6467
2010-12-30T04:00:00+00:00,Davis,57.6515,38.9828,19.6851
2010-12-30T05:00:00+00:00,Davis,27.2630,21.2284,57.6515
2010-12-30T06:00:00+00:00,Davis,19.4838,12.6453,27.2630
2010-12-30T07:00:00+00:00,Davis,12.0267,7.3786,19.4838
2010-12-30T08:00:00+00:00,Davis,37.3882,27.4441,12.0267
2010-12-30T09:00:00+00:00,Davis,23.4346,23.0949,37.3882
2010-12-30T10:00:00+00:00,Davis,3.8489,8.6101,23.4346
2010-12-30T11:00:00+00:00,Davis,7.1791,7.8530,3.8489
2010-12-30T12:00:00+00:00,Davis,36.5981,33.4350,7.1791
2010-12-30T13:00:00+00:00,Davis,16.4426,22.7699,36.5981
2010-12-30T14:00:00+00:00,Davis,1.8357,1.3919,16.4426
2010-12-30T15:00:00+00:00,Davis,3.9916,2.9954,1.8357
2010-12-30T16:00:00+00:00,Davis,44.7802,42.4719,3.9916
2010-12-30T17:00:00+00:00,Davis,15.2639,13.9757,44.7802
2010-12-30T18:00:00+00:00,Davis,3.5721,1.8918,15.2639
2010-12-30T19:00:00+00:00,Davis,9.3293,2.5265,3.5721
2010-12-30T20:00:00+00:00,Davis,24.3962,11.6593,9.3293
2010-12-30T21:00:00+00:00,Davis,11.1563,3.4267,24.3962
2010-12-30T22:00:00+00:00,Davis,6.5247,0.3338,11.1563
2010-12-30T23:00:00+00:00,Davis,5.7231,0.1249,6.5247
2010-12-31T00:00:00+00:00,Davis,70.1762,46.4505,5.7231
2010-12-31T01:00:00+00:00,Davis,34.0266,31.1652,70.1762
2010-12-31T02:00:00+00:00,Davis,21.9824,10.4862,34.0266
2010-12-31T03:00:00+00:00,Davis,32.6534,27.0162,21.9824
2010-12-31T04:00:00+00:00,Davis,32.2831,18.4929,32.6534
2010-12-31T05:00:00+00:00,Davis,12.0781,9.4607,32.2831
2010-12-31T06:00:00+00:00,Davis,26.1349,20.5983,12.0781
2010-12-31T07:00:00+00:00,Davis,29.0006,20.1948,26.1349
2010-12-31T08:00:00+00:00,Davis,39.2054,33.2370,29.0006
2010-12-31T09:00:00+00:00,Davis,8.8710,8.1757,39.2054
2010-12-31T10:00:00+00:00,Davis,7.3465,9.6920,8.8710
2010-12-31T11:00:00+00:00,Davis,7.8619,11.8762,7.3465
2010-12-31T12:00:00+00:00,Davis,42.3669,47.8218,7.8619
2010-12-31T13:00:00+00:00,Davis,12.9246,14.9454,42.3669
2010-12-31T14:00:00+00:00,Davis,0.1195,3.1449,12.9246
2010-12-31T15:00:00+00:00,Davis,1.1427,0.0000,0.1195
2010-12-31T16:00:00+00:00,Davis,32.2829,28.8314,1.1427
2010-12-31T17:00:00+00:00,Davis,2.1985,0.3482,32.2829
2010-12-31T18:00:00+00:00,Davis,4.2309,3.8252,2.1985
2010-12-31T19:00:00+00:00,Davis,5.5489,3.4592,4.2309
2010-12-31T20:00:00+00:00,Davis,37.9931,27.1620,5.5489
2010-12-31T21:00:00+00:00,Davis,3.3594,0.0000,37.9931
2010-12-31T22:00:00+00:00,Davis,5.6106,0.0596,3.3594
2010-12-31T23:00:00+00:00,Davis,15.3849,9.8663,5.6106
2010-10-20T00:00:00+00:00,Macquarie Island,33.8524,36.7146,50.4240
2010-10-20T01:00:00+00:00,Macquarie Island,38.7189,39.3189,33.8524
2010-10-20T02:00:00+00:00,Macquarie Island,46.9737,43.9012,38.7189
2010-10-20T03:00:00+00:00,Macquarie Island,43.1405,45.4275,46.9737
2010-10-20T04:00:00+00:00,Macquarie Island,60.0000,57.1757,43.1405
2010-10-20T05:00:00+00:00,Macquarie Island,46.6449,43.2223,60.0000
2010-10-20T06:00:00+00:00,Macquarie Island,61.8195,64.8364,46.6449
2010-10-20T07:00:00+00:00,Macquarie Island,50.2024,51.5339,61.8195
2010-10-20T08:00:00+00:00,Macquarie Island,51.3191,56.9605,50.2024
2010-10-20T09:00:00+00:00,Macquarie Island,60.1669,63.6156,51.3191
2010-10-20T10:00:00+00:00,Macquarie Island,52.6399,55.8810,60.1669
2010-10-20T11:00:00+00:00,Macquarie Island,78.9907,77.1096,52.6399
2010-10-20T12:00:00+00:00,Macquarie Island,57.6086,60.8041,78.9907
2010-10-20T13:00:00+00:00,Macquarie Island,65.0080,63.5632,57.6086
2010-10-20T14:00:00+00:00,Macquarie Island,43.8951,49.2990,65.0080
2010-10-20T15:00:00+00:00,Macquarie Island,69.0391,79.5834,43.8951
2010-10-20T16:00:00+00:00,Macquarie Island,32.5132,39.7998,69.0391
2010-10-20T17:00:00+00:00,Macquarie Island,40.6990,40.2739,32.5132
2010-10-20T18:00:00+00:00,Macquarie Island,35.0516,40.6947,40.6990
2010-10-20T19:00:00+00:00,Macquarie Island,18.4256,20.2084,35.0516
2010-10-20T20:00:00+00:00,Macquarie Island,36.4026,44.6749,18.4256
2010-10-20T21:00:00+00:00,Macquarie Island,28.1579,27.7215,36.4026
2010-10-20T22:00:00+00:00,Macquarie Island,49.2443,47.1689,28.1579
2010-10-20T23:00:00+00:00,Macquarie Island,55.4957,54.6922,49.2443
2010-10-21T00:00:00+00:00,Macquarie Island,60.1027,58.3878,55.4957
2010-10-21T01:00:00+00:00,Macquarie Island,58.8450,57.7155,60.1027
2010-10-21T02:00:00+00:00,Macquarie Island,60.0000,58.2720,58.8450
2010-10-21T03:00:00+00:00,Macquarie Island,60.0000,63.7166,60.0000
2010-10-21T04:00:00+00:00,Macquarie Island,56.9617,53.5132,60.0000
2010-10-21T05:00:00+00:00,Macquarie Island,54.1499,54.0376,56.9617
2010-10-21T06:00:00+00:00,Macquarie Island,41.5079,48.5473,54.1499
2010-10-21T07:00:00+00:00,Macquarie Island,54.4156,55.7099,41.5079
2010-10-21T08:00:00+00:00,Macquarie Island,45.9241,52.1615,54.4156
2010-10-21T09:00:00+00:00,Macquarie Island,65.0851,63.3573,45.9241
2010-10-21T10:00:00+00:00,Macquarie Island,75.0074,70.4969,65.0851
2010-10-21T11:00:00+00:00,Macquarie Island,84.7689,98.4045,75.0074
2010-10-21T12:00:00+00:00,Macquarie Island,74.9012,85.4070,84.7689
2010-10-21T13:00:00+00:00,Macquarie Island,94.0861,110.8875,74.9012
2010-10-21T14:00:00+00:00,Macquarie Island,40.2165,44.6015,94.0861
2010-10-21T15:00:00+00:00,Macquarie Island,45.3447,46.5005,40.2165
2010-10-21T16:00:00+00:00,Macquarie Island,55.8198,67.1206,45.3447
2010-10-21T17:00:00+00:00,Macquarie Island,16.1624,20.4526,55.8198
2010-10-21T18:00:00+00:00,Macquarie Island,18.6194,19.4522,16.1624
2010-10-21T19:00:00+00:00,Macquarie Island,32.1491,36.2195,18.6194
2010-10-21T20:00:00+00:00,Macquarie Island,50.2217,55.0580,32.1491
2010-10-21T21:00:00+00:00,Macquarie Island,55.6802,57.7314,50.2217
2010-10-21T22:00:00+00:00,Macquarie Island,42.5003,41.7821,55.6802
2010-10-21T23:00:00+00:00,Macquarie Island,35.4460,34.0996,42.5003
2010-10-22T00:00:00+00:00,Macquarie Island,52.2649,50.6492,35.4460
2010-10-22T01:00:00+00:00,Macquarie Island,39.5971,39.1670,52.2649
2010-10-22T02:00:00+00:00,Macquarie Island,49.6467,46.7101,39.5971
2010-10-22T03:00:00+00:00,Macquarie Island,60.0000,61.7607,49.6467
2010-10-22T04:00:00+00:00,Macquarie Island,63.2825,64.1304,60.0000
2010-10-22T05:00:00+00:00,Macquarie Island,59.0160,56.2338,63.2825
2010-10-22T06:00:00+00:00,Macquarie Island,55.1464,55.1257,59.0160
2010-10-22T07:00:00+00:00,Macquarie Island,69.7974,65.4989,55.1464
2010-10-22T08:00:00+00:00,Macquarie Island,37.1308,39.8986,69.7974
2010-10-22T09:00:00+00:00,Macquarie Island,57.9686,61.7522,37.1308
2010-10-22T10:00:00+00:00,Macquarie Island,47.3051,52.0642,57.9686
2010-10-22T11:00:00+00:00,Macquarie Island,68.9314,74.8077,47.3051
2010-10-22T12:00:00+00:00,Macquarie Island,49.8070,51.3701,68.9314
2010-10-22T13:00:00+00:00,Macquarie Island,53.6924,54.8153,49.8070
2010-10-22T14:00:00+00:00,Macquarie Island,51.4522,56.5238,53.6924
2010-10-22T15:00:00+00:00,Macquarie Island,44.7600,46.0688,51.4522
2010-10-22T16:00:00+00:00,Macquarie Island,25.8127,32.2814,44.7600
2010-10-22T17:00:00+00:00,Macquarie Island,42.5623,43.8455,25.8127
2010-10-22T18:00:00+00:00,Macquarie Island,34.5759,38.8089,42.5623
2010-10-22T19:00:00+00:00,Macquarie Island,16.4976,15.6672,34.5759
2010-10-22T20:00:00+00:00,Macquarie Island,36.9743,42.8289,16.4976
2010-10-22T21:00:00+00:00,Macquarie Island,43.8050,47.7535,36.9743
2010-10-22T22:00:00+00:00,Macquarie Island,49.9452,48.1025,43.8050
2010-10-22T23:00:00+00:00,Macquarie Island,61.3237,63.0758,49.9452
2010-10-23T00:00:00+00:00,Macquarie Island,60.0000,58.5502,61.3237
2010-10-23T01:00:00+00:00,Macquarie Island,47.8616,46.1054,60.0000
2010-10-23T02:00:00+00:00,Macquarie Island,36.8772,37.2431,47.8616
2010-10-23T03:00:00+00:00,Macquarie Island,48.0502,46.9369,36.8772
2010-10-23T04:00:00+00:00,Macquarie Island,35.0452,33.3142,48.0502
2010-10-23T05:00:00+00:00,Macquarie Island,47.3159,45.6490,35.0452
2010-10-23T06:00:00+00:00,Macquarie Island,56.0089,50.7927,47.3159
2010-10-23T07:00:00+00:00,Macquarie Island,72.7136,70.4957,56.0089
2010-10-23T08:00:00+00:00,Macquarie Island,52.9946,55.2106,72.7136
2010-10-23T09:00:00+00:00,Macquarie Island,78.3855,74.6022,52.9946
2010-10-23T10:00:00+00:00,Macquarie Island,55.5313,58.1981,78.3855
2010-10-23T11:00:00+00:00,Macquarie Island,64.3943,67.1624,55.5313
2010-10-23T12:00:00+00:00,Macquarie Island,45.1114,48.5618,64.3943
2010-10-23T13:00:00+00:00,Macquarie Island,47.7828,49.0151,45.1114
2010-10-23T14:00:00+00:00,Macquarie Island,54.4160,53.6632,47.7828
2010-10-23T15:00:00+00:00,Macquarie Island,41.2707,43.6196,54.4160
2010-10-23T16:00:00+00:00,Macquarie Island,35.8968,40.9909,41.2707
2010-10-23T17:00:00+00:00,Macquarie Island,27.6545,32.5413,35.8968
2010-10-23T18:00:00+00:00,Macquarie Island,20.1721,22.9596,27.6545
2010-10-23T19:00:00+00:00,Macquarie Island,41.2876,44.4009,20.1721
2010-10-23T20:00:00+00:00,Macquarie Island,16.6506,16.5086,41.2876
2010-10-23T21:00:00+00:00,Macquarie Island,47.8751,44.8204,16.6506
2010-10-23T22:00:00+00:00,Macquarie Island,21.7286,21.2348,47.8751
2010-10-23T23:00:00+00:00,Macquarie Island,49.0194,49.8271,21.7286
2010-10-24T00:00:00+00:00,Macquarie Island,54.8735,54.0102,49.0194
2010-10-24T01:00:00+00:00,Macquarie Island,59.9861,55.0863,54.8735
2010-10-24T02:00:00+00:00,Macquarie Island,63.1604,59.9592,59.9861
2010-10-24T03:00:00+00:00,Macquarie Island,61.2879,58.4739,63.1604
2010-10-24T04:00:00+00:00,Macquarie Island,57.2770,55.3674,61.2879
2010-10-24T05:00:00+00:00,Macquarie Island,36.0234,38.3274,57.2770
2010-10-24T06:00:00+00:00,Macquarie Island,40.2678,39.9512,36.0234
2010-10-24T07:00:00+00:00,Macquarie Island,32.3409,34.1850,40.2678
2010-10-24T08:00:00+00:00,Macquarie Island,80.8580,80.5788,32.3409
2010-10-24T09:00:00+00:00,Macquarie Island,52.8868,55.3038,80.8580
2010-10-24T10:00:00+00:00,Macquarie Island,38.7873,45.7103,52.8868
2010-10-24T11:00:00+00:00,Macquarie Island,65.1267,66.9197,38.7873
2010-10-24T12:00:00+00:00,Macquarie Island,45.4595,49.7937,65.1267
2010-10-24T13:00:00+00:00,Macquarie Island,72.1537,72.9698,45.4595
2010-10-24T14:00:00+00:00,Macquarie Island,63.4616,65.8835,72.1537
2010-10-24T15:00:00+00:00,Macquarie Island,37.6269,41.8120,63.4616
2010-10-24T16:00:00+00:00,Macquarie Island,34.7615,36.5918,37.6269
2010-10-24T17:00:00+00:00,Macquarie Island,40.5319,41.7177,34.7615
2010-10-24T18:00:00+00:00,Macquarie Island,48.0249,57.1332,40.5319
2010-10-24T19:00:00+00:00,Macquarie Island,14.0965,11.5111,48.0249
2010-10-24T20:00:00+00:00,Macquarie Island,39.2264,44.7801,14.0965
2010-10-24T21:00:00+00:00,Macquarie Island,39.4020,38.9899,39.2264
2010-10-24T22:00:00+00:00,Macquarie Island,37.2739,38.5634,39.4020
2010-10-24T23:00:00+00:00,Macquarie Island,61.5175,74.2442,37.2739
2010-10-25T00:00:00+00:00,Macquarie Island,60.0000,59.1390,61.5175
2010-10-25T01:00:00+00:00,Macquarie Island,60.7196,57.7313,60.0000
2010-10-25T02:00:00+00:00,Macquarie Island,40.6640,38.4048,60.7196
2010-10-25T03:00:00+00:00,Macquarie Island,60.4129,68.3489,40.6640
2010-10-25T04:00:00+00:00,Macquarie Island,60.0000,71.6241,60.4129
2010-10-25T05:00:00+00:00,Macquarie Island,60.0000,77.6464,60.0000
2010-10-25T06:00:00+00:00,Macquarie Island,33.9761,33.8166,60.0000
2010-10-25T07:00:00+00:00,Macquarie Island,72.3521,83.0614,33.9761
2010-10-25T08:00:00+00:00,Macquarie Island,65.8789,70.9138,72.3521
2010-10-25T09:00:00+00:00,Macquarie Island,76.5834,75.2669,65.8789
2010-10-25T10:00:00+00:00,Macquarie Island,68.1350,66.8018,76.5834
2010-10-25T11:00:00+00:00,Macquarie Island,52.0095,54.9206,68.1350
2010-10-25T12:00:00+00:00,Macquarie Island,64.4259,62.6843,52.0095
2010-10-25T13:00:00+00:00,Macquarie Island,57.5371,57.5133,64.4259
2010-10-25T14:00:00+00:00,Macquarie Island,42.2342,45.7184,57.5371
2010-10-25T15:00:00+00:00,Macquarie Island,49.3222,49.3641,42.2342
2010-10-25T16:00:00+00:00,Macquarie Island,36.1351,37.2596,49.3222
2010-10-25T17:00:00+00:00,Macquarie Island,36.3681,35.4192,36.1351
2010-10-25T18:00:00+00:00,Macquarie Island,20.2647,21.6129,36.3681
2010-10-25T19:00:00+00:00,Macquarie Island,38.8769,43.1038,20.2647
2010-10-25T20:00:00+00:00,Macquarie Island,32.2380,36.7804,38.8769
2010-10-25T21:00:00+00:00,Macquarie Island,49.2076,50.1195,32.2380
2010-10-25T22:00:00+00:00,Macquarie Island,44.5846,46.1906,49.2076
2010-10-25T23:00:00+00:00,Macquarie Island,47.2187,44.5119,44.5846
2010-10-26T00:00:00+00:00,Macquarie Island,51.1713,48.2687,47.2187
2010-10-26T01:00:00+00:00,Macquarie Island,41.9227,39.4478,51.1713
2010-10-26T02:00:00+00:00,Macquarie Island,60.3786,65.5158,41.9227
2010-10-26T03:00:00+00:00,Macquarie Island,46.5478,42.6478,60.3786
2010-10-26T04:00:00+00:00,Macquarie Island,39.0846,37.2750,46.5478
2010-10-26T05:00:00+00:00,Macquarie Island,58.0532,55.2762,39.0846
2010-10-26T06:00:00+00:00,Macquarie Island,51.4663,49.8314,58.0532
2010-10-26T07:00:00+00:00,Macquarie Island,46.3887,48.7515,51.4663
2010-10-26T08:00:00+00:00,Macquarie Island,67.5230,71.6432,46.3887
2010-10-26T09:00:00+00:00,Macquarie Island,57.7676,59.9416,67.5230
2010-10-26T10:00:00+00:00,Macquarie Island,70.7898,71.6095,57.7676
2010-10-26T11:00:00+00:00,Macquarie Island,59.7566,64.4792,70.7898
2010-10-26T12:00:00+00:00,Macquarie Island,49.8215,55.3480,59.7566
2010-10-26T13:00:00+00:00,Macquarie Island,49.4476,54.7852,49.8215
2010-10-26T14:00:00+00:00,Macquarie Island,51.3867,52.9910,49.4476
2010-10-26T15:00:00+00:00,Macquarie Island,42.5410,46.2246,51.3867
2010-10-26T16:00:00+00:00,Macquarie Island,29.8543,33.4879,42.5410
2010-10-26T17:00:00+00:00,Macquarie Island,18.4487,22.4935,29.8543
2010-10-26T18:00:00+00:00,Macquarie Island,34.2910,37.2515,18.4487
2010-10-26T19:00:00+00:00,Macquarie Island,8.8832,5.4193,34.2910
2010-10-26T20:00:00+00:00,Macquarie Island,43.5896,53.6605,8.8832
2010-10-26T21:00:00+00:00,Macquarie Island,48.8831,48.7535,43.5896
2010-10-26T22:00:00+00:00,Macquarie Island,52.8273,50.3858,48.8831
2010-10-26T23:00:00+00:00,Macquarie Island,37.3398,37.1169,52.8273
2010-10-27T00:00:00+00:00,Macquarie Island,58.4949,54.6577,37.3398
2010-10-27T01:00:00+00:00,Macquarie Island,21.9798,23.2031,58.4949
2010-10-27T02:00:00+00:00,Macquarie Island,49.6204,46.2192,21.9798
2010-10-27T03:00:00+00:00,Macquarie Island,49.0430,44.9352,49.6204
2010-10-27T04:00:00+00:00,Macquarie Island,60.0000,57.9825,49.0430
2010-10-27T05:00:00+00:00,Macquarie Island,51.0416,52.6729,60.0000
2010-10-27T06:00:00+00:00,Macquarie Island,60.0000,58.5822,51.0416
2010-10-27T07:00:00+00:00,Macquarie Island,63.9514,61.6681,60.0000
2010-10-27T08:00:00+00:00,Macquarie Island,40.8266,40.8035,63.9514
2010-10-27T09:00:00+00:00,Macquarie Island,85.1931,73.9219,40.8266
2010-10-27T10:00:00+00:00,Macquarie Island,73.8811,72.9135,85.1931
2010-10-27T11:00:00+00:00,Macquarie Island,53.4107,56.6465,73.8811
2010-10-27T12:00:00+00:00,Macquarie Island,54.3081,60.4139,53.4107
2010-10-27T13:00:00+00:00,Macquarie Island,61.0315,66.2843,54.3081
2010-10-27T14:00:00+00:00,Macquarie Island,48.8768,51.3982,61.0315
2010-10-27T15:00:00+00:00,Macquarie Island,56.4898,56.0126,48.8768
2010-10-27T16:00:00+00:00,Macquarie Island,40.9181,43.4971,56.4898
2010-10-27T17:00:00+00:00,Macquarie Island,33.2999,35.6015,40.9181
2010-10-27T18:00:00+00:00,Macquarie Island,26.4413,29.8900,33.2999
2010-10-27T19:00:00+00:00,Macquarie Island,30.1837,34.7807,26.4413
2010-10-27T20:00:00+00:00,Macquarie Island,27.6110,31.0594,30.1837
2010-10-27T21:00:00+00:00,Macquarie Island,24.7065,23.7908,27.6110
2010-10-27T22:00:00+00:00,Macquarie Island,43.6250,43.3376,24.7065
2010-10-27T23:00:00+00:00,Macquarie Island,54.8081,52.2880,43.6250
2010-10-28T00:00:00+00:00,Macquarie Island,47.4720,45.6872,54.8081
2010-10-28T01:00:00+00:00,Macquarie Island,58.6192,54.4101,47.4720
2010-10-28T02:00:00+00:00,Macquarie Island,54.4313,49.5224,58.6192
2010-10-28T03:00:00+00:00,Macquarie Island,60.0000,57.6428,54.4313
2010-10-28T04:00:00+00:00,Macquarie Island,35.6416,34.7723,60.0000
2010-10-28T05:00:00+00:00,Macquarie Island,46.7865,43.8022,35.6416
2010-10-28T06:00:00+00:00,Macquarie Island,61.6572,162.5882,46.7865
2010-10-28T07:00:00+00:00,Macquarie Island,46.7099,49.0268,61.6572
2010-10-28T08:00:00+00:00,Macquarie Island,47.3019,46.1018,46.7099
2010-10-28T09:00:00+00:00,Macquarie Island,64.7868,78.7398,47.3019
2010-10-28T10:00:00+00:00,Macquarie Island,76.5343,71.6342,64.7868
2010-10-28T11:00:00+00:00,Macquarie Island,77.7262,75.1279,76.5343
2010-10-28T12:00:00+00:00,Macquarie Island,49.4613,53.6036,77.7262
2010-10-28T13:00:00+00:00,Macquarie Island,52.7904,54.9724,49.4613
2010-10-28T14:00:00+00:00,Macquarie Island,47.3873,50.9277,52.7904
2010-10-28T15:00:00+00:00,Macquarie Island,43.1192,42.4490,47.3873
2010-10-28T16:00:00+00:00,Macquarie Island,41.9940,39.8582,43.1192
2010-10-28T17:00:00+00:00,Macquarie Island,28.9242,31.9168,41.9940
2010-10-28T18:00:00+00:00,Macquarie Island,47.2779,59.7167,28.9242
2010-10-28T19:00:00+00:00,Macquarie Island,26.1126,29.8261,47.2779
2010-10-28T20:00:00+00:00,Macquarie Island,13.7997,9.9679,26.1126
2010-10-28T21:00:00+00:00,Macquarie Island,39.1780,39.8282,13.7997
2010-10-28T22:00:00+00:00,Macquarie Island,56.7029,54.2256,39.1780
2010-10-28T23:00:00+00:00,Macquarie Island,60.0000,63.7714,56.7029
2010-10-29T00:00:00+00:00,Macquarie Island,60.0000,58.5502,60.0000
2010-10-29T01:00:00+00:00,Macquarie Island,51.4547,49.8700,60.0000
2010-10-29T02:00:00+00:00,Macquarie Island,59.8148,54.8940,51.4547
2010-10-29T03:00:00+00:00,Macquarie Island,60.2711,57.5454,59.8148
2010-10-29T04:00:00+00:00,Macquarie Island,58.0086,76.0591,60.2711
2010-10-29T05:00:00+00:00,Macquarie Island,39.3803,37.2689,58.0086
2010-10-29T06:00:00+00:00,Macquarie Island,61.0373,61.6017,39.3803
2010-10-29T07:00:00+00:00,Macquarie Island,72.7865,83.0614,61.0373
2010-10-29T08:00:00+00:00,Macquarie Island,55.2655,57.3025,72.7865
2010-10-29T09:00:00+00:00,Macquarie Island,65.6246,65.9341,55.2655
2010-10-29T10:00:00+00:00,Macquarie Island,69.0755,70.4723,65.6246
2010-10-29T11:00:00+00:00,Macquarie Island,76.0142,76.8137,69.0755
2010-10-29T12:00:00+00:00,Macquarie Island,56.6274,59.7546,76.0142
2010-10-29T13:00:00+00:00,Macquarie Island,57.1355,64.7287,56.6274
2010-10-29T14:00:00+00:00,Macquarie Island,53.7686,55.2592,57.1355
2010-10-29T15:00:00+00:00,Macquarie Island,27.4266,35.6215,53.7686
2010-10-29T16:00:00+00:00,Macquarie Island,50.3507,57.3283,27.4266
2010-10-29T17:00:00+00:00,Macquarie Island,25.1911,29.6337,50.3507
2010-10-29T18:00:00+00:00,Macquarie Island,25.1830,29.4856,25.1911
2010-10-29T19:00:00+00:00,Macquarie Island,29.1104,32.0384,25.1830
2010-10-29T20:00:00+00:00,Macquarie Island,39.9156,44.2217,29.1104
2010-10-29T21:00:00+00:00,Macquarie Island,52.0877,48.1806,39.9156
2010-10-29T22:00:00+00:00,Macquarie Island,39.3077,39.1327,52.0877
2010-10-29T23:00:00+00:00,Macquarie Island,45.6849,45.0756,39.3077
2010-10-30T00:00:00+00:00,Macquarie Island,57.6975,54.4809,45.6849
2010-10-30T01:00:00+00:00,Macquarie Island,61.2480,58.6189,57.6975
2010-10-30T02:00:00+00:00,Macquarie Island,62.3795,58.8585,61.2480
2010-10-30T03:00:00+00:00,Macquarie Island,59.3057,56.3118,62.3795
2010-10-30T04:00:00+00:00,Macquarie Island,62.5555,61.1925,59.3057
2010-10-30T05:00:00+00:00,Macquarie Island,61.9718,57.9023,62.5555
2010-10-30T06:00:00+00:00,Macquarie Island,39.3099,37.7734,61.9718
2010-10-30T07:00:00+00:00,Macquarie Island,38.9006,44.1558,39.3099
2010-10-30T08:00:00+00:00,Macquarie Island,60.4793,57.0512,38.9006
2010-10-30T09:00:00+00:00,Macquarie Island,45.2745,48.7879,60.4793
2010-10-30T10:00:00+00:00,Macquarie Island,55.0434,57.1990,45.2745
2010-10-30T11:00:00+00:00,Macquarie Island,55.5733,59.4751,55.0434
2010-10-30T12:00:00+00:00,Macquarie Island,56.2012,58.9559,55.5733
2010-10-30T13:00:00+00:00,Macquarie Island,47.9161,51.4337,56.2012
2010-10-30T14:00:00+00:00,Macquarie Island,65.7978,70.1167,47.9161
2010-10-30T15:00:00+00:00,Macquarie Island,46.2422,48.4587,65.7978
2010-10-30T16:00:00+00:00,Macquarie Island,46.7446,47.3628,46.2422
2010-10-30T17:00:00+00:00,Macquarie Island,15.4680,21.1327,46.7446
2010-10-30T18:00:00+00:00,Macquarie Island,12.9316,11.2851,15.4680
2010-10-30T19:00:00+00:00,Macquarie Island,10.8043,8.4061,12.9316
2010-10-30T20:00:00+00:00,Macquarie Island,26.2252,26.6888,10.8043
2010-10-30T21:00:00+00:00,Macquarie Island,51.3155,49.7557,26.2252
2010-10-30T22:00:00+00:00,Macquarie Island,21.9354,22.0904,51.3155
2010-10-30T23:00:00+00:00,Macquarie Island,35.2562,34.6216,21.9354
2010-10-31T00:00:00+00:00,Macquarie Island,24.6500,25.0229,35.2562
2010-10-31T01:00:00+00:00,Macquarie Island,54.9093,53.2485,24.6500
2010-10-31T02:00:00+00:00,Macquarie Island,35.5442,35.2294,54.9093
2010-10-31T03:00:00+00:00,Macquarie Island,61.2758,58.5075,35.5442
2010-10-31T04:00:00+00:00,Macquarie Island,60.0000,67.2705,61.2758
2010-10-31T05:00:00+00:00,Macquarie Island,57.3851,55.2389,60.0000
2010-10-31T06:00:00+00:00,Macquarie Island,23.4502,23.4823,57.3851
2010-10-31T07:00:00+00:00,Macquarie Island,52.4505,58.8335,23.4502
2010-10-31T08:00:00+00:00,Macquarie Island,77.2171,78.7068,52.4505
2010-10-31T09:00:00+00:00,Macquarie Island,84.1124,80.0943,77.2171
2010-10-31T10:00:00+00:00,Macquarie Island,72.4314,72.9135,84.1124
2010-10-31T11:00:00+00:00,Macquarie Island,58.0453,58.5373,72.4314
2010-10-31T12:00:00+00:00,Macquarie Island,57.9517,64.0458,58.0453
2010-10-31T13:00:00+00:00,Macquarie Island,50.4355,53.6364,57.9517
2010-10-31T14:00:00+00:00,Macquarie Island,38.0960,44.0084,50.4355
2010-10-31T15:00:00+00:00,Macquarie Island,28.6271,35.3090,38.0960
2010-10-31T16:00:00+00:00,Macquarie Island,55.2769,63.8904,28.6271
2010-10-31T17:00:00+00:00,Macquarie Island,22.2414,25.4493,55.2769
2010-10-31T18:00:00+00:00,Macquarie Island,33.4436,35.1130,22.2414
2010-10-31T19:00:00+00:00,Macquarie Island,26.6543,29.6897,33.4436
2010-10-31T20:00:00+00:00,Macquarie Island,44.8527,47.9614,26.6543
2010-10-31T21:00:00+00:00,Macquarie Island,61.8961,65.9865,44.8527
2010-10-31T22:00:00+00:00,Macquarie Island,45.6469,45.4290,61.8961
2010-10-31T23:00:00+00:00,Macquarie Island,27.9679,27.4637,45.6469
2010-11-01T00:00:00+00:00,Macquarie Island,63.8798,64.9770,27.9679
2010-11-01T01:00:00+00:00,Macquarie Island,55.4036,50.8271,63.8798
2010-11-01T02:00:00+00:00,Macquarie Island,60.1723,59.4063,55.4036
2010-11-01T03:00:00+00:00,Macquarie Island,57.0282,52.6386,60.1723
2010-11-01T04:00:00+00:00,Macquarie Island,22.7810,25.7567,57.0282
2010-11-01T05:00:00+00:00,Macquarie Island,45.1786,44.4101,22.7810
2010-11-01T06:00:00+00:00,Macquarie Island,54.4553,74.9029,45.1786
2010-11-01T07:00:00+00:00,Macquarie Island,44.4824,55.2636,54.4553
2010-11-01T08:00:00+00:00,Macquarie Island,40.1292,47.8170,44.4824
2010-11-01T09:00:00+00:00,Macquarie Island,31.9477,34.3620,40.1292
2010-11-01T10:00:00+00:00,Macquarie Island,57.7048,75.7461,31.9477
2010-11-01T11:00:00+00:00,Macquarie Island,65.7297,75.5925,57.7048
2010-11-01T12:00:00+00:00,Macquarie Island,46.1120,46.5773,65.7297
2010-11-01T13:00:00+00:00,Macquarie Island,40.4334,40.0399,46.1120
2010-11-01T14:00:00+00:00,Macquarie Island,60.9680,74.9846,40.4334
2010-11-01T15:00:00+00:00,Macquarie Island,21.0228,26.0075,60.9680
2010-11-01T16:00:00+00:00,Macquarie Island,28.3934,37.5979,21.0228
2010-11-01T17:00:00+00:00,Macquarie Island,21.7717,26.9338,28.3934
2010-11-01T18:00:00+00:00,Macquarie Island,33.9790,45.9920,21.7717
2010-11-01T19:00:00+00:00,Macquarie Island,28.2132,35.0220,33.9790
2010-11-01T20:00:00+00:00,Macquarie Island,41.1070,48.6850,28.2132
2010-11-01T21:00:00+00:00,Macquarie Island,41.5919,47.1824,41.1070
2010-11-01T22:00:00+00:00,Macquarie Island,26.3769,30.0532,41.5919
2010-11-01T23:00:00+00:00,Macquarie Island,25.2901,27.0601,26.3769
2010-11-02T00:00:00+00:00,Macquarie Island,67.7928,61.4855,25.2901
2010-11-02T01:00:00+00:00,Macquarie Island,57.3369,53.3585,67.7928
2010-11-02T02:00:00+00:00,Macquarie Island,60.0000,58.9366,57.3369
2010-11-02T03:00:00+00:00,Macquarie Island,44.5129,43.7000,60.0000
2010-11-02T04:00:00+00:00,Macquarie Island,61.9868,58.7079,44.5129
2010-11-02T05:00:00+00:00,Macquarie Island,32.5747,34.4005,61.9868
2010-11-02T06:00:00+00:00,Macquarie Island,52.8397,49.1431,32.5747
2010-11-02T07:00:00+00:00,Macquarie Island,24.6009,27.1947,52.8397
2010-11-02T08:00:00+00:00,Macquarie Island,60.4408,59.3856,24.6009
2010-11-02T09:00:00+00:00,Macquarie Island,29.4418,34.1950,60.4408
2010-11-02T10:00:00+00:00,Macquarie Island,61.9635,63.2534,29.4418
2010-11-02T11:00:00+00:00,Macquarie Island,30.7378,35.6843,61.9635
2010-11-02T12:00:00+00:00,Macquarie Island,39.3984,42.3411,30.7378
2010-11-02T13:00:00+00:00,Macquarie Island,33.0404,34.8783,39.3984
2010-11-02T14:00:00+00:00,Macquarie Island,34.0953,34.0923,33.0404
2010-11-02T15:00:00+00:00,Macquarie Island,23.5181,29.6603,34.0953
2010-11-02T16:00:00+00:00,Macquarie Island,3.6441,4.1858,23.5181
2010-11-02T17:00:00+00:00,Macquarie Island,17.2746,20.5280,3.6441
2010-11-02T18:00:00+00:00,Macquarie Island,32.2101,40.9424,17.2746
2010-11-02T19:00:00+00:00,Macquarie Island,31.1825,41.4946,32.2101
2010-11-02T20:00:00+00:00,Macquarie Island,37.2295,48.6848,31.1825
2010-11-02T21:00:00+00:00,Macquarie Island,29.5090,33.2042,37.2295
2010-11-02T22:00:00+00:00,Macquarie Island,45.4762,50.4870,29.5090
2010-11-02T23:00:00+00:00,Macquarie Island,60.0000,60.8449,45.4762
2010-11-03T00:00:00+00:00,Macquarie Island,47.3222,49.9786,60.0000
2010-11-03T01:00:00+00:00,Macquarie Island,33.5668,36.3191,47.3222
2010-11-03T02:00:00+00:00,Macquarie Island,33.7330,36.7815,33.5668
2010-11-03T03:00:00+00:00,Macquarie Island,60.0000,59.8753,33.7330
2010-11-03T04:00:00+00:00,Macquarie Island,56.9071,51.1234,60.0000
2010-11-03T05:00:00+00:00,Macquarie Island,60.0000,58.3422,56.9071
2010-11-03T06:00:00+00:00,Macquarie Island,40.6554,40.6758,60.0000
2010-11-03T07:00:00+00:00,Macquarie Island,51.0938,50.3319,40.6554
2010-11-03T08:00:00+00:00,Macquarie Island,21.6674,25.6648,51.0938
2010-11-03T09:00:00+00:00,Macquarie Island,24.5944,25.6390,21.6674
2010-11-03T10:00:00+00:00,Macquarie Island,35.4040,36.6883,24.5944
2010-11-03T11:00:00+00:00,Macquarie Island,50.2000,45.4609,35.4040
2010-11-03T12:00:00+00:00,Macquarie Island,53.0789,58.5652,50.2000
2010-11-03T13:00:00+00:00,Macquarie Island,41.4020,40.0590,53.0789
2010-11-03T14:00:00+00:00,Macquarie Island,27.5339,31.8909,41.4020
2010-11-03T15:00:00+00:00,Macquarie Island,35.0448,47.0309,27.5339
2010-11-03T16:00:00+00:00,Macquarie Island,13.7091,17.3750,35.0448
2010-11-03T17:00:00+00:00,Macquarie Island,14.4025,17.1777,13.7091
2010-11-03T18:00:00+00:00,Macquarie Island,15.8191,17.3527,14.4025
2010-11-03T19:00:00+00:00,Macquarie Island,37.1541,48.6338,15.8191
2010-11-03T20:00:00+00:00,Macquarie Island,35.5081,47.2953,37.1541
2010-11-03T21:00:00+00:00,Macquarie Island,44.3626,48.8897,35.5081
2010-11-03T22:00:00+00:00,Macquarie Island,37.0206,43.9321,44.3626
2010-11-03T23:00:00+00:00,Macquarie Island,18.9568,19.0564,37.0206
2010-11-04T00:00:00+00:00,Macquarie Island,31.1464,34.1212,18.9568
2010-11-04T01:00:00+00:00,Macquarie Island,60.0000,58.1268,31.1464
2010-11-04T02:00:00+00:00,Macquarie Island,60.0000,58.7809,60.0000
2010-11-04T03:00:00+00:00,Macquarie Island,58.2292,52.5009,60.0000
2010-11-04T04:00:00+00:00,Macquarie Island,60.0000,74.2102,58.2292
2010-11-04T05:00:00+00:00,Macquarie Island,36.0132,36.8134,60.0000
2010-11-04T06:00:00+00:00,Macquarie Island,30.3091,36.1470,36.0132
2010-11-04T07:00:00+00:00,Macquarie Island,29.5407,32.5971,30.3091
2010-11-04T08:00:00+00:00,Macquarie Island,62.1741,68.0657,29.5407
2010-11-04T09:00:00+00:00,Macquarie Island,22.6767,21.1419,62.1741
2010-11-04T10:00:00+00:00,Macquarie Island,68.6240,61.6306,22.6767
2010-11-04T11:00:00+00:00,Macquarie Island,28.9223,32.2021,68.6240
2010-11-04T12:00:00+00:00,Macquarie Island,52.5799,55.2713,28.9223
2010-11-04T13:00:00+00:00,Macquarie Island,32.3968,37.3721,52.5799
2010-11-04T14:00:00+00:00,Macquarie Island,46.6621,61.9188,32.3968
2010-11-04T15:00:00+00:00,Macquarie Island,25.1599,30.2488,46.6621
2010-11-04T16:00:00+00:00,Macquarie Island,27.5750,34.2780,25.1599
2010-11-04T17:00:00+00:00,Macquarie Island,18.8946,20.2519,27.5750
2010-11-04T18:00:00+00:00,Macquarie Island,13.3156,12.3490,18.8946
2010-11-04T19:00:00+00:00,Macquarie Island,15.8276,16.4889,13.3156
2010-11-04T20:00:00+00:00,Macquarie Island,57.0257,60.3044,15.8276
2010-11-04T21:00:00+00:00,Macquarie Island,17.9652,16.9844,57.0257
2010-11-04T22:00:00+00:00,Macquarie Island,18.1551,17.9928,17.9652
2010-11-04T23:00:00+00:00,Macquarie Island,20.6202,22.0340,18.1551
2010-11-05T00:00:00+00:00,Macquarie Island,46.5958,47.7967,20.6202
2010-11-05T01:00:00+00:00,Macquarie Island,63.1875,59.6910,46.5958
2010-11-05T02:00:00+00:00,Macquarie Island,26.1942,30.0919,63.1875
2010-11-05T03:00:00+00:00,Macquarie Island,60.0000,56.1273,26.1942
2010-11-05T04:00:00+00:00,Macquarie Island,55.7335,52.2592,60.0000
2010-11-05T05:00:00+00:00,Macquarie Island,39.4649,39.5802,55.7335
2010-11-05T06:00:00+00:00,Macquarie Island,41.0173,42.1367,39.4649
2010-11-05T07:00:00+00:00,Macquarie Island,50.5697,65.5657,41.0173
2010-11-05T08:00:00+00:00,Macquarie Island,32.9729,44.9331,50.5697
2010-11-05T09:00:00+00:00,Macquarie Island,39.0649,47.6267,32.9729
2010-11-05T10:00:00+00:00,Macquarie Island,47.3953,53.7317,39.0649
2010-11-05T11:00:00+00:00,Macquarie Island,55.1797,57.9652,47.3953
2010-11-05T12:00:00+00:00,Macquarie Island,32.0708,38.4737,55.1797
2010-11-05T13:00:00+00:00,Macquarie Island,44.2383,45.0724,32.0708
2010-11-05T14:00:00+00:00,Macquarie Island,40.1623,37.7372,44.2383
2010-11-05T15:00:00+00:00,Macquarie Island,23.0618,24.2837,40.1623
2010-11-05T16:00:00+00:00,Macquarie Island,17.7054,20.2610,23.0618
2010-11-05T17:00:00+00:00,Macquarie Island,33.2227,42.0178,17.7054
2010-11-05T18:00:00+00:00,Macquarie Island,21.1204,26.7725,33.2227
2010-11-05T19:00:00+00:00,Macquarie Island,24.1780,27.8236,21.1204
2010-11-05T20:00:00+00:00,Macquarie Island,42.2466,48.9622,24.1780
2010-11-05T21:00:00+00:00,Macquarie Island,57.3884,57.2888,42.2466
2010-11-05T22:00:00+00:00,Macquarie Island,44.4707,50.4886,57.3884
2010-11-05T23:00:00+00:00,Macquarie Island,25.0433,26.7686,44.4707
2010-11-06T00:00:00+00:00,Macquarie Island,54.8888,54.0070,25.0433
2010-11-06T01:00:00+00:00,Macquarie Island,31.4769,34.8282,54.8888
2010-11-06T02:00:00+00:00,Macquarie Island,46.8363,46.9448,31.4769
2010-11-06T03:00:00+00:00,Macquarie Island,57.6615,52.0002,46.8363
2010-11-06T04:00:00+00:00,Macquarie Island,42.5236,49.2469,57.6615
2010-11-06T05:00:00+00:00,Macquarie Island,60.0000,58.4026,42.5236
2010-11-06T06:00:00+00:00,Macquarie Island,38.1746,39.5112,60.0000
2010-11-06T07:00:00+00:00,Macquarie Island,60.0000,62.4053,38.1746
2010-11-06T08:00:00+00:00,Macquarie Island,49.3913,52.1356,60.0000
2010-11-06T09:00:00+00:00,Macquarie Island,42.6536,54.9391,49.3913
2010-11-06T10:00:00+00:00,Macquarie Island,41.5421,48.3815,42.6536
2010-11-06T11:00:00+00:00,Macquarie Island,46.0974,45.6438,41.5421
2010-11-06T12:00:00+00:00,Macquarie Island,78.2353,85.0302,46.0974
2010-11-06T13:00:00+00:00,Macquarie Island,47.9499,48.4051,78.2353
2010-11-06T14:00:00+00:00,Macquarie Island,22.5142,29.6826,47.9499
2010-11-06T15:00:00+00:00,Macquarie Island,13.6609,21.1084,22.5142
2010-11-06T16:00:00+00:00,Macquarie Island,22.5173,28.0299,13.6609
2010-11-06T17:00:00+00:00,Macquarie Island,9.5161,9.2863,22.5173
2010-11-06T18:00:00+00:00,Macquarie Island,20.2941,24.9243,9.5161
2010-11-06T19:00:00+00:00,Macquarie Island,20.1883,22.3159,20.2941
2010-11-06T20:00:00+00:00,Macquarie Island,26.4515,32.5929,20.1883
2010-11-06T21:00:00+00:00,Macquarie Island,22.7281,23.9103,26.4515
2010-11-06T22:00:00+00:00,Macquarie Island,49.9733,48.2878,22.7281
2010-11-06T23:00:00+00:00,Macquarie Island,55.1570,53.4363,49.9733
2010-11-07T00:00:00+00:00,Macquarie Island,57.3214,52.0533,55.1570
2010-11-07T01:00:00+00:00,Macquarie Island,58.9734,52.9797,57.3214
2010-11-07T02:00:00+00:00,Macquarie Island,60.4677,58.2836,58.9734
2010-11-07T03:00:00+00:00,Macquarie Island,61.8506,59.5604,60.4677
2010-11-07T04:00:00+00:00,Macquarie Island,61.7728,58.6214,61.8506
2010-11-07T05:00:00+00:00,Macquarie Island,36.7199,38.8592,61.7728
2010-11-07T06:00:00+00:00,Macquarie Island,60.0000,58.6598,36.7199
2010-11-07T07:00:00+00:00,Macquarie Island,43.3632,44.2403,60.0000
2010-11-07T08:00:00+00:00,Macquarie Island,48.9802,54.3708,43.3632
2010-11-07T09:00:00+00:00,Macquarie Island,34.7535,33.5381,48.9802
2010-11-07T10:00:00+00:00,Macquarie Island,33.5457,36.2847,34.7535
2010-11-07T11:00:00+00:00,Macquarie Island,37.2220,39.0117,33.5457
2010-11-07T12:00:00+00:00,Macquarie Island,41.8106,42.8056,37.2220
2010-11-07T13:00:00+00:00,Macquarie Island,42.4542,40.9689,41.8106
2010-11-07T14:00:00+00:00,Macquarie Island,31.6991,33.3819,42.4542
2010-11-07T15:00:00+00:00,Macquarie Island,24.1077,28.2357,31.6991
2010-11-07T16:00:00+00:00,Macquarie Island,23.1550,28.5130,24.1077
2010-11-07T17:00:00+00:00,Macquarie Island,10.1578,9.7959,23.1550
2010-11-07T18:00:00+00:00,Macquarie Island,18.8843,20.1114,10.1578
2010-11-07T19:00:00+00:00,Macquarie Island,14.3209,13.2808,18.8843
2010-11-07T20:00:00+00:00,Macquarie Island,11.0826,7.4734,14.3209
2010-11-07T21:00:00+00:00,Macquarie Island,21.3917,24.2438,11.0826
2010-11-07T22:00:00+00:00,Macquarie Island,42.4498,46.4650,21.3917
2010-11-07T23:00:00+00:00,Macquarie Island,39.4492,42.3332,42.4498
2010-11-08T00:00:00+00:00,Macquarie Island,60.1448,52.9711,39.4492
2010-11-08T01:00:00+00:00,Macquarie Island,37.5053,40.3848,60.1448
2010-11-08T02:00:00+00:00,Macquarie Island,43.0283,41.1421,37.5053
2010-11-08T03:00:00+00:00,Macquarie Island,60.2451,60.9471,43.0283
2010-11-08T04:00:00+00:00,Macquarie Island,45.2846,43.8156,60.2451
2010-11-08T05:00:00+00:00,Macquarie Island,60.7525,84.9133,45.2846
2010-11-08T06:00:00+00:00,Macquarie Island,63.0350,66.1167,60.7525
2010-11-08T07:00:00+00:00,Macquarie Island,60.1251,64.6488,63.0350
2010-11-08T08:00:00+00:00,Macquarie Island,24.2250,27.3249,60.1251
2010-11-08T09:00:00+00:00,Macquarie Island,59.9640,57.9053,24.2250
2010-11-08T10:00:00+00:00,Macquarie Island,68.6138,63.0165,59.9640
2010-11-08T11:00:00+00:00,Macquarie Island,41.0849,44.7295,68.6138
2010-11-08T12:00:00+00:00,Macquarie Island,25.2866,34.4166,41.0849
2010-11-08T13:00:00+00:00,Macquarie Island,30.7348,35.0851,25.2866
2010-11-08T14:00:00+00:00,Macquarie Island,42.0152,43.1865,30.7348
2010-11-08T15:00:00+00:00,Macquarie Island,19.2317,21.9151,42.0152
2010-11-08T16:00:00+00:00,Macquarie Island,28.6052,37.5979,19.2317
2010-11-08T17:00:00+00:00,Macquarie Island,10.4409,9.8046,28.6052
2010-11-08T18:00:00+00:00,Macquarie Island,21.3426,26.7725,10.4409
2010-11-08T19:00:00+00:00,Macquarie Island,17.8228,16.4313,21.3426
2010-11-08T20:00:00+00:00,Macquarie Island,8.6767,4.7619,17.8228
2010-11-08T21:00:00+00:00,Macquarie Island,20.5014,21.3841,8.6767
2010-11-08T22:00:00+00:00,Macquarie Island,47.0381,49.6506,20.5014
2010-11-08T23:00:00+00:00,Macquarie Island,47.8370,46.9739,47.0381
2010-11-09T00:00:00+00:00,Macquarie Island,47.6105,48.4366,47.8370
2010-11-09T01:00:00+00:00,Macquarie Island,60.4450,62.6656,47.6105
2010-11-09T02:00:00+00:00,Macquarie Island,60.4305,56.9892,60.4450
2010-11-09T03:00:00+00:00,Macquarie Island,46.5376,44.7060,60.4305
2010-11-09T04:00:00+00:00,Macquarie Island,60.2493,57.9695,46.5376
2010-11-09T05:00:00+00:00,Macquarie Island,55.6861,51.1974,60.2493
2010-11-09T06:00:00+00:00,Macquarie Island,50.2128,49.2815,55.6861
2010-11-09T07:00:00+00:00,Macquarie Island,41.5660,44.1094,50.2128
2010-11-09T08:00:00+00:00,Macquarie Island,60.9570,59.7045,41.5660
2010-11-09T09:00:00+00:00,Macquarie Island,40.0336,51.8976,60.9570
2010-11-09T10:00:00+00:00,Macquarie Island,58.0690,55.9514,40.0336
2010-11-09T11:00:00+00:00,Macquarie Island,52.3426,50.9094,58.0690
2010-11-09T12:00:00+00:00,Macquarie Island,43.6149,44.3266,52.3426
2010-11-09T13:00:00+00:00,Macquarie Island,37.2061,40.8890,43.6149
2010-11-09T14:00:00+00:00,Macquarie Island,41.8165,39.9667,37.2061
2010-11-09T15:00:00+00:00,Macquarie Island,18.6613,23.4507,41.8165
2010-11-09T16:00:00+00:00,Macquarie Island,18.5150,21.3742,18.6613
2010-11-09T17:00:00+00:00,Macquarie Island,18.7411,22.7226,18.5150
2010-11-09T18:00:00+00:00,Macquarie Island,25.7272,32.5558,18.7411
2010-11-09T19:00:00+00:00,Macquarie Island,47.9101,56.2579,25.7272
2010-11-09T20:00:00+00:00,Macquarie Island,25.1679,30.6936,47.9101
2010-11-09T21:00:00+00:00,Macquarie Island,30.2409,38.3917,25.1679
2010-11-09T22:00:00+00:00,Macquarie Island,19.9605,21.2573,30.2409
2010-11-09T23:00:00+00:00,Macquarie Island,60.0000,60.5068,19.9605
2010-11-10T00:00:00+00:00,Macquarie Island,64.8571,59.3146,60.0000
2010-11-10T01:00:00+00:00,Macquarie Island,55.7352,52.2752,64.8571
2010-11-10T02:00:00+00:00,Macquarie Island,55.0378,50.2589,55.7352
2010-11-10T03:00:00+00:00,Macquarie Island,52.6924,48.8702,55.0378
2010-11-10T04:00:00+00:00,Macquarie Island,40.6899,40.0134,52.6924
2010-11-10T05:00:00+00:00,Macquarie Island,23.0711,25.6640,40.6899
2010-11-10T06:00:00+00:00,Macquarie Island,60.3187,59.3156,23.0711
2010-11-10T07:00:00+00:00,Macquarie Island,50.2584,50.0925,60.3187
2010-11-10T08:00:00+00:00,Macquarie Island,24.1213,31.6297,50.2584
2010-11-10T09:00:00+00:00,Macquarie Island,38.6516,41.3100,24.1213
2010-11-10T10:00:00+00:00,Macquarie Island,35.5023,34.8955,38.6516
2010-11-10T11:00:00+00:00,Macquarie Island,39.2233,41.8807,35.5023
2010-11-10T12:00:00+00:00,Macquarie Island,32.0149,36.5417,39.2233
2010-11-10T13:00:00+00:00,Macquarie Island,39.7374,39.5996,32.0149
2010-11-10T14:00:00+00:00,Macquarie Island,28.4100,31.8448,39.7374
2010-11-10T15:00:00+00:00,Macquarie Island,26.6264,33.0067,28.4100
2010-11-10T16:00:00+00:00,Macquarie Island,20.4157,23.3117,26.6264
2010-11-10T17:00:00+00:00,Macquarie Island,9.4849,9.2014,20.4157
2010-11-10T18:00:00+00:00,Macquarie Island,30.6745,37.8269,9.4849
2010-11-10T19:00:00+00:00,Macquarie Island,31.2150,37.7001,30.6745
2010-11-10T20:00:00+00:00,Macquarie Island,25.9398,29.1853,31.2150
2010-11-10T21:00:00+00:00,Macquarie Island,20.3913,21.3841,25.9398
2010-11-10T22:00:00+00:00,Macquarie Island,27.4989,30.6716,20.3913
2010-11-10T23:00:00+00:00,Macquarie Island,60.0000,68.1760,27.4989
2010-11-11T00:00:00+00:00,Macquarie Island,56.4479,51.3873,60.0000
2010-11-11T01:00:00+00:00,Macquarie Island,46.2205,46.5907,56.4479
2010-11-11T02:00:00+00:00,Macquarie Island,65.1034,60.5755,46.2205
2010-11-11T03:00:00+00:00,Macquarie Island,51.8619,46.6655,65.1034
2010-11-11T04:00:00+00:00,Macquarie Island,38.5616,39.4208,51.8619
2010-11-11T05:00:00+00:00,Macquarie Island,60.0000,56.1385,38.5616
2010-11-11T06:00:00+00:00,Macquarie Island,38.6857,39.2687,60.0000
2010-11-11T07:00:00+00:00,Macquarie Island,45.5638,57.8104,38.6857
2010-11-11T08:00:00+00:00,Macquarie Island,60.0000,68.8107,45.5638
2010-11-11T09:00:00+00:00,Macquarie Island,48.3020,51.5736,60.0000
2010-11-11T10:00:00+00:00,Macquarie Island,35.4861,41.3986,48.3020
2010-11-11T11:00:00+00:00,Macquarie Island,75.4415,73.7416,35.4861
2010-11-11T12:00:00+00:00,Macquarie Island,37.1726,39.6791,75.4415
2010-11-11T13:00:00+00:00,Macquarie Island,32.5748,35.8186,37.1726
2010-11-11T14:00:00+00:00,Macquarie Island,22.9287,30.7001,32.5748
2010-11-11T15:00:00+00:00,Macquarie Island,26.7759,30.9083,22.9287
2010-11-11T16:00:00+00:00,Macquarie Island,16.5955,19.0674,26.7759
2010-11-11T17:00:00+00:00,Macquarie Island,15.9393,18.9931,16.5955
2010-11-11T18:00:00+00:00,Macquarie Island,13.1170,13.7786,15.9393
2010-11-11T19:00:00+00:00,Macquarie Island,9.6457,6.4401,13.1170
2010-11-11T20:00:00+00:00,Macquarie Island,32.3537,41.7457,9.6457
2010-11-11T21:00:00+00:00,Macquarie Island,54.2088,56.4014,32.3537
2010-11-11T22:00:00+00:00,Macquarie Island,20.5405,21.2573,54.2088
2010-11-11T23:00:00+00:00,Macquarie Island,59.1631,54.1409,20.5405
2010-11-12T00:00:00+00:00,Macquarie Island,49.3564,51.8568,59.1631
2010-11-12T01:00:00+00:00,Macquarie Island,37.5137,40.8101,49.3564
2010-11-12T02:00:00+00:00,Macquarie Island,56.7875,51.8428,37.5137
2010-11-12T03:00:00+00:00,Macquarie Island,60.0000,59.1038,56.7875
2010-11-12T04:00:00+00:00,Macquarie Island,53.7779,49.0874,60.0000
2010-11-12T05:00:00+00:00,Macquarie Island,58.4959,57.3299,53.7779
2010-11-12T06:00:00+00:00,Macquarie Island,45.8464,44.9369,58.4959
2010-11-12T07:00:00+00:00,Macquarie Island,37.7103,45.1784,45.8464
2010-11-12T08:00:00+00:00,Macquarie Island,60.0000,84.5579,37.7103
2010-11-12T09:00:00+00:00,Macquarie Island,41.5454,46.7412,60.0000
2010-11-12T10:00:00+00:00,Macquarie Island,34.9341,37.1778,41.5454
2010-11-12T11:00:00+00:00,Macquarie Island,43.3812,44.6608,34.9341
2010-11-12T12:00:00+00:00,Macquarie Island,44.4261,51.7627,43.3812
2010-11-12T13:00:00+00:00,Macquarie Island,53.2599,60.5703,44.4261
2010-11-12T14:00:00+00:00,Macquarie Island,28.3882,31.8448,53.2599
2010-11-12T15:00:00+00:00,Macquarie Island,30.2018,34.5497,28.3882
2010-11-12T16:00:00+00:00,Macquarie Island,15.1320,17.7769,30.2018
2010-11-12T17:00:00+00:00,Macquarie Island,44.3076,57.7245,15.1320
2010-11-12T18:00:00+00:00,Macquarie Island,14.9575,13.3846,44.3076
2010-11-12T19:00:00+00:00,Macquarie Island,34.6699,47.0041,14.9575
2010-11-12T20:00:00+00:00,Macquarie Island,29.6639,35.5206,34.6699
2010-11-12T21:00:00+00:00,Macquarie Island,60.0000,75.1349,29.6639
2010-11-12T22:00:00+00:00,Macquarie Island,60.0000,71.5868,60.0000
2010-11-12T23:00:00+00:00,Macquarie Island,43.5705,45.8240,60.0000
2010-11-13T00:00:00+00:00,Macquarie Island,46.7638,50.7120,43.5705
2010-11-13T01:00:00+00:00,Macquarie Island,28.8601,31.5092,46.7638
2010-11-13T02:00:00+00:00,Macquarie Island,60.0294,58.3029,28.8601
2010-11-13T03:00:00+00:00,Macquarie Island,61.2801,59.1328,60.0294
2010-11-13T04:00:00+00:00,Macquarie Island,61.2781,58.0509,61.2801
2010-11-13T05:00:00+00:00,Macquarie Island,61.7913,58.4279,61.2781
2010-11-13T06:00:00+00:00,Macquarie Island,53.1477,48.6057,61.7913
2010-11-13T07:00:00+00:00,Macquarie Island,34.0140,39.5979,53.1477
2010-11-13T08:00:00+00:00,Macquarie Island,42.9958,48.7309,34.0140
2010-11-13T09:00:00+00:00,Macquarie Island,50.7049,53.3742,42.9958
2010-11-13T10:00:00+00:00,Macquarie Island,50.7010,56.8796,50.7049
2010-11-13T11:00:00+00:00,Macquarie Island,75.1225,114.8895,50.7010
2010-11-13T12:00:00+00:00,Macquarie Island,66.2184,79.0253,75.1225
2010-11-13T13:00:00+00:00,Macquarie Island,60.4758,72.2745,66.2184
2010-11-13T14:00:00+00:00,Macquarie Island,32.7214,34.7254,60.4758
2010-11-13T15:00:00+00:00,Macquarie Island,29.7763,33.9031,32.7214
2010-11-13T16:00:00+00:00,Macquarie Island,39.7689,53.1898,29.7763
2010-11-13T17:00:00+00:00,Macquarie Island,20.2818,24.5386,39.7689
2010-11-13T18:00:00+00:00,Macquarie Island,22.4678,27.2186,20.2818
2010-11-13T19:00:00+00:00,Macquarie Island,18.9482,19.1542,22.4678
2010-11-13T20:00:00+00:00,Macquarie Island,33.7943,46.0379,18.9482
2010-11-13T21:00:00+00:00,Macquarie Island,55.4704,56.0851,33.7943
2010-11-13T22:00:00+00:00,Macquarie Island,28.2481,30.6716,55.4704
2010-11-13T23:00:00+00:00,Macquarie Island,46.1294,47.7937,28.2481
2010-11-14T00:00:00+00:00,Macquarie Island,64.5914,59.6806,46.1294
2010-11-14T01:00:00+00:00,Macquarie Island,55.2206,50.8271,64.5914
2010-11-14T02:00:00+00:00,Macquarie Island,36.4669,38.3307,55.2206
2010-11-14T03:00:00+00:00,Macquarie Island,60.0000,59.1750,36.4669
2010-11-14T04:00:00+00:00,Macquarie Island,49.9790,47.2767,60.0000
2010-11-14T05:00:00+00:00,Macquarie Island,60.7750,58.5404,49.9790
2010-11-14T06:00:00+00:00,Macquarie Island,53.5303,50.8596,60.7750
2010-11-14T07:00:00+00:00,Macquarie Island,60.9977,63.3856,53.5303
2010-11-14T08:00:00+00:00,Macquarie Island,60.0000,60.3695,60.9977
2010-11-14T09:00:00+00:00,Macquarie Island,35.4380,39.8019,60.0000
2010-11-14T10:00:00+00:00,Macquarie Island,51.7904,59.2518,35.4380
2010-11-14T11:00:00+00:00,Macquarie Island,49.9175,44.6823,51.7904
2010-11-14T12:00:00+00:00,Macquarie Island,36.9865,41.0959,49.9175
2010-11-14T13:00:00+00:00,Macquarie Island,45.5540,44.7897,36.9865
2010-11-14T14:00:00+00:00,Macquarie Island,36.4265,36.8795,45.5540
2010-11-14T15:00:00+00:00,Macquarie Island,46.5453,61.8984,36.4265
2010-11-14T16:00:00+00:00,Macquarie Island,26.1795,32.5902,46.5453
2010-11-14T17:00:00+00:00,Macquarie Island,22.3150,29.3660,26.1795
2010-11-14T18:00:00+00:00,Macquarie Island,16.8407,18.8741,22.3150
2010-11-14T19:00:00+00:00,Macquarie Island,27.3193,35.2167,16.8407
2010-11-14T20:00:00+00:00,Macquarie Island,46.0650,54.7223,27.3193
2010-11-14T21:00:00+00:00,Macquarie Island,39.6873,44.3114,46.0650
2010-11-14T22:00:00+00:00,Macquarie Island,24.5526,27.6661,39.6873
2010-11-14T23:00:00+00:00,Macquarie Island,36.8733,42.0199,24.5526
2010-11-15T00:00:00+00:00,Macquarie Island,28.8579,33.0706,36.8733
2010-11-15T01:00:00+00:00,Macquarie Island,60.0000,62.1406,28.8579
2010-11-15T02:00:00+00:00,Macquarie Island,60.4508,58.2836,60.0000
2010-11-15T03:00:00+00:00,Macquarie Island,25.7140,28.6235,60.4508
2010-11-15T04:00:00+00:00,Macquarie Island,60.0000,58.0450,25.7140
2010-11-15T05:00:00+00:00,Macquarie Island,60.3777,70.7839,60.0000
2010-11-15T06:00:00+00:00,Macquarie Island,53.6480,48.8450,60.3777
2010-11-15T07:00:00+00:00,Macquarie Island,56.8026,52.0223,53.6480
2010-11-15T08:00:00+00:00,Macquarie Island,35.6892,47.0487,56.8026
2010-11-15T09:00:00+00:00,Macquarie Island,39.6403,41.2095,35.6892
2010-11-15T10:00:00+00:00,Macquarie Island,52.3872,59.8030,39.6403
2010-11-15T11:00:00+00:00,Macquarie Island,41.1898,39.6255,52.3872
2010-11-15T12:00:00+00:00,Macquarie Island,56.4825,67.2567,41.1898
2010-11-15T13:00:00+00:00,Macquarie Island,58.0579,71.0392,56.4825
2010-11-15T14:00:00+00:00,Macquarie Island,21.0001,28.9166,58.0579
2010-11-15T15:00:00+00:00,Macquarie Island,23.9081,27.5248,21.0001
2010-11-15T16:00:00+00:00,Macquarie Island,14.0450,17.5104,23.9081
2010-11-15T17:00:00+00:00,Macquarie Island,26.2635,33.6311,14.0450
2010-11-15T18:00:00+00:00,Macquarie Island,23.6024,29.5354,26.2635
2010-11-15T19:00:00+00:00,Macquarie Island,30.2716,36.3121,23.6024
2010-11-15T20:00:00+00:00,Macquarie Island,55.4962,61.1311,30.2716
2010-11-15T21:00:00+00:00,Macquarie Island,28.6157,32.6859,55.4962
2010-11-15T22:00:00+00:00,Macquarie Island,42.6349,45.7256,28.6157
2010-11-15T23:00:00+00:00,Macquarie Island,60.0000,65.1643,42.6349
2010-11-16T00:00:00+00:00,Macquarie Island,64.9802,60.3093,60.0000
2010-11-16T01:00:00+00:00,Macquarie Island,32.6796,35.2707,64.9802
2010-11-16T02:00:00+00:00,Macquarie Island,62.3713,59.6652,32.6796
2010-11-16T03:00:00+00:00,Macquarie Island,56.2966,49.4083,62.3713
2010-11-16T04:00:00+00:00,Macquarie Island,60.0000,55.4298,56.2966
2010-11-16T05:00:00+00:00,Macquarie Island,16.1795,18.2750,60.0000
2010-11-16T06:00:00+00:00,Macquarie Island,35.6975,40.4930,16.1795
2010-11-16T07:00:00+00:00,Macquarie Island,60.0000,66.4106,35.6975
2010-11-16T08:00:00+00:00,Macquarie Island,43.7612,50.4175,60.0000
2010-11-16T09:00:00+00:00,Macquarie Island,43.9594,52.1645,43.7612
2010-11-16T10:00:00+00:00,Macquarie Island,52.6436,55.8011,43.9594
2010-11-16T11:00:00+00:00,Macquarie Island,49.3625,48.1259,52.6436
2010-11-16T12:00:00+00:00,Macquarie Island,30.5233,35.2613,49.3625
2010-11-16T13:00:00+00:00,Macquarie Island,41.1923,39.9441,30.5233
2010-11-16T14:00:00+00:00,Macquarie Island,37.5324,37.2266,41.1923
2010-11-16T15:00:00+00:00,Macquarie Island,22.1042,23.8256,37.5324
2010-11-16T16:00:00+00:00,Macquarie Island,24.1790,31.1160,22.1042
2010-11-16T17:00:00+00:00,Macquarie Island,28.0153,35.7142,24.1790
2010-11-16T18:00:00+00:00,Macquarie Island,10.7319,9.4531,28.0153
2010-11-16T19:00:00+00:00,Macquarie Island,26.2495,34.0346,10.7319
2010-11-16T20:00:00+00:00,Macquarie Island,42.6115,50.0169,26.2495
2010-11-16T21:00:00+00:00,Macquarie Island,52.5894,55.9682,42.6115
2010-11-16T22:00:00+00:00,Macquarie Island,44.1438,49.2527,52.5894
2010-11-16T23:00:00+00:00,Macquarie Island,36.6564,41.9328,44.1438
2010-11-17T00:00:00+00:00,Macquarie Island,64.8113,59.0069,36.6564
2010-11-17T01:00:00+00:00,Macquarie Island,45.5314,45.2981,64.8113
2010-11-17T02:00:00+00:00,Macquarie Island,60.0000,68.0219,45.5314
2010-11-17T03:00:00+00:00,Macquarie Island,57.6482,51.7871,60.0000
2010-11-17T04:00:00+00:00,Macquarie Island,62.6311,59.1505,57.6482
2010-11-17T05:00:00+00:00,Macquarie Island,38.2253,36.5408,62.6311
2010-11-17T06:00:00+00:00,Macquarie Island,48.6542,46.7432,38.2253
2010-11-17T07:00:00+00:00,Macquarie Island,50.1864,66.8996,48.6542
2010-11-17T08:00:00+00:00,Macquarie Island,58.9229,56.3067,50.1864
2010-11-17T09:00:00+00:00,Macquarie Island,47.7267,57.7858,58.9229
2010-11-17T10:00:00+00:00,Macquarie Island,38.4210,41.1915,47.7267
2010-11-17T11:00:00+00:00,Macquarie Island,34.6433,41.7241,38.4210
2010-11-17T12:00:00+00:00,Macquarie Island,59.0428,64.8049,34.6433
2010-11-17T13:00:00+00:00,Macquarie Island,31.6597,35.6798,59.0428
2010-11-17T14:00:00+00:00,Macquarie Island,31.3937,35.7325,31.6597
2010-11-17T15:00:00+00:00,Macquarie Island,34.1673,36.5974,31.3937
2010-11-17T16:00:00+00:00,Macquarie Island,15.7526,17.4354,34.1673
2010-11-17T17:00:00+00:00,Macquarie Island,22.6128,26.7019,15.7526
2010-11-17T18:00:00+00:00,Macquarie Island,52.8226,66.4610,22.6128
2010-11-17T19:00:00+00:00,Macquarie Island,17.4653,18.2507,52.8226
2010-11-17T20:00:00+00:00,Macquarie Island,55.3726,61.9398,17.4653
2010-11-17T21:00:00+00:00,Macquarie Island,26.7125,29.8778,55.3726
2010-11-17T22:00:00+00:00,Macquarie Island,46.2490,50.7375,26.7125
2010-11-17T23:00:00+00:00,Macquarie Island,55.7418,53.7408,46.2490
2010-11-18T00:00:00+00:00,Macquarie Island,54.4275,54.6118,55.7418
2010-11-18T01:00:00+00:00,Macquarie Island,54.0599,49.7036,54.4275
2010-11-18T02:00:00+00:00,Macquarie Island,37.1291,39.4033,54.0599
2010-11-18T03:00:00+00:00,Macquarie Island,60.0000,58.9057,37.1291
2010-11-18T04:00:00+00:00,Macquarie Island,45.7983,44.7613,60.0000
2010-11-18T05:00:00+00:00,Macquarie Island,45.4895,42.9909,45.7983
2010-11-18T06:00:00+00:00,Macquarie Island,60.0000,58.3765,45.4895
2010-11-18T07:00:00+00:00,Macquarie Island,60.0000,65.8628,60.0000
2010-11-18T08:00:00+00:00,Macquarie Island,51.5628,55.1431,60.0000
2010-11-18T09:00:00+00:00,Macquarie Island,53.6205,52.3253,51.5628
2010-11-18T10:00:00+00:00,Macquarie Island,45.3635,56.1204,53.6205
2010-11-18T11:00:00+00:00,Macquarie Island,40.9061,42.3175,45.3635
2010-11-18T12:00:00+00:00,Macquarie Island,39.8234,43.0561,40.9061
2010-11-18T13:00:00+00:00,Macquarie Island,43.2364,41.8696,39.8234
2010-11-18T14:00:00+00:00,Macquarie Island,25.6848,29.4592,43.2364
2010-11-18T15:00:00+00:00,Macquarie Island,29.3183,31.6859,25.6848
2010-11-18T16:00:00+00:00,Macquarie Island,28.7367,38.5027,29.3183
2010-11-18T17:00:00+00:00,Macquarie Island,26.6643,33.6960,28.7367
2010-11-18T18:00:00+00:00,Macquarie Island,59.9147,67.9039,26.6643
2010-11-18T19:00:00+00:00,Macquarie Island,21.5399,25.1755,59.9147
2010-11-18T20:00:00+00:00,Macquarie Island,20.5583,21.6381,21.5399
2010-11-18T21:00:00+00:00,Macquarie Island,23.6297,26.7500,20.5583
2010-11-18T22:00:00+00:00,Macquarie Island,49.4692,48.9528,23.6297
2010-11-18T23:00:00+00:00,Macquarie Island,60.0000,59.6456,49.4692
2010-11-19T00:00:00+00:00,Macquarie Island,57.1583,52.0533,60.0000
2010-11-19T01:00:00+00:00,Macquarie Island,34.6861,37.1160,57.1583
2010-11-19T02:00:00+00:00,Macquarie Island,60.4213,52.8091,34.6861
2010-11-19T03:00:00+00:00,Macquarie Island,38.8312,39.3931,60.4213
2010-11-19T04:00:00+00:00,Macquarie Island,39.0058,38.9012,38.8312
2010-11-19T05:00:00+00:00,Macquarie Island,40.3378,39.9379,39.0058
2010-11-19T06:00:00+00:00,Macquarie Island,43.7224,42.1083,40.3378
2010-11-19T07:00:00+00:00,Macquarie Island,43.5487,44.3442,43.7224
2010-11-19T08:00:00+00:00,Macquarie Island,52.7487,99.8750,43.5487
2010-11-19T09:00:00+00:00,Macquarie Island,45.9016,56.3544,52.7487
2010-11-19T10:00:00+00:00,Macquarie Island,35.2362,36.2381,45.9016
2010-11-19T11:00:00+00:00,Macquarie Island,43.6110,40.0702,35.2362
2010-11-19T12:00:00+00:00,Macquarie Island,31.7034,39.3368,43.6110
2010-11-19T13:00:00+00:00,Macquarie Island,31.4665,35.9579,31.7034
2010-11-19T14:00:00+00:00,Macquarie Island,28.9077,34.2133,31.4665
2010-11-19T15:00:00+00:00,Macquarie Island,28.0485,33.8660,28.9077
2010-11-19T16:00:00+00:00,Macquarie Island,18.8020,20.8576,28.0485
2010-11-19T17:00:00+00:00,Macquarie Island,21.0653,25.2348,18.8020
2010-11-19T18:00:00+00:00,Macquarie Island,18.7807,20.1826,21.0653
2010-11-19T19:00:00+00:00,Macquarie Island,23.7952,27.9236,18.7807
2010-11-19T20:00:00+00:00,Macquarie Island,47.6898,51.3428,23.7952
2010-11-19T21:00:00+00:00,Macquarie Island,45.3753,49.7624,47.6898
2010-11-19T22:00:00+00:00,Macquarie Island,21.3339,23.7504,45.3753
2010-11-19T23:00:00+00:00,Macquarie Island,36.1199,42.4548,21.3339
2010-11-20T00:00:00+00:00,Macquarie Island,54.0791,51.2438,36.1199
2010-11-20T01:00:00+00:00,Macquarie Island,61.0359,59.3616,54.0791
2010-11-20T02:00:00+00:00,Macquarie Island,60.2308,57.4376,61.0359
2010-11-20T03:00:00+00:00,Macquarie Island,45.1414,45.0027,60.2308
2010-11-20T04:00:00+00:00,Macquarie Island,61.9627,58.5281,45.1414
2010-11-20T05:00:00+00:00,Macquarie Island,60.6676,58.2863,61.9627
2010-11-20T06:00:00+00:00,Macquarie Island,41.1723,41.0756,60.6676
2010-11-20T07:00:00+00:00,Macquarie Island,61.4262,58.4983,41.1723
2010-11-20T08:00:00+00:00,Macquarie Island,60.0000,59.6789,61.4262
2010-11-20T09:00:00+00:00,Macquarie Island,37.7762,38.7111,60.0000
2010-11-20T10:00:00+00:00,Macquarie Island,24.4262,29.5227,37.7762
2010-11-20T11:00:00+00:00,Macquarie Island,78.1117,84.2154,24.4262
2010-11-20T12:00:00+00:00,Macquarie Island,45.0865,39.8267,78.1117
2010-11-20T13:00:00+00:00,Macquarie Island,42.3158,43.2284,45.0865
2010-11-20T14:00:00+00:00,Macquarie Island,24.6695,31.1416,42.3158
2010-11-20T15:00:00+00:00,Macquarie Island,20.5957,28.7464,24.6695
2010-11-20T16:00:00+00:00,Macquarie Island,14.7932,17.8884,20.5957
2010-11-20T17:00:00+00:00,Macquarie Island,9.6219,8.5886,14.7932
2010-11-20T18:00:00+00:00,Macquarie Island,15.9833,17.3082,9.6219
2010-11-20T19:00:00+00:00,Macquarie Island,35.6560,45.9738,15.9833
2010-11-20T20:00:00+00:00,Macquarie Island,27.3077,35.0292,35.6560
2010-11-20T21:00:00+00:00,Macquarie Island,24.7016,28.7701,27.3077
2010-11-20T22:00:00+00:00,Macquarie Island,55.8711,53.6897,24.7016
2010-11-20T23:00:00+00:00,Macquarie Island,58.0899,52.7007,55.8711
2010-11-21T00:00:00+00:00,Macquarie Island,56.0335,54.8648,58.0899
2010-11-21T01:00:00+00:00,Macquarie Island,42.4988,42.7890,56.0335
2010-11-21T02:00:00+00:00,Macquarie Island,60.0000,58.7639,42.4988
2010-11-21T03:00:00+00:00,Macquarie Island,60.0000,58.7750,60.0000
2010-11-21T04:00:00+00:00,Macquarie Island,60.0000,57.6070,60.0000
2010-11-21T05:00:00+00:00,Macquarie Island,60.8559,57.3861,60.0000
2010-11-21T06:00:00+00:00,Macquarie Island,36.7458,39.5159,60.8559
2010-11-21T07:00:00+00:00,Macquarie Island,59.6087,78.6858,36.7458
2010-11-21T08:00:00+00:00,Macquarie Island,58.1303,57.8234,59.6087
2010-11-21T09:00:00+00:00,Macquarie Island,35.1215,38.0305,58.1303
2010-11-21T10:00:00+00:00,Macquarie Island,60.3773,63.6282,35.1215
2010-11-21T11:00:00+00:00,Macquarie Island,38.4819,42.1081,60.3773
2010-11-21T12:00:00+00:00,Macquarie Island,29.8681,35.8630,38.4819
2010-11-21T13:00:00+00:00,Macquarie Island,65.7780,77.0326,29.8681
2010-11-21T14:00:00+00:00,Macquarie Island,34.2560,34.6604,65.7780
2010-11-21T15:00:00+00:00,Macquarie Island,31.3033,34.7030,34.2560
2010-11-21T16:00:00+00:00,Macquarie Island,20.9566,24.6378,31.3033
2010-11-21T17:00:00+00:00,Macquarie Island,9.5489,9.8830,20.9566
2010-11-21T18:00:00+00:00,Macquarie Island,15.1111,16.5194,9.5489
2010-11-21T19:00:00+00:00,Macquarie Island,22.8526,26.9716,15.1111
2010-11-21T20:00:00+00:00,Macquarie Island,45.9901,53.0513,22.8526
2010-11-21T21:00:00+00:00,Macquarie Island,26.6859,30.5466,45.9901
2010-11-21T22:00:00+00:00,Macquarie Island,11.7197,8.3147,26.6859
2010-11-21T23:00:00+00:00,Macquarie Island,60.0000,67.3859,11.7197
2010-11-22T00:00:00+00:00,Macquarie Island,63.0236,65.2451,60.0000
2010-11-22T01:00:00+00:00,Macquarie Island,45.2551,45.4580,63.0236
2010-11-22T02:00:00+00:00,Macquarie Island,53.5987,49.7414,45.2551
2010-11-22T03:00:00+00:00,Macquarie Island,60.0264,58.7370,53.5987
2010-11-22T04:00:00+00:00,Macquarie Island,49.7816,46.9050,60.0264
2010-11-22T05:00:00+00:00,Macquarie Island,45.8890,46.6155,49.7816
2010-11-22T06:00:00+00:00,Macquarie Island,48.3014,46.6276,45.8890
2010-11-22T07:00:00+00:00,Macquarie Island,60.0000,66.2559,48.3014
2010-11-22T08:00:00+00:00,Macquarie Island,40.1740,46.8279,60.0000
2010-11-22T09:00:00+00:00,Macquarie Island,34.6464,37.4707,40.1740
2010-11-22T10:00:00+00:00,Macquarie Island,67.4109,65.5422,34.6464
2010-11-22T11:00:00+00:00,Macquarie Island,25.3720,33.7171,67.4109
2010-11-22T12:00:00+00:00,Macquarie Island,32.0084,38.0366,25.3720
2010-11-22T13:00:00+00:00,Macquarie Island,53.6923,62.7506,32.0084
2010-11-22T14:00:00+00:00,Macquarie Island,30.1965,32.6455,53.6923
2010-11-22T15:00:00+00:00,Macquarie Island,30.7595,32.7098,30.1965
2010-11-22T16:00:00+00:00,Macquarie Island,5.8899,6.7125,30.7595
2010-11-22T17:00:00+00:00,Macquarie Island,11.6517,10.5267,5.8899
2010-11-22T18:00:00+00:00,Macquarie Island,25.5364,32.5558,11.6517
2010-11-22T19:00:00+00:00,Macquarie Island,48.1511,54.6638,25.5364
2010-11-22T20:00:00+00:00,Macquarie Island,22.7399,26.2938,48.1511
2010-11-22T21:00:00+00:00,Macquarie Island,60.0000,82.8250,22.7399
2010-11-22T22:00:00+00:00,Macquarie Island,59.1567,54.0897,60.0000
2010-11-22T23:00:00+00:00,Macquarie Island,47.4865,47.7487,59.1567
2010-11-23T00:00:00+00:00,Macquarie Island,48.2236,48.3427,47.4865
2010-11-23T01:00:00+00:00,Macquarie Island,64.3201,61.5582,48.2236
2010-11-23T02:00:00+00:00,Macquarie Island,23.7382,26.4087,64.3201
2010-11-23T03:00:00+00:00,Macquarie Island,61.2896,56.4964,23.7382
2010-11-23T04:00:00+00:00,Macquarie Island,50.8911,46.8507,61.2896
2010-11-23T05:00:00+00:00,Macquarie Island,54.0505,49.6107,50.8911
2010-11-23T06:00:00+00:00,Macquarie Island,58.6993,52.5983,54.0505
2010-11-23T07:00:00+00:00,Macquarie Island,55.7229,53.0074,58.6993
2010-11-23T08:00:00+00:00,Macquarie Island,31.0094,35.5341,55.7229
2010-11-23T09:00:00+00:00,Macquarie Island,55.3989,54.5627,31.0094
2010-11-23T10:00:00+00:00,Macquarie Island,41.6386,40.2686,55.3989
2010-11-23T11:00:00+00:00,Macquarie Island,43.0641,43.1858,41.6386
2010-11-23T12:00:00+00:00,Macquarie Island,61.0800,70.6655,43.0641
2010-11-23T13:00:00+00:00,Macquarie Island,51.0876,55.1632,61.0800
2010-11-23T14:00:00+00:00,Macquarie Island,24.4820,29.5429,51.0876
2010-11-23T15:00:00+00:00,Macquarie Island,40.4440,56.0195,24.4820
2010-11-23T16:00:00+00:00,Macquarie Island,19.2801,21.3366,40.4440
2010-11-23T17:00:00+00:00,Macquarie Island,21.6952,27.5755,19.2801
2010-11-23T18:00:00+00:00,Macquarie Island,19.7965,21.3069,21.6952
2010-11-23T19:00:00+00:00,Macquarie Island,16.4146,15.0251,19.7965
2010-11-23T20:00:00+00:00,Macquarie Island,25.9927,32.7292,16.4146
2010-11-23T21:00:00+00:00,Macquarie Island,58.5883,57.9973,25.9927
2010-11-23T22:00:00+00:00,Macquarie Island,48.4409,51.4635,58.5883
2010-11-23T23:00:00+00:00,Macquarie Island,33.5862,37.6752,48.4409
2010-11-24T00:00:00+00:00,Macquarie Island,35.5693,40.2587,33.5862
2010-11-24T01:00:00+00:00,Macquarie Island,57.5778,52.2094,35.5693
2010-11-24T02:00:00+00:00,Macquarie Island,60.2977,58.3481,57.5778
2010-11-24T03:00:00+00:00,Macquarie Island,55.4991,51.8431,60.2977
2010-11-24T04:00:00+00:00,Macquarie Island,59.2942,51.8277,55.4991
2010-11-24T05:00:00+00:00,Macquarie Island,48.4912,46.1328,59.2942
2010-11-24T06:00:00+00:00,Macquarie Island,36.5496,40.4265,48.4912
2010-11-24T07:00:00+00:00,Macquarie Island,30.5754,37.0710,36.5496
2010-11-24T08:00:00+00:00,Macquarie Island,28.8791,37.1384,30.5754
2010-11-24T09:00:00+00:00,Macquarie Island,22.4944,22.0417,28.8791
2010-11-24T10:00:00+00:00,Macquarie Island,51.7136,58.5676,22.4944
2010-11-24T11:00:00+00:00,Macquarie Island,36.3186,39.4304,51.7136
2010-11-24T12:00:00+00:00,Macquarie Island,38.0674,39.8258,36.3186
2010-11-24T13:00:00+00:00,Macquarie Island,36.9383,44.1462,38.0674
2010-11-24T14:00:00+00:00,Macquarie Island,27.2798,33.6300,36.9383
2010-11-24T15:00:00+00:00,Macquarie Island,19.6935,27.8856,27.2798
2010-11-24T16:00:00+00:00,Macquarie Island,25.3511,30.8603,19.6935
2010-11-24T17:00:00+00:00,Macquarie Island,16.2049,17.5837,25.3511
2010-11-24T18:00:00+00:00,Macquarie Island,24.4055,29.7975,16.2049
2010-11-24T19:00:00+00:00,Macquarie Island,54.3863,65.1608,24.4055
2010-11-24T20:00:00+00:00,Macquarie Island,21.5844,24.8670,54.3863
2010-11-24T21:00:00+00:00,Macquarie Island,35.6221,42.9345,21.5844
2010-11-24T22:00:00+00:00,Macquarie Island,60.9949,61.0450,35.6221
2010-11-24T23:00:00+00:00,Macquarie Island,32.1041,36.1823,60.9949
2010-11-25T00:00:00+00:00,Macquarie Island,56.5546,55.0468,32.1041
2010-11-25T01:00:00+00:00,Macquarie Island,61.4008,59.7430,56.5546
2010-11-25T02:00:00+00:00,Macquarie Island,60.0000,72.7349,61.4008
2010-11-25T03:00:00+00:00,Macquarie Island,60.0000,58.7625,60.0000
2010-11-25T04:00:00+00:00,Macquarie Island,41.2537,39.4622,60.0000
2010-11-25T05:00:00+00:00,Macquarie Island,49.2536,45.9134,41.2537
2010-11-25T06:00:00+00:00,Macquarie Island,53.7799,50.5473,49.2536
2010-11-25T07:00:00+00:00,Macquarie Island,60.2927,80.3110,53.7799
2010-11-25T08:00:00+00:00,Macquarie Island,36.5354,47.7363,60.2927
2010-11-25T09:00:00+00:00,Macquarie Island,42.2175,54.6627,36.5354
2010-11-25T10:00:00+00:00,Macquarie Island,45.4544,42.3536,42.2175
2010-11-25T11:00:00+00:00,Macquarie Island,40.3429,42.1693,45.4544
2010-11-25T12:00:00+00:00,Macquarie Island,35.1696,42.9218,40.3429
2010-11-25T13:00:00+00:00,Macquarie Island,45.2447,46.3414,35.1696
2010-11-25T14:00:00+00:00,Macquarie Island,24.5967,31.8245,45.2447
2010-11-25T15:00:00+00:00,Macquarie Island,17.2439,20.7859,24.5967
2010-11-25T16:00:00+00:00,Macquarie Island,28.4726,34.2452,17.2439
2010-11-25T17:00:00+00:00,Macquarie Island,15.4999,17.7105,28.4726
2010-11-25T18:00:00+00:00,Macquarie Island,25.7871,33.0241,15.4999
2010-11-25T19:00:00+00:00,Macquarie Island,35.6612,47.5037,25.7871
2010-11-25T20:00:00+00:00,Macquarie Island,41.8808,48.9622,35.6612
2010-11-25T21:00:00+00:00,Macquarie Island,35.8636,43.0259,41.8808
2010-11-25T22:00:00+00:00,Macquarie Island,60.0000,80.6978,35.8636
2010-11-25T23:00:00+00:00,Macquarie Island,57.4266,53.4324,60.0000
2010-11-26T00:00:00+00:00,Macquarie Island,52.4216,54.3622,57.4266
2010-11-26T01:00:00+00:00,Macquarie Island,58.2471,52.2392,52.4216
2010-11-26T02:00:00+00:00,Macquarie Island,60.0000,58.9366,58.2471
2010-11-26T03:00:00+00:00,Macquarie Island,55.8270,51.1992,60.0000
2010-11-26T04:00:00+00:00,Macquarie Island,59.0920,52.1600,55.8270
2010-11-26T05:00:00+00:00,Macquarie Island,60.0000,58.3576,59.0920
2010-11-26T06:00:00+00:00,Macquarie Island,22.2223,30.8803,60.0000
2010-11-26T07:00:00+00:00,Macquarie Island,44.0020,46.0991,22.2223
2010-11-26T08:00:00+00:00,Macquarie Island,43.8370,51.9922,44.0020
2010-11-26T09:00:00+00:00,Macquarie Island,37.9480,43.1406,43.8370
2010-11-26T10:00:00+00:00,Macquarie Island,45.5501,50.5271,37.9480
2010-11-26T11:00:00+00:00,Macquarie Island,41.3335,43.8773,45.5501
2010-11-26T12:00:00+00:00,Macquarie Island,41.2414,42.2626,41.3335
2010-11-26T13:00:00+00:00,Macquarie Island,64.1592,78.9426,41.2414
2010-11-26T14:00:00+00:00,Macquarie Island,33.0392,33.9720,64.1592
2010-11-26T15:00:00+00:00,Macquarie Island,20.1997,26.0225,33.0392
2010-11-26T16:00:00+00:00,Macquarie Island,17.0526,18.8229,20.1997
2010-11-26T17:00:00+00:00,Macquarie Island,23.7622,30.3327,17.0526
2010-11-26T18:00:00+00:00,Macquarie Island,9.1414,7.3549,23.7622
2010-11-26T19:00:00+00:00,Macquarie Island,26.1667,33.4176,9.1414
2010-11-26T20:00:00+00:00,Macquarie Island,52.2151,57.7477,26.1667
2010-11-26T21:00:00+00:00,Macquarie Island,36.9938,44.3239,52.2151
2010-11-26T22:00:00+00:00,Macquarie Island,45.8155,50.4870,36.9938
2010-11-26T23:00:00+00:00,Macquarie Island,52.7529,51.1056,45.8155
2010-11-27T00:00:00+00:00,Macquarie Island,67.5233,59.9846,52.7529
2010-11-27T01:00:00+00:00,Macquarie Island,63.2144,66.3074,67.5233
2010-11-27T02:00:00+00:00,Macquarie Island,51.2946,47.8311,63.2144
2010-11-27T03:00:00+00:00,Macquarie Island,40.2274,40.1879,51.2946
2010-11-27T04:00:00+00:00,Macquarie Island,60.5034,58.2217,40.2274
2010-11-27T05:00:00+00:00,Macquarie Island,60.0000,59.2621,60.5034
2010-11-27T06:00:00+00:00,Macquarie Island,29.6121,31.7000,60.0000
2010-11-27T07:00:00+00:00,Macquarie Island,33.6328,35.6354,29.6121
2010-11-27T08:00:00+00:00,Macquarie Island,60.0000,59.7730,33.6328
2010-11-27T09:00:00+00:00,Macquarie Island,38.9376,41.2333,60.0000
2010-11-27T10:00:00+00:00,Macquarie Island,64.9582,61.1921,38.9376
2010-11-27T11:00:00+00:00,Macquarie Island,37.2125,39.2220,64.9582
2010-11-27T12:00:00+00:00,Macquarie Island,49.0304,49.5563,37.2125
2010-11-27T13:00:00+00:00,Macquarie Island,48.2424,49.4345,49.0304
2010-11-27T14:00:00+00:00,Macquarie Island,32.2984,33.7130,48.2424
2010-11-27T15:00:00+00:00,Macquarie Island,31.3097,33.8449,32.2984
2010-11-27T16:00:00+00:00,Macquarie Island,19.5573,22.2634,31.3097
2010-11-27T17:00:00+00:00,Macquarie Island,5.7731,4.3702,19.5573
2010-11-27T18:00:00+00:00,Macquarie Island,11.6233,10.4923,5.7731
2010-11-27T19:00:00+00:00,Macquarie Island,31.7058,41.2584,11.6233
2010-11-27T20:00:00+00:00,Macquarie Island,48.7718,53.7072,31.7058
2010-11-27T21:00:00+00:00,Macquarie Island,15.6541,14.4096,48.7718
2010-11-27T22:00:00+00:00,Macquarie Island,45.1968,49.4152,15.6541
2010-11-27T23:00:00+00:00,Macquarie Island,42.3487,44.3009,45.1968
2010-11-28T00:00:00+00:00,Macquarie Island,51.4221,53.0308,42.3487
2010-11-28T01:00:00+00:00,Macquarie Island,51.4460,48.3993,51.4221
2010-11-28T02:00:00+00:00,Macquarie Island,60.0000,58.8481,51.4460
2010-11-28T03:00:00+00:00,Macquarie Island,60.3772,58.3820,60.0000
2010-11-28T04:00:00+00:00,Macquarie Island,45.7489,43.6289,60.3772
2010-11-28T05:00:00+00:00,Macquarie Island,47.9256,57.6548,45.7489
2010-11-28T06:00:00+00:00,Macquarie Island,51.1100,48.5428,47.9256
2010-11-28T07:00:00+00:00,Macquarie Island,60.0000,58.9119,51.1100
2010-11-28T08:00:00+00:00,Macquarie Island,39.5427,47.3287,60.0000
2010-11-28T09:00:00+00:00,Macquarie Island,26.8007,27.3031,39.5427
2010-11-28T10:00:00+00:00,Macquarie Island,34.2793,39.1306,26.8007
2010-11-28T11:00:00+00:00,Macquarie Island,59.9100,73.7527,34.2793
2010-11-28T12:00:00+00:00,Macquarie Island,35.5757,36.9299,59.9100
2010-11-28T13:00:00+00:00,Macquarie Island,42.7272,44.9302,35.5757
2010-11-28T14:00:00+00:00,Macquarie Island,32.1566,34.7854,42.7272
2010-11-28T15:00:00+00:00,Macquarie Island,26.1358,28.8653,32.1566
2010-11-28T16:00:00+00:00,Macquarie Island,7.9692,8.7205,26.1358
2010-11-28T17:00:00+00:00,Macquarie Island,21.3666,27.5699,7.9692
2010-11-28T18:00:00+00:00,Macquarie Island,16.7542,16.7381,21.3666
2010-11-28T19:00:00+00:00,Macquarie Island,19.8116,22.3159,16.7542
2010-11-28T20:00:00+00:00,Macquarie Island,49.4152,54.8789,19.8116
2010-11-28T21:00:00+00:00,Macquarie Island,60.0000,74.3793,49.4152
2010-11-28T22:00:00+00:00,Macquarie Island,52.1017,50.0672,60.0000
2010-11-28T23:00:00+00:00,Macquarie Island,60.0000,66.9928,52.1017
2010-11-29T00:00:00+00:00,Macquarie Island,64.0599,60.5359,60.0000
2010-11-29T01:00:00+00:00,Macquarie Island,57.5373,52.1111,64.0599
2010-11-29T02:00:00+00:00,Macquarie Island,60.0000,59.4063,57.5373
2010-11-29T03:00:00+00:00,Macquarie Island,51.2820,47.7390,60.0000
2010-11-29T04:00:00+00:00,Macquarie Island,60.6182,58.0892,51.2820
2010-11-29T05:00:00+00:00,Macquarie Island,59.0782,52.4696,60.6182
2010-11-29T06:00:00+00:00,Macquarie Island,61.4573,64.5793,59.0782
2010-11-29T07:00:00+00:00,Macquarie Island,60.0000,59.5962,61.4573
2010-11-29T08:00:00+00:00,Macquarie Island,26.7101,31.6670,60.0000
2010-11-29T09:00:00+00:00,Macquarie Island,41.8195,48.4717,26.7101
2010-11-29T10:00:00+00:00,Macquarie Island,52.5189,57.0076,41.8195
2010-11-29T11:00:00+00:00,Macquarie Island,39.5493,42.0660,52.5189
2010-11-29T12:00:00+00:00,Macquarie Island,48.9956,51.2561,39.5493
2010-11-29T13:00:00+00:00,Macquarie Island,27.4426,34.5712,48.9956
2010-11-29T14:00:00+00:00,Macquarie Island,23.3927,31.4941,27.4426
2010-11-29T15:00:00+00:00,Macquarie Island,32.4133,34.9736,23.3927
2010-11-29T16:00:00+00:00,Macquarie Island,13.6028,15.6686,32.4133
2010-11-29T17:00:00+00:00,Macquarie Island,19.0729,24.0457,13.6028
2010-11-29T18:00:00+00:00,Macquarie Island,13.0628,13.5016,19.0729
2010-11-29T19:00:00+00:00,Macquarie Island,24.1358,28.5687,13.0628
2010-11-29T20:00:00+00:00,Macquarie Island,28.7581,35.5671,24.1358
2010-11-29T21:00:00+00:00,Macquarie Island,62.7009,67.6581,28.7581
2010-11-29T22:00:00+00:00,Macquarie Island,59.1356,54.0897,62.7009
2010-11-29T23:00:00+00:00,Macquarie Island,57.3648,54.2225,59.1356
2010-11-30T00:00:00+00:00,Macquarie Island,61.2704,56.1338,57.3648
2010-11-30T01:00:00+00:00,Macquarie Island,48.2786,47.4990,61.2704
2010-11-30T02:00:00+00:00,Macquarie Island,47.1362,46.5372,48.2786
2010-11-30T03:00:00+00:00,Macquarie Island,60.0000,58.8918,47.1362
2010-11-30T04:00:00+00:00,Macquarie Island,60.0000,58.1719,60.0000
2010-11-30T05:00:00+00:00,Macquarie Island,60.0000,69.6970,60.0000
2010-11-30T06:00:00+00:00,Macquarie Island,50.2495,47.0903,60.0000
2010-11-30T07:00:00+00:00,Macquarie Island,61.1361,53.0297,50.2495
2010-11-30T08:00:00+00:00,Macquarie Island,58.2903,134.6197,61.1361
2010-11-30T09:00:00+00:00,Macquarie Island,38.1261,41.0428,58.2903
2010-11-30T10:00:00+00:00,Macquarie Island,53.6996,57.4354,38.1261
2010-11-30T11:00:00+00:00,Macquarie Island,44.4279,39.5323,53.6996
2010-11-30T12:00:00+00:00,Macquarie Island,42.1552,43.3539,44.4279
2010-11-30T13:00:00+00:00,Macquarie Island,42.1790,42.7342,42.1552
2010-11-30T14:00:00+00:00,Macquarie Island,34.5092,36.0789,42.1790
2010-11-30T15:00:00+00:00,Macquarie Island,27.6637,30.8664,34.5092
2010-11-30T16:00:00+00:00,Macquarie Island,59.8052,67.7567,27.6637
2010-11-30T17:00:00+00:00,Macquarie Island,9.3843,8.0831,59.8052
2010-11-30T18:00:00+00:00,Macquarie Island,19.2057,22.1443,9.3843
2010-11-30T19:00:00+00:00,Macquarie Island,37.4828,47.8642,19.2057
2010-11-30T20:00:00+00:00,Macquarie Island,25.7252,29.9523,37.4828
2010-11-30T21:00:00+00:00,Macquarie Island,35.2205,42.6512,25.7252
2010-11-30T22:00:00+00:00,Macquarie Island,28.4301,31.4308,35.2205
2010-11-30T23:00:00+00:00,Macquarie Island,47.5690,47.9992,28.4301
2010-12-01T00:00:00+00:00,Macquarie Island,25.4836,28.9666,47.5690
2010-12-01T01:00:00+00:00,Macquarie Island,41.1053,42.6601,25.4836
2010-12-01T02:00:00+00:00,Macquarie Island,32.2966,34.2208,41.1053
2010-12-01T03:00:00+00:00,Macquarie Island,53.6246,48.8416,32.2966
2010-12-01T04:00:00+00:00,Macquarie Island,51.4460,50.1426,53.6246
2010-12-01T05:00:00+00:00,Macquarie Island,47.0901,44.8064,51.4460
2010-12-01T06:00:00+00:00,Macquarie Island,34.1419,37.0025,47.0901
2010-12-01T07:00:00+00:00,Macquarie Island,30.7365,34.8367,34.1419
2010-12-01T08:00:00+00:00,Macquarie Island,41.3006,51.1182,30.7365
2010-12-01T09:00:00+00:00,Macquarie Island,30.4263,33.2445,41.3006
2010-12-01T10:00:00+00:00,Macquarie Island,26.2527,30.5207,30.4263
2010-12-01T11:00:00+00:00,Macquarie Island,29.1305,34.3249,26.2527
2010-12-01T12:00:00+00:00,Macquarie Island,29.7538,32.7404,29.1305
2010-12-01T13:00:00+00:00,Macquarie Island,18.9743,20.3170,29.7538
2010-12-01T14:00:00+00:00,Macquarie Island,13.2906,16.1568,18.9743
2010-12-01T15:00:00+00:00,Macquarie Island,16.5501,17.8584,13.2906
2010-12-01T16:00:00+00:00,Macquarie Island,41.6238,44.9919,16.5501
2010-12-01T17:00:00+00:00,Macquarie Island,9.1516,7.8371,41.6238
2010-12-01T18:00:00+00:00,Macquarie Island,15.9846,17.9033,9.1516
2010-12-01T19:00:00+00:00,Macquarie Island,24.7818,28.6950,15.9846
2010-12-01T20:00:00+00:00,Macquarie Island,20.8067,18.5299,24.7818
2010-12-01T21:00:00+00:00,Macquarie Island,35.7405,43.2351,20.8067
2010-12-01T22:00:00+00:00,Macquarie Island,35.5507,41.8622,35.7405
2010-12-01T23:00:00+00:00,Macquarie Island,14.6831,11.4507,35.5507
2010-12-02T00:00:00+00:00,Macquarie Island,46.4518,51.4049,14.6831
2010-12-02T01:00:00+00:00,Macquarie Island,60.5811,52.7245,46.4518
2010-12-02T02:00:00+00:00,Macquarie Island,39.3250,40.2370,60.5811
2010-12-02T03:00:00+00:00,Macquarie Island,58.2683,52.8702,39.3250
2010-12-02T04:00:00+00:00,Macquarie Island,64.2760,59.1900,58.2683
2010-12-02T05:00:00+00:00,Macquarie Island,40.8508,39.6766,64.2760
2010-12-02T06:00:00+00:00,Macquarie Island,34.5859,36.9240,40.8508
2010-12-02T07:00:00+00:00,Macquarie Island,44.9776,46.0991,34.5859
2010-12-02T08:00:00+00:00,Macquarie Island,41.0944,50.5850,44.9776
2010-12-02T09:00:00+00:00,Macquarie Island,32.1237,41.0203,41.0944
2010-12-02T10:00:00+00:00,Macquarie Island,18.7744,18.8295,32.1237
2010-12-02T11:00:00+00:00,Macquarie Island,27.4201,32.0106,18.7744
2010-12-02T12:00:00+00:00,Macquarie Island,41.8174,47.2116,27.4201
2010-12-02T13:00:00+00:00,Macquarie Island,25.4749,30.5054,41.8174
2010-12-02T14:00:00+00:00,Macquarie Island,11.8476,12.5970,25.4749
2010-12-02T15:00:00+00:00,Macquarie Island,26.2247,33.2363,11.8476
2010-12-02T16:00:00+00:00,Macquarie Island,26.2659,28.2939,26.2247
2010-12-02T17:00:00+00:00,Macquarie Island,17.3239,19.4254,26.2659
2010-12-02T18:00:00+00:00,Macquarie Island,19.9768,24.9243,17.3239
2010-12-02T19:00:00+00:00,Macquarie Island,14.3697,14.8574,19.9768
2010-12-02T20:00:00+00:00,Macquarie Island,28.2688,30.3795,14.3697
2010-12-02T21:00:00+00:00,Macquarie Island,25.3677,28.6474,28.2688
2010-12-02T22:00:00+00:00,Macquarie Island,42.3469,46.2028,25.3677
2010-12-02T23:00:00+00:00,Macquarie Island,48.2622,46.9739,42.3469
2010-12-03T00:00:00+00:00,Macquarie Island,39.6624,46.3094,48.2622
2010-12-03T01:00:00+00:00,Macquarie Island,26.5196,30.8513,39.6624
2010-12-03T02:00:00+00:00,Macquarie Island,57.3986,51.7770,26.5196
2010-12-03T03:00:00+00:00,Macquarie Island,21.5864,24.0506,57.3986
2010-12-03T04:00:00+00:00,Macquarie Island,17.7197,16.2301,21.5864
2010-12-03T05:00:00+00:00,Macquarie Island,54.4574,49.7092,17.7197
2010-12-03T06:00:00+00:00,Macquarie Island,61.7925,58.5342,54.4574
2010-12-03T07:00:00+00:00,Macquarie Island,61.2861,63.4815,61.7925
2010-12-03T08:00:00+00:00,Macquarie Island,52.9654,56.9338,61.2861
2010-12-03T09:00:00+00:00,Macquarie Island,38.0753,44.8340,52.9654
2010-12-03T10:00:00+00:00,Macquarie Island,28.0739,32.4029,38.0753
2010-12-03T11:00:00+00:00,Macquarie Island,27.6784,31.6653,28.0739
2010-12-03T12:00:00+00:00,Macquarie Island,17.9634,21.0927,27.6784
2010-12-03T13:00:00+00:00,Macquarie Island,22.1606,27.0752,17.9634
2010-12-03T14:00:00+00:00,Macquarie Island,20.3535,23.9117,22.1606
2010-12-03T15:00:00+00:00,Macquarie Island,5.8581,5.7654,20.3535
2010-12-03T16:00:00+00:00,Macquarie Island,23.8129,26.8458,5.8581
2010-12-03T17:00:00+00:00,Macquarie Island,28.1298,37.0254,23.8129
2010-12-03T18:00:00+00:00,Macquarie Island,26.4190,32.2012,28.1298
2010-12-03T19:00:00+00:00,Macquarie Island,15.8104,16.2120,26.4190
2010-12-03T20:00:00+00:00,Macquarie Island,23.0441,25.2776,15.8104
2010-12-03T21:00:00+00:00,Macquarie Island,39.2641,44.3620,23.0441
2010-12-03T22:00:00+00:00,Macquarie Island,19.1550,20.6661,39.2641
2010-12-03T23:00:00+00:00,Macquarie Island,60.0000,61.8379,19.1550
2010-12-04T00:00:00+00:00,Macquarie Island,70.4329,66.0956,60.0000
2010-12-04T01:00:00+00:00,Macquarie Island,35.4209,37.6354,70.4329
2010-12-04T02:00:00+00:00,Macquarie Island,19.5394,21.3868,35.4209
2010-12-04T03:00:00+00:00,Macquarie Island,61.6054,60.0828,19.5394
2010-12-04T04:00:00+00:00,Macquarie Island,55.1920,50.2858,61.6054
2010-12-04T05:00:00+00:00,Macquarie Island,60.0000,55.5004,55.1920
2010-12-04T06:00:00+00:00,Macquarie Island,55.8801,52.3786,60.0000
2010-12-04T07:00:00+00:00,Macquarie Island,25.3007,29.3317,55.8801
2010-12-04T08:00:00+00:00,Macquarie Island,40.2993,50.1469,25.3007
2010-12-04T09:00:00+00:00,Macquarie Island,17.0577,15.6982,40.2993
2010-12-04T10:00:00+00:00,Macquarie Island,8.0204,7.0590,17.0577
2010-12-04T11:00:00+00:00,Macquarie Island,35.9242,42.5801,8.0204
2010-12-04T12:00:00+00:00,Macquarie Island,14.1561,17.4074,35.9242
2010-12-04T13:00:00+00:00,Macquarie Island,9.2398,10.3139,14.1561
2010-12-04T14:00:00+00:00,Macquarie Island,6.3518,7.0759,9.2398
2010-12-04T15:00:00+00:00,Macquarie Island,19.9247,21.4982,6.3518
2010-12-04T16:00:00+00:00,Macquarie Island,28.9017,32.4530,19.9247
2010-12-04T17:00:00+00:00,Macquarie Island,24.3398,29.6995,28.9017
2010-12-04T18:00:00+00:00,Macquarie Island,7.0665,6.1511,24.3398
2010-12-04T19:00:00+00:00,Macquarie Island,12.2047,8.9957,7.0665
2010-12-04T20:00:00+00:00,Macquarie Island,53.4141,62.0687,12.2047
2010-12-04T21:00:00+00:00,Macquarie Island,60.1432,63.0462,53.4141
2010-12-04T22:00:00+00:00,Macquarie Island,31.9144,38.1254,60.1432
2010-12-04T23:00:00+00:00,Macquarie Island,49.0829,47.6745,31.9144
2010-12-05T00:00:00+00:00,Macquarie Island,53.5891,52.2182,49.0829
2010-12-05T01:00:00+00:00,Macquarie Island,50.4782,47.7484,53.5891
2010-12-05T02:00:00+00:00,Macquarie Island,52.5576,49.4784,50.4782
2010-12-05T03:00:00+00:00,Macquarie Island,34.1311,36.9559,52.5576
2010-12-05T04:00:00+00:00,Macquarie Island,44.9358,44.3758,34.1311
2010-12-05T05:00:00+00:00,Macquarie Island,58.9387,52.4196,44.9358
2010-12-05T06:00:00+00:00,Macquarie Island,40.7875,40.6192,58.9387
2010-12-05T07:00:00+00:00,Macquarie Island,43.1484,43.3121,40.7875
2010-12-05T08:00:00+00:00,Macquarie Island,41.2230,49.9436,43.1484
2010-12-05T09:00:00+00:00,Macquarie Island,29.7528,32.4964,41.2230
2010-12-05T10:00:00+00:00,Macquarie Island,26.6792,30.9783,29.7528
2010-12-05T11:00:00+00:00,Macquarie Island,52.9042,53.5295,26.6792
2010-12-05T12:00:00+00:00,Macquarie Island,27.7094,28.4603,52.9042
2010-12-05T13:00:00+00:00,Macquarie Island,9.3529,10.3139,27.7094
2010-12-05T14:00:00+00:00,Macquarie Island,16.8640,18.4093,9.3529
2010-12-05T15:00:00+00:00,Macquarie Island,11.1278,12.5315,16.8640
2010-12-05T16:00:00+00:00,Macquarie Island,32.1087,34.6138,11.1278
2010-12-05T17:00:00+00:00,Macquarie Island,14.4687,13.5855,32.1087
2010-12-05T18:00:00+00:00,Macquarie Island,23.6165,27.3303,14.4687
2010-12-05T19:00:00+00:00,Macquarie Island,32.6945,41.7224,23.6165
2010-12-05T20:00:00+00:00,Macquarie Island,36.0558,37.9076,32.6945
2010-12-05T21:00:00+00:00,Macquarie Island,28.1523,32.5848,36.0558
2010-12-05T22:00:00+00:00,Macquarie Island,13.5858,11.5986,28.1523
2010-12-05T23:00:00+00:00,Macquarie Island,22.5075,24.7815,13.5858
2010-12-06T00:00:00+00:00,Macquarie Island,51.7027,52.2182,22.5075
2010-12-06T01:00:00+00:00,Macquarie Island,36.0072,38.1025,51.7027
2010-12-06T02:00:00+00:00,Macquarie Island,37.5384,38.9364,36.0072
2010-12-06T03:00:00+00:00,Macquarie Island,58.0990,52.8702,37.5384
2010-12-06T04:00:00+00:00,Macquarie Island,57.3929,51.9980,58.0990
2010-12-06T05:00:00+00:00,Macquarie Island,40.8912,40.6678,57.3929
2010-12-06T06:00:00+00:00,Macquarie Island,35.7635,40.4265,40.8912
2010-12-06T07:00:00+00:00,Macquarie Island,26.7142,28.8531,35.7635
2010-12-06T08:00:00+00:00,Macquarie Island,43.6068,53.2795,26.7142
2010-12-06T09:00:00+00:00,Macquarie Island,34.7600,42.3330,43.6068
2010-12-06T10:00:00+00:00,Macquarie Island,19.8559,22.3067,34.7600
2010-12-06T11:00:00+00:00,Macquarie Island,26.6563,31.8586,19.8559
2010-12-06T12:00:00+00:00,Macquarie Island,29.0540,31.7733,26.6563
2010-12-06T13:00:00+00:00,Macquarie Island,31.1128,44.9547,29.0540
2010-12-06T14:00:00+00:00,Macquarie Island,8.8459,9.6588,31.1128
2010-12-06T15:00:00+00:00,Macquarie Island,27.5545,33.4558,8.8459
2010-12-06T16:00:00+00:00,Macquarie Island,22.4644,29.8904,27.5545
2010-12-06T17:00:00+00:00,Macquarie Island,8.8971,8.1203,22.4644
2010-12-06T18:00:00+00:00,Macquarie Island,3.2992,1.5321,8.8971
2010-12-06T19:00:00+00:00,Macquarie Island,39.5660,48.0362,3.2992
2010-12-06T20:00:00+00:00,Macquarie Island,29.7570,33.7743,39.5660
2010-12-06T21:00:00+00:00,Macquarie Island,30.1634,38.3917,29.7570
2010-12-06T22:00:00+00:00,Macquarie Island,42.0860,44.2774,30.1634
2010-12-06T23:00:00+00:00,Macquarie Island,36.1148,39.8754,42.0860
2010-12-07T00:00:00+00:00,Macquarie Island,64.8218,60.5479,36.1148
2010-12-07T01:00:00+00:00,Macquarie Island,60.0000,59.9475,64.8218
2010-12-07T02:00:00+00:00,Macquarie Island,61.1206,58.8016,60.0000
2010-12-07T03:00:00+00:00,Macquarie Island,53.6872,50.9854,61.1206
2010-12-07T04:00:00+00:00,Macquarie Island,33.1136,32.4718,53.6872
2010-12-07T05:00:00+00:00,Macquarie Island,40.4086,40.0090,33.1136
2010-12-07T06:00:00+00:00,Macquarie Island,36.0218,37.0232,40.4086
2010-12-07T07:00:00+00:00,Macquarie Island,43.2061,43.9771,36.0218
2010-12-07T08:00:00+00:00,Macquarie Island,61.5884,57.3345,43.2061
2010-12-07T09:00:00+00:00,Macquarie Island,18.0409,16.3970,61.5884
2010-12-07T10:00:00+00:00,Macquarie Island,21.1587,23.8343,18.0409
2010-12-07T11:00:00+00:00,Macquarie Island,9.0803,9.6079,21.1587
2010-12-07T12:00:00+00:00,Macquarie Island,35.1462,46.1715,9.0803
2010-12-07T13:00:00+00:00,Macquarie Island,21.2366,25.5596,35.1462
2010-12-07T14:00:00+00:00,Macquarie Island,25.6292,31.8925,21.2366
2010-12-07T15:00:00+00:00,Macquarie Island,16.2168,17.9503,25.6292
2010-12-07T16:00:00+00:00,Macquarie Island,12.3839,16.1519,16.2168
2010-12-07T17:00:00+00:00,Macquarie Island,8.8058,8.3708,12.3839
2010-12-07T18:00:00+00:00,Macquarie Island,2.4875,0.8983,8.8058
2010-12-07T19:00:00+00:00,Macquarie Island,26.2322,30.8140,2.4875
2010-12-07T20:00:00+00:00,Macquarie Island,55.1619,62.7453,26.2322
2010-12-07T21:00:00+00:00,Macquarie Island,36.5323,43.3154,55.1619
2010-12-07T22:00:00+00:00,Macquarie Island,29.7610,31.2593,36.5323
2010-12-07T23:00:00+00:00,Macquarie Island,56.0213,53.7408,29.7610
2010-12-08T00:00:00+00:00,Macquarie Island,52.0412,53.9871,56.0213
2010-12-08T01:00:00+00:00,Macquarie Island,61.9323,59.7145,52.0412
2010-12-08T02:00:00+00:00,Macquarie Island,60.0000,55.2388,61.9323
2010-12-08T03:00:00+00:00,Macquarie Island,60.0000,59.3159,60.0000
2010-12-08T04:00:00+00:00,Macquarie Island,44.4194,45.3805,60.0000
2010-12-08T05:00:00+00:00,Macquarie Island,62.4178,59.0560,44.4194
2010-12-08T06:00:00+00:00,Macquarie Island,41.0790,41.8243,62.4178
2010-12-08T07:00:00+00:00,Macquarie Island,38.3857,41.6891,41.0790
2010-12-08T08:00:00+00:00,Macquarie Island,38.6619,40.6575,38.3857
2010-12-08T09:00:00+00:00,Macquarie Island,41.3725,44.2066,38.6619
2010-12-08T10:00:00+00:00,Macquarie Island,60.0000,55.5733,41.3725
2010-12-08T11:00:00+00:00,Macquarie Island,43.3248,54.2083,60.0000
2010-12-08T12:00:00+00:00,Macquarie Island,46.3874,67.0488,43.3248
2010-12-08T13:00:00+00:00,Macquarie Island,12.4699,13.4290,46.3874
2010-12-08T14:00:00+00:00,Macquarie Island,26.5967,32.4773,12.4699
2010-12-08T15:00:00+00:00,Macquarie Island,4.9775,5.7857,26.5967
2010-12-08T16:00:00+00:00,Macquarie Island,26.4810,31.2355,4.9775
2010-12-08T17:00:00+00:00,Macquarie Island,28.5149,36.3680,26.4810
2010-12-08T18:00:00+00:00,Macquarie Island,11.2908,10.5054,28.5149
2010-12-08T19:00:00+00:00,Macquarie Island,6.8384,3.0590,11.2908
2010-12-08T20:00:00+00:00,Macquarie Island,35.4757,40.0707,6.8384
2010-12-08T21:00:00+00:00,Macquarie Island,25.0756,27.7458,35.4757
2010-12-08T22:00:00+00:00,Macquarie Island,32.6706,39.0812,25.0756
2010-12-08T23:00:00+00:00,Macquarie Island,26.9834,30.0007,32.6706
2010-12-09T00:00:00+00:00,Macquarie Island,63.0458,60.6244,26.9834
2010-12-09T01:00:00+00:00,Macquarie Island,58.7437,53.5040,63.0458
2010-12-09T02:00:00+00:00,Macquarie Island,62.6740,60.7659,58.7437
2010-12-09T03:00:00+00:00,Macquarie Island,33.8493,35.9639,62.6740
2010-12-09T04:00:00+00:00,Macquarie Island,68.4076,59.0289,33.8493
2010-12-09T05:00:00+00:00,Macquarie Island,40.2723,40.1119,68.4076
2010-12-09T06:00:00+00:00,Macquarie Island,41.2722,41.6477,40.2723
2010-12-09T07:00:00+00:00,Macquarie Island,41.1844,43.5838,41.2722
2010-12-09T08:00:00+00:00,Macquarie Island,68.8821,64.1290,41.1844
2010-12-09T09:00:00+00:00,Macquarie Island,21.4874,22.8776,68.8821
2010-12-09T10:00:00+00:00,Macquarie Island,14.5639,14.6712,21.4874
2010-12-09T11:00:00+00:00,Macquarie Island,7.0122,7.7509,14.5639
2010-12-09T12:00:00+00:00,Macquarie Island,32.7624,39.2761,7.0122
2010-12-09T13:00:00+00:00,Macquarie Island,4.3520,5.1858,32.7624
2010-12-09T14:00:00+00:00,Macquarie Island,10.2467,12.1171,4.3520
2010-12-09T15:00:00+00:00,Macquarie Island,9.5682,10.0036,10.2467
2010-12-09T16:00:00+00:00,Macquarie Island,23.2929,29.8904,9.5682
2010-12-09T17:00:00+00:00,Macquarie Island,15.1995,18.3792,23.2929
2010-12-09T18:00:00+00:00,Macquarie Island,17.7038,17.5251,15.1995
2010-12-09T19:00:00+00:00,Macquarie Island,17.2919,18.4810,17.7038
2010-12-09T20:00:00+00:00,Macquarie Island,44.3882,53.0652,17.2919
2010-12-09T21:00:00+00:00,Macquarie Island,58.8197,57.9973,44.3882
2010-12-09T22:00:00+00:00,Macquarie Island,24.8219,26.8345,58.8197
2010-12-09T23:00:00+00:00,Macquarie Island,27.9027,30.2547,24.8219
2010-12-10T00:00:00+00:00,Macquarie Island,40.1875,47.5872,27.9027
2010-12-10T01:00:00+00:00,Macquarie Island,44.8937,45.2401,40.1875
2010-12-10T02:00:00+00:00,Macquarie Island,45.3142,44.9319,44.8937
2010-12-10T03:00:00+00:00,Macquarie Island,61.7172,59.1359,45.3142
2010-12-10T04:00:00+00:00,Macquarie Island,70.1883,63.7641,61.7172
2010-12-10T05:00:00+00:00,Macquarie Island,51.9339,48.5288,70.1883
2010-12-10T06:00:00+00:00,Macquarie Island,60.0000,62.2876,51.9339
2010-12-10T07:00:00+00:00,Macquarie Island,50.3889,65.4749,60.0000
2010-12-10T08:00:00+00:00,Macquarie Island,47.7574,51.5851,50.3889
2010-12-10T09:00:00+00:00,Macquarie Island,12.5284,11.1229,47.7574
2010-12-10T10:00:00+00:00,Macquarie Island,16.7192,16.2618,12.5284
2010-12-10T11:00:00+00:00,Macquarie Island,12.7749,12.5343,16.7192
2010-12-10T12:00:00+00:00,Macquarie Island,17.3736,25.5452,12.7749
2010-12-10T13:00:00+00:00,Macquarie Island,25.8149,31.8498,17.3736
2010-12-10T14:00:00+00:00,Macquarie Island,25.3530,31.2555,25.8149
2010-12-10T15:00:00+00:00,Macquarie Island,13.1370,15.7941,25.3530
2010-12-10T16:00:00+00:00,Macquarie Island,23.3491,29.3305,13.1370
2010-12-10T17:00:00+00:00,Macquarie Island,5.9741,4.6918,23.3491
2010-12-10T18:00:00+00:00,Macquarie Island,20.1905,23.7413,5.9741
2010-12-10T19:00:00+00:00,Macquarie Island,24.8525,28.6950,20.1905
2010-12-10T20:00:00+00:00,Macquarie Island,25.8348,26.0959,24.8525
2010-12-10T21:00:00+00:00,Macquarie Island,35.0827,42.9345,25.8348
2010-12-10T22:00:00+00:00,Macquarie Island,20.6487,21.2573,35.0827
2010-12-10T23:00:00+00:00,Macquarie Island,25.7393,28.1317,20.6487
2010-12-11T00:00:00+00:00,Macquarie Island,69.4882,64.6395,25.7393
2010-12-11T01:00:00+00:00,Macquarie Island,60.0000,59.3167,69.4882
2010-12-11T02:00:00+00:00,Macquarie Island,32.2546,34.4713,60.0000
2010-12-11T03:00:00+00:00,Macquarie Island,61.6091,59.3295,32.2546
2010-12-11T04:00:00+00:00,Macquarie Island,70.2823,69.1040,61.6091
2010-12-11T05:00:00+00:00,Macquarie Island,36.2785,36.6014,70.2823
2010-12-11T06:00:00+00:00,Macquarie Island,60.6940,57.7410,36.2785
2010-12-11T07:00:00+00:00,Macquarie Island,47.3288,46.8424,60.6940
2010-12-11T08:00:00+00:00,Macquarie Island,51.8988,54.6129,47.3288
2010-12-11T09:00:00+00:00,Macquarie Island,50.8863,49.3134,51.8988
2010-12-11T10:00:00+00:00,Macquarie Island,28.9504,33.2508,50.8863
2010-12-11T11:00:00+00:00,Macquarie Island,21.5199,23.1088,28.9504
2010-12-11T12:00:00+00:00,Macquarie Island,30.8918,34.5448,21.5199
2010-12-11T13:00:00+00:00,Macquarie Island,13.3478,14.2959,30.8918
2010-12-11T14:00:00+00:00,Macquarie Island,30.7247,45.2241,13.3478
2010-12-11T15:00:00+00:00,Macquarie Island,21.3103,25.5192,30.7247
2010-12-11T16:00:00+00:00,Macquarie Island,19.1211,25.3917,21.3103
2010-12-11T17:00:00+00:00,Macquarie Island,22.5769,29.3660,19.1211
2010-12-11T18:00:00+00:00,Macquarie Island,12.0465,10.1418,22.5769
2010-12-11T19:00:00+00:00,Macquarie Island,61.4951,63.4097,12.0465
2010-12-11T20:00:00+00:00,Macquarie Island,16.3578,16.6011,61.4951
2010-12-11T21:00:00+00:00,Macquarie Island,37.8818,45.1369,16.3578
2010-12-11T22:00:00+00:00,Macquarie Island,39.1848,44.4443,37.8818
2010-12-11T23:00:00+00:00,Macquarie Island,38.5910,42.7674,39.1848
2010-12-12T00:00:00+00:00,Macquarie Island,56.2976,55.1406,38.5910
2010-12-12T01:00:00+00:00,Macquarie Island,21.9668,25.7849,56.2976
2010-12-12T02:00:00+00:00,Macquarie Island,39.1197,40.7157,21.9668
2010-12-12T03:00:00+00:00,Macquarie Island,33.6366,35.5541,39.1197
2010-12-12T04:00:00+00:00,Macquarie Island,66.2428,55.7365,33.6366
2010-12-12T05:00:00+00:00,Macquarie Island,37.7333,36.7354,66.2428
2010-12-12T06:00:00+00:00,Macquarie Island,58.0349,51.8882,37.7333
2010-12-12T07:00:00+00:00,Macquarie Island,60.0000,58.6986,58.0349
2010-12-12T08:00:00+00:00,Macquarie Island,45.3215,53.9377,60.0000
2010-12-12T09:00:00+00:00,Macquarie Island,21.8364,22.8776,45.3215
2010-12-12T10:00:00+00:00,Macquarie Island,29.9306,34.4182,21.8364
2010-12-12T11:00:00+00:00,Macquarie Island,7.7813,9.2011,29.9306
2010-12-12T12:00:00+00:00,Macquarie Island,19.7479,22.1985,7.7813
2010-12-12T13:00:00+00:00,Macquarie Island,24.5700,28.2027,19.7479
2010-12-12T14:00:00+00:00,Macquarie Island,34.0718,46.9832,24.5700
2010-12-12T15:00:00+00:00,Macquarie Island,14.4464,16.1657,34.0718
2010-12-12T16:00:00+00:00,Macquarie Island,28.4653,31.9618,14.4464
2010-12-12T17:00:00+00:00,Macquarie Island,21.9397,29.3660,28.4653
2010-12-12T18:00:00+00:00,Macquarie Island,42.5437,52.6365,21.9397
2010-12-12T19:00:00+00:00,Macquarie Island,16.1604,17.1089,42.5437
2010-12-12T20:00:00+00:00,Macquarie Island,31.9402,32.3463,16.1604
2010-12-12T21:00:00+00:00,Macquarie Island,27.6301,31.6762,31.9402
2010-12-12T22:00:00+00:00,Macquarie Island,56.9893,53.3812,27.6301
2010-12-12T23:00:00+00:00,Macquarie Island,50.2810,47.1182,56.9893
2010-12-13T00:00:00+00:00,Macquarie Island,34.5641,35.8743,50.2810
2010-12-13T01:00:00+00:00,Macquarie Island,37.7934,39.4139,34.5641
2010-12-13T02:00:00+00:00,Macquarie Island,30.6579,33.0682,37.7934
2010-12-13T03:00:00+00:00,Macquarie Island,26.6507,29.1473,30.6579
2010-12-13T04:00:00+00:00,Macquarie Island,69.0466,62.3130,26.6507
2010-12-13T05:00:00+00:00,Macquarie Island,35.2742,37.0571,69.0466
2010-12-13T06:00:00+00:00,Macquarie Island,59.0398,52.9301,35.2742
2010-12-13T07:00:00+00:00,Macquarie Island,40.5050,42.4439,59.0398
2010-12-13T08:00:00+00:00,Macquarie Island,59.9459,57.7368,40.5050
2010-12-13T09:00:00+00:00,Macquarie Island,16.8963,15.8941,59.9459
2010-12-13T10:00:00+00:00,Macquarie Island,23.0398,25.4085,16.8963
2010-12-13T11:00:00+00:00,Macquarie Island,42.1603,49.9974,23.0398
2010-12-13T12:00:00+00:00,Macquarie Island,28.5710,31.0010,42.1603
2010-12-13T13:00:00+00:00,Macquarie Island,25.2631,29.2424,28.5710
2010-12-13T14:00:00+00:00,Macquarie Island,35.3443,49.1042,25.2631
2010-12-13T15:00:00+00:00,Macquarie Island,10.6953,11.6494,35.3443
2010-12-13T16:00:00+00:00,Macquarie Island,22.6841,29.8904,10.6953
2010-12-13T17:00:00+00:00,Macquarie Island,20.9981,27.5699,22.6841
2010-12-13T18:00:00+00:00,Macquarie Island,28.1081,34.0549,20.9981
2010-12-13T19:00:00+00:00,Macquarie Island,22.2684,26.9716,28.1081
2010-12-13T20:00:00+00:00,Macquarie Island,64.5018,64.6120,22.2684
2010-12-13T21:00:00+00:00,Macquarie Island,20.5790,21.3841,64.5018
2010-12-13T22:00:00+00:00,Macquarie Island,25.2746,27.1983,20.5790
2010-12-13T23:00:00+00:00,Macquarie Island,48.7358,46.9745,25.2746
2010-12-14T00:00:00+00:00,Macquarie Island,56.1611,53.4195,48.7358
2010-12-14T01:00:00+00:00,Macquarie Island,51.8592,48.8617,56.1611
2010-12-14T02:00:00+00:00,Macquarie Island,62.0675,53.4605,51.8592
2010-12-14T03:00:00+00:00,Macquarie Island,60.0000,58.9057,62.0675
2010-12-14T04:00:00+00:00,Macquarie Island,61.1615,55.8568,60.0000
2010-12-14T05:00:00+00:00,Macquarie Island,64.3242,59.6599,61.1615
2010-12-14T06:00:00+00:00,Macquarie Island,48.7921,46.5193,64.3242
2010-12-14T07:00:00+00:00,Macquarie Island,32.0719,35.7533,48.7921
2010-12-14T08:00:00+00:00,Macquarie Island,41.5741,51.1182,32.0719
2010-12-14T09:00:00+00:00,Macquarie Island,64.1367,67.9065,41.5741
2010-12-14T10:00:00+00:00,Macquarie Island,38.6175,46.3592,64.1367
2010-12-14T11:00:00+00:00,Macquarie Island,16.3426,16.3261,38.6175
2010-12-14T12:00:00+00:00,Macquarie Island,24.2761,27.1646,16.3426
2010-12-14T13:00:00+00:00,Macquarie Island,19.9486,21.4239,24.2761
2010-12-14T14:00:00+00:00,Macquarie Island,19.5496,22.1208,19.9486
2010-12-14T15:00:00+00:00,Macquarie Island,11.4181,12.5729,19.5496
2010-12-14T16:00:00+00:00,Macquarie Island,16.5590,22.6304,11.4181
2010-12-14T17:00:00+00:00,Macquarie Island,34.9239,46.8811,16.5590
2010-12-14T18:00:00+00:00,Macquarie Island,14.7489,16.5194,34.9239
2010-12-14T19:00:00+00:00,Macquarie Island,16.5763,17.1089,14.7489
2010-12-14T20:00:00+00:00,Macquarie Island,35.4149,41.8396,16.5763
2010-12-14T21:00:00+00:00,Macquarie Island,39.8473,45.1316,35.4149
2010-12-14T22:00:00+00:00,Macquarie Island,36.6367,42.9098,39.8473
2010-12-14T23:00:00+00:00,Macquarie Island,53.3570,52.2139,36.6367
2010-12-15T00:00:00+00:00,Macquarie Island,69.1676,64.2699,53.3570
2010-12-15T01:00:00+00:00,Macquarie Island,27.1939,29.6992,69.1676
2010-12-15T02:00:00+00:00,Macquarie Island,60.2537,58.1344,27.1939
2010-12-15T03:00:00+00:00,Macquarie Island,60.0000,58.9336,60.2537
2010-12-15T04:00:00+00:00,Macquarie Island,37.6058,34.7313,60.0000
2010-12-15T05:00:00+00:00,Macquarie Island,40.3174,40.8683,37.6058
2010-12-15T06:00:00+00:00,Macquarie Island,41.7343,41.5672,40.3174
2010-12-15T07:00:00+00:00,Macquarie Island,38.1762,41.2401,41.7343
2010-12-15T08:00:00+00:00,Macquarie Island,44.3927,52.2222,38.1762
2010-12-15T09:00:00+00:00,Macquarie Island,28.3983,33.0728,44.3927
2010-12-15T10:00:00+00:00,Macquarie Island,45.6852,47.5734,28.3983
2010-12-15T11:00:00+00:00,Macquarie Island,5.1466,5.2514,45.6852
2010-12-15T12:00:00+00:00,Macquarie Island,17.8183,26.7833,5.1466
2010-12-15T13:00:00+00:00,Macquarie Island,15.3525,16.1910,17.8183
2010-12-15T14:00:00+00:00,Macquarie Island,5.8115,6.6703,15.3525
2010-12-15T15:00:00+00:00,Macquarie Island,15.8918,16.8016,5.8115
2010-12-15T16:00:00+00:00,Macquarie Island,31.1949,34.5899,15.8918
2010-12-15T17:00:00+00:00,Macquarie Island,18.3908,20.5342,31.1949
2010-12-15T18:00:00+00:00,Macquarie Island,17.7979,20.3988,18.3908
2010-12-15T19:00:00+00:00,Macquarie Island,16.4130,15.8731,17.7979
2010-12-15T20:00:00+00:00,Macquarie Island,32.4153,31.7708,16.4130
2010-12-15T21:00:00+00:00,Macquarie Island,35.1880,42.9861,32.4153
2010-12-15T22:00:00+00:00,Macquarie Island,47.4657,49.6506,35.1880
2010-12-15T23:00:00+00:00,Macquarie Island,60.0000,67.3859,47.4657
2010-12-16T00:00:00+00:00,Macquarie Island,73.0872,68.4491,60.0000
2010-12-16T01:00:00+00:00,Macquarie Island,42.8990,42.1381,73.0872
2010-12-16T02:00:00+00:00,Macquarie Island,55.6754,51.3066,42.8990
2010-12-16T03:00:00+00:00,Macquarie Island,56.7715,51.6707,55.6754
2010-12-16T04:00:00+00:00,Macquarie Island,66.6981,57.7558,56.7715
2010-12-16T05:00:00+00:00,Macquarie Island,60.0000,57.5857,66.6981
2010-12-16T06:00:00+00:00,Macquarie Island,50.6686,47.8034,60.0000
2010-12-16T07:00:00+00:00,Macquarie Island,23.2701,26.4429,50.6686
2010-12-16T08:00:00+00:00,Macquarie Island,64.9625,65.4159,23.2701
2010-12-16T09:00:00+00:00,Macquarie Island,32.8536,40.5088,64.9625
2010-12-16T10:00:00+00:00,Macquarie Island,29.7936,33.9555,32.8536
2010-12-16T11:00:00+00:00,Macquarie Island,33.1995,44.0323,29.7936
2010-12-16T12:00:00+00:00,Macquarie Island,18.0918,21.2847,33.1995
2010-12-16T13:00:00+00:00,Macquarie Island,20.3002,21.8734,18.0918
2010-12-16T14:00:00+00:00,Macquarie Island,3.7821,5.1881,20.3002
2010-12-16T15:00:00+00:00,Macquarie Island,17.1939,19.5385,3.7821
2010-12-16T16:00:00+00:00,Macquarie Island,13.1822,21.0963,17.1939
2010-12-16T17:00:00+00:00,Macquarie Island,3.6015,3.3084,13.1822
2010-12-16T18:00:00+00:00,Macquarie Island,14.3349,12.8528,3.6015
2010-12-16T19:00:00+00:00,Macquarie Island,16.4657,14.9370,14.3349
2010-12-16T20:00:00+00:00,Macquarie Island,32.1911,34.6338,16.4657
2010-12-16T21:00:00+00:00,Macquarie Island,28.7928,32.5848,32.1911
2010-12-16T22:00:00+00:00,Macquarie Island,29.4384,31.9491,28.7928
2010-12-16T23:00:00+00:00,Macquarie Island,41.1862,46.5184,29.4384
2010-12-17T00:00:00+00:00,Macquarie Island,64.5116,61.2397,41.1862
2010-12-17T01:00:00+00:00,Macquarie Island,49.2123,46.6059,64.5116
2010-12-17T02:00:00+00:00,Macquarie Island,37.3614,39.8943,49.2123
2010-12-17T03:00:00+00:00,Macquarie Island,47.3653,45.4339,37.3614
2010-12-17T04:00:00+00:00,Macquarie Island,43.8429,45.6835,47.3653
2010-12-17T05:00:00+00:00,Macquarie Island,38.5415,39.4208,43.8429
2010-12-17T06:00:00+00:00,Macquarie Island,60.0000,76.9188,38.5415
2010-12-17T07:00:00+00:00,Macquarie Island,52.2917,50.5174,60.0000
2010-12-17T08:00:00+00:00,Macquarie Island,24.8930,28.4708,52.2917
2010-12-17T09:00:00+00:00,Macquarie Island,38.6165,44.0248,24.8930
2010-12-17T10:00:00+00:00,Macquarie Island,14.9646,14.9515,38.6165
2010-12-17T11:00:00+00:00,Macquarie Island,16.0522,17.4611,14.9646
2010-12-17T12:00:00+00:00,Macquarie Island,22.1081,24.3249,16.0522
2010-12-17T13:00:00+00:00,Macquarie Island,24.0152,28.5119,22.1081
2010-12-17T14:00:00+00:00,Macquarie Island,16.2516,17.7127,24.0152
2010-12-17T15:00:00+00:00,Macquarie Island,13.9313,15.1379,16.2516
2010-12-17T16:00:00+00:00,Macquarie Island,22.6748,27.7955,13.9313
2010-12-17T17:00:00+00:00,Macquarie Island,16.6986,18.6658,22.6748
2010-12-17T18:00:00+00:00,Macquarie Island,13.8742,13.8302,16.6986
2010-12-17T19:00:00+00:00,Macquarie Island,23.4755,27.6503,13.8742
2010-12-17T20:00:00+00:00,Macquarie Island,33.6843,33.9528,23.4755
2010-12-17T21:00:00+00:00,Macquarie Island,27.5466,29.4136,33.6843
2010-12-17T22:00:00+00:00,Macquarie Island,42.2182,46.2028,27.5466
2010-12-17T23:00:00+00:00,Macquarie Island,35.8357,39.9190,42.2182
2010-12-18T00:00:00+00:00,Macquarie Island,50.1656,52.5109,35.8357
2010-12-18T01:00:00+00:00,Macquarie Island,60.0000,58.7715,50.1656
2010-12-18T02:00:00+00:00,Macquarie Island,52.3493,48.7817,60.0000
2010-12-18T03:00:00+00:00,Macquarie Island,60.0000,58.4115,52.3493
2010-12-18T04:00:00+00:00,Macquarie Island,59.9553,52.6897,60.0000
2010-12-18T05:00:00+00:00,Macquarie Island,33.6272,35.5863,59.9553
2010-12-18T06:00:00+00:00,Macquarie Island,60.0000,58.9406,33.6272
2010-12-18T07:00:00+00:00,Macquarie Island,43.5100,44.3442,60.0000
2010-12-18T08:00:00+00:00,Macquarie Island,70.4237,66.0091,43.5100
2010-12-18T09:00:00+00:00,Macquarie Island,27.7431,30.0037,70.4237
2010-12-18T10:00:00+00:00,Macquarie Island,48.0848,48.4361,27.7431
2010-12-18T11:00:00+00:00,Macquarie Island,25.8703,29.8928,48.0848
2010-12-18T12:00:00+00:00,Macquarie Island,24.2015,30.9660,25.8703
2010-12-18T13:00:00+00:00,Macquarie Island,4.8021,6.8936,24.2015
2010-12-18T14:00:00+00:00,Macquarie Island,12.7677,14.0915,4.8021
2010-12-18T15:00:00+00:00,Macquarie Island,15.9222,18.6483,12.7677
2010-12-18T16:00:00+00:00,Macquarie Island,16.4823,20.6240,15.9222
2010-12-18T17:00:00+00:00,Macquarie Island,16.4039,17.3832,16.4823
2010-12-18T18:00:00+00:00,Macquarie Island,32.7253,41.2327,16.4039
2010-12-18T19:00:00+00:00,Macquarie Island,18.0450,19.6702,32.7253
2010-12-18T20:00:00+00:00,Macquarie Island,57.9704,59.8964,18.0450
2010-12-18T21:00:00+00:00,Macquarie Island,27.7416,31.3215,57.9704
2010-12-18T22:00:00+00:00,Macquarie Island,50.7479,48.3592,27.7416
2010-12-18T23:00:00+00:00,Macquarie Island,33.2496,37.6752,50.7479
2010-12-19T00:00:00+00:00,Macquarie Island,69.5345,63.0816,33.2496
2010-12-19T01:00:00+00:00,Macquarie Island,29.9397,33.8131,69.5345
2010-12-19T02:00:00+00:00,Macquarie Island,41.4063,41.6936,29.9397
2010-12-19T03:00:00+00:00,Macquarie Island,28.6185,31.6890,41.4063
2010-12-19T04:00:00+00:00,Macquarie Island,66.0337,60.1654,28.6185
2010-12-19T05:00:00+00:00,Macquarie Island,40.2620,40.4311,66.0337
2010-12-19T06:00:00+00:00,Macquarie Island,38.6451,40.6401,40.2620
2010-12-19T07:00:00+00:00,Macquarie Island,43.3062,44.6477,38.6451
2010-12-19T08:00:00+00:00,Macquarie Island,26.4840,27.8381,43.3062
2010-12-19T09:00:00+00:00,Macquarie Island,37.0712,44.9713,26.4840
2010-12-19T10:00:00+00:00,Macquarie Island,21.2748,24.8173,37.0712
2010-12-19T11:00:00+00:00,Macquarie Island,24.6349,28.0239,21.2748
2010-12-19T12:00:00+00:00,Macquarie Island,18.3317,26.9281,24.6349
2010-12-19T13:00:00+00:00,Macquarie Island,14.1283,15.1380,18.3317
2010-12-19T14:00:00+00:00,Macquarie Island,8.8229,9.4652,14.1283
2010-12-19T15:00:00+00:00,Macquarie Island,9.6419,10.0036,8.8229
2010-12-19T16:00:00+00:00,Macquarie Island,23.7032,29.9875,9.6419
2010-12-19T17:00:00+00:00,Macquarie Island,26.2354,33.3678,23.7032
2010-12-19T18:00:00+00:00,Macquarie Island,25.4117,32.5558,26.2354
2010-12-19T19:00:00+00:00,Macquarie Island,13.7672,11.0904,25.4117
2010-12-19T20:00:00+00:00,Macquarie Island,23.8677,25.9226,13.7672
2010-12-19T21:00:00+00:00,Macquarie Island,37.5127,43.5595,23.8677
2010-12-19T22:00:00+00:00,Macquarie Island,55.0076,52.4037,37.5127
2010-12-19T23:00:00+00:00,Macquarie Island,60.0000,60.2564,55.0076
2010-12-20T00:00:00+00:00,Macquarie Island,31.1223,33.0787,60.0000
2010-12-20T01:00:00+00:00,Macquarie Island,24.5001,25.9145,31.1223
2010-12-20T02:00:00+00:00,Macquarie Island,39.4985,40.1204,24.5001
2010-12-20T03:00:00+00:00,Macquarie Island,28.5735,31.1924,39.4985
2010-12-20T04:00:00+00:00,Macquarie Island,31.7634,33.3571,28.5735
2010-12-20T05:00:00+00:00,Macquarie Island,34.6220,36.3923,31.7634
2010-12-20T06:00:00+00:00,Macquarie Island,60.0000,59.5038,34.6220
2010-12-20T07:00:00+00:00,Macquarie Island,41.2485,43.2803,60.0000
2010-12-20T08:00:00+00:00,Macquarie Island,37.9997,37.9029,41.2485
2010-12-20T09:00:00+00:00,Macquarie Island,34.2317,41.5804,37.9997
2010-12-20T10:00:00+00:00,Macquarie Island,24.7897,27.2103,34.2317
2010-12-20T11:00:00+00:00,Macquarie Island,31.1269,41.8046,24.7897
2010-12-20T12:00:00+00:00,Macquarie Island,22.2142,28.1396,31.1269
2010-12-20T13:00:00+00:00,Macquarie Island,25.6763,29.2864,22.2142
2010-12-20T14:00:00+00:00,Macquarie Island,11.3376,11.8710,25.6763
2010-12-20T15:00:00+00:00,Macquarie Island,20.1750,23.8099,11.3376
2010-12-20T16:00:00+00:00,Macquarie Island,18.8352,23.6058,20.1750
2010-12-20T17:00:00+00:00,Macquarie Island,20.8169,25.1730,18.8352
2010-12-20T18:00:00+00:00,Macquarie Island,37.4678,51.7383,20.8169
2010-12-20T19:00:00+00:00,Macquarie Island,19.3819,21.1872,37.4678
2010-12-20T20:00:00+00:00,Macquarie Island,39.6783,51.3703,19.3819
2010-12-20T21:00:00+00:00,Macquarie Island,28.2249,33.1997,39.6783
2010-12-20T22:00:00+00:00,Macquarie Island,31.1311,33.2336,28.2249
2010-12-20T23:00:00+00:00,Macquarie Island,41.6336,42.7748,31.1311
2010-12-21T00:00:00+00:00,Macquarie Island,66.9565,58.4948,41.6336
2010-12-21T01:00:00+00:00,Macquarie Island,40.0825,40.9091,66.9565
2010-12-21T02:00:00+00:00,Macquarie Island,60.0000,58.4145,40.0825
2010-12-21T03:00:00+00:00,Macquarie Island,21.7553,24.3010,60.0000
2010-12-21T04:00:00+00:00,Macquarie Island,69.0318,65.6071,21.7553
2010-12-21T05:00:00+00:00,Macquarie Island,60.9622,57.7929,69.0318
2010-12-21T06:00:00+00:00,Macquarie Island,45.4873,44.3868,60.9622
2010-12-21T07:00:00+00:00,Macquarie Island,17.2186,17.9060,45.4873
2010-12-21T08:00:00+00:00,Macquarie Island,51.4685,56.6808,17.2186
2010-12-21T09:00:00+00:00,Macquarie Island,14.4605,14.3219,51.4685
2010-12-21T10:00:00+00:00,Macquarie Island,17.9363,16.3302,14.4605
2010-12-21T11:00:00+00:00,Macquarie Island,39.1159,50.7649,17.9363
2010-12-21T12:00:00+00:00,Macquarie Island,31.1761,32.2370,39.1159
2010-12-21T13:00:00+00:00,Macquarie Island,12.1813,13.5529,31.1761
2010-12-21T14:00:00+00:00,Macquarie Island,11.8149,12.7255,12.1813
2010-12-21T15:00:00+00:00,Macquarie Island,27.2837,31.9879,11.8149
2010-12-21T16:00:00+00:00,Macquarie Island,46.5839,64.3188,27.2837
2010-12-21T17:00:00+00:00,Macquarie Island,15.2346,14.7964,46.5839
2010-12-21T18:00:00+00:00,Macquarie Island,40.3200,50.7660,15.2346
2010-12-21T19:00:00+00:00,Macquarie Island,23.7004,27.6818,40.3200
2010-12-21T20:00:00+00:00,Macquarie Island,19.8613,19.3445,23.7004
2010-12-21T21:00:00+00:00,Macquarie Island,17.4477,16.7001,19.8613
2010-12-21T22:00:00+00:00,Macquarie Island,44.7588,47.2431,17.4477
2010-12-21T23:00:00+00:00,Macquarie Island,58.2650,54.3913,44.7588
2010-12-22T00:00:00+00:00,Macquarie Island,51.4976,53.4191,58.2650
2010-12-22T01:00:00+00:00,Macquarie Island,60.0000,59.4255,51.4976
2010-12-22T02:00:00+00:00,Macquarie Island,39.4996,40.1204,60.0000
2010-12-22T03:00:00+00:00,Macquarie Island,56.9157,52.1928,39.4996
2010-12-22T04:00:00+00:00,Macquarie Island,70.6398,81.1001,56.9157
2010-12-22T05:00:00+00:00,Macquarie Island,57.0444,51.9921,70.6398
2010-12-22T06:00:00+00:00,Macquarie Island,40.9826,41.9511,57.0444
2010-12-22T07:00:00+00:00,Macquarie Island,60.0000,58.7942,40.9826
2010-12-22T08:00:00+00:00,Macquarie Island,38.7084,48.9066,60.0000
2010-12-22T09:00:00+00:00,Macquarie Island,27.9429,30.2279,38.7084
2010-12-22T10:00:00+00:00,Macquarie Island,27.9574,30.7062,27.9429
2010-12-22T11:00:00+00:00,Macquarie Island,15.3795,16.7386,27.9574
2010-12-22T12:00:00+00:00,Macquarie Island,19.0334,26.3640,15.3795
2010-12-22T13:00:00+00:00,Macquarie Island,20.0710,21.0454,19.0334
2010-12-22T14:00:00+00:00,Macquarie Island,9.4040,9.9672,20.0710
2010-12-22T15:00:00+00:00,Macquarie Island,21.2861,25.3156,9.4040
2010-12-22T16:00:00+00:00,Macquarie Island,33.4018,41.5421,21.2861
2010-12-22T17:00:00+00:00,Macquarie Island,14.3890,17.4282,33.4018
2010-12-22T18:00:00+00:00,Macquarie Island,5.6403,3.1396,14.3890
2010-12-22T19:00:00+00:00,Macquarie Island,17.1277,18.4810,5.6403
2010-12-22T20:00:00+00:00,Macquarie Island,30.3733,31.4316,17.1277
2010-12-22T21:00:00+00:00,Macquarie Island,43.1098,46.1535,30.3733
2010-12-22T22:00:00+00:00,Macquarie Island,40.2087,45.2683,43.1098
2010-12-22T23:00:00+00:00,Macquarie Island,30.1369,32.1616,40.2087
2010-12-23T00:00:00+00:00,Macquarie Island,47.1362,50.4860,30.1369
2010-12-23T01:00:00+00:00,Macquarie Island,42.0268,42.1381,47.1362
2010-12-23T02:00:00+00:00,Macquarie Island,61.3574,73.2294,42.0268
2010-12-23T03:00:00+00:00,Macquarie Island,60.0000,59.3879,61.3574
2010-12-23T04:00:00+00:00,Macquarie Island,55.8195,51.0760,60.0000
2010-12-23T05:00:00+00:00,Macquarie Island,28.5504,30.4390,55.8195
2010-12-23T06:00:00+00:00,Macquarie Island,61.7366,59.7448,28.5504
2010-12-23T07:00:00+00:00,Macquarie Island,51.8818,48.9302,61.7366
2010-12-23T08:00:00+00:00,Macquarie Island,49.2468,56.0362,51.8818
2010-12-23T09:00:00+00:00,Macquarie Island,28.8615,31.0384,49.2468
2010-12-23T10:00:00+00:00,Macquarie Island,14.9182,14.8205,28.8615
2010-12-23T11:00:00+00:00,Macquarie Island,23.1530,27.0513,14.9182
2010-12-23T12:00:00+00:00,Macquarie Island,28.7426,33.1047,23.1530
2010-12-23T13:00:00+00:00,Macquarie Island,8.7569,11.9408,28.7426
2010-12-23T14:00:00+00:00,Macquarie Island,9.3902,10.2280,8.7569
2010-12-23T15:00:00+00:00,Macquarie Island,24.2426,28.5897,9.3902
2010-12-23T16:00:00+00:00,Macquarie Island,32.3842,35.5584,24.2426
2010-12-23T17:00:00+00:00,Macquarie Island,13.1808,14.9317,32.3842
2010-12-23T18:00:00+00:00,Macquarie Island,6.1321,4.3987,13.1808
2010-12-23T19:00:00+00:00,Macquarie Island,22.6833,24.6705,6.1321
2010-12-23T20:00:00+00:00,Macquarie Island,17.3721,16.7080,22.6833
2010-12-23T21:00:00+00:00,Macquarie Island,60.0000,74.7530,17.3721
2010-12-23T22:00:00+00:00,Macquarie Island,33.9304,40.6047,60.0000
2010-12-23T23:00:00+00:00,Macquarie Island,61.0513,67.0777,33.9304
2010-12-24T00:00:00+00:00,Macquarie Island,33.7960,34.1052,61.0513
2010-12-24T01:00:00+00:00,Macquarie Island,36.9567,39.6294,33.7960
2010-12-24T02:00:00+00:00,Macquarie Island,60.6756,58.0108,36.9567
2010-12-24T03:00:00+00:00,Macquarie Island,59.2376,52.9745,60.6756
2010-12-24T04:00:00+00:00,Macquarie Island,67.7797,58.5701,59.2376
2010-12-24T05:00:00+00:00,Macquarie Island,60.0000,55.4298,67.7797
2010-12-24T06:00:00+00:00,Macquarie Island,39.1554,40.2991,60.0000
2010-12-24T07:00:00+00:00,Macquarie Island,45.3756,48.2804,39.1554
2010-12-24T08:00:00+00:00,Macquarie Island,38.9983,41.7349,45.3756
2010-12-24T09:00:00+00:00,Macquarie Island,30.0760,38.3907,38.9983
2010-12-24T10:00:00+00:00,Macquarie Island,37.1748,44.9335,30.0760
2010-12-24T11:00:00+00:00,Macquarie Island,12.6805,12.5343,37.1748
2010-12-24T12:00:00+00:00,Macquarie Island,45.3099,58.2075,12.6805
2010-12-24T13:00:00+00:00,Macquarie Island,14.2272,14.8940,45.3099
2010-12-24T14:00:00+00:00,Macquarie Island,11.7389,12.4811,14.2272
2010-12-24T15:00:00+00:00,Macquarie Island,14.9883,15.8470,11.7389
2010-12-24T16:00:00+00:00,Macquarie Island,25.4987,31.3356,14.9883
2010-12-24T17:00:00+00:00,Macquarie Island,7.0641,6.8423,25.4987
2010-12-24T18:00:00+00:00,Macquarie Island,6.1403,3.7858,7.0641
2010-12-24T19:00:00+00:00,Macquarie Island,30.2052,40.7708,6.1403
2010-12-24T20:00:00+00:00,Macquarie Island,32.6967,33.0813,30.2052
2010-12-24T21:00:00+00:00,Macquarie Island,44.8035,48.5308,32.6967
2010-12-24T22:00:00+00:00,Macquarie Island,24.9543,27.2524,44.8035
2010-12-24T23:00:00+00:00,Macquarie Island,27.9472,30.0770,24.9543
2010-12-25T00:00:00+00:00,Macquarie Island,48.4749,51.3078,27.9472
2010-12-25T01:00:00+00:00,Macquarie Island,40.7016,41.3282,48.4749
2010-12-25T02:00:00+00:00,Macquarie Island,29.4071,31.2196,40.7016
2010-12-25T03:00:00+00:00,Macquarie Island,23.8501,26.4583,29.4071
2010-12-25T04:00:00+00:00,Macquarie Island,64.7381,58.2715,23.8501
2010-12-25T05:00:00+00:00,Macquarie Island,39.1183,39.2796,64.7381
2010-12-25T06:00:00+00:00,Macquarie Island,43.9876,43.9581,39.1183
2010-12-25T07:00:00+00:00,Macquarie Island,36.8898,40.9644,43.9876
2010-12-25T08:00:00+00:00,Macquarie Island,54.5468,55.6866,36.8898
2010-12-25T09:00:00+00:00,Macquarie Island,26.6647,28.9446,54.5468
2010-12-25T10:00:00+00:00,Macquarie Island,26.7823,30.7309,26.6647
2010-12-25T11:00:00+00:00,Macquarie Island,9.2468,9.3750,26.7823
2010-12-25T12:00:00+00:00,Macquarie Island,16.3818,26.6448,9.2468
2010-12-25T13:00:00+00:00,Macquarie Island,15.0182,16.6866,16.3818
2010-12-25T14:00:00+00:00,Macquarie Island,19.7332,23.0527,15.0182
2010-12-25T15:00:00+00:00,Macquarie Island,19.1282,22.1501,19.7332
2010-12-25T16:00:00+00:00,Macquarie Island,14.3894,23.0841,19.1282
2010-12-25T17:00:00+00:00,Macquarie Island,35.6435,47.6034,14.3894
2010-12-25T18:00:00+00:00,Macquarie Island,11.7074,10.5463,35.6435
2010-12-25T19:00:00+00:00,Macquarie Island,23.9967,28.9036,11.7074
2010-12-25T20:00:00+00:00,Macquarie Island,39.0114,51.6833,23.9967
2010-12-25T21:00:00+00:00,Macquarie Island,34.6506,42.4349,39.0114
2010-12-25T22:00:00+00:00,Macquarie Island,24.5886,26.6900,34.6506
2010-12-25T23:00:00+00:00,Macquarie Island,34.5331,39.4194,24.5886
2010-12-26T00:00:00+00:00,Macquarie Island,41.4854,39.7264,34.5331
2010-12-26T01:00:00+00:00,Macquarie Island,33.9617,36.3581,41.4854
2010-12-26T02:00:00+00:00,Macquarie Island,22.3640,25.4132,33.9617
2010-12-26T03:00:00+00:00,Macquarie Island,48.0593,44.1788,22.3640
2010-12-26T04:00:00+00:00,Macquarie Island,65.2905,58.8586,48.0593
2010-12-26T05:00:00+00:00,Macquarie Island,43.7184,43.2870,65.2905
2010-12-26T06:00:00+00:00,Macquarie Island,50.2893,47.6081,43.7184
2010-12-26T07:00:00+00:00,Macquarie Island,12.6133,12.4044,50.2893
2010-12-26T08:00:00+00:00,Macquarie Island,45.5818,52.2022,12.6133
2010-12-26T09:00:00+00:00,Macquarie Island,45.4381,47.3610,45.5818
2010-12-26T10:00:00+00:00,Macquarie Island,24.4526,26.7576,45.4381
2010-12-26T11:00:00+00:00,Macquarie Island,14.3973,16.8251,24.4526
2010-12-26T12:00:00+00:00,Macquarie Island,16.7783,22.9660,14.3973
2010-12-26T13:00:00+00:00,Macquarie Island,15.1992,16.6866,16.7783
2010-12-26T14:00:00+00:00,Macquarie Island,26.6746,33.1548,15.1992
2010-12-26T15:00:00+00:00,Macquarie Island,6.5652,6.1870,26.6746
2010-12-26T16:00:00+00:00,Macquarie Island,21.7621,28.5168,6.5652
2010-12-26T17:00:00+00:00,Macquarie Island,11.3760,11.9355,21.7621
2010-12-26T18:00:00+00:00,Macquarie Island,22.6486,26.7528,11.3760
2010-12-26T19:00:00+00:00,Macquarie Island,15.6374,15.3902,22.6486
2010-12-26T20:00:00+00:00,Macquarie Island,26.5455,27.4991,15.6374
2010-12-26T21:00:00+00:00,Macquarie Island,32.7626,40.1535,26.5455
2010-12-26T22:00:00+00:00,Macquarie Island,34.2301,41.3626,32.7626
2010-12-26T23:00:00+00:00,Macquarie Island,52.8517,50.8552,34.2301
2010-12-27T00:00:00+00:00,Macquarie Island,38.8480,44.5613,52.8517
2010-12-27T01:00:00+00:00,Macquarie Island,60.0000,58.4932,38.8480
2010-12-27T02:00:00+00:00,Macquarie Island,60.0000,58.0886,60.0000
2010-12-27T03:00:00+00:00,Macquarie Island,54.6507,51.5115,60.0000
2010-12-27T04:00:00+00:00,Macquarie Island,49.0080,47.7616,54.6507
2010-12-27T05:00:00+00:00,Macquarie Island,46.1949,44.5480,49.0080
2010-12-27T06:00:00+00:00,Macquarie Island,47.8603,45.8483,46.1949
2010-12-27T07:00:00+00:00,Macquarie Island,58.7456,52.8837,47.8603
2010-12-27T08:00:00+00:00,Macquarie Island,58.3688,56.8198,58.7456
2010-12-27T09:00:00+00:00,Macquarie Island,36.2920,44.8513,58.3688
2010-12-27T10:00:00+00:00,Macquarie Island,10.0459,9.4261,36.2920
2010-12-27T11:00:00+00:00,Macquarie Island,15.7696,15.3530,10.0459
2010-12-27T12:00:00+00:00,Macquarie Island,33.5894,34.8774,15.7696
2010-12-27T13:00:00+00:00,Macquarie Island,28.8360,38.6323,33.5894
2010-12-27T14:00:00+00:00,Macquarie Island,19.6611,21.6088,28.8360
2010-12-27T15:00:00+00:00,Macquarie Island,12.1554,12.6442,19.6611
2010-12-27T16:00:00+00:00,Macquarie Island,18.6851,21.3284,12.1554
2010-12-27T17:00:00+00:00,Macquarie Island,13.1496,14.9317,18.6851
2010-12-27T18:00:00+00:00,Macquarie Island,28.3304,35.3688,13.1496
2010-12-27T19:00:00+00:00,Macquarie Island,14.2461,13.5312,28.3304
2010-12-27T20:00:00+00:00,Macquarie Island,27.2373,26.9570,14.2461
2010-12-27T21:00:00+00:00,Macquarie Island,17.5833,16.9700,27.2373
2010-12-27T22:00:00+00:00,Macquarie Island,39.6405,44.3158,17.5833
2010-12-27T23:00:00+00:00,Macquarie Island,33.3065,37.6752,39.6405
2010-12-28T00:00:00+00:00,Macquarie Island,64.5974,57.6628,33.3065
2010-12-28T01:00:00+00:00,Macquarie Island,61.2391,58.5820,64.5974
2010-12-28T02:00:00+00:00,Macquarie Island,47.2670,45.4315,61.2391
2010-12-28T03:00:00+00:00,Macquarie Island,53.0697,49.0821,47.2670
2010-12-28T04:00:00+00:00,Macquarie Island,56.1811,50.5625,53.0697
2010-12-28T05:00:00+00:00,Macquarie Island,21.3283,24.3672,56.1811
2010-12-28T06:00:00+00:00,Macquarie Island,44.4381,44.2296,21.3283
2010-12-28T07:00:00+00:00,Macquarie Island,55.1342,51.8991,44.4381
2010-12-28T08:00:00+00:00,Macquarie Island,65.0688,63.1592,55.1342
2010-12-28T09:00:00+00:00,Macquarie Island,21.0989,23.8242,65.0688
2010-12-28T10:00:00+00:00,Macquarie Island,34.6840,41.9969,21.0989
2010-12-28T11:00:00+00:00,Macquarie Island,28.2136,32.6290,34.6840
2010-12-28T12:00:00+00:00,Macquarie Island,18.5795,25.4169,28.2136
2010-12-28T13:00:00+00:00,Macquarie Island,13.7988,14.7065,18.5795
2010-12-28T14:00:00+00:00,Macquarie Island,22.5249,27.2705,13.7988
2010-12-28T15:00:00+00:00,Macquarie Island,11.0003,12.5148,22.5249
2010-12-28T16:00:00+00:00,Macquarie Island,21.7426,28.1565,11.0003
2010-12-28T17:00:00+00:00,Macquarie Island,9.4225,8.0875,21.7426
2010-12-28T18:00:00+00:00,Macquarie Island,10.0544,8.6368,9.4225
2010-12-28T19:00:00+00:00,Macquarie Island,11.6355,9.3677,10.0544
2010-12-28T20:00:00+00:00,Macquarie Island,28.0348,29.6869,11.6355
2010-12-28T21:00:00+00:00,Macquarie Island,47.4199,48.5340,28.0348
2010-12-28T22:00:00+00:00,Macquarie Island,25.5240,28.4758,47.4199
2010-12-28T23:00:00+00:00,Macquarie Island,25.1917,27.0601,25.5240
2010-12-29T00:00:00+00:00,Macquarie Island,51.9010,51.6475,25.1917
2010-12-29T01:00:00+00:00,Macquarie Island,16.8500,15.8741,51.9010
2010-12-29T02:00:00+00:00,Macquarie Island,60.0000,58.3391,16.8500
2010-12-29T03:00:00+00:00,Macquarie Island,51.5252,46.6655,60.0000
2010-12-29T04:00:00+00:00,Macquarie Island,67.7100,60.0155,51.5252
2010-12-29T05:00:00+00:00,Macquarie Island,63.1398,59.1314,67.7100
2010-12-29T06:00:00+00:00,Macquarie Island,35.1127,37.4540,63.1398
2010-12-29T07:00:00+00:00,Macquarie Island,48.6303,48.2317,35.1127
2010-12-29T08:00:00+00:00,Macquarie Island,23.4011,25.1841,48.6303
2010-12-29T09:00:00+00:00,Macquarie Island,27.9777,30.0037,23.4011
2010-12-29T10:00:00+00:00,Macquarie Island,5.6376,4.7201,27.9777
2010-12-29T11:00:00+00:00,Macquarie Island,7.5045,8.2627,5.6376
2010-12-29T12:00:00+00:00,Macquarie Island,22.5289,24.3170,7.5045
2010-12-29T13:00:00+00:00,Macquarie Island,42.8603,51.9048,22.5289
2010-12-29T14:00:00+00:00,Macquarie Island,11.3203,12.0693,42.8603
2010-12-29T15:00:00+00:00,Macquarie Island,14.0251,16.3263,11.3203
2010-12-29T16:00:00+00:00,Macquarie Island,38.8331,45.1429,14.0251
2010-12-29T17:00:00+00:00,Macquarie Island,12.4988,13.1928,38.8331
2010-12-29T18:00:00+00:00,Macquarie Island,40.9336,52.8725,12.4988
2010-12-29T19:00:00+00:00,Macquarie Island,14.3106,13.2808,40.9336
2010-12-29T20:00:00+00:00,Macquarie Island,55.0204,61.1417,14.3106
2010-12-29T21:00:00+00:00,Macquarie Island,45.6139,49.6782,55.0204
2010-12-29T22:00:00+00:00,Macquarie Island,56.8808,53.3812,45.6139
2010-12-29T23:00:00+00:00,Macquarie Island,58.2106,54.1409,56.8808
2010-12-30T00:00:00+00:00,Macquarie Island,64.9274,57.6628,58.2106
2010-12-30T01:00:00+00:00,Macquarie Island,41.2628,42.1381,64.9274
2010-12-30T02:00:00+00:00,Macquarie Island,45.6976,45.0192,41.2628
2010-12-30T03:00:00+00:00,Macquarie Island,51.8680,49.0821,45.6976
2010-12-30T04:00:00+00:00,Macquarie Island,41.5594,43.1517,51.8680
2010-12-30T05:00:00+00:00,Macquarie Island,61.0467,53.0810,41.5594
2010-12-30T06:00:00+00:00,Macquarie Island,45.2594,44.3520,61.0467
2010-12-30T07:00:00+00:00,Macquarie Island,51.9088,49.2205,45.2594
2010-12-30T08:00:00+00:00,Macquarie Island,30.6407,35.7862,51.9088
2010-12-30T09:00:00+00:00,Macquarie Island,22.6778,25.3398,30.6407
2010-12-30T10:00:00+00:00,Macquarie Island,19.9370,21.6287,22.6778
2010-12-30T11:00:00+00:00,Macquarie Island,30.8043,42.0904,19.9370
2010-12-30T12:00:00+00:00,Macquarie Island,34.7035,35.9555,30.8043
2010-12-30T13:00:00+00:00,Macquarie Island,21.8668,24.9143,34.7035
2010-12-30T14:00:00+00:00,Macquarie Island,21.9409,27.3863,21.8668
2010-12-30T15:00:00+00:00,Macquarie Island,18.2528,21.0034,21.9409
2010-12-30T16:00:00+00:00,Macquarie Island,15.2029,22.6817,18.2528
2010-12-30T17:00:00+00:00,Macquarie Island,11.4214,10.6433,15.2029
2010-12-30T18:00:00+00:00,Macquarie Island,23.9184,30.5007,11.4214
2010-12-30T19:00:00+00:00,Macquarie Island,21.8115,25.2783,23.9184
2010-12-30T20:00:00+00:00,Macquarie Island,33.4176,32.5699,21.8115
2010-12-30T21:00:00+00:00,Macquarie Island,16.2455,15.5583,33.4176
2010-12-30T22:00:00+00:00,Macquarie Island,36.0285,41.8622,16.2455
2010-12-30T23:00:00+00:00,Macquarie Island,28.4633,30.3686,36.0285
2010-12-31T00:00:00+00:00,Macquarie Island,30.6729,32.8363,28.4633
2010-12-31T01:00:00+00:00,Macquarie Island,35.9652,38.4945,30.6729
2010-12-31T02:00:00+00:00,Macquarie Island,60.0000,57.3706,35.9652
2010-12-31T03:00:00+00:00,Macquarie Island,52.5448,48.2856,60.0000
2010-12-31T04:00:00+00:00,Macquarie Island,69.5357,62.9903,52.5448
2010-12-31T05:00:00+00:00,Macquarie Island,63.0104,65.1849,69.5357
2010-12-31T06:00:00+00:00,Macquarie Island,48.6796,46.7432,63.0104
2010-12-31T07:00:00+00:00,Macquarie Island,42.4795,43.2540,48.6796
2010-12-31T08:00:00+00:00,Macquarie Island,49.5309,58.5385,42.4795
2010-12-31T09:00:00+00:00,Macquarie Island,53.6903,51.8382,49.5309
2010-12-31T10:00:00+00:00,Macquarie Island,44.6306,48.3857,53.6903
2010-12-31T11:00:00+00:00,Macquarie Island,29.3124,35.5535,44.6306
2010-12-31T12:00:00+00:00,Macquarie Island,20.7774,25.5359,29.3124
2010-12-31T13:00:00+00:00,Macquarie Island,28.0101,33.9647,20.7774
2010-12-31T14:00:00+00:00,Macquarie Island,4.0400,5.3548,28.0101
2010-12-31T15:00:00+00:00,Macquarie Island,25.7604,32.1915,4.0400
2010-12-31T16:00:00+00:00,Macquarie Island,16.3277,18.8022,25.7604
2010-12-31T17:00:00+00:00,Macquarie Island,11.9626,12.7360,16.3277
2010-12-31T18:00:00+00:00,Macquarie Island,12.1719,11.3060,11.9626
2010-12-31T19:00:00+00:00,Macquarie Island,11.8064,8.0228,12.1719
2010-12-31T20:00:00+00:00,Macquarie Island,56.3339,62.1879,11.8064
2010-12-31T21:00:00+00:00,Macquarie Island,27.0621,30.2261,56.3339
2010-12-31T22:00:00+00:00,Macquarie Island,11.5150,8.2943,27.0621
2010-12-31T23:00:00+00:00,Macquarie Island,39.2316,42.8722,11.5150
2010-10-20T00:00:00+00:00,Mawson,300.4361,300.9771,300.0000
2010-10-20T01:00:00+00:00,Mawson,307.8471,304.7112,300.4361
2010-10-20T02:00:00+00:00,Mawson,302.9548,298.4971,307.8471
2010-10-20T03:00:00+00:00,Mawson,304.3282,295.7538,302.9548
2010-10-20T04:00:00+00:00,Mawson,300.0000,299.2816,304.3282
2010-10-20T05:00:00+00:00,Mawson,300.0000,290.8642,300.0000
2010-10-20T06:00:00+00:00,Mawson,306.4583,304.0182,300.0000
2010-10-20T07:00:00+00:00,Mawson,332.7069,337.6677,306.4583
2010-10-20T08:00:00+00:00,Mawson,361.5298,362.2459,332.7069
2010-10-20T09:00:00+00:00,Mawson,380.2250,382.7905,361.5298
2010-10-20T10:00:00+00:00,Mawson,391.8954,391.8162,380.2250
2010-10-20T11:00:00+00:00,Mawson,418.5170,415.0596,391.8954
2010-10-20T12:00:00+00:00,Mawson,417.1164,417.9841,418.5170
2010-10-20T13:00:00+00:00,Mawson,388.7537,374.5437,417.1164
2010-10-20T14:00:00+00:00,Mawson,394.3442,380.3130,388.7537
2010-10-20T15:00:00+00:00,Mawson,275.6231,213.8228,394.3442
2010-10-20T16:00:00+00:00,Mawson,354.6001,363.1013,275.6231
2010-10-20T17:00:00+00:00,Mawson,350.0201,347.2560,354.6001
2010-10-20T18:00:00+00:00,Mawson,319.1174,336.0617,350.0201
2010-10-20T19:00:00+00:00,Mawson,300.0000,314.6486,319.1174
2010-10-20T20:00:00+00:00,Mawson,303.4849,302.5622,300.0000
2010-10-20T21:00:00+00:00,Mawson,300.9660,278.7325,303.4849
2010-10-20T22:00:00+00:00,Mawson,310.8663,310.4722,300.9660
2010-10-20T23:00:00+00:00,Mawson,300.8106,279.0033,310.8663
2010-10-21T00:00:00+00:00,Mawson,300.0000,302.4274,300.8106
2010-10-21T01:00:00+00:00,Mawson,304.8555,298.5457,300.0000
2010-10-21T02:00:00+00:00,Mawson,303.3498,294.5372,304.8555
2010-10-21T03:00:00+00:00,Mawson,305.9808,294.3590,303.3498
2010-10-21T04:00:00+00:00,Mawson,300.0000,300.8742,305.9808
2010-10-21T05:00:00+00:00,Mawson,300.0000,297.4356,300.0000
2010-10-21T06:00:00+00:00,Mawson,328.4772,265.6734,300.0000
2010-10-21T07:00:00+00:00,Mawson,327.4546,327.9856,328.4772
2010-10-21T08:00:00+00:00,Mawson,373.2531,372.3146,327.4546
2010-10-21T09:00:00+00:00,Mawson,376.0542,377.6793,373.2531
2010-10-21T10:00:00+00:00,Mawson,400.3243,401.5957,376.0542
2010-10-21T11:00:00+00:00,Mawson,341.1133,294.6171,400.3243
2010-10-21T12:00:00+00:00,Mawson,414.4487,412.5842,341.1133
2010-10-21T13:00:00+00:00,Mawson,415.9474,418.1688,414.4487
2010-10-21T14:00:00+00:00,Mawson,399.4979,403.7723,415.9474
2010-10-21T15:00:00+00:00,Mawson,383.6974,392.5078,399.4979
2010-10-21T16:00:00+00:00,Mawson,298.3542,272.7272,383.6974
2010-10-21T17:00:00+00:00,Mawson,340.6201,350.8452,298.3542
2010-10-21T18:00:00+00:00,Mawson,273.5934,246.2511,340.6201
2010-10-21T19:00:00+00:00,Mawson,304.7275,290.9467,273.5934
2010-10-21T20:00:00+00:00,Mawson,300.0000,312.9677,304.7275
2010-10-21T21:00:00+00:00,Mawson,300.0000,291.0028,300.0000
2010-10-21T22:00:00+00:00,Mawson,300.0000,303.8099,300.0000
2010-10-21T23:00:00+00:00,Mawson,300.0000,308.4746,300.0000
2010-10-22T00:00:00+00:00,Mawson,300.0000,301.5118,300.0000
2010-10-22T01:00:00+00:00,Mawson,307.6188,303.1670,300.0000
2010-10-22T02:00:00+00:00,Mawson,300.0000,295.5985,307.6188
2010-10-22T03:00:00+00:00,Mawson,304.3211,287.9538,300.0000
2010-10-22T04:00:00+00:00,Mawson,300.0000,299.2816,304.3211
2010-10-22T05:00:00+00:00,Mawson,308.3598,245.0830,300.0000
2010-10-22T06:00:00+00:00,Mawson,313.4947,310.8673,308.3598
2010-10-22T07:00:00+00:00,Mawson,340.3773,337.8435,313.4947
2010-10-22T08:00:00+00:00,Mawson,354.9088,360.2668,340.3773
2010-10-22T09:00:00+00:00,Mawson,323.7770,232.0709,354.9088
2010-10-22T10:00:00+00:00,Mawson,395.0225,398.0063,323.7770
2010-10-22T11:00:00+00:00,Mawson,400.2780,408.0653,395.0225
2010-10-22T12:00:00+00:00,Mawson,366.0141,347.2845,400.2780
2010-10-22T13:00:00+00:00,Mawson,397.1174,385.8829,366.0141
2010-10-22T14:00:00+00:00,Mawson,406.2614,407.7940,397.1174
2010-10-22T15:00:00+00:00,Mawson,380.6089,392.4755,406.2614
2010-10-22T16:00:00+00:00,Mawson,365.8875,368.7901,380.6089
2010-10-22T17:00:00+00:00,Mawson,334.0299,343.9107,365.8875
2010-10-22T18:00:00+00:00,Mawson,200.4240,144.1680,334.0299
2010-10-22T19:00:00+00:00,Mawson,308.8608,310.5152,200.4240
2010-10-22T20:00:00+00:00,Mawson,301.3142,288.0019,308.8608
2010-10-22T21:00:00+00:00,Mawson,300.4191,304.8785,301.3142
2010-10-22T22:00:00+00:00,Mawson,303.4342,306.4690,300.4191
2010-10-22T23:00:00+00:00,Mawson,301.7552,305.5761,303.4342
2010-10-23T00:00:00+00:00,Mawson,300.0000,302.0839,301.7552
2010-10-23T01:00:00+00:00,Mawson,300.0000,300.2913,300.0000
2010-10-23T02:00:00+00:00,Mawson,300.0000,297.4146,300.0000
2010-10-23T03:00:00+00:00,Mawson,300.0000,296.6307,300.0000
2010-10-23T04:00:00+00:00,Mawson,300.0000,232.6617,300.0000
2010-10-23T05:00:00+00:00,Mawson,307.7292,302.0788,300.0000
2010-10-23T06:00:00+00:00,Mawson,319.5548,317.0084,307.7292
2010-10-23T07:00:00+00:00,Mawson,335.0885,336.7312,319.5548
2010-10-23T08:00:00+00:00,Mawson,345.9563,247.0130,335.0885
2010-10-23T09:00:00+00:00,Mawson,386.2102,383.0558,345.9563
2010-10-23T10:00:00+00:00,Mawson,397.6682,398.3990,386.2102
2010-10-23T11:00:00+00:00,Mawson,417.0785,414.6751,397.6682
2010-10-23T12:00:00+00:00,Mawson,419.2114,418.1176,417.0785
2010-10-23T13:00:00+00:00,Mawson,394.7513,386.9153,419.2114
2010-10-23T14:00:00+00:00,Mawson,407.4564,411.5851,394.7513
2010-10-23T15:00:00+00:00,Mawson,377.3883,385.4992,407.4564
2010-10-23T16:00:00+00:00,Mawson,363.1495,354.6777,377.3883
2010-10-23T17:00:00+00:00,Mawson,333.3282,292.7938,363.1495
2010-10-23T18:00:00+00:00,Mawson,319.6496,320.6320,333.3282
2010-10-23T19:00:00+00:00,Mawson,302.6932,315.3929,319.6496
2010-10-23T20:00:00+00:00,Mawson,321.2191,325.8556,302.6932
2010-10-23T21:00:00+00:00,Mawson,301.1974,304.7143,321.2191
2010-10-23T22:00:00+00:00,Mawson,304.4715,295.8864,301.1974
2010-10-23T23:00:00+00:00,Mawson,300.0000,305.3316,304.4715
2010-10-24T00:00:00+00:00,Mawson,305.3391,302.6829,300.0000
2010-10-24T01:00:00+00:00,Mawson,300.0000,297.2513,305.3391
2010-10-24T02:00:00+00:00,Mawson,303.9431,295.1769,300.0000
2010-10-24T03:00:00+00:00,Mawson,300.0000,292.1932,303.9431
2010-10-24T04:00:00+00:00,Mawson,304.0261,280.2092,300.0000
2010-10-24T05:00:00+00:00,Mawson,300.0000,299.6412,304.0261
2010-10-24T06:00:00+00:00,Mawson,320.8593,292.3954,300.0000
2010-10-24T07:00:00+00:00,Mawson,337.0909,336.8260,320.8593
2010-10-24T08:00:00+00:00,Mawson,361.4186,362.2459,337.0909
2010-10-24T09:00:00+00:00,Mawson,375.5975,357.6714,361.4186
2010-10-24T10:00:00+00:00,Mawson,407.7127,402.1316,375.5975
2010-10-24T11:00:00+00:00,Mawson,421.9602,415.6807,407.7127
2010-10-24T12:00:00+00:00,Mawson,409.8571,412.9207,421.9602
2010-10-24T13:00:00+00:00,Mawson,413.2377,416.0774,409.8571
2010-10-24T14:00:00+00:00,Mawson,406.0090,404.6580,413.2377
2010-10-24T15:00:00+00:00,Mawson,379.6268,396.4064,406.0090
2010-10-24T16:00:00+00:00,Mawson,365.2236,376.4960,379.6268
2010-10-24T17:00:00+00:00,Mawson,336.1912,292.4774,365.2236
2010-10-24T18:00:00+00:00,Mawson,301.3507,295.7626,336.1912
2010-10-24T19:00:00+00:00,Mawson,304.5852,290.1418,301.3507
2010-10-24T20:00:00+00:00,Mawson,300.0000,280.8926,304.5852
2010-10-24T21:00:00+00:00,Mawson,303.8712,293.6349,300.0000
2010-10-24T22:00:00+00:00,Mawson,303.2841,293.1283,303.8712
2010-10-24T23:00:00+00:00,Mawson,300.0000,305.7522,303.2841
2010-10-25T00:00:00+00:00,Mawson,300.2758,301.9925,300.0000
2010-10-25T01:00:00+00:00,Mawson,300.0000,299.4130,300.2758
2010-10-25T02:00:00+00:00,Mawson,300.0000,295.0215,300.0000
2010-10-25T03:00:00+00:00,Mawson,300.0000,296.2872,300.0000
2010-10-25T04:00:00+00:00,Mawson,300.0000,302.0604,300.0000
2010-10-25T05:00:00+00:00,Mawson,305.5026,301.9058,300.0000
2010-10-25T06:00:00+00:00,Mawson,311.8487,253.3618,305.5026
2010-10-25T07:00:00+00:00,Mawson,336.4850,330.6511,311.8487
2010-10-25T08:00:00+00:00,Mawson,360.7873,360.9812,336.4850
2010-10-25T09:00:00+00:00,Mawson,388.8775,385.5188,360.7873
2010-10-25T10:00:00+00:00,Mawson,400.7971,401.4297,388.8775
2010-10-25T11:00:00+00:00,Mawson,410.8765,416.3668,400.7971
2010-10-25T12:00:00+00:00,Mawson,407.4550,410.6073,410.8765
2010-10-25T13:00:00+00:00,Mawson,409.4483,413.2967,407.4550
2010-10-25T14:00:00+00:00,Mawson,401.6497,409.5810,409.4483
2010-10-25T15:00:00+00:00,Mawson,362.9512,360.4028,401.6497
2010-10-25T16:00:00+00:00,Mawson,356.5374,341.2071,362.9512
2010-10-25T17:00:00+00:00,Mawson,334.4511,295.2209,356.5374
2010-10-25T18:00:00+00:00,Mawson,302.0636,310.7541,334.4511
2010-10-25T19:00:00+00:00,Mawson,305.0703,316.2596,302.0636
2010-10-25T20:00:00+00:00,Mawson,306.7470,317.9033,305.0703
2010-10-25T21:00:00+00:00,Mawson,310.2768,296.0452,306.7470
2010-10-25T22:00:00+00:00,Mawson,300.0000,298.8782,310.2768
2010-10-25T23:00:00+00:00,Mawson,300.0000,304.7547,300.0000
2010-10-26T00:00:00+00:00,Mawson,300.0000,293.6835,300.0000
2010-10-26T01:00:00+00:00,Mawson,304.1228,300.0044,300.0000
2010-10-26T02:00:00+00:00,Mawson,300.0000,271.0411,304.1228
2010-10-26T03:00:00+00:00,Mawson,309.0938,297.9220,300.0000
2010-10-26T04:00:00+00:00,Mawson,300.4509,240.0063,309.0938
2010-10-26T05:00:00+00:00,Mawson,300.0000,299.8924,300.4509
2010-10-26T06:00:00+00:00,Mawson,317.7192,317.6105,300.0000
2010-10-26T07:00:00+00:00,Mawson,343.2774,338.0048,317.7192
2010-10-26T08:00:00+00:00,Mawson,364.2934,362.6916,343.2774
2010-10-26T09:00:00+00:00,Mawson,385.9659,384.0865,364.2934
2010-10-26T10:00:00+00:00,Mawson,405.3454,402.3344,385.9659
2010-10-26T11:00:00+00:00,Mawson,412.1651,416.4837,405.3454
2010-10-26T12:00:00+00:00,Mawson,420.1555,413.3088,412.1651
2010-10-26T13:00:00+00:00,Mawson,415.2554,409.5820,420.1555
2010-10-26T14:00:00+00:00,Mawson,399.4462,409.5926,415.2554
2010-10-26T15:00:00+00:00,Mawson,378.1847,386.1364,399.4462
2010-10-26T16:00:00+00:00,Mawson,357.3063,370.7556,378.1847
2010-10-26T17:00:00+00:00,Mawson,314.7431,277.6455,357.3063
2010-10-26T18:00:00+00:00,Mawson,273.1322,250.5286,314.7431
2010-10-26T19:00:00+00:00,Mawson,300.0000,292.2053,273.1322
2010-10-26T20:00:00+00:00,Mawson,302.5439,306.1702,300.0000
2010-10-26T21:00:00+00:00,Mawson,300.0000,297.4040,302.5439
2010-10-26T22:00:00+00:00,Mawson,300.0000,305.3093,300.0000
2010-10-26T23:00:00+00:00,Mawson,300.0000,296.1042,300.0000
2010-10-27T00:00:00+00:00,Mawson,300.0000,300.9771,300.0000
2010-10-27T01:00:00+00:00,Mawson,300.0000,299.7566,300.0000
2010-10-27T02:00:00+00:00,Mawson,303.0164,285.9166,300.0000
2010-10-27T03:00:00+00:00,Mawson,302.0895,296.0125,303.0164
2010-10-27T04:00:00+00:00,Mawson,300.0000,300.4649,302.0895
2010-10-27T05:00:00+00:00,Mawson,311.6576,304.2348,300.0000
2010-10-27T06:00:00+00:00,Mawson,314.9738,311.9190,311.6576
2010-10-27T07:00:00+00:00,Mawson,342.5428,333.0551,314.9738
2010-10-27T08:00:00+00:00,Mawson,366.4861,366.3557,342.5428
2010-10-27T09:00:00+00:00,Mawson,389.6899,367.8555,366.4861
2010-10-27T10:00:00+00:00,Mawson,370.2466,322.2101,389.6899
2010-10-27T11:00:00+00:00,Mawson,413.0408,411.2506,370.2466
2010-10-27T12:00:00+00:00,Mawson,418.7482,417.9081,413.0408
2010-10-27T13:00:00+00:00,Mawson,401.5813,392.1508,418.7482
2010-10-27T14:00:00+00:00,Mawson,404.7764,406.1230,401.5813
2010-10-27T15:00:00+00:00,Mawson,382.6871,383.8027,404.7764
2010-10-27T16:00:00+00:00,Mawson,360.3510,341.2071,382.6871
2010-10-27T17:00:00+00:00,Mawson,324.8162,333.8010,360.3510
2010-10-27T18:00:00+00:00,Mawson,268.1493,230.4373,324.8162
2010-10-27T19:00:00+00:00,Mawson,300.0000,314.9247,268.1493
2010-10-27T20:00:00+00:00,Mawson,307.1600,316.5667,300.0000
2010-10-27T21:00:00+00:00,Mawson,300.0000,305.7028,307.1600
2010-10-27T22:00:00+00:00,Mawson,306.2275,309.7452,300.0000
2010-10-27T23:00:00+00:00,Mawson,302.3213,302.9403,306.2275
2010-10-28T00:00:00+00:00,Mawson,302.3794,301.9339,302.3213
2010-10-28T01:00:00+00:00,Mawson,300.0000,302.0598,302.3794
2010-10-28T02:00:00+00:00,Mawson,302.7025,294.5662,300.0000
2010-10-28T03:00:00+00:00,Mawson,303.7244,285.3514,302.7025
2010-10-28T04:00:00+00:00,Mawson,300.5221,300.1293,303.7244
2010-10-28T05:00:00+00:00,Mawson,300.0000,299.3908,300.5221
2010-10-28T06:00:00+00:00,Mawson,318.3856,318.3211,300.0000
2010-10-28T07:00:00+00:00,Mawson,329.7526,329.4110,318.3856
2010-10-28T08:00:00+00:00,Mawson,363.1604,352.6144,329.7526
2010-10-28T09:00:00+00:00,Mawson,391.1438,389.6582,363.1604
2010-10-28T10:00:00+00:00,Mawson,405.8593,402.8459,391.1438
2010-10-28T11:00:00+00:00,Mawson,411.8506,416.3075,405.8593
2010-10-28T12:00:00+00:00,Mawson,424.2442,412.6668,411.8506
2010-10-28T13:00:00+00:00,Mawson,413.8478,398.2661,424.2442
2010-10-28T14:00:00+00:00,Mawson,357.2675,349.2792,413.8478
2010-10-28T15:00:00+00:00,Mawson,375.3742,385.6148,357.2675
2010-10-28T16:00:00+00:00,Mawson,359.1601,342.5550,375.3742
2010-10-28T17:00:00+00:00,Mawson,346.6749,328.2127,359.1601
2010-10-28T18:00:00+00:00,Mawson,320.2140,326.8769,346.6749
2010-10-28T19:00:00+00:00,Mawson,300.0000,313.2615,320.2140
2010-10-28T20:00:00+00:00,Mawson,300.0000,287.0211,300.0000
2010-10-28T21:00:00+00:00,Mawson,300.0000,296.7220,300.0000
2010-10-28T22:00:00+00:00,Mawson,300.0000,299.3048,300.0000
2010-10-28T23:00:00+00:00,Mawson,300.0000,304.7092,300.0000
2010-10-29T00:00:00+00:00,Mawson,302.0882,301.9339,300.0000
2010-10-29T01:00:00+00:00,Mawson,300.8849,297.3936,302.0882
2010-10-29T02:00:00+00:00,Mawson,300.0000,296.2490,300.8849
2010-10-29T03:00:00+00:00,Mawson,300.0000,292.7702,300.0000
2010-10-29T04:00:00+00:00,Mawson,300.0000,290.0248,300.0000
2010-10-29T05:00:00+00:00,Mawson,306.1385,301.9700,300.0000
2010-10-29T06:00:00+00:00,Mawson,306.5735,306.9538,306.1385
2010-10-29T07:00:00+00:00,Mawson,343.0123,338.2877,306.5735
2010-10-29T08:00:00+00:00,Mawson,362.7067,363.3487,343.0123
2010-10-29T09:00:00+00:00,Mawson,382.2685,382.7905,362.7067
2010-10-29T10:00:00+00:00,Mawson,409.0830,399.3452,382.2685
2010-10-29T11:00:00+00:00,Mawson,412.1449,413.9597,409.0830
2010-10-29T12:00:00+00:00,Mawson,414.8167,416.6743,412.1449
2010-10-29T13:00:00+00:00,Mawson,364.3583,341.4342,414.8167
2010-10-29T14:00:00+00:00,Mawson,386.2502,382.9013,364.3583
2010-10-29T15:00:00+00:00,Mawson,381.2643,367.1074,386.2502
2010-10-29T16:00:00+00:00,Mawson,227.4879,158.8831,381.2643
2010-10-29T17:00:00+00:00,Mawson,292.8559,250.1976,227.4879
2010-10-29T18:00:00+00:00,Mawson,306.4035,319.8541,292.8559
2010-10-29T19:00:00+00:00,Mawson,301.0485,315.0219,306.4035
2010-10-29T20:00:00+00:00,Mawson,300.0000,312.8418,301.0485
2010-10-29T21:00:00+00:00,Mawson,318.9917,322.4911,300.0000
2010-10-29T22:00:00+00:00,Mawson,300.0000,304.6497,318.9917
2010-10-29T23:00:00+00:00,Mawson,300.0000,308.9456,300.0000
2010-10-30T00:00:00+00:00,Mawson,300.0000,301.8504,300.0000
2010-10-30T01:00:00+00:00,Mawson,300.0000,299.3217,300.0000
2010-10-30T02:00:00+00:00,Mawson,300.0000,296.2820,300.0000
2010-10-30T03:00:00+00:00,Mawson,300.0000,293.2936,300.0000
2010-10-30T04:00:00+00:00,Mawson,300.0000,300.5494,300.0000
2010-10-30T05:00:00+00:00,Mawson,300.0000,298.5518,300.0000
2010-10-30T06:00:00+00:00,Mawson,304.8114,305.1780,300.0000
2010-10-30T07:00:00+00:00,Mawson,329.5179,330.9602,304.8114
2010-10-30T08:00:00+00:00,Mawson,370.4111,370.4739,329.5179
2010-10-30T09:00:00+00:00,Mawson,392.2095,390.0829,370.4111
2010-10-30T10:00:00+00:00,Mawson,402.1580,401.4297,392.2095
2010-10-30T11:00:00+00:00,Mawson,409.0600,405.1007,402.1580
2010-10-30T12:00:00+00:00,Mawson,409.3269,405.9935,409.0600
2010-10-30T13:00:00+00:00,Mawson,413.1657,413.2499,409.3269
2010-10-30T14:00:00+00:00,Mawson,402.8117,402.6429,413.1657
2010-10-30T15:00:00+00:00,Mawson,303.8397,278.2482,402.8117
2010-10-30T16:00:00+00:00,Mawson,284.7676,253.0589,303.8397
2010-10-30T17:00:00+00:00,Mawson,334.4725,318.7543,284.7676
2010-10-30T18:00:00+00:00,Mawson,313.0151,306.0647,334.4725
2010-10-30T19:00:00+00:00,Mawson,307.5642,296.8684,313.0151
2010-10-30T20:00:00+00:00,Mawson,317.3492,317.3271,307.5642
2010-10-30T21:00:00+00:00,Mawson,300.0000,308.2764,317.3492
2010-10-30T22:00:00+00:00,Mawson,309.5037,296.3520,300.0000
2010-10-30T23:00:00+00:00,Mawson,303.4088,308.0075,309.5037
2010-10-31T00:00:00+00:00,Mawson,300.0000,301.8504,303.4088
2010-10-31T01:00:00+00:00,Mawson,303.1517,288.7687,300.0000
2010-10-31T02:00:00+00:00,Mawson,300.0000,295.1636,303.1517
2010-10-31T03:00:00+00:00,Mawson,300.0000,297.1427,300.0000
2010-10-31T04:00:00+00:00,Mawson,306.4308,304.6072,300.0000
2010-10-31T05:00:00+00:00,Mawson,305.5740,300.7849,306.4308
2010-10-31T06:00:00+00:00,Mawson,308.8829,305.1299,305.5740
2010-10-31T07:00:00+00:00,Mawson,348.9679,339.9327,308.8829
2010-10-31T08:00:00+00:00,Mawson,370.8130,366.0211,348.9679
2010-10-31T09:00:00+00:00,Mawson,387.0577,386.1677,370.8130
2010-10-31T10:00:00+00:00,Mawson,389.3497,378.7385,387.0577
2010-10-31T11:00:00+00:00,Mawson,412.2107,416.3075,389.3497
2010-10-31T12:00:00+00:00,Mawson,413.0125,417.8630,412.2107
2010-10-31T13:00:00+00:00,Mawson,415.2953,412.7689,413.0125
2010-10-31T14:00:00+00:00,Mawson,401.8207,404.1927,415.2953
2010-10-31T15:00:00+00:00,Mawson,365.0392,359.4746,401.8207
2010-10-31T16:00:00+00:00,Mawson,358.1236,352.8554,365.0392
2010-10-31T17:00:00+00:00,Mawson,332.9471,302.9562,358.1236
2010-10-31T18:00:00+00:00,Mawson,311.0421,310.3958,332.9471
2010-10-31T19:00:00+00:00,Mawson,300.0000,289.7023,311.0421
2010-10-31T20:00:00+00:00,Mawson,302.6850,313.1388,300.0000
2010-10-31T21:00:00+00:00,Mawson,308.0813,273.6807,302.6850
2010-10-31T22:00:00+00:00,Mawson,306.4515,308.4308,308.0813
2010-10-31T23:00:00+00:00,Mawson,300.0000,306.3822,306.4515
2010-11-01T00:00:00+00:00,Mawson,313.4989,286.5055,300.0000
2010-11-01T01:00:00+00:00,Mawson,300.0000,287.3375,313.4989
2010-11-01T02:00:00+00:00,Mawson,303.2758,260.4688,300.0000
2010-11-01T03:00:00+00:00,Mawson,310.5520,286.5600,303.2758
2010-11-01T04:00:00+00:00,Mawson,306.5549,274.9424,310.5520
2010-11-01T05:00:00+00:00,Mawson,300.0000,284.8882,306.5549
2010-11-01T06:00:00+00:00,Mawson,300.0000,276.7107,300.0000
2010-11-01T07:00:00+00:00,Mawson,306.7168,249.7554,300.0000
2010-11-01T08:00:00+00:00,Mawson,164.6171,81.0063,306.7168
2010-11-01T09:00:00+00:00,Mawson,316.8487,286.5191,164.6171
2010-11-01T10:00:00+00:00,Mawson,253.8077,165.9230,316.8487
2010-11-01T11:00:00+00:00,Mawson,369.6459,347.9485,253.8077
2010-11-01T12:00:00+00:00,Mawson,361.7143,317.2979,369.6459
2010-11-01T13:00:00+00:00,Mawson,366.0997,344.8955,361.7143
2010-11-01T14:00:00+00:00,Mawson,308.6742,248.1809,366.0997
2010-11-01T15:00:00+00:00,Mawson,154.2222,82.4171,308.6742
2010-11-01T16:00:00+00:00,Mawson,243.5379,219.8012,154.2222
2010-11-01T17:00:00+00:00,Mawson,131.8416,64.6192,243.5379
2010-11-01T18:00:00+00:00,Mawson,306.8671,293.7966,131.8416
2010-11-01T19:00:00+00:00,Mawson,279.5454,237.8731,306.8671
2010-11-01T20:00:00+00:00,Mawson,304.5131,282.5018,279.5454
2010-11-01T21:00:00+00:00,Mawson,300.0000,290.3806,304.5131
2010-11-01T22:00:00+00:00,Mawson,298.7505,217.3153,300.0000
2010-11-01T23:00:00+00:00,Mawson,300.5340,240.6531,298.7505
2010-11-02T00:00:00+00:00,Mawson,304.9435,237.1156,300.5340
2010-11-02T01:00:00+00:00,Mawson,300.5093,277.0740,304.9435
2010-11-02T02:00:00+00:00,Mawson,300.0000,235.7306,300.5093
2010-11-02T03:00:00+00:00,Mawson,300.0000,233.8119,300.0000
2010-11-02T04:00:00+00:00,Mawson,300.0000,285.8700,300.0000
2010-11-02T05:00:00+00:00,Mawson,300.0000,284.8326,300.0000
2010-11-02T06:00:00+00:00,Mawson,311.1123,277.9988,300.0000
2010-11-02T07:00:00+00:00,Mawson,300.0000,254.2599,311.1123
2010-11-02T08:00:00+00:00,Mawson,300.0000,280.3902,300.0000
2010-11-02T09:00:00+00:00,Mawson,323.9945,297.0727,300.0000
2010-11-02T10:00:00+00:00,Mawson,338.5436,314.3347,323.9945
2010-11-02T11:00:00+00:00,Mawson,368.2427,351.2255,338.5436
2010-11-02T12:00:00+00:00,Mawson,375.4600,342.0920,368.2427
2010-11-02T13:00:00+00:00,Mawson,352.6506,333.6760,375.4600
2010-11-02T14:00:00+00:00,Mawson,348.9529,278.6152,352.6506
2010-11-02T15:00:00+00:00,Mawson,327.1382,293.0759,348.9529
2010-11-02T16:00:00+00:00,Mawson,304.8775,292.1819,327.1382
2010-11-02T17:00:00+00:00,Mawson,301.1287,292.7990,304.8775
2010-11-02T18:00:00+00:00,Mawson,212.1581,178.0978,301.1287
2010-11-02T19:00:00+00:00,Mawson,199.7191,139.2424,212.1581
2010-11-02T20:00:00+00:00,Mawson,300.0000,300.4205,199.7191
2010-11-02T21:00:00+00:00,Mawson,303.5425,285.2711,300.0000
2010-11-02T22:00:00+00:00,Mawson,300.0000,272.1466,303.5425
2010-11-02T23:00:00+00:00,Mawson,300.0000,290.2552,300.0000
2010-11-03T00:00:00+00:00,Mawson,316.5692,302.2229,300.0000
2010-11-03T01:00:00+00:00,Mawson,300.0000,235.7250,316.5692
2010-11-03T02:00:00+00:00,Mawson,308.1501,289.9877,300.0000
2010-11-03T03:00:00+00:00,Mawson,306.7651,235.0051,308.1501
2010-11-03T04:00:00+00:00,Mawson,300.0000,286.2136,306.7651
2010-11-03T05:00:00+00:00,Mawson,306.3754,283.0869,300.0000
2010-11-03T06:00:00+00:00,Mawson,302.2389,287.5854,306.3754
2010-11-03T07:00:00+00:00,Mawson,301.4528,243.4347,302.2389
2010-11-03T08:00:00+00:00,Mawson,300.0000,295.8475,301.4528
2010-11-03T09:00:00+00:00,Mawson,328.8777,298.2361,300.0000
2010-11-03T10:00:00+00:00,Mawson,309.6512,233.2029,328.8777
2010-11-03T11:00:00+00:00,Mawson,309.8835,259.8902,309.6512
2010-11-03T12:00:00+00:00,Mawson,237.3144,156.1253,309.8835
2010-11-03T13:00:00+00:00,Mawson,372.8020,353.5181,237.3144
2010-11-03T14:00:00+00:00,Mawson,336.2247,321.7632,372.8020
2010-11-03T15:00:00+00:00,Mawson,315.2425,266.7525,336.2247
2010-11-03T16:00:00+00:00,Mawson,292.0626,251.1652,315.2425
2010-11-03T17:00:00+00:00,Mawson,101.8554,44.9959,292.0626
2010-11-03T18:00:00+00:00,Mawson,247.3426,213.5965,101.8554
2010-11-03T19:00:00+00:00,Mawson,305.7518,292.0294,247.3426
2010-11-03T20:00:00+00:00,Mawson,301.5386,299.4801,305.7518
2010-11-03T21:00:00+00:00,Mawson,303.2550,295.2914,301.5386
2010-11-03T22:00:00+00:00,Mawson,300.0000,291.4666,303.2550
2010-11-03T23:00:00+00:00,Mawson,311.7121,289.5308,300.0000
2010-11-04T00:00:00+00:00,Mawson,319.4538,306.5721,311.7121
2010-11-04T01:00:00+00:00,Mawson,303.0659,286.0135,319.4538
2010-11-04T02:00:00+00:00,Mawson,300.0000,285.9096,303.0659
2010-11-04T03:00:00+00:00,Mawson,300.0000,281.1195,300.0000
2010-11-04T04:00:00+00:00,Mawson,302.0364,287.2349,300.0000
2010-11-04T05:00:00+00:00,Mawson,308.4375,294.8613,302.0364
2010-11-04T06:00:00+00:00,Mawson,304.2157,280.3837,308.4375
2010-11-04T07:00:00+00:00,Mawson,300.0000,254.9777,304.2157
2010-11-04T08:00:00+00:00,Mawson,300.0000,292.8360,300.0000
2010-11-04T09:00:00+00:00,Mawson,322.4117,272.7375,300.0000
2010-11-04T10:00:00+00:00,Mawson,353.1041,326.3971,322.4117
2010-11-04T11:00:00+00:00,Mawson,371.2094,353.0119,353.1041
2010-11-04T12:00:00+00:00,Mawson,365.8045,324.9474,371.2094
2010-11-04T13:00:00+00:00,Mawson,338.5572,282.6714,365.8045
2010-11-04T14:00:00+00:00,Mawson,228.7318,158.2030,338.5572
2010-11-04T15:00:00+00:00,Mawson,249.3191,207.9855,228.7318
2010-11-04T16:00:00+00:00,Mawson,200.0761,155.7636,249.3191
2010-11-04T17:00:00+00:00,Mawson,194.9594,144.7760,200.0761
2010-11-04T18:00:00+00:00,Mawson,152.9725,85.0653,194.9594
2010-11-04T19:00:00+00:00,Mawson,300.0000,261.9003,152.9725
2010-11-04T20:00:00+00:00,Mawson,300.0000,300.3170,300.0000
2010-11-04T21:00:00+00:00,Mawson,302.5169,293.9220,300.0000
2010-11-04T22:00:00+00:00,Mawson,309.9651,277.9127,302.5169
2010-11-04T23:00:00+00:00,Mawson,302.1564,265.5258,309.9651
2010-11-05T00:00:00+00:00,Mawson,317.2035,298.4409,302.1564
2010-11-05T01:00:00+00:00,Mawson,308.0481,285.5147,317.2035
2010-11-05T02:00:00+00:00,Mawson,312.8316,290.7467,308.0481
2010-11-05T03:00:00+00:00,Mawson,300.0000,228.2898,312.8316
2010-11-05T04:00:00+00:00,Mawson,300.0000,288.6450,300.0000
2010-11-05T05:00:00+00:00,Mawson,310.1293,293.5779,300.0000
2010-11-05T06:00:00+00:00,Mawson,300.0000,288.6623,310.1293
2010-11-05T07:00:00+00:00,Mawson,300.0000,294.0957,300.0000
2010-11-05T08:00:00+00:00,Mawson,303.6359,294.9288,300.0000
2010-11-05T09:00:00+00:00,Mawson,332.7946,308.8698,303.6359
2010-11-05T10:00:00+00:00,Mawson,348.1043,322.6031,332.7946
2010-11-05T11:00:00+00:00,Mawson,368.0563,348.3593,348.1043
2010-11-05T12:00:00+00:00,Mawson,333.9211,269.4536,368.0563
2010-11-05T13:00:00+00:00,Mawson,276.9822,215.1148,333.9211
2010-11-05T14:00:00+00:00,Mawson,355.7068,338.5952,276.9822
2010-11-05T15:00:00+00:00,Mawson,316.6454,311.6198,355.7068
2010-11-05T16:00:00+00:00,Mawson,253.7789,227.9626,316.6454
2010-11-05T17:00:00+00:00,Mawson,193.1490,142.5039,253.7789
2010-11-05T18:00:00+00:00,Mawson,130.2834,63.3968,193.1490
2010-11-05T19:00:00+00:00,Mawson,301.4560,261.9631,130.2834
2010-11-05T20:00:00+00:00,Mawson,310.7766,242.6857,301.4560
2010-11-05T21:00:00+00:00,Mawson,305.2981,291.9748,310.7766
2010-11-05T22:00:00+00:00,Mawson,300.0000,288.8732,305.2981
2010-11-05T23:00:00+00:00,Mawson,300.0000,290.2552,300.0000
2010-11-06T00:00:00+00:00,Mawson,310.7303,256.6376,300.0000
2010-11-06T01:00:00+00:00,Mawson,300.0000,267.3396,310.7303
2010-11-06T02:00:00+00:00,Mawson,300.6445,277.4105,300.0000
2010-11-06T03:00:00+00:00,Mawson,300.0000,281.1846,300.6445
2010-11-06T04:00:00+00:00,Mawson,302.9485,286.3471,300.0000
2010-11-06T05:00:00+00:00,Mawson,302.0644,277.6700,302.9485
2010-11-06T06:00:00+00:00,Mawson,300.0000,290.4480,302.0644
2010-11-06T07:00:00+00:00,Mawson,300.9839,283.2955,300.0000
2010-11-06T08:00:00+00:00,Mawson,307.0557,268.7351,300.9839
2010-11-06T09:00:00+00:00,Mawson,334.9164,296.5174,307.0557
2010-11-06T10:00:00+00:00,Mawson,339.0007,315.5992,334.9164
2010-11-06T11:00:00+00:00,Mawson,353.0629,323.4250,339.0007
2010-11-06T12:00:00+00:00,Mawson,331.1776,276.8909,353.0629
2010-11-06T13:00:00+00:00,Mawson,368.2350,336.0008,331.1776
2010-11-06T14:00:00+00:00,Mawson,317.5991,255.8508,368.2350
2010-11-06T15:00:00+00:00,Mawson,249.6800,207.9855,317.5991
2010-11-06T16:00:00+00:00,Mawson,185.8370,143.9776,249.6800
2010-11-06T17:00:00+00:00,Mawson,261.2998,235.5388,185.8370
2010-11-06T18:00:00+00:00,Mawson,117.7281,53.1452,261.2998
2010-11-06T19:00:00+00:00,Mawson,307.3179,290.8228,117.7281
2010-11-06T20:00:00+00:00,Mawson,186.9220,111.3705,307.3179
2010-11-06T21:00:00+00:00,Mawson,226.5857,162.5821,186.9220
2010-11-06T22:00:00+00:00,Mawson,307.2395,277.9002,226.5857
2010-11-06T23:00:00+00:00,Mawson,301.0160,288.4159,307.2395
2010-11-07T00:00:00+00:00,Mawson,319.4671,283.6642,301.0160
2010-11-07T01:00:00+00:00,Mawson,300.0000,266.4851,319.4671
2010-11-07T02:00:00+00:00,Mawson,300.4125,281.2452,300.0000
2010-11-07T03:00:00+00:00,Mawson,301.4804,276.5261,300.4125
2010-11-07T04:00:00+00:00,Mawson,300.0000,286.2136,301.4804
2010-11-07T05:00:00+00:00,Mawson,300.0000,227.9540,300.0000
2010-11-07T06:00:00+00:00,Mawson,301.0296,272.7527,300.0000
2010-11-07T07:00:00+00:00,Mawson,300.0000,278.0007,301.0296
2010-11-07T08:00:00+00:00,Mawson,300.0000,229.4167,300.0000
2010-11-07T09:00:00+00:00,Mawson,322.1359,303.8675,300.0000
2010-11-07T10:00:00+00:00,Mawson,348.2873,317.6142,322.1359
2010-11-07T11:00:00+00:00,Mawson,371.2121,347.9485,348.2873
2010-11-07T12:00:00+00:00,Mawson,363.1430,290.5708,371.2121
2010-11-07T13:00:00+00:00,Mawson,315.7027,252.2349,363.1430
2010-11-07T14:00:00+00:00,Mawson,163.9490,92.7654,315.7027
2010-11-07T15:00:00+00:00,Mawson,335.6934,323.9575,163.9490
2010-11-07T16:00:00+00:00,Mawson,84.1063,37.6504,335.6934
2010-11-07T17:00:00+00:00,Mawson,295.8995,258.4730,84.1063
2010-11-07T18:00:00+00:00,Mawson,227.2954,198.6229,295.8995
2010-11-07T19:00:00+00:00,Mawson,300.0000,282.1786,227.2954
2010-11-07T20:00:00+00:00,Mawson,301.9959,287.5696,300.0000
2010-11-07T21:00:00+00:00,Mawson,237.7342,166.7003,301.9959
2010-11-07T22:00:00+00:00,Mawson,300.0000,289.3799,237.7342
2010-11-07T23:00:00+00:00,Mawson,304.1690,294.3303,300.0000
2010-11-08T00:00:00+00:00,Mawson,321.6054,262.1178,304.1690
2010-11-08T01:00:00+00:00,Mawson,304.5318,286.9454,321.6054
2010-11-08T02:00:00+00:00,Mawson,300.0000,285.9096,304.5318
2010-11-08T03:00:00+00:00,Mawson,301.0828,279.3221,300.0000
2010-11-08T04:00:00+00:00,Mawson,300.0000,289.7300,301.0828
2010-11-08T05:00:00+00:00,Mawson,300.0000,230.8203,300.0000
2010-11-08T06:00:00+00:00,Mawson,300.0000,270.0338,300.0000
2010-11-08T07:00:00+00:00,Mawson,300.3564,287.5429,300.0000
2010-11-08T08:00:00+00:00,Mawson,300.0000,289.9697,300.3564
2010-11-08T09:00:00+00:00,Mawson,311.3167,266.0145,300.0000
2010-11-08T10:00:00+00:00,Mawson,347.1516,316.4654,311.3167
2010-11-08T11:00:00+00:00,Mawson,361.8015,325.8545,347.1516
2010-11-08T12:00:00+00:00,Mawson,371.7675,353.6382,361.8015
2010-11-08T13:00:00+00:00,Mawson,357.0622,279.7356,371.7675
2010-11-08T14:00:00+00:00,Mawson,220.9716,134.2433,357.0622
2010-11-08T15:00:00+00:00,Mawson,229.2593,181.1360,220.9716
2010-11-08T16:00:00+00:00,Mawson,300.0000,297.4849,229.2593
2010-11-08T17:00:00+00:00,Mawson,302.9780,271.6780,300.0000
2010-11-08T18:00:00+00:00,Mawson,306.1792,292.4702,302.9780
2010-11-08T19:00:00+00:00,Mawson,238.2499,184.1858,306.1792
2010-11-08T20:00:00+00:00,Mawson,300.0000,260.8001,238.2499
2010-11-08T21:00:00+00:00,Mawson,299.2324,228.9382,300.0000
2010-11-08T22:00:00+00:00,Mawson,300.0000,269.3609,299.2324
2010-11-08T23:00:00+00:00,Mawson,300.0000,282.7517,300.0000
2010-11-09T00:00:00+00:00,Mawson,320.3216,291.7777,300.0000
2010-11-09T01:00:00+00:00,Mawson,305.4964,289.0056,320.3216
2010-11-09T02:00:00+00:00,Mawson,300.0000,259.8490,305.4964
2010-11-09T03:00:00+00:00,Mawson,300.0000,284.6922,300.0000
2010-11-09T04:00:00+00:00,Mawson,300.0000,271.5672,300.0000
2010-11-09T05:00:00+00:00,Mawson,312.0207,292.1920,300.0000
2010-11-09T06:00:00+00:00,Mawson,300.0000,236.2604,312.0207
2010-11-09T07:00:00+00:00,Mawson,300.0000,283.7774,300.0000
2010-11-09T08:00:00+00:00,Mawson,300.0000,285.0746,300.0000
2010-11-09T09:00:00+00:00,Mawson,316.3471,282.8809,300.0000
2010-11-09T10:00:00+00:00,Mawson,343.5788,313.7070,316.3471
2010-11-09T11:00:00+00:00,Mawson,233.5222,148.9426,343.5788
2010-11-09T12:00:00+00:00,Mawson,359.9407,286.2071,233.5222
2010-11-09T13:00:00+00:00,Mawson,365.6997,326.1518,359.9407
2010-11-09T14:00:00+00:00,Mawson,325.3532,269.0896,365.6997
2010-11-09T15:00:00+00:00,Mawson,331.4565,304.2722,325.3532
2010-11-09T16:00:00+00:00,Mawson,235.9204,209.4207,331.4565
2010-11-09T17:00:00+00:00,Mawson,244.7418,206.6451,235.9204
2010-11-09T18:00:00+00:00,Mawson,301.4620,286.3896,244.7418
2010-11-09T19:00:00+00:00,Mawson,301.6076,278.6718,301.4620
2010-11-09T20:00:00+00:00,Mawson,300.0000,288.1951,301.6076
2010-11-09T21:00:00+00:00,Mawson,300.0000,274.6704,300.0000
2010-11-09T22:00:00+00:00,Mawson,302.3539,285.6891,300.0000
2010-11-09T23:00:00+00:00,Mawson,300.8638,288.1140,302.3539
2010-11-10T00:00:00+00:00,Mawson,301.0694,288.6644,300.8638
2010-11-10T01:00:00+00:00,Mawson,314.2597,298.3201,301.0694
2010-11-10T02:00:00+00:00,Mawson,300.0000,280.3821,314.2597
2010-11-10T03:00:00+00:00,Mawson,300.0000,280.7759,300.0000
2010-11-10T04:00:00+00:00,Mawson,303.7082,280.3349,300.0000
2010-11-10T05:00:00+00:00,Mawson,300.0000,288.4414,303.7082
2010-11-10T06:00:00+00:00,Mawson,307.1491,239.5172,300.0000
2010-11-10T07:00:00+00:00,Mawson,300.0000,296.3889,307.1491
2010-11-10T08:00:00+00:00,Mawson,304.7312,293.7880,300.0000
2010-11-10T09:00:00+00:00,Mawson,321.0499,267.4343,304.7312
2010-11-10T10:00:00+00:00,Mawson,305.7886,232.9156,321.0499
2010-11-10T11:00:00+00:00,Mawson,264.1379,184.8796,305.7886
2010-11-10T12:00:00+00:00,Mawson,380.7205,343.5420,264.1379
2010-11-10T13:00:00+00:00,Mawson,354.6185,334.3301,380.7205
2010-11-10T14:00:00+00:00,Mawson,343.6349,306.3431,354.6185
2010-11-10T15:00:00+00:00,Mawson,234.3675,198.4224,343.6349
2010-11-10T16:00:00+00:00,Mawson,266.5196,242.8251,234.3675
2010-11-10T17:00:00+00:00,Mawson,195.4388,144.7760,266.5196
2010-11-10T18:00:00+00:00,Mawson,307.3108,260.3523,195.4388
2010-11-10T19:00:00+00:00,Mawson,313.9241,295.9467,307.3108
2010-11-10T20:00:00+00:00,Mawson,302.3997,288.2321,313.9241
2010-11-10T21:00:00+00:00,Mawson,309.6859,289.6054,302.3997
2010-11-10T22:00:00+00:00,Mawson,310.0040,297.8594,309.6859
2010-11-10T23:00:00+00:00,Mawson,313.8395,299.6671,310.0040
2010-11-11T00:00:00+00:00,Mawson,302.6476,242.1192,313.8395
2010-11-11T01:00:00+00:00,Mawson,300.0000,240.7413,302.6476
2010-11-11T02:00:00+00:00,Mawson,301.6551,284.3863,300.0000
2010-11-11T03:00:00+00:00,Mawson,313.7131,287.1785,301.6551
2010-11-11T04:00:00+00:00,Mawson,300.0000,267.7566,313.7131
2010-11-11T05:00:00+00:00,Mawson,305.1684,289.7514,300.0000
2010-11-11T06:00:00+00:00,Mawson,300.0000,273.8444,305.1684
2010-11-11T07:00:00+00:00,Mawson,300.0000,229.4903,300.0000
2010-11-11T08:00:00+00:00,Mawson,220.1640,123.9900,300.0000
2010-11-11T09:00:00+00:00,Mawson,331.1009,300.4675,220.1640
2010-11-11T10:00:00+00:00,Mawson,354.6108,291.1970,331.1009
2010-11-11T11:00:00+00:00,Mawson,373.8941,355.6272,354.6108
2010-11-11T12:00:00+00:00,Mawson,330.3863,266.6014,373.8941
2010-11-11T13:00:00+00:00,Mawson,211.8798,134.8462,330.3863
2010-11-11T14:00:00+00:00,Mawson,349.1575,311.1931,211.8798
2010-11-11T15:00:00+00:00,Mawson,143.6030,73.6542,349.1575
2010-11-11T16:00:00+00:00,Mawson,160.6118,99.1116,143.6030
2010-11-11T17:00:00+00:00,Mawson,293.7484,255.9937,160.6118
2010-11-11T18:00:00+00:00,Mawson,241.7310,209.5581,293.7484
2010-11-11T19:00:00+00:00,Mawson,306.5316,289.2976,241.7310
2010-11-11T20:00:00+00:00,Mawson,302.6792,300.1691,306.5316
2010-11-11T21:00:00+00:00,Mawson,302.8240,294.2432,302.6792
2010-11-11T22:00:00+00:00,Mawson,304.6066,272.4327,302.8240
2010-11-11T23:00:00+00:00,Mawson,300.0000,269.0333,304.6066
2010-11-12T00:00:00+00:00,Mawson,319.9979,285.8689,300.0000
2010-11-12T01:00:00+00:00,Mawson,307.1883,246.6892,319.9979
2010-11-12T02:00:00+00:00,Mawson,300.0000,266.1336,307.1883
2010-11-12T03:00:00+00:00,Mawson,305.3323,235.7049,300.0000
2010-11-12T04:00:00+00:00,Mawson,300.0000,286.5647,305.3323
2010-11-12T05:00:00+00:00,Mawson,300.0000,284.3597,300.0000
2010-11-12T06:00:00+00:00,Mawson,305.5489,247.5626,300.0000
2010-11-12T07:00:00+00:00,Mawson,301.7895,294.7119,305.5489
2010-11-12T08:00:00+00:00,Mawson,300.0000,284.2010,301.7895
2010-11-12T09:00:00+00:00,Mawson,283.8767,185.8628,300.0000
2010-11-12T10:00:00+00:00,Mawson,253.8121,176.7871,283.8767
2010-11-12T11:00:00+00:00,Mawson,358.6267,330.8198,253.8121
2010-11-12T12:00:00+00:00,Mawson,373.3004,352.2595,358.6267
2010-11-12T13:00:00+00:00,Mawson,267.0276,209.7411,373.3004
2010-11-12T14:00:00+00:00,Mawson,357.9321,348.0618,267.0276
2010-11-12T15:00:00+00:00,Mawson,322.4885,306.0095,357.9321
2010-11-12T16:00:00+00:00,Mawson,300.0000,288.9601,322.4885
2010-11-12T17:00:00+00:00,Mawson,260.5222,229.8259,300.0000
2010-11-12T18:00:00+00:00,Mawson,279.6708,255.9520,260.5222
2010-11-12T19:00:00+00:00,Mawson,305.8863,289.8617,279.6708
2010-11-12T20:00:00+00:00,Mawson,304.6658,283.4192,305.8863
2010-11-12T21:00:00+00:00,Mawson,305.9078,278.6520,304.6658
2010-11-12T22:00:00+00:00,Mawson,303.6680,268.0794,305.9078
2010-11-12T23:00:00+00:00,Mawson,300.0000,290.3187,303.6680
2010-11-13T00:00:00+00:00,Mawson,303.0065,243.2759,300.0000
2010-11-13T01:00:00+00:00,Mawson,311.1296,292.0552,303.0065
2010-11-13T02:00:00+00:00,Mawson,300.0000,285.6762,311.1296
2010-11-13T03:00:00+00:00,Mawson,300.0000,280.5425,300.0000
2010-11-13T04:00:00+00:00,Mawson,304.7283,282.6534,300.0000
2010-11-13T05:00:00+00:00,Mawson,304.5853,287.2135,304.7283
2010-11-13T06:00:00+00:00,Mawson,300.0000,288.2495,304.5853
2010-11-13T07:00:00+00:00,Mawson,309.4646,292.2996,300.0000
2010-11-13T08:00:00+00:00,Mawson,300.6722,259.8685,309.4646
2010-11-13T09:00:00+00:00,Mawson,327.1505,303.8812,300.6722
2010-11-13T10:00:00+00:00,Mawson,356.8303,327.6529,327.1505
2010-11-13T11:00:00+00:00,Mawson,322.5438,259.2931,356.8303
2010-11-13T12:00:00+00:00,Mawson,371.8364,351.3611,322.5438
2010-11-13T13:00:00+00:00,Mawson,226.9989,150.1069,371.8364
2010-11-13T14:00:00+00:00,Mawson,249.6802,174.7797,226.9989
2010-11-13T15:00:00+00:00,Mawson,224.4057,174.3651,249.6802
2010-11-13T16:00:00+00:00,Mawson,259.9840,236.5272,224.4057
2010-11-13T17:00:00+00:00,Mawson,300.0000,286.2453,259.9840
2010-11-13T18:00:00+00:00,Mawson,300.0000,298.2734,300.0000
2010-11-13T19:00:00+00:00,Mawson,244.3336,190.4322,300.0000
2010-11-13T20:00:00+00:00,Mawson,299.5783,236.6659,244.3336
2010-11-13T21:00:00+00:00,Mawson,300.0000,292.9822,299.5783
2010-11-13T22:00:00+00:00,Mawson,300.0000,281.2450,300.0000
2010-11-13T23:00:00+00:00,Mawson,306.8221,275.2220,300.0000
2010-11-14T00:00:00+00:00,Mawson,326.6011,307.8563,306.8221
2010-11-14T01:00:00+00:00,Mawson,300.0000,286.3680,326.6011
2010-11-14T02:00:00+00:00,Mawson,300.0000,281.4897,300.0000
2010-11-14T03:00:00+00:00,Mawson,305.0146,284.5103,300.0000
2010-11-14T04:00:00+00:00,Mawson,300.0000,289.7887,305.0146
2010-11-14T05:00:00+00:00,Mawson,303.7220,275.8227,300.0000
2010-11-14T06:00:00+00:00,Mawson,300.0000,287.9329,303.7220
2010-11-14T07:00:00+00:00,Mawson,300.0000,291.5154,300.0000
2010-11-14T08:00:00+00:00,Mawson,301.3373,276.2859,300.0000
2010-11-14T09:00:00+00:00,Mawson,321.7518,247.6997,301.3373
2010-11-14T10:00:00+00:00,Mawson,358.3569,327.7886,321.7518
2010-11-14T11:00:00+00:00,Mawson,371.7506,353.7865,358.3569
2010-11-14T12:00:00+00:00,Mawson,244.0340,169.7755,371.7506
2010-11-14T13:00:00+00:00,Mawson,368.6708,355.0648,244.0340
2010-11-14T14:00:00+00:00,Mawson,287.2313,231.3722,368.6708
2010-11-14T15:00:00+00:00,Mawson,277.8091,234.7732,287.2313
2010-11-14T16:00:00+00:00,Mawson,130.1330,68.0656,277.8091
2010-11-14T17:00:00+00:00,Mawson,220.7845,190.9015,130.1330
2010-11-14T18:00:00+00:00,Mawson,302.9242,292.8078,220.7845
2010-11-14T19:00:00+00:00,Mawson,267.5543,231.3486,302.9242
2010-11-14T20:00:00+00:00,Mawson,306.4565,285.5599,267.5543
2010-11-14T21:00:00+00:00,Mawson,300.0000,280.2423,306.4565
2010-11-14T22:00:00+00:00,Mawson,304.5831,294.0168,300.0000
2010-11-14T23:00:00+00:00,Mawson,262.3630,185.2778,304.5831
2010-11-15T00:00:00+00:00,Mawson,330.9121,305.6985,262.3630
2010-11-15T01:00:00+00:00,Mawson,300.0000,282.1460,330.9121
2010-11-15T02:00:00+00:00,Mawson,300.0000,265.2183,300.0000
2010-11-15T03:00:00+00:00,Mawson,300.0000,272.6004,300.0000
2010-11-15T04:00:00+00:00,Mawson,300.0000,286.2136,300.0000
2010-11-15T05:00:00+00:00,Mawson,308.7116,239.5385,300.0000
2010-11-15T06:00:00+00:00,Mawson,300.0000,290.9597,308.7116
2010-11-15T07:00:00+00:00,Mawson,301.3933,244.4947,300.0000
2010-11-15T08:00:00+00:00,Mawson,300.0000,285.4844,301.3933
2010-11-15T09:00:00+00:00,Mawson,290.4433,194.5328,300.0000
2010-11-15T10:00:00+00:00,Mawson,358.0144,309.7163,290.4433
2010-11-15T11:00:00+00:00,Mawson,357.8336,302.3530,358.0144
2010-11-15T12:00:00+00:00,Mawson,365.7591,345.3088,357.8336
2010-11-15T13:00:00+00:00,Mawson,307.0891,269.0086,365.7591
2010-11-15T14:00:00+00:00,Mawson,258.2572,190.9123,307.0891
2010-11-15T15:00:00+00:00,Mawson,257.7172,216.5242,258.2572
2010-11-15T16:00:00+00:00,Mawson,208.4054,168.2986,257.7172
2010-11-15T17:00:00+00:00,Mawson,233.7962,199.1567,208.4054
2010-11-15T18:00:00+00:00,Mawson,236.5229,202.7411,233.7962
2010-11-15T19:00:00+00:00,Mawson,300.0000,282.5624,236.5229
2010-11-15T20:00:00+00:00,Mawson,303.6805,287.7012,300.0000
2010-11-15T21:00:00+00:00,Mawson,257.5634,184.5986,303.6805
2010-11-15T22:00:00+00:00,Mawson,306.7615,278.5465,257.5634
2010-11-15T23:00:00+00:00,Mawson,302.5394,292.9047,306.7615
2010-11-16T00:00:00+00:00,Mawson,314.1209,300.8900,302.5394
2010-11-16T01:00:00+00:00,Mawson,300.0000,262.4866,314.1209
2010-11-16T02:00:00+00:00,Mawson,300.0000,285.8770,300.0000
2010-11-16T03:00:00+00:00,Mawson,300.0000,283.7343,300.0000
2010-11-16T04:00:00+00:00,Mawson,309.1989,291.4131,300.0000
2010-11-16T05:00:00+00:00,Mawson,308.0398,284.9059,309.1989
2010-11-16T06:00:00+00:00,Mawson,307.3753,279.2581,308.0398
2010-11-16T07:00:00+00:00,Mawson,304.0917,249.6403,307.3753
2010-11-16T08:00:00+00:00,Mawson,306.7132,269.2370,304.0917
2010-11-16T09:00:00+00:00,Mawson,329.8454,297.2278,306.7132
2010-11-16T10:00:00+00:00,Mawson,345.3798,319.5992,329.8454
2010-11-16T11:00:00+00:00,Mawson,327.3216,270.5734,345.3798
2010-11-16T12:00:00+00:00,Mawson,333.4560,276.5062,327.3216
2010-11-16T13:00:00+00:00,Mawson,281.9446,229.0305,333.4560
2010-11-16T14:00:00+00:00,Mawson,261.4739,193.9433,281.9446
2010-11-16T15:00:00+00:00,Mawson,318.4971,284.3489,261.4739
2010-11-16T16:00:00+00:00,Mawson,272.6492,244.3133,318.4971
2010-11-16T17:00:00+00:00,Mawson,301.4676,290.2824,272.6492
2010-11-16T18:00:00+00:00,Mawson,264.1145,234.7872,301.4676
2010-11-16T19:00:00+00:00,Mawson,300.0000,281.9768,264.1145
2010-11-16T20:00:00+00:00,Mawson,300.0000,285.4768,300.0000
2010-11-16T21:00:00+00:00,Mawson,301.0324,292.7638,300.0000
2010-11-16T22:00:00+00:00,Mawson,300.0000,266.5570,301.0324
2010-11-16T23:00:00+00:00,Mawson,304.6715,294.6473,300.0000
2010-11-17T00:00:00+00:00,Mawson,320.3549,291.0237,304.6715
2010-11-17T01:00:00+00:00,Mawson,305.3604,288.7837,320.3549
2010-11-17T02:00:00+00:00,Mawson,309.5936,289.1430,305.3604
2010-11-17T03:00:00+00:00,Mawson,300.0000,281.7700,309.5936
2010-11-17T04:00:00+00:00,Mawson,300.0000,285.9918,300.0000
2010-11-17T05:00:00+00:00,Mawson,300.0000,287.5695,300.0000
2010-11-17T06:00:00+00:00,Mawson,312.2290,238.7018,300.0000
2010-11-17T07:00:00+00:00,Mawson,302.8574,254.9427,312.2290
2010-11-17T08:00:00+00:00,Mawson,300.0000,260.3495,302.8574
2010-11-17T09:00:00+00:00,Mawson,321.6781,301.6648,300.0000
2010-11-17T10:00:00+00:00,Mawson,346.7681,296.6131,321.6781
2010-11-17T11:00:00+00:00,Mawson,360.5035,335.5731,346.7681
2010-11-17T12:00:00+00:00,Mawson,374.2043,354.9691,360.5035
2010-11-17T13:00:00+00:00,Mawson,343.0123,295.7542,374.2043
2010-11-17T14:00:00+00:00,Mawson,344.2784,324.6564,343.0123
2010-11-17T15:00:00+00:00,Mawson,325.7184,275.3309,344.2784
2010-11-17T16:00:00+00:00,Mawson,198.8640,159.5490,325.7184
2010-11-17T17:00:00+00:00,Mawson,217.0242,185.3807,198.8640
2010-11-17T18:00:00+00:00,Mawson,307.2817,297.5753,217.0242
2010-11-17T19:00:00+00:00,Mawson,233.9625,178.0955,307.2817
2010-11-17T20:00:00+00:00,Mawson,300.0000,276.7582,233.9625
2010-11-17T21:00:00+00:00,Mawson,307.6022,297.2179,300.0000
2010-11-17T22:00:00+00:00,Mawson,300.0000,272.3307,307.6022
2010-11-17T23:00:00+00:00,Mawson,300.0000,290.2152,300.0000
2010-11-18T00:00:00+00:00,Mawson,308.9473,263.7338,300.0000
2010-11-18T01:00:00+00:00,Mawson,303.6609,233.0584,308.9473
2010-11-18T02:00:00+00:00,Mawson,307.1045,291.2603,303.6609
2010-11-18T03:00:00+00:00,Mawson,300.0000,243.8779,307.1045
2010-11-18T04:00:00+00:00,Mawson,302.0097,286.2390,300.0000
2010-11-18T05:00:00+00:00,Mawson,300.0000,284.7378,302.0097
2010-11-18T06:00:00+00:00,Mawson,300.0000,231.1490,300.0000
2010-11-18T07:00:00+00:00,Mawson,302.7080,274.8667,300.0000
2010-11-18T08:00:00+00:00,Mawson,300.0000,266.3546,302.7080
2010-11-18T09:00:00+00:00,Mawson,313.8212,306.5225,300.0000
2010-11-18T10:00:00+00:00,Mawson,348.6774,305.6295,313.8212
2010-11-18T11:00:00+00:00,Mawson,283.3696,215.7511,348.6774
2010-11-18T12:00:00+00:00,Mawson,371.4032,338.2841,283.3696
2010-11-18T13:00:00+00:00,Mawson,279.4177,227.5087,371.4032
2010-11-18T14:00:00+00:00,Mawson,170.0140,92.7776,279.4177
2010-11-18T15:00:00+00:00,Mawson,196.9652,131.0061,170.0140
2010-11-18T16:00:00+00:00,Mawson,280.2707,252.0391,196.9652
2010-11-18T17:00:00+00:00,Mawson,300.0000,266.8005,280.2707
2010-11-18T18:00:00+00:00,Mawson,311.5506,291.9420,300.0000
2010-11-18T19:00:00+00:00,Mawson,229.2293,179.6735,311.5506
2010-11-18T20:00:00+00:00,Mawson,300.0000,300.1153,229.2293
2010-11-18T21:00:00+00:00,Mawson,300.0000,279.4919,300.0000
2010-11-18T22:00:00+00:00,Mawson,300.0000,267.8636,300.0000
2010-11-18T23:00:00+00:00,Mawson,301.2284,279.9715,300.0000
2010-11-19T00:00:00+00:00,Mawson,308.5130,294.0173,301.2284
2010-11-19T01:00:00+00:00,Mawson,307.1192,290.7256,308.5130
2010-11-19T02:00:00+00:00,Mawson,300.0000,277.3579,307.1192
2010-11-19T03:00:00+00:00,Mawson,300.0000,228.2898,300.0000
2010-11-19T04:00:00+00:00,Mawson,303.0681,279.1296,300.0000
2010-11-19T05:00:00+00:00,Mawson,309.6330,238.6820,303.0681
2010-11-19T06:00:00+00:00,Mawson,306.8115,239.7843,309.6330
2010-11-19T07:00:00+00:00,Mawson,306.5143,280.9627,306.8115
2010-11-19T08:00:00+00:00,Mawson,300.0000,272.5788,306.5143
2010-11-19T09:00:00+00:00,Mawson,317.9392,285.9525,300.0000
2010-11-19T10:00:00+00:00,Mawson,339.4492,256.9615,317.9392
2010-11-19T11:00:00+00:00,Mawson,371.7652,353.1772,339.4492
2010-11-19T12:00:00+00:00,Mawson,319.0318,273.2682,371.7652
2010-11-19T13:00:00+00:00,Mawson,299.4724,254.0232,319.0318
2010-11-19T14:00:00+00:00,Mawson,355.6631,275.1378,299.4724
2010-11-19T15:00:00+00:00,Mawson,313.3289,267.4621,355.6631
2010-11-19T16:00:00+00:00,Mawson,187.0974,142.7207,313.3289
2010-11-19T17:00:00+00:00,Mawson,211.8944,178.8116,187.0974
2010-11-19T18:00:00+00:00,Mawson,187.3517,141.1561,211.8944
2010-11-19T19:00:00+00:00,Mawson,278.3292,237.2403,187.3517
2010-11-19T20:00:00+00:00,Mawson,289.8764,236.8676,278.3292
2010-11-19T21:00:00+00:00,Mawson,304.0609,277.8921,289.8764
2010-11-19T22:00:00+00:00,Mawson,300.8061,273.3850,304.0609
2010-11-19T23:00:00+00:00,Mawson,305.3062,273.5489,300.8061
2010-11-20T00:00:00+00:00,Mawson,309.3070,278.0983,305.3062
2010-11-20T01:00:00+00:00,Mawson,300.0000,286.2259,309.3070
2010-11-20T02:00:00+00:00,Mawson,300.0000,263.5527,300.0000
2010-11-20T03:00:00+00:00,Mawson,301.7138,271.8747,300.0000
2010-11-20T04:00:00+00:00,Mawson,300.8184,281.4392,301.7138
2010-11-20T05:00:00+00:00,Mawson,303.0789,285.6845,300.8184
2010-11-20T06:00:00+00:00,Mawson,312.3259,292.6077,303.0789
2010-11-20T07:00:00+00:00,Mawson,303.1891,249.5465,312.3259
2010-11-20T08:00:00+00:00,Mawson,300.0000,284.9853,303.1891
2010-11-20T09:00:00+00:00,Mawson,262.4199,166.8768,300.0000
2010-11-20T10:00:00+00:00,Mawson,365.1772,346.6130,262.4199
2010-11-20T11:00:00+00:00,Mawson,353.9088,331.3696,365.1772
2010-11-20T12:00:00+00:00,Mawson,264.8592,210.5208,353.9088
2010-11-20T13:00:00+00:00,Mawson,248.4126,174.2749,264.8592
2010-11-20T14:00:00+00:00,Mawson,191.3537,106.1052,248.4126
2010-11-20T15:00:00+00:00,Mawson,299.5016,269.2760,191.3537
2010-11-20T16:00:00+00:00,Mawson,247.4112,219.6049,299.5016
2010-11-20T17:00:00+00:00,Mawson,301.3530,293.0959,247.4112
2010-11-20T18:00:00+00:00,Mawson,300.0000,291.4569,301.3530
2010-11-20T19:00:00+00:00,Mawson,300.0000,300.7004,300.0000
2010-11-20T20:00:00+00:00,Mawson,300.0000,288.4919,300.0000
2010-11-20T21:00:00+00:00,Mawson,300.0000,291.3806,300.0000
2010-11-20T22:00:00+00:00,Mawson,301.7359,271.4864,300.0000
2010-11-20T23:00:00+00:00,Mawson,300.0000,268.3519,301.7359
2010-11-21T00:00:00+00:00,Mawson,314.7270,258.7583,300.0000
2010-11-21T01:00:00+00:00,Mawson,308.8192,289.3206,314.7270
2010-11-21T02:00:00+00:00,Mawson,300.0000,284.8131,308.8192
2010-11-21T03:00:00+00:00,Mawson,300.0000,281.1271,300.0000
2010-11-21T04:00:00+00:00,Mawson,302.3909,287.5036,300.0000
2010-11-21T05:00:00+00:00,Mawson,304.3539,285.9345,302.3909
2010-11-21T06:00:00+00:00,Mawson,301.8954,250.5891,304.3539
2010-11-21T07:00:00+00:00,Mawson,300.0000,244.2355,301.8954
2010-11-21T08:00:00+00:00,Mawson,300.0000,266.3546,300.0000
2010-11-21T09:00:00+00:00,Mawson,263.2880,163.6087,300.0000
2010-11-21T10:00:00+00:00,Mawson,345.0995,314.9226,263.2880
2010-11-21T11:00:00+00:00,Mawson,356.9797,318.1231,345.0995
2010-11-21T12:00:00+00:00,Mawson,372.8033,355.0377,356.9797
2010-11-21T13:00:00+00:00,Mawson,239.7951,162.9790,372.8033
2010-11-21T14:00:00+00:00,Mawson,347.2411,272.4940,239.7951
2010-11-21T15:00:00+00:00,Mawson,256.0981,209.0425,347.2411
2010-11-21T16:00:00+00:00,Mawson,264.2506,236.1426,256.0981
2010-11-21T17:00:00+00:00,Mawson,294.0848,255.7920,264.2506
2010-11-21T18:00:00+00:00,Mawson,182.4611,132.0919,294.0848
2010-11-21T19:00:00+00:00,Mawson,303.4178,283.3926,182.4611
2010-11-21T20:00:00+00:00,Mawson,300.0000,298.7597,303.4178
2010-11-21T21:00:00+00:00,Mawson,300.0000,272.8130,300.0000
2010-11-21T22:00:00+00:00,Mawson,300.0000,291.8292,300.0000
2010-11-21T23:00:00+00:00,Mawson,300.0000,271.7415,300.0000
2010-11-22T00:00:00+00:00,Mawson,314.5274,299.8548,300.0000
2010-11-22T01:00:00+00:00,Mawson,309.8074,291.4610,314.5274
2010-11-22T02:00:00+00:00,Mawson,300.0000,282.0173,309.8074
2010-11-22T03:00:00+00:00,Mawson,300.0000,272.6004,300.0000
2010-11-22T04:00:00+00:00,Mawson,308.2815,286.0224,300.0000
2010-11-22T05:00:00+00:00,Mawson,311.6027,291.1262,308.2815
2010-11-22T06:00:00+00:00,Mawson,301.1913,286.5220,311.6027
2010-11-22T07:00:00+00:00,Mawson,305.1947,276.8934,301.1913
2010-11-22T08:00:00+00:00,Mawson,305.8103,270.1407,305.1947
2010-11-22T09:00:00+00:00,Mawson,319.2802,305.5227,305.8103
2010-11-22T10:00:00+00:00,Mawson,303.4317,231.3727,319.2802
2010-11-22T11:00:00+00:00,Mawson,363.6881,302.3530,303.4317
2010-11-22T12:00:00+00:00,Mawson,290.3810,242.0524,363.6881
2010-11-22T13:00:00+00:00,Mawson,294.6665,245.3315,290.3810
2010-11-22T14:00:00+00:00,Mawson,217.4845,156.6771,294.6665
2010-11-22T15:00:00+00:00,Mawson,195.3968,131.7529,217.4845
2010-11-22T16:00:00+00:00,Mawson,209.6805,185.1113,195.3968
2010-11-22T17:00:00+00:00,Mawson,266.1055,248.0836,209.6805
2010-11-22T18:00:00+00:00,Mawson,307.2340,291.0441,266.1055
2010-11-22T19:00:00+00:00,Mawson,275.8308,237.9032,307.2340
2010-11-22T20:00:00+00:00,Mawson,300.0000,298.9615,275.8308
2010-11-22T21:00:00+00:00,Mawson,300.6625,293.1221,300.0000
2010-11-22T22:00:00+00:00,Mawson,302.0807,285.5524,300.6625
2010-11-22T23:00:00+00:00,Mawson,305.0960,273.3648,302.0807
2010-11-23T00:00:00+00:00,Mawson,319.1588,260.3211,305.0960
2010-11-23T01:00:00+00:00,Mawson,300.0000,283.1359,319.1588
2010-11-23T02:00:00+00:00,Mawson,308.3478,287.3311,300.0000
2010-11-23T03:00:00+00:00,Mawson,300.0000,258.7633,308.3478
2010-11-23T04:00:00+00:00,Mawson,301.7607,285.8529,300.0000
2010-11-23T05:00:00+00:00,Mawson,306.6407,289.7415,301.7607
2010-11-23T06:00:00+00:00,Mawson,301.7922,267.6600,306.6407
2010-11-23T07:00:00+00:00,Mawson,300.1505,244.2355,301.7922
2010-11-23T08:00:00+00:00,Mawson,305.4189,298.6472,300.1505
2010-11-23T09:00:00+00:00,Mawson,329.6194,313.9192,305.4189
2010-11-23T10:00:00+00:00,Mawson,358.8743,339.8025,329.6194
2010-11-23T11:00:00+00:00,Mawson,309.0962,255.2568,358.8743
2010-11-23T12:00:00+00:00,Mawson,363.3279,328.4703,309.0962
2010-11-23T13:00:00+00:00,Mawson,325.0926,271.0875,363.3279
2010-11-23T14:00:00+00:00,Mawson,296.9113,236.2695,325.0926
2010-11-23T15:00:00+00:00,Mawson,222.9656,177.9841,296.9113
2010-11-23T16:00:00+00:00,Mawson,209.2642,184.9234,222.9656
2010-11-23T17:00:00+00:00,Mawson,305.5634,260.5183,209.2642
2010-11-23T18:00:00+00:00,Mawson,280.6104,256.1537,305.5634
2010-11-23T19:00:00+00:00,Mawson,307.5690,287.0704,280.6104
2010-11-23T20:00:00+00:00,Mawson,302.1044,281.4790,307.5690
2010-11-23T21:00:00+00:00,Mawson,273.7018,217.7949,302.1044
2010-11-23T22:00:00+00:00,Mawson,302.2583,292.0694,273.7018
2010-11-23T23:00:00+00:00,Mawson,300.0000,292.1093,302.2583
2010-11-24T00:00:00+00:00,Mawson,322.9002,307.9408,300.0000
2010-11-24T01:00:00+00:00,Mawson,302.7958,282.6901,322.9002
2010-11-24T02:00:00+00:00,Mawson,306.0006,288.6935,302.7958
2010-11-24T03:00:00+00:00,Mawson,307.1889,235.2011,306.0006
2010-11-24T04:00:00+00:00,Mawson,300.0000,285.0339,307.1889
2010-11-24T05:00:00+00:00,Mawson,300.0000,287.7545,300.0000
2010-11-24T06:00:00+00:00,Mawson,300.0000,293.1387,300.0000
2010-11-24T07:00:00+00:00,Mawson,301.9374,287.2069,300.0000
2010-11-24T08:00:00+00:00,Mawson,305.3249,287.4851,301.9374
2010-11-24T09:00:00+00:00,Mawson,282.6545,188.7200,305.3249
2010-11-24T10:00:00+00:00,Mawson,357.9306,310.8742,282.6545
2010-11-24T11:00:00+00:00,Mawson,361.6947,282.4984,357.9306
2010-11-24T12:00:00+00:00,Mawson,375.9326,352.2018,361.6947
2010-11-24T13:00:00+00:00,Mawson,238.7147,160.9429,375.9326
2010-11-24T14:00:00+00:00,Mawson,231.0604,146.8145,238.7147
2010-11-24T15:00:00+00:00,Mawson,298.2087,266.1555,231.0604
2010-11-24T16:00:00+00:00,Mawson,300.0000,289.6093,298.2087
2010-11-24T17:00:00+00:00,Mawson,300.0000,304.7318,300.0000
2010-11-24T18:00:00+00:00,Mawson,300.0000,271.2112,300.0000
2010-11-24T19:00:00+00:00,Mawson,191.8043,121.4744,300.0000
2010-11-24T20:00:00+00:00,Mawson,254.2641,202.7915,191.8043
2010-11-24T21:00:00+00:00,Mawson,302.6511,295.2464,254.2641
2010-11-24T22:00:00+00:00,Mawson,205.5201,131.9769,302.6511
2010-11-24T23:00:00+00:00,Mawson,300.0000,280.3438,205.5201
2010-11-25T00:00:00+00:00,Mawson,310.8572,274.8687,300.0000
2010-11-25T01:00:00+00:00,Mawson,300.0000,235.0505,310.8572
2010-11-25T02:00:00+00:00,Mawson,300.0000,285.3948,300.0000
2010-11-25T03:00:00+00:00,Mawson,307.7915,271.7481,300.0000
2010-11-25T04:00:00+00:00,Mawson,300.0000,289.7414,307.7915
2010-11-25T05:00:00+00:00,Mawson,300.0000,284.1984,300.0000
2010-11-25T06:00:00+00:00,Mawson,300.0000,287.5817,300.0000
2010-11-25T07:00:00+00:00,Mawson,300.0000,229.4903,300.0000
2010-11-25T08:00:00+00:00,Mawson,300.0000,285.7668,300.0000
2010-11-25T09:00:00+00:00,Mawson,327.6321,290.0829,300.0000
2010-11-25T10:00:00+00:00,Mawson,351.0675,330.8646,327.6321
2010-11-25T11:00:00+00:00,Mawson,359.8880,319.8155,351.0675
2010-11-25T12:00:00+00:00,Mawson,289.2160,239.7585,359.8880
2010-11-25T13:00:00+00:00,Mawson,325.7445,276.7730,289.2160
2010-11-25T14:00:00+00:00,Mawson,206.6606,131.1626,325.7445
2010-11-25T15:00:00+00:00,Mawson,277.4669,234.7732,206.6606
2010-11-25T16:00:00+00:00,Mawson,163.0526,105.1802,277.4669
2010-11-25T17:00:00+00:00,Mawson,300.0000,286.0435,163.0526
2010-11-25T18:00:00+00:00,Mawson,281.0480,256.6979,300.0000
2010-11-25T19:00:00+00:00,Mawson,304.3696,304.0592,281.0480
2010-11-25T20:00:00+00:00,Mawson,300.8073,283.1365,304.3696
2010-11-25T21:00:00+00:00,Mawson,300.0000,277.9716,300.8073
2010-11-25T22:00:00+00:00,Mawson,308.6792,297.4272,300.0000
2010-11-25T23:00:00+00:00,Mawson,300.0000,292.2702,308.6792
2010-11-26T00:00:00+00:00,Mawson,320.9069,285.8689,300.0000
2010-11-26T01:00:00+00:00,Mawson,306.9500,281.3550,320.9069
2010-11-26T02:00:00+00:00,Mawson,300.0000,285.9671,306.9500
2010-11-26T03:00:00+00:00,Mawson,308.0901,265.7328,300.0000
2010-11-26T04:00:00+00:00,Mawson,300.0000,285.7787,308.0901
2010-11-26T05:00:00+00:00,Mawson,300.0000,228.9928,300.0000
2010-11-26T06:00:00+00:00,Mawson,300.0000,279.2746,300.0000
2010-11-26T07:00:00+00:00,Mawson,300.0000,287.7591,300.0000
2010-11-26T08:00:00+00:00,Mawson,303.1146,292.4294,300.0000
2010-11-26T09:00:00+00:00,Mawson,293.3377,208.1427,303.1146
2010-11-26T10:00:00+00:00,Mawson,350.2602,315.4015,293.3377
2010-11-26T11:00:00+00:00,Mawson,358.1583,334.0968,350.2602
2010-11-26T12:00:00+00:00,Mawson,377.3100,347.6953,358.1583
2010-11-26T13:00:00+00:00,Mawson,367.9837,356.2529,377.3100
2010-11-26T14:00:00+00:00,Mawson,262.7338,205.4407,367.9837
2010-11-26T15:00:00+00:00,Mawson,326.3938,305.8401,262.7338
2010-11-26T16:00:00+00:00,Mawson,300.0000,289.4076,326.3938
2010-11-26T17:00:00+00:00,Mawson,311.7694,298.3649,300.0000
2010-11-26T18:00:00+00:00,Mawson,304.5886,294.2432,311.7694
2010-11-26T19:00:00+00:00,Mawson,316.3936,281.5681,304.5886
2010-11-26T20:00:00+00:00,Mawson,294.2243,240.3246,316.3936
2010-11-26T21:00:00+00:00,Mawson,248.9168,183.2409,294.2243
2010-11-26T22:00:00+00:00,Mawson,303.4400,290.4763,248.9168
2010-11-26T23:00:00+00:00,Mawson,300.0000,267.7725,303.4400
2010-11-27T00:00:00+00:00,Mawson,324.2719,263.2087,300.0000
2010-11-27T01:00:00+00:00,Mawson,305.3267,265.2274,324.2719
2010-11-27T02:00:00+00:00,Mawson,300.0000,277.3579,305.3267
2010-11-27T03:00:00+00:00,Mawson,301.3399,276.1727,300.0000
2010-11-27T04:00:00+00:00,Mawson,303.3886,288.1343,301.3399
2010-11-27T05:00:00+00:00,Mawson,303.6232,284.5428,303.3886
2010-11-27T06:00:00+00:00,Mawson,300.2131,272.0753,303.6232
2010-11-27T07:00:00+00:00,Mawson,301.3947,233.8716,300.2131
2010-11-27T08:00:00+00:00,Mawson,309.2924,293.3786,301.3947
2010-11-27T09:00:00+00:00,Mawson,318.5330,284.0308,309.2924
2010-11-27T10:00:00+00:00,Mawson,350.6039,299.4499,318.5330
2010-11-27T11:00:00+00:00,Mawson,370.7065,348.7133,350.6039
2010-11-27T12:00:00+00:00,Mawson,372.0988,355.6277,370.7065
2010-11-27T13:00:00+00:00,Mawson,213.6240,129.1628,372.0988
2010-11-27T14:00:00+00:00,Mawson,356.3751,297.9177,213.6240
2010-11-27T15:00:00+00:00,Mawson,211.7948,160.5843,356.3751
2010-11-27T16:00:00+00:00,Mawson,300.0000,269.1317,211.7948
2010-11-27T17:00:00+00:00,Mawson,166.8555,103.0843,300.0000
2010-11-27T18:00:00+00:00,Mawson,300.0000,285.3297,166.8555
2010-11-27T19:00:00+00:00,Mawson,307.4318,288.3651,300.0000
2010-11-27T20:00:00+00:00,Mawson,300.0000,284.2733,307.4318
2010-11-27T21:00:00+00:00,Mawson,300.4307,279.6937,300.0000
2010-11-27T22:00:00+00:00,Mawson,300.0000,271.1090,300.4307
2010-11-27T23:00:00+00:00,Mawson,306.4405,248.2075,300.0000
2010-11-28T00:00:00+00:00,Mawson,326.5762,308.6682,306.4405
2010-11-28T01:00:00+00:00,Mawson,300.0000,278.0856,326.5762
2010-11-28T02:00:00+00:00,Mawson,300.0000,285.3948,300.0000
2010-11-28T03:00:00+00:00,Mawson,300.0000,228.7004,300.0000
2010-11-28T04:00:00+00:00,Mawson,303.1297,283.9684,300.0000
2010-11-28T05:00:00+00:00,Mawson,300.0000,278.1837,303.1297
2010-11-28T06:00:00+00:00,Mawson,300.0000,231.4270,300.0000
2010-11-28T07:00:00+00:00,Mawson,306.7455,296.5139,300.0000
2010-11-28T08:00:00+00:00,Mawson,310.7684,271.6015,306.7455
2010-11-28T09:00:00+00:00,Mawson,317.8082,284.6990,310.7684
2010-11-28T10:00:00+00:00,Mawson,321.4113,255.0923,317.8082
2010-11-28T11:00:00+00:00,Mawson,365.1715,339.6559,321.4113
2010-11-28T12:00:00+00:00,Mawson,381.5708,365.4969,365.1715
2010-11-28T13:00:00+00:00,Mawson,279.5794,218.0380,381.5708
2010-11-28T14:00:00+00:00,Mawson,193.2237,104.5687,279.5794
2010-11-28T15:00:00+00:00,Mawson,188.7799,123.3509,193.2237
2010-11-28T16:00:00+00:00,Mawson,226.6257,204.9874,188.7799
2010-11-28T17:00:00+00:00,Mawson,307.0913,311.5403,226.6257
2010-11-28T18:00:00+00:00,Mawson,273.3422,249.4227,307.0913
2010-11-28T19:00:00+00:00,Mawson,277.7590,234.1791,273.3422
2010-11-28T20:00:00+00:00,Mawson,303.6311,288.5924,277.7590
2010-11-28T21:00:00+00:00,Mawson,303.6701,288.7201,303.6311
2010-11-28T22:00:00+00:00,Mawson,303.5373,270.8927,303.6701
2010-11-28T23:00:00+00:00,Mawson,300.0000,274.5988,303.5373
2010-11-29T00:00:00+00:00,Mawson,314.7985,299.3754,300.0000
2010-11-29T01:00:00+00:00,Mawson,300.0000,270.6718,314.7985
2010-11-29T02:00:00+00:00,Mawson,304.0563,284.1263,300.0000
2010-11-29T03:00:00+00:00,Mawson,300.0000,272.5369,304.0563
2010-11-29T04:00:00+00:00,Mawson,306.3470,277.9593,300.0000
2010-11-29T05:00:00+00:00,Mawson,300.0000,230.7673,306.3470
2010-11-29T06:00:00+00:00,Mawson,300.0000,288.2495,300.0000
2010-11-29T07:00:00+00:00,Mawson,300.0000,289.7762,300.0000
2010-11-29T08:00:00+00:00,Mawson,271.3678,170.3615,300.0000
2010-11-29T09:00:00+00:00,Mawson,327.6307,298.6055,271.3678
2010-11-29T10:00:00+00:00,Mawson,345.8840,331.1275,327.6307
2010-11-29T11:00:00+00:00,Mawson,367.2236,352.1826,345.8840
2010-11-29T12:00:00+00:00,Mawson,370.9495,333.3513,367.2236
2010-11-29T13:00:00+00:00,Mawson,327.4240,276.7730,370.9495
2010-11-29T14:00:00+00:00,Mawson,221.9175,141.5694,327.4240
2010-11-29T15:00:00+00:00,Mawson,315.9390,271.1685,221.9175
2010-11-29T16:00:00+00:00,Mawson,163.0265,98.5317,315.9390
2010-11-29T17:00:00+00:00,Mawson,235.5541,206.5323,163.0265
2010-11-29T18:00:00+00:00,Mawson,268.0065,247.3698,235.5541
2010-11-29T19:00:00+00:00,Mawson,302.0901,283.2662,268.0065
2010-11-29T20:00:00+00:00,Mawson,305.7795,304.2715,302.0901
2010-11-29T21:00:00+00:00,Mawson,303.5854,290.9470,305.7795
2010-11-29T22:00:00+00:00,Mawson,300.0000,270.9073,303.5854
2010-11-29T23:00:00+00:00,Mawson,300.0000,268.3519,300.0000
2010-11-30T00:00:00+00:00,Mawson,317.2012,305.1096,300.0000
2010-11-30T01:00:00+00:00,Mawson,306.6656,243.1599,317.2012
2010-11-30T02:00:00+00:00,Mawson,300.0000,277.5838,306.6656
2010-11-30T03:00:00+00:00,Mawson,300.0000,283.5036,300.0000
2010-11-30T04:00:00+00:00,Mawson,306.9236,284.2207,300.0000
2010-11-30T05:00:00+00:00,Mawson,300.0000,284.2683,306.9236
2010-11-30T06:00:00+00:00,Mawson,300.0000,281.0276,300.0000
2010-11-30T07:00:00+00:00,Mawson,300.0000,277.4616,300.0000
2010-11-30T08:00:00+00:00,Mawson,304.5285,269.7337,300.0000
2010-11-30T09:00:00+00:00,Mawson,333.6720,308.9045,304.5285
2010-11-30T10:00:00+00:00,Mawson,343.5039,296.9879,333.6720
2010-11-30T11:00:00+00:00,Mawson,366.7604,349.7635,343.5039
2010-11-30T12:00:00+00:00,Mawson,296.9177,250.7933,366.7604
2010-11-30T13:00:00+00:00,Mawson,227.0722,151.8372,296.9177
2010-11-30T14:00:00+00:00,Mawson,350.7131,328.2050,227.0722
2010-11-30T15:00:00+00:00,Mawson,326.4021,319.1986,350.7131
2010-11-30T16:00:00+00:00,Mawson,119.4299,56.5499,326.4021
2010-11-30T17:00:00+00:00,Mawson,254.4419,224.8447,119.4299
2010-11-30T18:00:00+00:00,Mawson,298.8911,256.0574,254.4419
2010-11-30T19:00:00+00:00,Mawson,300.0000,263.2732,298.8911
2010-11-30T20:00:00+00:00,Mawson,173.2959,91.2937,300.0000
2010-11-30T21:00:00+00:00,Mawson,272.4154,218.1710,173.2959
2010-11-30T22:00:00+00:00,Mawson,302.9952,290.4649,272.4154
2010-11-30T23:00:00+00:00,Mawson,300.0000,282.1724,302.9952
2010-12-01T00:00:00+00:00,Mawson,236.1245,99.9966,300.0000
2010-12-01T01:00:00+00:00,Mawson,300.0000,227.4245,236.1245
2010-12-01T02:00:00+00:00,Mawson,244.8241,109.4420,300.0000
2010-12-01T03:00:00+00:00,Mawson,317.3598,259.4296,244.8241
2010-12-01T04:00:00+00:00,Mawson,326.2553,235.2040,317.3598
2010-12-01T05:00:00+00:00,Mawson,306.2813,286.4496,326.2553
2010-12-01T06:00:00+00:00,Mawson,300.0000,232.1569,306.2813
2010-12-01T07:00:00+00:00,Mawson,303.5322,249.4214,300.0000
2010-12-01T08:00:00+00:00,Mawson,321.0225,286.3908,303.5322
2010-12-01T09:00:00+00:00,Mawson,300.0000,261.6329,321.0225
2010-12-01T10:00:00+00:00,Mawson,267.7244,205.5504,300.0000
2010-12-01T11:00:00+00:00,Mawson,317.9616,289.1373,267.7244
2010-12-01T12:00:00+00:00,Mawson,175.3439,107.8399,317.9616
2010-12-01T13:00:00+00:00,Mawson,300.0000,262.4562,175.3439
2010-12-01T14:00:00+00:00,Mawson,178.5790,108.3156,300.0000
2010-12-01T15:00:00+00:00,Mawson,117.5235,47.6895,178.5790
2010-12-01T16:00:00+00:00,Mawson,152.7607,63.6701,117.5235
2010-12-01T17:00:00+00:00,Mawson,107.7144,37.2996,152.7607
2010-12-01T18:00:00+00:00,Mawson,149.2403,64.9531,107.7144
2010-12-01T19:00:00+00:00,Mawson,281.7602,231.2515,149.2403
2010-12-01T20:00:00+00:00,Mawson,322.9043,295.8179,281.7602
2010-12-01T21:00:00+00:00,Mawson,236.6152,91.3419,322.9043
2010-12-01T22:00:00+00:00,Mawson,300.0000,259.8990,236.6152
2010-12-01T23:00:00+00:00,Mawson,307.6804,265.7543,300.0000
2010-12-02T00:00:00+00:00,Mawson,330.9140,285.0907,307.6804
2010-12-02T01:00:00+00:00,Mawson,300.0000,252.4865,330.9140
2010-12-02T02:00:00+00:00,Mawson,300.6667,278.1756,300.0000
2010-12-02T03:00:00+00:00,Mawson,303.1286,230.8610,300.6667
2010-12-02T04:00:00+00:00,Mawson,325.3274,282.0669,303.1286
2010-12-02T05:00:00+00:00,Mawson,300.0000,287.8000,325.3274
2010-12-02T06:00:00+00:00,Mawson,300.0000,285.2140,300.0000
2010-12-02T07:00:00+00:00,Mawson,305.4398,242.7809,300.0000
2010-12-02T08:00:00+00:00,Mawson,324.5725,302.7646,305.4398
2010-12-02T09:00:00+00:00,Mawson,300.0000,267.0826,324.5725
2010-12-02T10:00:00+00:00,Mawson,203.7510,126.8759,300.0000
2010-12-02T11:00:00+00:00,Mawson,205.5741,154.9987,203.7510
2010-12-02T12:00:00+00:00,Mawson,130.1579,59.7471,205.5741
2010-12-02T13:00:00+00:00,Mawson,99.0141,38.3219,130.1579
2010-12-02T14:00:00+00:00,Mawson,302.3871,276.7521,99.0141
2010-12-02T15:00:00+00:00,Mawson,236.3933,186.2976,302.3871
2010-12-02T16:00:00+00:00,Mawson,245.1104,202.7223,236.3933
2010-12-02T17:00:00+00:00,Mawson,250.9846,186.7706,245.1104
2010-12-02T18:00:00+00:00,Mawson,265.5295,224.5504,250.9846
2010-12-02T19:00:00+00:00,Mawson,217.1350,137.5512,265.5295
2010-12-02T20:00:00+00:00,Mawson,224.4719,139.1261,217.1350
2010-12-02T21:00:00+00:00,Mawson,300.1027,261.4542,224.4719
2010-12-02T22:00:00+00:00,Mawson,300.0000,268.4247,300.1027
2010-12-02T23:00:00+00:00,Mawson,308.5392,246.5973,300.0000
2010-12-03T00:00:00+00:00,Mawson,324.5638,278.6310,308.5392
2010-12-03T01:00:00+00:00,Mawson,307.3639,272.0713,324.5638
2010-12-03T02:00:00+00:00,Mawson,300.0000,283.1458,307.3639
2010-12-03T03:00:00+00:00,Mawson,313.8417,274.9209,300.0000
2010-12-03T04:00:00+00:00,Mawson,333.1318,270.2704,313.8417
2010-12-03T05:00:00+00:00,Mawson,300.0000,237.3669,333.1318
2010-12-03T06:00:00+00:00,Mawson,301.7076,291.9958,300.0000
2010-12-03T07:00:00+00:00,Mawson,300.0000,272.8487,301.7076
2010-12-03T08:00:00+00:00,Mawson,325.5486,194.8722,300.0000
2010-12-03T09:00:00+00:00,Mawson,300.0000,266.2661,325.5486
2010-12-03T10:00:00+00:00,Mawson,223.1791,157.1043,300.0000
2010-12-03T11:00:00+00:00,Mawson,304.6608,234.8649,223.1791
2010-12-03T12:00:00+00:00,Mawson,211.7489,134.6272,304.6608
2010-12-03T13:00:00+00:00,Mawson,130.8670,66.6236,211.7489
2010-12-03T14:00:00+00:00,Mawson,289.8307,221.3556,130.8670
2010-12-03T15:00:00+00:00,Mawson,56.9014,16.1461,289.8307
2010-12-03T16:00:00+00:00,Mawson,171.4993,87.7186,56.9014
2010-12-03T17:00:00+00:00,Mawson,198.3946,98.6232,171.4993
2010-12-03T18:00:00+00:00,Mawson,230.7093,181.7391,198.3946
2010-12-03T19:00:00+00:00,Mawson,286.1661,211.0416,230.7093
2010-12-03T20:00:00+00:00,Mawson,320.8327,246.4485,286.1661
2010-12-03T21:00:00+00:00,Mawson,300.0000,270.1578,320.8327
2010-12-03T22:00:00+00:00,Mawson,300.0000,260.7840,300.0000
2010-12-03T23:00:00+00:00,Mawson,300.0000,244.1240,300.0000
2010-12-04T00:00:00+00:00,Mawson,340.1469,265.5288,300.0000
2010-12-04T01:00:00+00:00,Mawson,312.2596,274.9174,340.1469
2010-12-04T02:00:00+00:00,Mawson,303.3222,234.9576,312.2596
2010-12-04T03:00:00+00:00,Mawson,300.0000,234.3912,303.3222
2010-12-04T04:00:00+00:00,Mawson,322.3599,241.9991,300.0000
2010-12-04T05:00:00+00:00,Mawson,300.0000,196.4044,322.3599
2010-12-04T06:00:00+00:00,Mawson,300.0000,284.3694,300.0000
2010-12-04T07:00:00+00:00,Mawson,260.3701,147.5616,300.0000
2010-12-04T08:00:00+00:00,Mawson,327.8970,282.3309,260.3701
2010-12-04T09:00:00+00:00,Mawson,321.9806,301.1022,327.8970
2010-12-04T10:00:00+00:00,Mawson,124.2795,52.1439,321.9806
2010-12-04T11:00:00+00:00,Mawson,287.7229,223.0637,124.2795
2010-12-04T12:00:00+00:00,Mawson,184.3801,119.7771,287.7229
2010-12-04T13:00:00+00:00,Mawson,307.4175,274.2760,184.3801
2010-12-04T14:00:00+00:00,Mawson,100.9718,49.1461,307.4175
2010-12-04T15:00:00+00:00,Mawson,113.0094,55.9743,100.9718
2010-12-04T16:00:00+00:00,Mawson,105.1772,48.0504,113.0094
2010-12-04T17:00:00+00:00,Mawson,247.2614,207.5895,105.1772
2010-12-04T18:00:00+00:00,Mawson,285.6575,181.4268,247.2614
2010-12-04T19:00:00+00:00,Mawson,300.0000,180.0914,285.6575
2010-12-04T20:00:00+00:00,Mawson,329.1290,289.4076,300.0000
2010-12-04T21:00:00+00:00,Mawson,300.0000,272.8130,329.1290
2010-12-04T22:00:00+00:00,Mawson,300.0110,260.3842,300.0000
2010-12-04T23:00:00+00:00,Mawson,271.4190,195.2605,300.0110
2010-12-05T00:00:00+00:00,Mawson,318.6164,297.1047,271.4190
2010-12-05T01:00:00+00:00,Mawson,310.8081,236.0141,318.6164
2010-12-05T02:00:00+00:00,Mawson,300.0000,265.7762,310.8081
2010-12-05T03:00:00+00:00,Mawson,300.0000,235.6141,300.0000
2010-12-05T04:00:00+00:00,Mawson,337.5764,246.4109,300.0000
2010-12-05T05:00:00+00:00,Mawson,230.7326,94.5398,337.5764
2010-12-05T06:00:00+00:00,Mawson,300.0000,285.0108,230.7326
2010-12-05T07:00:00+00:00,Mawson,300.2764,248.0339,300.0000
2010-12-05T08:00:00+00:00,Mawson,334.0628,289.7828,300.2764
2010-12-05T09:00:00+00:00,Mawson,309.2783,268.8021,334.0628
2010-12-05T10:00:00+00:00,Mawson,300.0000,262.4654,309.2783
2010-12-05T11:00:00+00:00,Mawson,178.9069,102.1717,300.0000
2010-12-05T12:00:00+00:00,Mawson,234.2352,177.9781,178.9069
2010-12-05T13:00:00+00:00,Mawson,86.9867,28.0697,234.2352
2010-12-05T14:00:00+00:00,Mawson,109.5712,49.7713,86.9867
2010-12-05T15:00:00+00:00,Mawson,195.9511,130.3572,109.5712
2010-12-05T16:00:00+00:00,Mawson,147.3343,67.3383,195.9511
2010-12-05T17:00:00+00:00,Mawson,286.7705,254.8824,147.3343
2010-12-05T18:00:00+00:00,Mawson,239.6599,171.6861,286.7705
2010-12-05T19:00:00+00:00,Mawson,279.4763,178.1054,239.6599
2010-12-05T20:00:00+00:00,Mawson,172.2014,55.5302,279.4763
2010-12-05T21:00:00+00:00,Mawson,305.8400,165.6387,172.2014
2010-12-05T22:00:00+00:00,Mawson,289.3844,168.8694,305.8400
2010-12-05T23:00:00+00:00,Mawson,300.0000,259.9705,289.3844
2010-12-06T00:00:00+00:00,Mawson,328.1762,226.5418,300.0000
2010-12-06T01:00:00+00:00,Mawson,302.8992,261.0912,328.1762
2010-12-06T02:00:00+00:00,Mawson,276.9015,139.0851,302.8992
2010-12-06T03:00:00+00:00,Mawson,305.7738,268.8661,276.9015
2010-12-06T04:00:00+00:00,Mawson,333.7107,197.0387,305.7738
2010-12-06T05:00:00+00:00,Mawson,305.7312,237.6878,333.7107
2010-12-06T06:00:00+00:00,Mawson,300.0000,272.3710,305.7312
2010-12-06T07:00:00+00:00,Mawson,302.7713,277.2510,300.0000
2010-12-06T08:00:00+00:00,Mawson,297.1840,174.1302,302.7713
2010-12-06T09:00:00+00:00,Mawson,300.0000,261.4765,297.1840
2010-12-06T10:00:00+00:00,Mawson,301.5145,264.6461,300.0000
2010-12-06T11:00:00+00:00,Mawson,203.5888,137.4367,301.5145
2010-12-06T12:00:00+00:00,Mawson,215.4857,147.6940,203.5888
2010-12-06T13:00:00+00:00,Mawson,131.0856,64.3496,215.4857
2010-12-06T14:00:00+00:00,Mawson,228.0477,187.8172,131.0856
2010-12-06T15:00:00+00:00,Mawson,306.9664,257.5111,228.0477
2010-12-06T16:00:00+00:00,Mawson,315.5035,229.9196,306.9664
2010-12-06T17:00:00+00:00,Mawson,159.5809,75.9498,315.5035
2010-12-06T18:00:00+00:00,Mawson,295.0320,241.5719,159.5809
2010-12-06T19:00:00+00:00,Mawson,294.2156,186.6669,295.0320
2010-12-06T20:00:00+00:00,Mawson,325.3251,257.2282,294.2156
2010-12-06T21:00:00+00:00,Mawson,227.3658,96.8139,325.3251
2010-12-06T22:00:00+00:00,Mawson,307.5679,229.0265,227.3658
2010-12-06T23:00:00+00:00,Mawson,303.4291,262.7664,307.5679
2010-12-07T00:00:00+00:00,Mawson,297.3185,142.7401,303.4291
2010-12-07T01:00:00+00:00,Mawson,300.2258,235.5409,297.3185
2010-12-07T02:00:00+00:00,Mawson,300.0000,225.1332,300.2258
2010-12-07T03:00:00+00:00,Mawson,301.9824,265.1886,300.0000
2010-12-07T04:00:00+00:00,Mawson,331.8312,250.4466,301.9824
2010-12-07T05:00:00+00:00,Mawson,302.8286,288.9166,331.8312
2010-12-07T06:00:00+00:00,Mawson,315.3180,297.0373,302.8286
2010-12-07T07:00:00+00:00,Mawson,300.0000,252.3159,315.3180
2010-12-07T08:00:00+00:00,Mawson,323.2822,285.2604,300.0000
2010-12-07T09:00:00+00:00,Mawson,300.0000,267.3977,323.2822
2010-12-07T10:00:00+00:00,Mawson,196.9605,102.0377,300.0000
2010-12-07T11:00:00+00:00,Mawson,303.6858,274.5385,196.9605
2010-12-07T12:00:00+00:00,Mawson,317.4849,295.2431,303.6858
2010-12-07T13:00:00+00:00,Mawson,104.8786,43.1149,317.4849
2010-12-07T14:00:00+00:00,Mawson,300.0000,285.0546,104.8786
2010-12-07T15:00:00+00:00,Mawson,227.6123,180.9362,300.0000
2010-12-07T16:00:00+00:00,Mawson,203.8776,135.3840,227.6123
2010-12-07T17:00:00+00:00,Mawson,213.4299,178.4007,203.8776
2010-12-07T18:00:00+00:00,Mawson,302.9626,247.5464,213.4299
2010-12-07T19:00:00+00:00,Mawson,205.9282,126.4003,302.9626
2010-12-07T20:00:00+00:00,Mawson,283.1823,126.7927,205.9282
2010-12-07T21:00:00+00:00,Mawson,125.5737,41.3711,283.1823
2010-12-07T22:00:00+00:00,Mawson,300.0000,251.5951,125.5737
2010-12-07T23:00:00+00:00,Mawson,301.3102,259.6459,300.0000
2010-12-08T00:00:00+00:00,Mawson,330.2499,229.6306,301.3102
2010-12-08T01:00:00+00:00,Mawson,300.0000,195.2980,330.2499
2010-12-08T02:00:00+00:00,Mawson,301.0288,279.0083,300.0000
2010-12-08T03:00:00+00:00,Mawson,303.7191,236.2906,301.0288
2010-12-08T04:00:00+00:00,Mawson,334.5933,287.6094,303.7191
2010-12-08T05:00:00+00:00,Mawson,310.3872,285.5356,334.5933
2010-12-08T06:00:00+00:00,Mawson,305.5903,237.2632,310.3872
2010-12-08T07:00:00+00:00,Mawson,304.3983,296.9963,305.5903
2010-12-08T08:00:00+00:00,Mawson,314.3888,268.8975,304.3983
2010-12-08T09:00:00+00:00,Mawson,300.4632,264.5530,314.3888
2010-12-08T10:00:00+00:00,Mawson,291.7906,213.8173,300.4632
2010-12-08T11:00:00+00:00,Mawson,159.9382,72.2378,291.7906
2010-12-08T12:00:00+00:00,Mawson,222.8874,159.8642,159.9382
2010-12-08T13:00:00+00:00,Mawson,101.8467,36.7779,222.8874
2010-12-08T14:00:00+00:00,Mawson,215.3086,155.6864,101.8467
2010-12-08T15:00:00+00:00,Mawson,191.0765,141.1612,215.3086
2010-12-08T16:00:00+00:00,Mawson,257.5586,204.3567,191.0765
2010-12-08T17:00:00+00:00,Mawson,130.9372,50.1987,257.5586
2010-12-08T18:00:00+00:00,Mawson,220.6195,168.8203,130.9372
2010-12-08T19:00:00+00:00,Mawson,288.3572,175.4634,220.6195
2010-12-08T20:00:00+00:00,Mawson,330.9035,244.2913,288.3572
2010-12-08T21:00:00+00:00,Mawson,257.9860,189.8910,330.9035
2010-12-08T22:00:00+00:00,Mawson,310.9561,210.2527,257.9860
2010-12-08T23:00:00+00:00,Mawson,300.0000,229.8075,310.9561
2010-12-09T00:00:00+00:00,Mawson,329.3944,227.2108,300.0000
2010-12-09T01:00:00+00:00,Mawson,300.0000,255.3856,329.3944
2010-12-09T02:00:00+00:00,Mawson,303.8329,237.1350,300.0000
2010-12-09T03:00:00+00:00,Mawson,300.0000,279.3665,303.8329
2010-12-09T04:00:00+00:00,Mawson,327.2197,296.6995,300.0000
2010-12-09T05:00:00+00:00,Mawson,300.0000,233.6448,327.2197
2010-12-09T06:00:00+00:00,Mawson,300.0000,232.0551,300.0000
2010-12-09T07:00:00+00:00,Mawson,300.0000,238.2666,300.0000
2010-12-09T08:00:00+00:00,Mawson,293.6023,181.2748,300.0000
2010-12-09T09:00:00+00:00,Mawson,234.4849,143.7397,293.6023
2010-12-09T10:00:00+00:00,Mawson,136.5175,62.1902,234.4849
2010-12-09T11:00:00+00:00,Mawson,150.1879,74.7476,136.5175
2010-12-09T12:00:00+00:00,Mawson,133.7622,67.9321,150.1879
2010-12-09T13:00:00+00:00,Mawson,190.3727,130.7128,133.7622
2010-12-09T14:00:00+00:00,Mawson,218.2027,166.4508,190.3727
2010-12-09T15:00:00+00:00,Mawson,144.3850,63.4184,218.2027
2010-12-09T16:00:00+00:00,Mawson,277.3469,187.0997,144.3850
2010-12-09T17:00:00+00:00,Mawson,131.5868,53.0032,277.3469
2010-12-09T18:00:00+00:00,Mawson,302.2713,276.0540,131.5868
2010-12-09T19:00:00+00:00,Mawson,242.9770,169.0995,302.2713
2010-12-09T20:00:00+00:00,Mawson,326.4720,251.1327,242.9770
2010-12-09T21:00:00+00:00,Mawson,270.0135,134.6406,326.4720
2010-12-09T22:00:00+00:00,Mawson,300.7208,220.2348,270.0135
2010-12-09T23:00:00+00:00,Mawson,300.0000,260.3365,300.7208
2010-12-10T00:00:00+00:00,Mawson,319.1051,280.3305,300.0000
2010-12-10T01:00:00+00:00,Mawson,307.3209,241.7674,319.1051
2010-12-10T02:00:00+00:00,Mawson,300.0000,249.8067,307.3209
2010-12-10T03:00:00+00:00,Mawson,300.0000,265.6953,300.0000
2010-12-10T04:00:00+00:00,Mawson,333.2044,304.4404,300.0000
2010-12-10T05:00:00+00:00,Mawson,302.9818,244.2523,333.2044
2010-12-10T06:00:00+00:00,Mawson,128.8937,41.3832,302.9818
2010-12-10T07:00:00+00:00,Mawson,306.4972,294.1538,128.8937
2010-12-10T08:00:00+00:00,Mawson,297.6320,186.9465,306.4972
2010-12-10T09:00:00+00:00,Mawson,300.0000,257.2050,297.6320
2010-12-10T10:00:00+00:00,Mawson,301.6982,270.3862,300.0000
2010-12-10T11:00:00+00:00,Mawson,240.6273,184.5856,301.6982
2010-12-10T12:00:00+00:00,Mawson,147.0450,71.4161,240.6273
2010-12-10T13:00:00+00:00,Mawson,115.9186,51.9895,147.0450
2010-12-10T14:00:00+00:00,Mawson,199.1362,136.2964,115.9186
2010-12-10T15:00:00+00:00,Mawson,174.3274,111.5708,199.1362
2010-12-10T16:00:00+00:00,Mawson,242.3283,188.0675,174.3274
2010-12-10T17:00:00+00:00,Mawson,181.4146,119.3500,242.3283
2010-12-10T18:00:00+00:00,Mawson,175.5769,100.3740,181.4146
2010-12-10T19:00:00+00:00,Mawson,167.2771,68.7112,175.5769
2010-12-10T20:00:00+00:00,Mawson,285.7953,227.9575,167.2771
2010-12-10T21:00:00+00:00,Mawson,160.9186,58.4174,285.7953
2010-12-10T22:00:00+00:00,Mawson,300.0000,264.5156,160.9186
2010-12-10T23:00:00+00:00,Mawson,302.1564,258.1405,300.0000
2010-12-11T00:00:00+00:00,Mawson,313.6326,157.7325,302.1564
2010-12-11T01:00:00+00:00,Mawson,300.0000,231.7511,313.6326
2010-12-11T02:00:00+00:00,Mawson,300.0000,256.8620,300.0000
2010-12-11T03:00:00+00:00,Mawson,301.4887,226.3301,300.0000
2010-12-11T04:00:00+00:00,Mawson,311.8672,288.4409,301.4887
2010-12-11T05:00:00+00:00,Mawson,304.6055,269.8093,311.8672
2010-12-11T06:00:00+00:00,Mawson,299.9281,157.6044,304.6055
2010-12-11T07:00:00+00:00,Mawson,173.0920,70.6504,299.9281
2010-12-11T08:00:00+00:00,Mawson,337.8013,314.8428,173.0920
2010-12-11T09:00:00+00:00,Mawson,230.6583,147.4694,337.8013
2010-12-11T10:00:00+00:00,Mawson,128.9024,58.5464,230.6583
2010-12-11T11:00:00+00:00,Mawson,183.7317,115.0344,128.9024
2010-12-11T12:00:00+00:00,Mawson,198.5477,130.7101,183.7317
2010-12-11T13:00:00+00:00,Mawson,209.1450,164.8057,198.5477
2010-12-11T14:00:00+00:00,Mawson,198.2422,127.8717,209.1450
2010-12-11T15:00:00+00:00,Mawson,257.0024,215.8249,198.2422
2010-12-11T16:00:00+00:00,Mawson,135.7229,62.6405,257.0024
2010-12-11T17:00:00+00:00,Mawson,129.4977,62.6873,135.7229
2010-12-11T18:00:00+00:00,Mawson,298.6636,242.4989,129.4977
2010-12-11T19:00:00+00:00,Mawson,191.3204,102.0131,298.6636
2010-12-11T20:00:00+00:00,Mawson,237.5549,163.8976,191.3204
2010-12-11T21:00:00+00:00,Mawson,300.2075,232.5663,237.5549
2010-12-11T22:00:00+00:00,Mawson,308.6429,274.0373,300.2075
2010-12-11T23:00:00+00:00,Mawson,312.3677,121.3745,308.6429
2010-12-12T00:00:00+00:00,Mawson,319.4205,281.9955,312.3677
2010-12-12T01:00:00+00:00,Mawson,300.6127,228.9223,319.4205
2010-12-12T02:00:00+00:00,Mawson,300.0000,279.1782,300.6127
2010-12-12T03:00:00+00:00,Mawson,302.5515,240.0277,300.0000
2010-12-12T04:00:00+00:00,Mawson,329.1469,298.0692,302.5515
2010-12-12T05:00:00+00:00,Mawson,300.0000,280.9179,329.1469
2010-12-12T06:00:00+00:00,Mawson,300.0000,291.5986,300.0000
2010-12-12T07:00:00+00:00,Mawson,305.2909,246.3596,300.0000
2010-12-12T08:00:00+00:00,Mawson,308.8053,189.6507,305.2909
2010-12-12T09:00:00+00:00,Mawson,114.3537,44.4142,308.8053
2010-12-12T10:00:00+00:00,Mawson,183.9594,108.1772,114.3537
2010-12-12T11:00:00+00:00,Mawson,219.8741,161.9916,183.9594
2010-12-12T12:00:00+00:00,Mawson,276.4518,217.1973,219.8741
2010-12-12T13:00:00+00:00,Mawson,309.4200,288.7149,276.4518
2010-12-12T14:00:00+00:00,Mawson,162.3475,77.1819,309.4200
2010-12-12T15:00:00+00:00,Mawson,83.1169,33.7409,162.3475
2010-12-12T16:00:00+00:00,Mawson,132.8404,63.7250,83.1169
2010-12-12T17:00:00+00:00,Mawson,301.5760,285.2503,132.8404
2010-12-12T18:00:00+00:00,Mawson,227.0795,133.7600,301.5760
2010-12-12T19:00:00+00:00,Mawson,301.8725,293.1124,227.0795
2010-12-12T20:00:00+00:00,Mawson,323.8480,245.3232,301.8725
2010-12-12T21:00:00+00:00,Mawson,300.0000,238.7217,323.8480
2010-12-12T22:00:00+00:00,Mawson,300.4801,144.6631,300.0000
2010-12-12T23:00:00+00:00,Mawson,300.0000,284.4782,300.4801
2010-12-13T00:00:00+00:00,Mawson,325.6276,265.0729,300.0000
2010-12-13T01:00:00+00:00,Mawson,300.7155,252.8745,325.6276
2010-12-13T02:00:00+00:00,Mawson,302.3136,277.7681,300.7155
2010-12-13T03:00:00+00:00,Mawson,302.9645,264.8321,302.3136
2010-12-13T04:00:00+00:00,Mawson,333.1668,197.0387,302.9645
2010-12-13T05:00:00+00:00,Mawson,300.1983,234.1592,333.1668
2010-12-13T06:00:00+00:00,Mawson,300.7751,292.4066,300.1983
2010-12-13T07:00:00+00:00,Mawson,284.1848,168.9282,300.7751
2010-12-13T08:00:00+00:00,Mawson,333.6354,262.8540,284.1848
2010-12-13T09:00:00+00:00,Mawson,303.5011,270.3952,333.6354
2010-12-13T10:00:00+00:00,Mawson,300.0000,270.0196,303.5011
2010-12-13T11:00:00+00:00,Mawson,300.0000,274.8100,300.0000
2010-12-13T12:00:00+00:00,Mawson,298.1742,252.6443,300.0000
2010-12-13T13:00:00+00:00,Mawson,124.6560,51.7679,298.1742
2010-12-13T14:00:00+00:00,Mawson,239.2467,194.3885,124.6560
2010-12-13T15:00:00+00:00,Mawson,181.2951,107.4182,239.2467
2010-12-13T16:00:00+00:00,Mawson,201.7070,120.3346,181.2951
2010-12-13T17:00:00+00:00,Mawson,254.6245,211.9961,201.7070
2010-12-13T18:00:00+00:00,Mawson,294.0059,190.9523,254.6245
2010-12-13T19:00:00+00:00,Mawson,228.6503,132.8485,294.0059
2010-12-13T20:00:00+00:00,Mawson,332.0940,287.7602,228.6503
2010-12-13T21:00:00+00:00,Mawson,222.7501,88.0367,332.0940
2010-12-13T22:00:00+00:00,Mawson,211.9327,127.1340,222.7501
2010-12-13T23:00:00+00:00,Mawson,157.6186,49.3667,211.9327
2010-12-14T00:00:00+00:00,Mawson,321.7394,252.7198,157.6186
2010-12-14T01:00:00+00:00,Mawson,312.0718,220.2384,321.7394
2010-12-14T02:00:00+00:00,Mawson,311.3331,228.4503,312.0718
2010-12-14T03:00:00+00:00,Mawson,301.1540,266.2258,311.3331
2010-12-14T04:00:00+00:00,Mawson,333.4589,242.0533,301.1540
2010-12-14T05:00:00+00:00,Mawson,300.0000,233.7211,333.4589
2010-12-14T06:00:00+00:00,Mawson,300.0000,247.0813,300.0000
2010-12-14T07:00:00+00:00,Mawson,300.0000,239.9353,300.0000
2010-12-14T08:00:00+00:00,Mawson,313.3720,284.9695,300.0000
2010-12-14T09:00:00+00:00,Mawson,243.1712,155.9867,313.3720
2010-12-14T10:00:00+00:00,Mawson,227.4194,165.4764,243.1712
2010-12-14T11:00:00+00:00,Mawson,89.8629,37.6698,227.4194
2010-12-14T12:00:00+00:00,Mawson,239.0556,198.6866,89.8629
2010-12-14T13:00:00+00:00,Mawson,262.7611,214.8619,239.0556
2010-12-14T14:00:00+00:00,Mawson,75.0362,23.9775,262.7611
2010-12-14T15:00:00+00:00,Mawson,90.4085,32.9524,75.0362
2010-12-14T16:00:00+00:00,Mawson,189.4665,92.4105,90.4085
2010-12-14T17:00:00+00:00,Mawson,223.3227,177.5700,189.4665
2010-12-14T18:00:00+00:00,Mawson,239.3628,187.5112,223.3227
2010-12-14T19:00:00+00:00,Mawson,268.2513,189.9732,239.3628
2010-12-14T20:00:00+00:00,Mawson,286.2628,180.0896,268.2513
2010-12-14T21:00:00+00:00,Mawson,304.2113,216.6410,286.2628
2010-12-14T22:00:00+00:00,Mawson,300.4872,220.8028,304.2113
2010-12-14T23:00:00+00:00,Mawson,300.0000,249.9620,300.4872
2010-12-15T00:00:00+00:00,Mawson,330.7261,286.7538,300.0000
2010-12-15T01:00:00+00:00,Mawson,300.0000,278.9558,330.7261
2010-12-15T02:00:00+00:00,Mawson,300.0000,227.8674,300.0000
2010-12-15T03:00:00+00:00,Mawson,300.0000,261.1336,300.0000
2010-12-15T04:00:00+00:00,Mawson,326.7035,196.2620,300.0000
2010-12-15T05:00:00+00:00,Mawson,304.1293,236.3071,326.7035
2010-12-15T06:00:00+00:00,Mawson,300.0000,246.4094,304.1293
2010-12-15T07:00:00+00:00,Mawson,300.0000,247.5723,300.0000
2010-12-15T08:00:00+00:00,Mawson,331.5086,285.0672,300.0000
2010-12-15T09:00:00+00:00,Mawson,310.3497,269.6120,331.5086
2010-12-15T10:00:00+00:00,Mawson,134.6667,59.0638,310.3497
2010-12-15T11:00:00+00:00,Mawson,137.0002,62.0252,134.6667
2010-12-15T12:00:00+00:00,Mawson,209.0526,146.5864,137.0002
2010-12-15T13:00:00+00:00,Mawson,100.5606,44.2113,209.0526
2010-12-15T14:00:00+00:00,Mawson,260.7375,210.9212,100.5606
2010-12-15T15:00:00+00:00,Mawson,158.8116,90.6379,260.7375
2010-12-15T16:00:00+00:00,Mawson,167.3985,77.3432,158.8116
2010-12-15T17:00:00+00:00,Mawson,285.2996,248.5620,167.3985
2010-12-15T18:00:00+00:00,Mawson,170.2863,84.9228,285.2996
2010-12-15T19:00:00+00:00,Mawson,190.2233,112.6441,170.2863
2010-12-15T20:00:00+00:00,Mawson,318.1084,214.9031,190.2233
2010-12-15T21:00:00+00:00,Mawson,235.0257,130.4653,318.1084
2010-12-15T22:00:00+00:00,Mawson,285.7060,162.3658,235.0257
2010-12-15T23:00:00+00:00,Mawson,300.4270,181.7817,285.7060
2010-12-16T00:00:00+00:00,Mawson,331.2033,179.8722,300.4270
2010-12-16T01:00:00+00:00,Mawson,300.0000,257.5897,331.2033
2010-12-16T02:00:00+00:00,Mawson,300.0000,227.7449,300.0000
2010-12-16T03:00:00+00:00,Mawson,300.0000,232.8904,300.0000
2010-12-16T04:00:00+00:00,Mawson,326.8681,253.6730,300.0000
2010-12-16T05:00:00+00:00,Mawson,301.2101,288.5065,326.8681
2010-12-16T06:00:00+00:00,Mawson,303.6648,259.4927,301.2101
2010-12-16T07:00:00+00:00,Mawson,300.0000,248.2371,303.6648
2010-12-16T08:00:00+00:00,Mawson,321.2989,262.3575,300.0000
2010-12-16T09:00:00+00:00,Mawson,293.3538,196.5359,321.2989
2010-12-16T10:00:00+00:00,Mawson,153.8920,74.8216,293.3538
2010-12-16T11:00:00+00:00,Mawson,158.3182,82.5798,153.8920
2010-12-16T12:00:00+00:00,Mawson,263.9185,211.8617,158.3182
2010-12-16T13:00:00+00:00,Mawson,222.6157,175.4446,263.9185
2010-12-16T14:00:00+00:00,Mawson,145.3157,77.5995,222.6157
2010-12-16T15:00:00+00:00,Mawson,152.6820,74.0767,145.3157
2010-12-16T16:00:00+00:00,Mawson,258.7913,218.6668,152.6820
2010-12-16T17:00:00+00:00,Mawson,186.7904,121.0497,258.7913
2010-12-16T18:00:00+00:00,Mawson,302.0916,245.4306,186.7904
2010-12-16T19:00:00+00:00,Mawson,289.9974,226.2373,302.0916
2010-12-16T20:00:00+00:00,Mawson,242.9530,116.7147,289.9974
2010-12-16T21:00:00+00:00,Mawson,300.0000,227.4196,242.9530
2010-12-16T22:00:00+00:00,Mawson,228.9609,146.2503,300.0000
2010-12-16T23:00:00+00:00,Mawson,306.1138,188.3113,228.9609
2010-12-17T00:00:00+00:00,Mawson,328.0455,242.7933,306.1138
2010-12-17T01:00:00+00:00,Mawson,302.8185,259.8402,328.0455
2010-12-17T02:00:00+00:00,Mawson,300.0000,228.3655,302.8185
2010-12-17T03:00:00+00:00,Mawson,300.0000,234.3736,300.0000
2010-12-17T04:00:00+00:00,Mawson,321.3696,254.5916,300.0000
2010-12-17T05:00:00+00:00,Mawson,303.2334,264.9207,321.3696
2010-12-17T06:00:00+00:00,Mawson,304.8072,279.2987,303.2334
2010-12-17T07:00:00+00:00,Mawson,303.9053,245.8083,304.8072
2010-12-17T08:00:00+00:00,Mawson,330.1083,284.4619,303.9053
2010-12-17T09:00:00+00:00,Mawson,306.6858,272.6922,330.1083
2010-12-17T10:00:00+00:00,Mawson,190.1008,111.6565,306.6858
2010-12-17T11:00:00+00:00,Mawson,154.7311,80.1934,190.1008
2010-12-17T12:00:00+00:00,Mawson,292.8097,252.7577,154.7311
2010-12-17T13:00:00+00:00,Mawson,275.4827,216.8080,292.8097
2010-12-17T14:00:00+00:00,Mawson,186.2619,124.4136,275.4827
2010-12-17T15:00:00+00:00,Mawson,215.4111,153.3209,186.2619
2010-12-17T16:00:00+00:00,Mawson,173.7583,100.8437,215.4111
2010-12-17T17:00:00+00:00,Mawson,288.3128,249.3688,173.7583
2010-12-17T18:00:00+00:00,Mawson,103.9877,35.6553,288.3128
2010-12-17T19:00:00+00:00,Mawson,192.6321,119.3877,103.9877
2010-12-17T20:00:00+00:00,Mawson,327.2765,180.9181,192.6321
2010-12-17T21:00:00+00:00,Mawson,311.8396,249.9975,327.2765
2010-12-17T22:00:00+00:00,Mawson,256.2964,163.5079,311.8396
2010-12-17T23:00:00+00:00,Mawson,201.7873,68.7352,256.2964
2010-12-18T00:00:00+00:00,Mawson,322.1769,303.6041,201.7873
2010-12-18T01:00:00+00:00,Mawson,301.2353,227.3649,322.1769
2010-12-18T02:00:00+00:00,Mawson,300.3359,221.3986,301.2353
2010-12-18T03:00:00+00:00,Mawson,308.6034,284.2205,300.3359
2010-12-18T04:00:00+00:00,Mawson,339.4313,238.1389,308.6034
2010-12-18T05:00:00+00:00,Mawson,300.5574,232.8484,339.4313
2010-12-18T06:00:00+00:00,Mawson,300.0000,232.0551,300.5574
2010-12-18T07:00:00+00:00,Mawson,257.6352,145.1770,300.0000
2010-12-18T08:00:00+00:00,Mawson,253.6689,131.5664,257.6352
2010-12-18T09:00:00+00:00,Mawson,238.2659,148.4991,253.6689
2010-12-18T10:00:00+00:00,Mawson,300.0000,262.9939,238.2659
2010-12-18T11:00:00+00:00,Mawson,300.0000,268.8394,300.0000
2010-12-18T12:00:00+00:00,Mawson,230.3004,192.6632,300.0000
2010-12-18T13:00:00+00:00,Mawson,215.4632,162.2985,230.3004
2010-12-18T14:00:00+00:00,Mawson,160.9773,88.9767,215.4632
2010-12-18T15:00:00+00:00,Mawson,194.6742,136.9183,160.9773
2010-12-18T16:00:00+00:00,Mawson,237.0632,186.8646,194.6742
2010-12-18T17:00:00+00:00,Mawson,112.8893,42.9374,237.0632
2010-12-18T18:00:00+00:00,Mawson,152.9580,61.6875,112.8893
2010-12-18T19:00:00+00:00,Mawson,287.2300,226.1398,152.9580
2010-12-18T20:00:00+00:00,Mawson,245.9582,147.9348,287.2300
2010-12-18T21:00:00+00:00,Mawson,255.8000,130.0779,245.9582
2010-12-18T22:00:00+00:00,Mawson,302.7458,240.9656,255.8000
2010-12-18T23:00:00+00:00,Mawson,300.7143,233.4141,302.7458
2010-12-19T00:00:00+00:00,Mawson,331.8511,249.0498,300.7143
2010-12-19T01:00:00+00:00,Mawson,307.9929,287.0590,331.8511
2010-12-19T02:00:00+00:00,Mawson,313.0152,234.6038,307.9929
2010-12-19T03:00:00+00:00,Mawson,307.0617,240.0056,313.0152
2010-12-19T04:00:00+00:00,Mawson,319.9892,239.2367,307.0617
2010-12-19T05:00:00+00:00,Mawson,300.0000,237.3669,319.9892
2010-12-19T06:00:00+00:00,Mawson,300.0000,272.2785,300.0000
2010-12-19T07:00:00+00:00,Mawson,300.0000,240.5752,300.0000
2010-12-19T08:00:00+00:00,Mawson,320.5789,287.0029,300.0000
2010-12-19T09:00:00+00:00,Mawson,300.0000,259.4482,320.5789
2010-12-19T10:00:00+00:00,Mawson,187.9830,112.3544,300.0000
2010-12-19T11:00:00+00:00,Mawson,300.0000,267.1249,187.9830
2010-12-19T12:00:00+00:00,Mawson,256.6551,212.6885,300.0000
2010-12-19T13:00:00+00:00,Mawson,74.7040,28.8542,256.6551
2010-12-19T14:00:00+00:00,Mawson,138.2533,72.0297,74.7040
2010-12-19T15:00:00+00:00,Mawson,219.5426,172.8398,138.2533
2010-12-19T16:00:00+00:00,Mawson,238.1172,182.4176,219.5426
2010-12-19T17:00:00+00:00,Mawson,166.0701,76.8915,238.1172
2010-12-19T18:00:00+00:00,Mawson,166.6995,81.2544,166.0701
2010-12-19T19:00:00+00:00,Mawson,180.9761,73.4927,166.6995
2010-12-19T20:00:00+00:00,Mawson,137.3960,53.0813,180.9761
2010-12-19T21:00:00+00:00,Mawson,188.6214,85.5731,137.3960
2010-12-19T22:00:00+00:00,Mawson,189.5262,84.3371,188.6214
2010-12-19T23:00:00+00:00,Mawson,313.3223,279.9704,189.5262
2010-12-20T00:00:00+00:00,Mawson,326.0053,294.8364,313.3223
2010-12-20T01:00:00+00:00,Mawson,300.0000,232.3478,326.0053
2010-12-20T02:00:00+00:00,Mawson,300.0000,227.7449,300.0000
2010-12-20T03:00:00+00:00,Mawson,301.2703,274.5903,300.0000
2010-12-20T04:00:00+00:00,Mawson,331.1501,240.2987,301.2703
2010-12-20T05:00:00+00:00,Mawson,305.1165,273.2793,331.1501
2010-12-20T06:00:00+00:00,Mawson,300.0000,232.3508,305.1165
2010-12-20T07:00:00+00:00,Mawson,303.6307,252.0278,300.0000
2010-12-20T08:00:00+00:00,Mawson,289.5316,180.5868,303.6307
2010-12-20T09:00:00+00:00,Mawson,302.7049,267.1002,289.5316
2010-12-20T10:00:00+00:00,Mawson,312.5286,245.1174,302.7049
2010-12-20T11:00:00+00:00,Mawson,134.4669,68.4745,312.5286
2010-12-20T12:00:00+00:00,Mawson,236.4814,192.8983,134.4669
2010-12-20T13:00:00+00:00,Mawson,157.3438,85.8961,236.4814
2010-12-20T14:00:00+00:00,Mawson,303.7997,270.9237,157.3438
2010-12-20T15:00:00+00:00,Mawson,197.2867,139.6690,303.7997
2010-12-20T16:00:00+00:00,Mawson,162.1547,86.6670,197.2867
2010-12-20T17:00:00+00:00,Mawson,150.3468,65.9016,162.1547
2010-12-20T18:00:00+00:00,Mawson,229.2623,187.3053,150.3468
2010-12-20T19:00:00+00:00,Mawson,219.2805,149.6175,229.2623
2010-12-20T20:00:00+00:00,Mawson,217.8767,103.5753,219.2805
2010-12-20T21:00:00+00:00,Mawson,309.6533,240.9579,217.8767
2010-12-20T22:00:00+00:00,Mawson,300.0000,217.3464,309.6533
2010-12-20T23:00:00+00:00,Mawson,303.3830,194.9957,300.0000
2010-12-21T00:00:00+00:00,Mawson,328.3782,257.9164,303.3830
2010-12-21T01:00:00+00:00,Mawson,302.2740,228.5892,328.3782
2010-12-21T02:00:00+00:00,Mawson,300.0000,261.4394,302.2740
2010-12-21T03:00:00+00:00,Mawson,300.1836,221.7975,300.0000
2010-12-21T04:00:00+00:00,Mawson,329.0301,273.5751,300.1836
2010-12-21T05:00:00+00:00,Mawson,299.0617,154.1822,329.0301
2010-12-21T06:00:00+00:00,Mawson,313.4761,256.9507,299.0617
2010-12-21T07:00:00+00:00,Mawson,300.0000,277.9825,313.4761
2010-12-21T08:00:00+00:00,Mawson,311.9731,269.6012,300.0000
2010-12-21T09:00:00+00:00,Mawson,153.3527,71.3976,311.9731
2010-12-21T10:00:00+00:00,Mawson,200.5947,127.2925,153.3527
2010-12-21T11:00:00+00:00,Mawson,194.8244,123.6746,200.5947
2010-12-21T12:00:00+00:00,Mawson,138.1451,74.1227,194.8244
2010-12-21T13:00:00+00:00,Mawson,136.7477,62.3459,138.1451
2010-12-21T14:00:00+00:00,Mawson,168.1394,93.4514,136.7477
2010-12-21T15:00:00+00:00,Mawson,144.5444,76.0408,168.1394
2010-12-21T16:00:00+00:00,Mawson,181.7224,83.6810,144.5444
2010-12-21T17:00:00+00:00,Mawson,150.8355,59.6862,181.7224
2010-12-21T18:00:00+00:00,Mawson,133.3182,52.9448,150.8355
2010-12-21T19:00:00+00:00,Mawson,174.1188,86.4074,133.3182
2010-12-21T20:00:00+00:00,Mawson,289.3319,211.2328,174.1188
2010-12-21T21:00:00+00:00,Mawson,234.3605,159.2710,289.3319
2010-12-21T22:00:00+00:00,Mawson,197.4191,95.5422,234.3605
2010-12-21T23:00:00+00:00,Mawson,307.0714,230.1903,197.4191
2010-12-22T00:00:00+00:00,Mawson,334.0218,220.8946,307.0714
2010-12-22T01:00:00+00:00,Mawson,300.0000,275.0660,334.0218
2010-12-22T02:00:00+00:00,Mawson,300.0000,233.7050,300.0000
2010-12-22T03:00:00+00:00,Mawson,300.0601,281.4380,300.0000
2010-12-22T04:00:00+00:00,Mawson,331.6590,295.0880,300.0601
2010-12-22T05:00:00+00:00,Mawson,300.0000,227.9568,331.6590
2010-12-22T06:00:00+00:00,Mawson,305.6827,238.8059,300.0000
2010-12-22T07:00:00+00:00,Mawson,190.7178,79.7447,305.6827
2010-12-22T08:00:00+00:00,Mawson,323.6281,301.7048,190.7178
2010-12-22T09:00:00+00:00,Mawson,303.0501,261.5706,323.6281
2010-12-22T10:00:00+00:00,Mawson,151.2737,70.5395,303.0501
2010-12-22T11:00:00+00:00,Mawson,249.0520,190.2884,151.2737
2010-12-22T12:00:00+00:00,Mawson,172.3461,104.9142,249.0520
2010-12-22T13:00:00+00:00,Mawson,225.7025,185.7454,172.3461
2010-12-22T14:00:00+00:00,Mawson,144.3335,72.9456,225.7025
2010-12-22T15:00:00+00:00,Mawson,89.1401,27.3975,144.3335
2010-12-22T16:00:00+00:00,Mawson,217.2191,156.6125,89.1401
2010-12-22T17:00:00+00:00,Mawson,292.5010,241.0979,217.2191
2010-12-22T18:00:00+00:00,Mawson,146.5697,63.2320,292.5010
2010-12-22T19:00:00+00:00,Mawson,106.6866,37.2198,146.5697
2010-12-22T20:00:00+00:00,Mawson,245.7306,163.6503,106.6866
2010-12-22T21:00:00+00:00,Mawson,260.1666,127.3702,245.7306
2010-12-22T22:00:00+00:00,Mawson,303.5831,269.2162,260.1666
2010-12-22T23:00:00+00:00,Mawson,303.9889,260.0443,303.5831
2010-12-23T00:00:00+00:00,Mawson,314.0837,163.3864,303.9889
2010-12-23T01:00:00+00:00,Mawson,300.0000,261.3243,314.0837
2010-12-23T02:00:00+00:00,Mawson,300.0000,234.8132,300.0000
2010-12-23T03:00:00+00:00,Mawson,300.5688,256.9655,300.0000
2010-12-23T04:00:00+00:00,Mawson,328.5640,245.5264,300.5688
2010-12-23T05:00:00+00:00,Mawson,300.0000,228.8601,328.5640
2010-12-23T06:00:00+00:00,Mawson,300.0000,240.7636,300.0000
2010-12-23T07:00:00+00:00,Mawson,304.5955,245.1154,300.0000
2010-12-23T08:00:00+00:00,Mawson,330.8453,271.8303,304.5955
2010-12-23T09:00:00+00:00,Mawson,300.7047,231.4758,330.8453
2010-12-23T10:00:00+00:00,Mawson,300.0000,262.5668,300.7047
2010-12-23T11:00:00+00:00,Mawson,123.7371,53.4890,300.0000
2010-12-23T12:00:00+00:00,Mawson,349.8381,307.3751,123.7371
2010-12-23T13:00:00+00:00,Mawson,300.0000,270.7885,349.8381
2010-12-23T14:00:00+00:00,Mawson,309.0192,241.1355,300.0000
2010-12-23T15:00:00+00:00,Mawson,227.5430,192.4066,309.0192
2010-12-23T16:00:00+00:00,Mawson,260.9764,212.1630,227.5430
2010-12-23T17:00:00+00:00,Mawson,222.0945,168.9180,260.9764
2010-12-23T18:00:00+00:00,Mawson,300.0000,278.8975,222.0945
2010-12-23T19:00:00+00:00,Mawson,236.5505,155.4079,300.0000
2010-12-23T20:00:00+00:00,Mawson,332.7504,242.9121,236.5505
2010-12-23T21:00:00+00:00,Mawson,300.0000,285.4381,332.7504
2010-12-23T22:00:00+00:00,Mawson,301.7270,288.8044,300.0000
2010-12-23T23:00:00+00:00,Mawson,308.8814,229.7475,301.7270
2010-12-24T00:00:00+00:00,Mawson,252.7424,116.6388,308.8814
2010-12-24T01:00:00+00:00,Mawson,300.0000,271.9036,252.7424
2010-12-24T02:00:00+00:00,Mawson,300.0000,270.9424,300.0000
2010-12-24T03:00:00+00:00,Mawson,304.0772,281.7135,300.0000
2010-12-24T04:00:00+00:00,Mawson,324.1480,296.5312,304.0772
2010-12-24T05:00:00+00:00,Mawson,304.9831,235.5862,324.1480
2010-12-24T06:00:00+00:00,Mawson,295.4920,157.9001,304.9831
2010-12-24T07:00:00+00:00,Mawson,302.3642,295.2698,295.4920
2010-12-24T08:00:00+00:00,Mawson,323.2174,272.6288,302.3642
2010-12-24T09:00:00+00:00,Mawson,301.6439,272.0288,323.2174
2010-12-24T10:00:00+00:00,Mawson,231.0394,165.4048,301.6439
2010-12-24T11:00:00+00:00,Mawson,305.9569,288.4257,231.0394
2010-12-24T12:00:00+00:00,Mawson,116.8924,60.5462,305.9569
2010-12-24T13:00:00+00:00,Mawson,233.6748,172.2409,116.8924
2010-12-24T14:00:00+00:00,Mawson,161.6114,88.9767,233.6748
2010-12-24T15:00:00+00:00,Mawson,157.8564,71.4403,161.6114
2010-12-24T16:00:00+00:00,Mawson,162.0867,75.2801,157.8564
2010-12-24T17:00:00+00:00,Mawson,199.2816,132.1982,162.0867
2010-12-24T18:00:00+00:00,Mawson,161.2630,79.1458,199.2816
2010-12-24T19:00:00+00:00,Mawson,169.6776,80.5485,161.2630
2010-12-24T20:00:00+00:00,Mawson,333.7586,245.6826,169.6776
2010-12-24T21:00:00+00:00,Mawson,167.2746,66.6072,333.7586
2010-12-24T22:00:00+00:00,Mawson,300.0000,149.4469,167.2746
2010-12-24T23:00:00+00:00,Mawson,267.5919,139.8332,300.0000
2010-12-25T00:00:00+00:00,Mawson,330.6923,257.6229,267.5919
2010-12-25T01:00:00+00:00,Mawson,300.0000,234.7906,330.6923
2010-12-25T02:00:00+00:00,Mawson,300.0000,227.9305,300.0000
2010-12-25T03:00:00+00:00,Mawson,301.6279,227.1103,300.0000
2010-12-25T04:00:00+00:00,Mawson,315.1607,151.1615,301.6279
2010-12-25T05:00:00+00:00,Mawson,300.0000,281.8158,315.1607
2010-12-25T06:00:00+00:00,Mawson,300.0000,236.9323,300.0000
2010-12-25T07:00:00+00:00,Mawson,300.0000,285.3492,300.0000
2010-12-25T08:00:00+00:00,Mawson,321.0018,194.8069,300.0000
2010-12-25T09:00:00+00:00,Mawson,300.0000,267.0826,321.0018
2010-12-25T10:00:00+00:00,Mawson,112.6352,43.7769,300.0000
2010-12-25T11:00:00+00:00,Mawson,303.2861,270.1486,112.6352
2010-12-25T12:00:00+00:00,Mawson,209.2825,145.5346,303.2861
2010-12-25T13:00:00+00:00,Mawson,223.9172,180.1397,209.2825
2010-12-25T14:00:00+00:00,Mawson,115.4209,49.0616,223.9172
2010-12-25T15:00:00+00:00,Mawson,258.5096,221.6677,115.4209
2010-12-25T16:00:00+00:00,Mawson,213.5064,95.3574,258.5096
2010-12-25T17:00:00+00:00,Mawson,156.7578,75.3605,213.5064
2010-12-25T18:00:00+00:00,Mawson,258.9128,153.2287,156.7578
2010-12-25T19:00:00+00:00,Mawson,171.2055,86.4074,258.9128
2010-12-25T20:00:00+00:00,Mawson,273.3193,201.8786,171.2055
2010-12-25T21:00:00+00:00,Mawson,193.3407,86.2526,273.3193
2010-12-25T22:00:00+00:00,Mawson,307.4716,240.1313,193.3407
2010-12-25T23:00:00+00:00,Mawson,300.9041,229.5589,307.4716
2010-12-26T00:00:00+00:00,Mawson,330.9061,305.4294,300.9041
2010-12-26T01:00:00+00:00,Mawson,300.6836,217.5923,330.9061
2010-12-26T02:00:00+00:00,Mawson,310.1828,252.4242,300.6836
2010-12-26T03:00:00+00:00,Mawson,300.0000,235.0897,310.1828
2010-12-26T04:00:00+00:00,Mawson,319.6882,301.0975,300.0000
2010-12-26T05:00:00+00:00,Mawson,260.5648,127.9276,319.6882
2010-12-26T06:00:00+00:00,Mawson,300.0000,281.2852,260.5648
2010-12-26T07:00:00+00:00,Mawson,310.4617,284.6414,300.0000
2010-12-26T08:00:00+00:00,Mawson,296.8876,186.1407,310.4617
2010-12-26T09:00:00+00:00,Mawson,300.0000,267.0826,296.8876
2010-12-26T10:00:00+00:00,Mawson,245.3032,178.9446,300.0000
2010-12-26T11:00:00+00:00,Mawson,309.2984,258.0632,245.3032
2010-12-26T12:00:00+00:00,Mawson,176.8751,111.3048,309.2984
2010-12-26T13:00:00+00:00,Mawson,302.8920,274.6535,176.8751
2010-12-26T14:00:00+00:00,Mawson,308.7084,264.2821,302.8920
2010-12-26T15:00:00+00:00,Mawson,150.9748,75.0923,308.7084
2010-12-26T16:00:00+00:00,Mawson,216.8791,126.3998,150.9748
2010-12-26T17:00:00+00:00,Mawson,146.4793,57.7356,216.8791
2010-12-26T18:00:00+00:00,Mawson,302.2743,273.1663,146.4793
2010-12-26T19:00:00+00:00,Mawson,300.8166,257.3681,302.2743
2010-12-26T20:00:00+00:00,Mawson,250.7679,117.4433,300.8166
2010-12-26T21:00:00+00:00,Mawson,300.0000,217.3635,250.7679
2010-12-26T22:00:00+00:00,Mawson,301.9815,253.8949,300.0000
2010-12-26T23:00:00+00:00,Mawson,247.6066,139.1796,301.9815
2010-12-27T00:00:00+00:00,Mawson,273.9663,128.9229,247.6066
2010-12-27T01:00:00+00:00,Mawson,303.8195,230.7607,273.9663
2010-12-27T02:00:00+00:00,Mawson,300.0000,270.6037,303.8195
2010-12-27T03:00:00+00:00,Mawson,305.4691,233.4616,300.0000
2010-12-27T04:00:00+00:00,Mawson,334.5213,245.8280,305.4691
2010-12-27T05:00:00+00:00,Mawson,300.0000,277.7959,334.5213
2010-12-27T06:00:00+00:00,Mawson,300.0000,272.0753,300.0000
2010-12-27T07:00:00+00:00,Mawson,300.0000,240.5482,300.0000
2010-12-27T08:00:00+00:00,Mawson,329.4348,311.9317,300.0000
2010-12-27T09:00:00+00:00,Mawson,301.7532,268.2810,329.4348
2010-12-27T10:00:00+00:00,Mawson,301.7664,275.6276,301.7532
2010-12-27T11:00:00+00:00,Mawson,219.8890,165.3170,301.7664
2010-12-27T12:00:00+00:00,Mawson,212.8967,145.6074,219.8890
2010-12-27T13:00:00+00:00,Mawson,220.4398,176.2954,212.8967
2010-12-27T14:00:00+00:00,Mawson,204.5350,147.4348,220.4398
2010-12-27T15:00:00+00:00,Mawson,154.3398,68.4335,204.5350
2010-12-27T16:00:00+00:00,Mawson,154.4538,79.4731,154.3398
2010-12-27T17:00:00+00:00,Mawson,307.7782,269.9045,154.4538
2010-12-27T18:00:00+00:00,Mawson,220.6410,177.8984,307.7782
2010-12-27T19:00:00+00:00,Mawson,223.4204,146.7387,220.6410
2010-12-27T20:00:00+00:00,Mawson,316.2013,253.8276,223.4204
2010-12-27T21:00:00+00:00,Mawson,301.3652,264.8023,316.2013
2010-12-27T22:00:00+00:00,Mawson,199.0684,113.2685,301.3652
2010-12-27T23:00:00+00:00,Mawson,302.1669,251.1411,199.0684
2010-12-28T00:00:00+00:00,Mawson,305.1520,164.5702,302.1669
2010-12-28T01:00:00+00:00,Mawson,311.0260,193.9255,305.1520
2010-12-28T02:00:00+00:00,Mawson,305.7342,286.9926,311.0260
2010-12-28T03:00:00+00:00,Mawson,300.1355,214.8199,305.7342
2010-12-28T04:00:00+00:00,Mawson,320.6931,291.0926,300.1355
2010-12-28T05:00:00+00:00,Mawson,240.2680,109.6924,320.6931
2010-12-28T06:00:00+00:00,Mawson,309.7584,245.9157,240.2680
2010-12-28T07:00:00+00:00,Mawson,300.0000,230.3703,309.7584
2010-12-28T08:00:00+00:00,Mawson,325.6287,261.3602,300.0000
2010-12-28T09:00:00+00:00,Mawson,304.4253,270.5892,325.6287
2010-12-28T10:00:00+00:00,Mawson,258.2318,194.5624,304.4253
2010-12-28T11:00:00+00:00,Mawson,173.3204,100.0265,258.2318
2010-12-28T12:00:00+00:00,Mawson,254.6335,204.9266,173.3204
2010-12-28T13:00:00+00:00,Mawson,140.7128,72.6982,254.6335
2010-12-28T14:00:00+00:00,Mawson,93.1818,35.5036,140.7128
2010-12-28T15:00:00+00:00,Mawson,166.2540,96.6736,93.1818
2010-12-28T16:00:00+00:00,Mawson,328.5197,298.4137,166.2540
2010-12-28T17:00:00+00:00,Mawson,162.4065,77.9013,328.5197
2010-12-28T18:00:00+00:00,Mawson,153.3243,65.5908,162.4065
2010-12-28T19:00:00+00:00,Mawson,307.0400,279.9799,153.3243
2010-12-28T20:00:00+00:00,Mawson,290.4235,199.6851,307.0400
2010-12-28T21:00:00+00:00,Mawson,199.1788,103.1541,290.4235
2010-12-28T22:00:00+00:00,Mawson,310.2911,230.6550,199.1788
2010-12-28T23:00:00+00:00,Mawson,186.4912,70.3988,310.2911
2010-12-29T00:00:00+00:00,Mawson,330.0432,240.1776,186.4912
2010-12-29T01:00:00+00:00,Mawson,300.0000,228.4726,330.0432
2010-12-29T02:00:00+00:00,Mawson,300.0000,267.8440,300.0000
2010-12-29T03:00:00+00:00,Mawson,300.0511,259.1703,300.0000
2010-12-29T04:00:00+00:00,Mawson,322.8266,276.1105,300.0511
2010-12-29T05:00:00+00:00,Mawson,224.2460,91.7934,322.8266
2010-12-29T06:00:00+00:00,Mawson,300.0000,232.2494,224.2460
2010-12-29T07:00:00+00:00,Mawson,300.0000,257.1698,300.0000
2010-12-29T08:00:00+00:00,Mawson,324.1891,289.5766,300.0000
2010-12-29T09:00:00+00:00,Mawson,246.4351,160.3242,324.1891
2010-12-29T10:00:00+00:00,Mawson,208.0367,146.6033,246.4351
2010-12-29T11:00:00+00:00,Mawson,229.0712,179.2127,208.0367
2010-12-29T12:00:00+00:00,Mawson,292.3243,243.6154,229.0712
2010-12-29T13:00:00+00:00,Mawson,131.4842,63.6616,292.3243
2010-12-29T14:00:00+00:00,Mawson,270.2730,214.0383,131.4842
2010-12-29T15:00:00+00:00,Mawson,230.1306,183.7113,270.2730
2010-12-29T16:00:00+00:00,Mawson,222.0407,154.2092,230.1306
2010-12-29T17:00:00+00:00,Mawson,250.5868,211.2127,222.0407
2010-12-29T18:00:00+00:00,Mawson,172.7984,98.1351,250.5868
2010-12-29T19:00:00+00:00,Mawson,301.5769,229.7174,172.7984
2010-12-29T20:00:00+00:00,Mawson,175.0183,70.8359,301.5769
2010-12-29T21:00:00+00:00,Mawson,214.0497,134.9365,175.0183
2010-12-29T22:00:00+00:00,Mawson,184.9737,71.2258,214.0497
2010-12-29T23:00:00+00:00,Mawson,298.6280,165.9855,184.9737
2010-12-30T00:00:00+00:00,Mawson,336.4968,301.7343,298.6280
2010-12-30T01:00:00+00:00,Mawson,303.0514,226.5069,336.4968
2010-12-30T02:00:00+00:00,Mawson,300.0000,238.1432,303.0514
2010-12-30T03:00:00+00:00,Mawson,300.0000,234.6516,300.0000
2010-12-30T04:00:00+00:00,Mawson,321.7558,277.5587,300.0000
2010-12-30T05:00:00+00:00,Mawson,300.0000,243.5906,321.7558
2010-12-30T06:00:00+00:00,Mawson,300.0000,283.6059,300.0000
2010-12-30T07:00:00+00:00,Mawson,300.0000,281.3598,300.0000
2010-12-30T08:00:00+00:00,Mawson,320.2474,273.0422,300.0000
2010-12-30T09:00:00+00:00,Mawson,271.7630,182.6932,320.2474
2010-12-30T10:00:00+00:00,Mawson,300.0000,262.4640,271.7630
2010-12-30T11:00:00+00:00,Mawson,161.1983,80.2249,300.0000
2010-12-30T12:00:00+00:00,Mawson,195.7639,119.1136,161.1983
2010-12-30T13:00:00+00:00,Mawson,185.2346,123.5088,195.7639
2010-12-30T14:00:00+00:00,Mawson,180.3258,106.7398,185.2346
2010-12-30T15:00:00+00:00,Mawson,274.4481,238.7195,180.3258
2010-12-30T16:00:00+00:00,Mawson,198.8253,125.1432,274.4481
2010-12-30T17:00:00+00:00,Mawson,167.0581,85.2788,198.8253
2010-12-30T18:00:00+00:00,Mawson,209.0597,165.9678,167.0581
2010-12-30T19:00:00+00:00,Mawson,152.8306,66.3430,209.0597
2010-12-30T20:00:00+00:00,Mawson,183.0325,76.5717,152.8306
2010-12-30T21:00:00+00:00,Mawson,304.2898,257.0288,183.0325
2010-12-30T22:00:00+00:00,Mawson,300.0000,229.9465,304.2898
2010-12-30T23:00:00+00:00,Mawson,300.0000,138.9187,300.0000
2010-12-31T00:00:00+00:00,Mawson,329.1683,288.0238,300.0000
2010-12-31T01:00:00+00:00,Mawson,300.0000,248.6760,329.1683
2010-12-31T02:00:00+00:00,Mawson,302.0325,268.7050,300.0000
2010-12-31T03:00:00+00:00,Mawson,300.0000,284.7718,302.0325
2010-12-31T04:00:00+00:00,Mawson,336.7753,307.3800,300.0000
2010-12-31T05:00:00+00:00,Mawson,300.0000,149.3258,336.7753
2010-12-31T06:00:00+00:00,Mawson,301.7427,285.1415,300.0000
2010-12-31T07:00:00+00:00,Mawson,301.1673,246.2793,301.7427
2010-12-31T08:00:00+00:00,Mawson,265.2656,152.1069,301.1673
2010-12-31T09:00:00+00:00,Mawson,300.0256,272.3153,265.2656
2010-12-31T10:00:00+00:00,Mawson,164.4657,78.7944,300.0256
2010-12-31T11:00:00+00:00,Mawson,222.5670,166.1808,164.4657
2010-12-31T12:00:00+00:00,Mawson,263.5405,217.3237,222.5670
2010-12-31T13:00:00+00:00,Mawson,224.2347,170.9194,263.5405
2010-12-31T14:00:00+00:00,Mawson,108.9051,40.3414,224.2347
2010-12-31T15:00:00+00:00,Mawson,175.1567,102.5271,108.9051
2010-12-31T16:00:00+00:00,Mawson,231.6700,134.9741,175.1567
2010-12-31T17:00:00+00:00,Mawson,99.2323,36.6684,231.6700
2010-12-31T18:00:00+00:00,Mawson,220.6295,166.1494,99.2323
2010-12-31T19:00:00+00:00,Mawson,222.2256,151.0764,220.6295
2010-12-31T20:00:00+00:00,Mawson,229.2138,115.2684,222.2256
2010-12-31T21:00:00+00:00,Mawson,283.4719,187.9681,229.2138
2010-12-31T22:00:00+00:00,Mawson,300.0000,151.9200,283.4719
2010-12-31T23:00:00+00:00,Mawson,213.1489,70.6174,300.0000
